Сити-оф-Кентерберӣ	سیتی کنتربری
Торбей	توربی
Куала-Лумпур	کوالالامپور
Шаҳристони Ҷувайн	شهرستان جوین
Шаҳристони Раштxор	شهرستان رشتخوار
шаҳристони Халилобод	شهرستان خلیل‌آباد
шаҳристони Ҷағатой	شهرستان جغتای
Шаҳристони Маҳ Валот	شهرستان مه‌ولات
Шаҳристони Доварзан	شهرستان داورزن
Шаҳристони Хушоб	شهرستان خوشاب
шаҳристони Сабзвор	شهرستان سبزوار
Шаҳристони Шештамад	شهرستان ششتمد
Шаҳристони Зеберхон	شهرستان زبرخان
Шаҳристони Бардискан	شهرستان بردسکن
Шаҳристони Калот	شهرستان کلات
Шаҳристони Даргаз	شهرستان درگز
Боҷситон	بجستان
Шаҳристони Кӯҳсорҷ	شهرستان کوهسرخ
Шаҳристони Турбатиҳайдария	شهرستان تربت حیدریه
Шаҳристони Кошмар	شهرستان کاشمر
Шаҳристони Турбатиҷом	شهرستان تربت جام
Шаҳристони Машҳад	شهرستان مشهد
Шаҳристони Шондиз	شهرستان بینالود
Шаҳристони Завеҳ	شهرستان زاوه
Шаҳристони Солеҳобод	شهرستان صالح‌آباد
Шаҳристони Чинарон	شهرستان چناران
Шаҳристони Гунобод	شهرستان گناباد
Шаҳристони Фаремон	شهرستان فریمان
Шаҳристони Бохарз	شهرستان باخرز
Шаҳристони Найшобӯр	شهرستان نیشابور
Шаҳристони Сараxс	شهرستان سرخس
Шаҳристони Тойбод	شهرستان تایباد
Шаҳристони Хоф	شهرستان خواف
Биёбон	بیابان
Сочи	سوچی
Анапа	آناپا
Устиё	اوستیا
Афинаи Қадим	آتن باستان
Мате-Йехуда	آماری ماتیه یهودا
Нара	نارا
Токио	توکیو
Ҳомун	هامون
Ваҳдат	وحدت
Мартовский	مارتوفسکی
шаҳристони Берот	شهرستان برات
Жӯйсзин	روئیجین
Қошғар	کاشغر
Квебек	کبک
Монреал	مونترآل
Пуэрто Рико	پورتوریکو
Самоаи Америкоӣ	ساموآی آمریکا
Шимолии	شمالی
Ҳоланди Ҳобсбург	هلند هابسبورگ
Порт-оф-Спейн	پرت آو اسپاین
Вирҷиния	ویرجین
Калкутта	کلکته
Шарм-аш-Шайх	شرم‌الشیخ
Мишима	میشیما،
Никко	نیکو،
Алавус	الاواس
Аддис-Абеба	آدیس آبابا
Оромия	اورومیا
Фукушима	فوکوشیما
Ҳамаматсу	هاماماتسو
Нагано	ناگانو
Оказаки	اوکازاکی،
Сагамиҳара	ساگامیهارا،
Ҳачиоҷи	هاچی‌اوجی،
Тачикава	تاچیکاوا،
Яшио	یاشیئو،
Болгардгоҳи Линнаҳалл	بالگردگاه لیناهال
Театри Долбӣ	تئاتر دالبی
Асунсион	آسونسیون
Сукре	سوکره
Смоленск	اسمولنسک
Киржач	کیرژاچ
Давлеканово	داولکانوفو
Электростал	الکتروستال
Нея	نیا
Сибай	سیبای
Салават	سالاوات،
Лесозаводск	لسوزاودسک
Висбаден	ویسبادن
Йена	ینا
Мюнстер	مونستر
Виттмунд	ویتموند
Зулинген	زولینگن
Гёттинген	گوتینگن
Штутгарт	اشتوتگارت
Ҳамм	هام
Пекин	پکن
Шанхай	شانگهای
Калисои Сербия	کلیسای صربی
Калисои ортодоксии Укроин	کلیسای ارتدکس اوکراین
Калисои ортодоксии Олбонӣ	کلیسای ارتدکس آلبانی
Йоҳаннесбург	ژوهانسبورگ
Ситии Лондон	سیتی لندن
Дакка	داکا
Сидней	سیدنی
Франкфурт	فرانکفورت
Лондон	لندن
Мелбурн	ملبورن
Торонто	تورنتو
Москва-Ситӣ	کسب
Мюнхен	مونیخ
Денгфенг	دنگ فنگ
Қошғар	کاشغر
Сюйфу	تایفو
ҶС	کرواسی
Занзибар	زنگبار
Подшоҳии Пруссия	پادشاهی پروس
Бавария	بایرن
озоди Пруссия	آزاد پروس
Мадрид	مادرید
Орогун	آراگون
нави идории	الاداریه
Чандигар	چندی‌گر
Оттава	اتاوا
Ҳошимин	هوشی‌مین
Бразилиа	برازیلیا
Вашингтон Ҳавзаи Колумбия	واشینگتن، دی. سی.
Ню-Дели	دهلی
Фурудгоҳи саҳро куршом	فرودگاه صحرایی کورشام
Фурудгоҳи бин‌алмилалӣ вл д коеҳс	فرودگاه بین‌المللی ول د کائس
Ясная Поляна	یاسنایا پالیانا
Деҳлӣ	دهلی
Манила	مانیل
Токио	توکیو
Озод-Кашмир	کشمیر
Киншаса	کینشاسا
Лубнон	استان های لبنان
Бангкок	بانکوک
Ишқобод	عشق‌آباد
Ҷибути	جیبوتی
Бишкек	بیشکک
Хониара	هونیارا
Қароқалпоқистон	قره‌قالپاقستان
Ноҳияҳои тобеи ҷумҳурӣ	ناحیه‌های تابع جمهوری
Порт-Морсби	پورت مورسبی
Ноҳияи пойтахт	ناحیه پایتختی
Богота	بوگوتا
Ниамей	نیامی
Сербӣ	صرب
Бамако	باماکو
Бухарест	بخارست
Чхунчхон-Пукто	چونگچیونبوک-دو
Буэнос Айрес	بوئنوس آیرس
Мале	ماله
Ереван	ایروان
Минск	مینسک
Уш	اوش
Минтақаҳои федеролии	مناطق فدرال
Конакрӣ	کوناکری
Пхенян	پیونگ‌یانگ
Порт-Луи	پورت‌لوئیس
Тошканд	تاشکند
Кигали	کیگالی
Белград	بلگراد
Подгоритса	پودگوریتسا
Голгат-Балтистон	گلگت-بلتستان
Нмунлис	نمونلیس
Судон	سودان
Муштаракулманофеи Лаҳистон-Литва	مشترک‌المنافع لهستان–لیتوانی
Рум	روم
Селевкиён	سلوکیان
Лу	لو
Рига	ریگا
Юрмала	یورمالا
Утриш-Маҷористон	اتریش-مجارستان
Ҳоҷенвилл	هاجنویل،
Ҳартфорд	هارتفورد
Белвю	بلویو،
Дурҳом	دورهام،
Волсом	والتهام،
Атланта	آتلانتا
Ҳадсун,Ню-Йорк	هادسون، نیویورک
витир	ویتیر،
Санта Барбара	سنتا باربارا،
Вустер	ووستر،
Гэри	گری،
Глендейл	گلندیل
Амстердам,Ню-Йорк	آمستردام، نیویورک
Помона	پومونا،
Индепенденс	ایندیپندنس،
Порт Ҷервис,Ню-Йорк	پورت جرویس، نیویورک
Санта Фе	سانتا فه
Литл Фолз,Ню-Йорк	لیتل فالز، نیویورک
Сан Маркос	سن مارکوس،
Лас Вегас	لاس‌وگاس
Талса	تالسا،
Мишен-Вйеҳу	میشن ویجو،
Синсиннати	سینسینتی
Ҳюстон	هیوستون
Лансинг	لنسینگ
Ню-Йорк	نیویورک
Ашленд	اشلند،
Сан-Марино	سان مارینو،
Гловурсвил,Ню-Йорк	گلوورسویل، نیویورک
Огденсбург,Ню-Йорк	اگدنس بورگ، نیویورک
Томасвил	توماس ویل،
Сан Диего	سن دیگو
Кетчум	کچام،
Бей Сент-Луис	بی سنت. لوئیس،
Майами	میامی
Рочестер,Ню-Йорк	روچستر
Детройт	میشیگان،
Умоҳо	اوماها
Колумбия	کلمبیا،
Воҳу	واهو،
Нюбург,Ню-Йорк	نیوبورگ، نیویورک
Манчестер	منچستر،
Эл-Сентро	ال سنترو،
Лукпорт,Ню-Йорк	لوک پورت، نیویورک
Ренселаер,Ню-Йорк	رنسلیر، نیویورک
Спрингфилд, Массачусетс	اسپرینگفیلد ماساچوست
Мидл Таун,Ню-Йорк	میدل تاون، نیویورک
Албания,Ню-Йорк	آلبانی، نیویورک
Сан-Бруно	سان برونو،
Санта-Моника	سنتا مونیکا،
Сакраменто	ساکرامنتو
Бруклин	بروکلین
Монтгомери	مونتگمری
Ричмунд	ریچموند،
Ҳоп	هوپ
Балтимор	بالتیمور
Колорадо Спрингс,	کلرادو اسپرینگز
Оулон,Ню-Йорк	اولان، نیویورک
Куинсӣ	کوئینسی،
Соку	سوکو،
Локовоно,Ню-Йорк	لاکاوانا، نیویورک
Рим,Ню-Йорк	رم، نیویورک
Кембриҷ	کمبریج
Сан-Франсиско	سان فرانسیسکو
Бустун	بوستون
Даллас,	دالاس
Арлингтон, Техас	آرلینگتون، تگزاس
Ниагаро Фолз,Ню-Йорк	نیاگارا فالز، نیویورک
Рончу-Мирож	رانچو مایراج،
Спрингфилд	اسپرینگ‌فیلد
Оусвего,Ню-Йорк	اوس ویگو، نیویورک
Маунт Вернон,Ню-Йорк	مانت ورنون، نیویورک
Норт Тауновондо,Ню-Йорк	نورت توناواندا، نیویورک
Оунинто,Ню-Йорк	اونینتا، نیویورک
Франкфорт	فرانکفورت
Орлеани	نیواورلئان
Нашвилл	نشویل
Тоскомбиё	تاسکامبیا،
Йорба-Линда	یوربا لیندا،
Корал-Гейблс	کورال گیبلز،
Оуэнсборо	اوونزبروو،
Кингстон,Ню-Йорк	کینگستون، نیویورک
Бирмингем	برمینگهم،
Малибу	ملیبو،
Илӣ	الی،
Кингстрӣ	کینگستر،
Таун,Ню-Йорк	جانزتاون، نیویورک
Престонсбург	پرستونسبورگ،
Наталия	ناتالی،
Мемфис	ممفیس
Кливленд	کلیولند
Шауни	شنی،
Сиэтл	سیاتل
Платсбург,Ню-Йорк	پلاتس بورگ، نیویورک
Мечаниквил,Ню-Йорк	مچانیکویلی، نیویورک
Каламазу	کالامزو،
Олимпиа,	المپیا
Скоттсдейл	سکاتزدیل،
Лос Анҷелес	لس آنجلس
Миннеаполис	مینیاپولیس
Ню-Ҳейвен	نیوهیون،
Сент-Луис	سنت لوئیس
Паго-Паго	پاگو پاگو
Беркли	برکلی،
Дейвис	دیویس،
Њурнел,Ню-Йорк	هورنل، نیویورک
Оунидо,Ню-Йорк	اونیدا، نیویورک
Таун,Ню-Йорк	تاون، نیویورک
Фресну	فرزنو
Чикаго	شیکاگو
шаҳрдории Резекне	شهرداری رزکنه
Рундал	رونداله
Эрӣ	اری،
Бирмингем	بیرمنگام
Кентерберӣ	کنتربری
Кембриҷ	کمبریج
Баҳр-ал-Ғазал	بحر الغزال
Бидефурд	بیدفورد
Фантингтон	فانتینگتون
Стратфорд-апон-Эйвон	استراتفورد
Тинмут	تینموث
Кулчестер	کولچستر
Мейдлӣ	مادلی،
Куршҳом	کورشهام
Нюморкет	نیومارکت،
Илчестер	ایلچستر
Лайм-Реҷис	لایم ریجیس
Плимут	پلیموث
Вулер	وولر
Биёбони Виктория	بیابان ویکتوریا
Баҳрайн	بحرین
Вануату	وانواتو
Малта	مالت
Индонезия	اندونزی
Зеландияи	نیوزیلند
Маврикия	موریس
Микронезия	میکرونزی
Кирибатӣ	کیریباتی
Палау	پالائو
Исландия	ایسلند
Ирландия	ایرلند
Фиҷи	فیجی
Кипр	قبرس
Тимори Шарқӣ	تیمور شرقی
Антигуаю Барбуда	آنتیگوا و باربودا
Бритониёи	بریتانیا
Науру	نائورو
Попуо Гинеяи Нав	پاپوآ گینه نو
ва Принсипи	و پرینسیپ
Сингапур	سنگاپور
Ҷазираҳои Димоғаи	ورد
Шри-Ланка	سری‌لانکا
Кук	کوک
Доминикан	دومینیکن
Гренада	گرنادا
Кубо	کوبا
Самоа	ساموآ
Малдив	مالدیو
Сент-Винсент ва Гренадинҳо	سنت وینسنت و گرنادین‌ها
Сент-Китс ва Невис	سنت کیتس و نویس
Туркии Шимолӣ	ترک شمالی
Соломон	سلیمان
Ҷопон	ژاپن
Сент-Люсия	سنت لوسیا
Комор	قمر
Тонга	تونگا
Тайван	تایوان
Сейшел	سیشل
Маршал	مارشال
Ямайка	جامائیکا
Гренландия	گرینلند
Ҳоитӣ	هائیتی
Мадагаскар	ماداگاسکار
Янгон	یانگون
Ҷайпур	جیپور
Бангалор	بنگلور
Белен	بلم
Брисбен	بریزبن
Ҳайдаробод	حیدرآباد
Мумбай	بمبئی
Карочӣ	کراچی
Ченнаи	چنای
Байнаннаҳрайн	میان‌رودان
Налчик	نعلچیک
Иёлати Миср	ایالت مصر
Белгия	بلژیک
Португалия	پرتغال
Олмон	آلمان
Чили	شیلی
Чехия	چک
Итолиё	ایتالیا
Иёлоти Амрико	ایالات آمریکا
Туркия	ترکیه
Кулумбия	کلمبیا
Латвия	لتونی
Австралия	استرالیا
Словакия	اسلواکی
Дания	دانمارک
Финланд	فنلاند
Норвегия	نروژ
Словения	اسلوونی
Литва	لیتوانی
Суэд	سوئد
Юнон	یونان
Эстония	استونی
Конодо	کانادا
Мексика	مکزیک
Суис	سوئیس
Лаҳистон	لهستان
Испониё	اسپانیا
Фаронса	فرانسه
Маҷористон	مجارستان
Нидерланд	هلند
Коста Рика	کاستاریکا
Люксембург	لوکزامبورگ
Корея	کره
Бахши марказӣи шаҳристони Лангрӯд	بخش مرکزی شهرستان لنگرود
Бахши марказӣи шаҳристони анбаробод	بخش مرکزی شهرستان عنبرآباد
Бахши марказӣи шаҳристони хотам	بخش مرکزی شهرستان خاتم
Бахши марказӣи шаҳристони Лористон	بخش مرکزی شهرستان لارستان
Бахши марказӣи шаҳристони маҳмудобод	بخش مرکزی شهرستان محمودآباد
Бахши марказӣи шаҳристони Маранд	بخش مرکزی شهرستان مرند
Бахши марказӣ	بخش مرکزی
Бахши марказӣи шаҳристони Обдонон	بخش مرکزی شهرستان آبدانان
Бахши марказӣи шаҳристони Менӯдашт	بخش مرکزی شهرستان مینودشت
Бахши марказӣи шаҳристони Лоҳеҷон	بخش مرکزی شهرستان لاهیجان
Бахши марказӣи шаҳристони Хуй	بخش مرکزی شهرستان خوئ
Бахши марказӣи шаҳристони Махвелат	بخش مرکزی شهرستان مه ولات
Бахши марказӣи шаҳристони Масал	بخش مرکزی شهرستان ماسال
Бахши Авромон	بخش اورامان
Бахши Бозфат	بخش بازفت
Бахши марказӣи шаҳристони Чоруймоқ	بخش مرکزی شهرستان چاراویماق
Бахши Орзӯӣ	بخش ارزوئیه
Бахши марказӣи шаҳристони Ардистон	بخش مرکزی شهرستان اردستان
Бахши марказӣи шаҳристони ҷам	بخش مرکزی شهرستان جم
Бахши Арвандканор	بخش اروندکنار
Бахши марказӣ	بخش مرکزی
Бахши марказӣи шаҳристони Чолӯс	بخش مرکزی شهرستان چالوس
Бахши марказӣи шаҳристони Ибн	بخش مرکزی شهرستان اشکذر
Бахши марказӣи шаҳристони Токистон	بخش مرکزی شهرستان تاکستان
Бахши Ошор	بخش آشار
Бахши марказӣ	بخش مرکزی
Бахши марказӣи шаҳристони Форсан	بخش مرکزی شهرستان فارسان
Бахши марказӣи шаҳристони Хонсор	بخش مرکزی شهرستان خوانسار
Бахши марказӣи шаҳристони Ардакан	بخش مرکزی شهرستان اردکان
Бахши марказӣи шаҳристони Равансар	بخش مرکزی شهرستان روانسر
Бахши марказӣи шаҳристони Тойбод	بخش مرکزی شهرستان تایباد
Бахши марказӣи шаҳристони Дена	بخش مرکزی شهرستان دنا
Бахши марказӣи шаҳристони Симерум	بخش مرکزی شهرستان سمیرم
Бахши марказӣи шаҳристони Гунобод	بخش مرکزی شهرستان گناباد
Бахши марказӣи шаҳристони Алегӯдарз	بخش مرکزی شهرستان الیگودرز
Бахши марказӣи шаҳристони Муборака	بخش مرکزی شهرستان مبارکه
Бахши марказии шаҳристони Язд	بخش مرکزی شهرستان یزد
Бахши марказӣи шаҳристони галугоҳ	بخش مرکزی شهرستان گلوگاه
Бахши марказӣи шаҳристони Занҷон	بخش مرکزی شهرستان زنجان
Бахши Осминун	بخش آسمینون
Бахши марказӣи шаҳристони Андемишк	بخش مرکزی شهرستان اندیمشک
Бахши марказӣи шаҳристони Қурва	بخش مرکزی شهرستان قروه
Бахши Бобулканор	بخش بابل کنار
Бахши марказӣи шаҳристони Дамованд	بخش مرکزی شهرستان دماوند
Бахши марказӣ	بخش مرکزی
Бахши марказӣи шаҳристони Кхваф	بخش مرکزی شهرستان خواف
Бахши Кан	بخش کن
Бахши Оштаринон	بخش اشترینان
Бахши Ородон	بخش آرادان
Бахши марказӣи шаҳристони Пасаргадае	بخش مرکزی شهرستان پاسارگاد
Бахши марказӣи шаҳристони Дир	بخش مرکزی شهرستان دیر
Бахши Осоро	بخش آسارا
Бахши Оғоҷорӣ	بخش آغاجاری
Бахши Ашкинон	بخش اشکنان
Бахши Аршақ	بخش ارشق
Бахши марказӣ	بخش مرکزی
Бахши марказӣи шаҳристони Бӯшиҳр	بخش مرکزی شهرستان بوشهر
Бахши марказӣи шаҳристони Оққало	بخش مرکزی شهرستان آق قلا
Бахши марказӣи шаҳристони Савар	بخش مرکزی شهرستان سوار
Бахши марказӣи шаҳристони Нир	بخش مرکزی شهرستان نیر
Бахши марказӣи шаҳристони Иқлед	بخش مرکزی شهرستان اقلید
Бахши марказӣи шаҳристони чолдурон	بخش مرکزی شهرستان چالدران
Бахши Аҳмадсаргӯроб	بخش احمدسرگوراب
Бахши марказӣ	بخش مرکزی
Бахши марказӣи шаҳристони Хуррамбед	بخش مرکزی شهرستان خرم بید
Бахши марказӣи шаҳристони Шоҳиндиж	بخش مرکزی شهرستان شاهین دژ
Бахши марказӣи шаҳристони миҳр	بخش مرکزی شهرستان مهر
Бахши марказӣи шаҳристони Исфаройин	بخش مرکزی شهرستان اسفراین
Бахши марказӣи шаҳристони Қишм	بخش مرکزی شهرستان قشم
Бахши марказӣи шаҳристони Исломшаҳр	بخش مرکزی شهرستان اسلامشهر
Бахши марказӣи шаҳристони Линҷон	بخش مرکزی شهرستان لنجان
Бахши марказӣ	بخش مرکزی
Бахши марказӣи шаҳристони сарвобод	بخش مرکزی شهرستان سروآباد
Бахши марказӣи шаҳристони Омидиыех	بخش مرکزی شهرستان امیدیه
Бахши Андико	بخش اندیکا
Бахши марказӣи шаҳристони Санандаҷ	بخش مرکزی شهرستان سنندج
Бахши марказӣи шаҳристони буӣен заҳро	بخش مرکزی شهرستان بوئین زهرا
Бахши марказӣи шаҳристони Шоҳрӯд	بخش مرکزی شهرستان شاهرود
Бахши марказӣи шаҳристони Қазвин	بخش مرکزی شهرستان قزوین
Бахши марказӣи шаҳристони Мийбуд	بخش مرکزی شهرستان میبد
Бахши марказӣи шаҳристони Ҳиндеҷон	بخش مرکزی شهرستان هندیجان
Бахши марказӣи шаҳристони Натанз	بخش مرکزی شهرستان نطنز
Бахши марказӣи шаҳристони Исломобади	بخش مرکزی شهرستان اسلام آبادغرب
Бахши марказӣи шаҳристони Ганй	بخش مرکزی شهرستان گنج
Бахши марказӣи шаҳристони Беҷор	بخش مرکزی شهرستان بیجار
Бахши марказӣи шаҳристони Саводкӯҳ	بخش مرکزی شهرستان سوادکوه
Бахши марказӣи шаҳристони Кӯҳдашт	بخش مرکزی شهرستان کوهدشت
Бахши марказӣи шаҳристони Мокӯ	بخش مرکزی شهرستان ماکو
Бахши марказӣи шаҳристони Азадшахр	بخش مرکزی شهرستان آزادشهر
бахши Чоҳварз	بخش چاه ورز
Бахши марказӣи шаҳристони Чадеган	بخش مرکزی شهرستان چادگان
Динавар	دینور
Бахши марказӣи шаҳристони Бардсер	بخش مرکزی شهرستان بردسیر
Бахши Асир	بخش اسیر
Бахши марказӣи шаҳристони Такоб	بخش مرکزی شهرستان تکاب
Бахши марказӣи шаҳристони Рудбар	بخش مرکزی شهرستان رودبار
Бахши марказӣи шаҳристони халелобод	بخش مرکزی شهرستان خلیل آباد
Бахши марказӣи шаҳристони Хумайнишаҳр	بخش مرکزی شهرستان خمینی شهر
Бахши Борвақ	بخش باروق
Бахши марказӣи шаҳристони Маҳобод	بخش مرکزی شهرستان مهاباد
Бахши марказӣи шаҳристони Бастак	بخش مرکزی شهرستان بستک
Бахши марказӣи шаҳристони Пова	بخش مرکزی شهرستان پاوه
Бахши марказӣи шаҳристони Наҳованд	بخش مرکزی شهرستان نهاوند
Бахши марказӣи шаҳристони Кхонй	بخش مرکزی شهرستان خنج
Бахши марказӣи шаҳристони Малойир	بخش مرکزی شهرستان ملایر
Бахши марказӣи шаҳристони хош	بخش مرکزی شهرستان خاش
Бахши марказӣи шаҳристони Курдкӯй	بخش مرکزی شهرستان کردکوئ
Бахши марказӣи шаҳристони Мишгеншаҳр	بخش مرکزی شهرستان مشگین شهر
Бахши марказӣи шаҳристони меони	بخش مرکزی شهرستان میانه
Бахши марказӣи шаҳристони килебар	بخش مرکزی شهرستان کلیبر
Бахши марказӣи шаҳристони Арсанян	بخش مرکزی شهرستان ارسنجان
Бахши марказӣи шаҳристони диӣлам	بخش مرکزی شهرستان دیلم
Бахши марказӣи шаҳристони Эза	بخش مرکزی شهرستان ایذه
Бахши марказӣ	بخش مرکزی
Бахши марказӣи шаҳристони Миҳрон	بخش مرکزی شهرستان مهران
Бахши марказӣи шаҳристони Ҳарсин	بخش مرکزی شهرستان هرسین
Бахши марказӣи шаҳристони Хуррамобод	بخش مرکزی شهرستان خرم آباد
Бахши марказӣи шаҳристони Қум	بخش مرکزی شهرستان قم
Бахши марказӣи шаҳристони Туркмен	بخش مرکزی شهرستان ترکمن
Бахши марказӣи шаҳристони Мароға	بخش مرکزی شهرستان مراغه
Бахши марказӣи шаҳристони Комёрон	بخش مرکزی شهرستان کامیاران
Бахши Бастом	بخش بسطام
Бахши Боянгон	بخش باینگان
Бахши марказӣи шаҳристони Зоҳидон	بخش مرکزی شهرستان زاهدان
Бахши Асфирварин	بخش اسفرورین
Бахши марказӣи шаҳристони Доруд	بخش مرکزی شهرستان دورود
Бахши марказӣи шаҳристони силсиди	بخش مرکزی شهرستان سلسله
Бахши марказӣи шаҳристони Варзаqан	بخش مرکزی شهرستان ورزقان
Бахши марказӣи шаҳристони Козирӯн	بخش مرکزی شهرستان کازرون
Бахши Бошт	بخش باشت
Бахши марказӣи шаҳристони Нико	بخش مرکزی شهرستان نکا
Бахши Айрандгон	بخش ایرندگان
Бахши марказӣи шаҳристони Карун	بخش مرکزی شهرستان کارون
Бахши марказӣи шаҳристони Истаҳбон	بخش مرکزی شهرستان استهبان
Бахши марказӣи шаҳристони Бӯкон	بخش مرکزی شهرستان بوکان
Бахши марказӣи шаҳристони бофт	بخش مرکزی شهرستان بافت
Бахши марказӣи шаҳристони Аҷабшер	بخش مرکزی شهرستان عجب شیر
Бахши марказӣи шаҳристони Моҳшаҳр	بخش مرکزی شهرستان بندرماهشهر
Бахши марказӣи шаҳристони Маликон	بخش مرکزی شهرستان ملکان
Бахши марказӣи шаҳристони Кӯҳранг	بخش مرکزی شهرستان کوهرنگ
Бахши марказӣи шаҳристони Фуман	بخش مرکزی شهرستان فومن
Бахши марказӣи шаҳристони Диҳлурон	بخش مرکزی شهرستان دهلران
Бахши марказӣи шаҳристони Туйсиркон	بخش مرکزی شهرستان تویسرکان
Бахши марказӣи шаҳристони Шаҳрикурд	بخش مرکزی شهرستان شهرکرد
Бахши марказӣи шаҳристони Гачсорон	بخش مرکزی شهرستان گچساران
Бахши Арҷон	بخش ارژن
Бахши марказӣи шаҳристони Дашт	بخش مرکزی شهرستان دشتی
Бахши марказӣ	بخش مرکزی
Бахши марказӣ	بخش مرکزی
Бахши марказӣи шаҳристони Терон ва Курун	بخش مرکزی شهرستان تیران وکرون
Бахши Айзадхаваст	بخش ایزدخواست
Бахши марказӣи шаҳристони Кхалкхал	بخش مرکزی شهرستان خلخال
Бахши марказӣ	بخش مرکزی
Бахши марказӣи шаҳристони Чҳобаҳор	بخش مرکزی شهرستان چابهار
Бахши марказӣи шаҳристони Бурӯҷин	بخش مرکزی شهرستان بروجن
Бахши марказӣи шаҳристони Заранд	بخش مرکزی شهرستان زرند
Бахши марказӣи шаҳристони Рафсанҷон	بخش مرکزی شهرستان رفسنجان
Бахши марказӣи шаҳристони Ҷӯйбор	بخش مرکزی شهرستان جویبار
Бахши марказӣи шаҳристони совуҷбулоқ	بخش مرکزی شهرستان ساوجبلاغ
Бахши марказӣи шаҳристони Сарпули Заҳоб	بخش مرکزی شهرستان سرپل ذهاب
Бахши марказӣи шаҳристони Бавонот	بخش مرکزی شهرستان بوانات
Бахши марказӣи шаҳристони Фарашбанд	بخش مرکزی شهرستان فراشبند
Бахши марказӣи шаҳристони Меноб	بخش مرکزی شهرستان میناب
Бахши марказӣи шаҳристони Дороб	بخش مرکزی شهرستان داراب
Бахши марказӣи шаҳристони Биҳшаҳр	بخش مرکزی شهرستان بهشهر
Бахши марказӣ	بخش مرکزی
Бахши Алват	بخش شهرستان
Бахши Айвонкӣ	بخش ایوانکی
Бахши марказӣи шаҳристони Ҳаштрӯд	بخش مرکزی شهرستان هشترود
Бахши марказӣи шаҳристони Урумия	بخش مرکزی شهرستان ارومیه
Бахши Бобаҳодурон	بخش باغ بهادران
Бахши марказӣи шаҳристони Шахр	بخش مرکزی شهرستان شهر
Бахши марказӣ	بخش مرکزی
Шаҳристони Маргоун	شهرستان مارگون
Бахши Анзоб	بخش شهرستان شبستر
бахши Шиштароз	بخش ششطراز
бахши Моҳон	بخش ماهان
Бахши Исмоилӣ	بخش اسماعیلی
Бахши марказӣ	بخش مرکزی
Бахши Ангурон	بخش انگوران
Бахши марказӣи шаҳристони Фаловарҷон	بخش مرکزی شهرستان فلاورجان
Бахши марказӣи шаҳристони Сардашт	بخش مرکزی شهرستان سردشت
Бахши Боҷгирон	بخش باجگیران
Бахши марказӣи шаҳристони Осторо	بخش مرکزی شهرستان آستارا
Бахши марказӣи шаҳристони Даштистон	بخش مرکزی شهرستان دشتستان
Бахши марказӣи шаҳристони Лали	بخش مرکزی شهرستان لالی
Бахши марказӣи шаҳристони ҳоҷӣобод	بخش مرکزی شهرستان آباد
Бахши марказӣи шаҳристони Лордеган	بخش مرکزی شهرستان لردگان
Бахши марказӣи шаҳристони фихинг	بخش مرکزی شهرستان پارسیان
Бахши марказӣи шаҳристони Хамир	بخش مرکزی شهرستان خمیر
Бахши марказӣ	بخش مرکزی
Бахши марказӣи шаҳристони ломирд	بخش مرکزی شهرستان لامرد
Бахши марказӣи шаҳристони Чинарон	بخش مرکزی شهرستان چناران
Бахши марказӣи шаҳристони Чардовал	بخش مرکزی شهرستان چرداول
Бахши марказӣи шаҳристони Резваншахр	بخش مرکزی شهرستان رضوانشهر
Бахши Аслондӯз	بخش اصلاندوز
Бахши марказӣи шаҳристони Масҷидсолаймон	بخش مرکزی شهرستان مسجدسلیمان
Бахши Обгирам	بخش آبگرم
Бахши марказӣи шаҳристони Кошмар	بخش مرکزی شهرستان کاشمر
Бахши марказӣи шаҳристони Порсобод	بخش مرکزی شهرستان پارس آباد
Бахши Амиробод	بخش امیراباد
Бахши марказӣи шаҳристони алеобод	بخش مرکزی شهرستان علی آباد
Бахши марказӣи шаҳристони Сумиасаро	بخش مرکزی شهرستان صومعه سرا
Бахши марказӣи шаҳристони Буноб	بخش مرکزی شهرستان بناب
Бахши марказӣи шаҳристони Кабудраханг	بخش مرکزی شهرستان کبودرآهنگ
Бахши марказӣи шаҳристони Рӯдсар	بخش مرکزی شهرستان رودسر
Бахши марказӣи шаҳристони Ободон	بخش مرکزی شهرستان آبادان
Бахши Боҷрез	بخش باخرز
Бахши марказӣи шаҳристони Рашткхвар	بخش مرکزی شهرستان رشتخوار
Бахши марказӣи шаҳристони Амлаш	بخش مرکزی شهرستان املش
Бахши марказӣи шаҳристони Тафт	بخش مرکزی شهرستان تفت
Бахши марказӣи шаҳристони Сиахкал	بخش مرکزی شهرستان سیاهکل
Бахши марказӣ	بخش مرکزی
Бахши марказӣи шаҳристони Саровон	بخش مرکزی شهرستان سراوان
Бахши марказӣи шаҳристони Абҳар	بخش مرکزی شهرستان ابهر
Бахши марказӣи шаҳристони Qалат	بخش مرکزی شهرستان کلات
Бахши марказӣи шаҳристони Готванд	بخش مرکزی شهرستان گتوند
Бахши марказӣи шаҳристони Серҷон	بخش مرکزی شهرستان سیرجان
Бахши марказӣи шаҳристони Албурз	بخش مرکزی شهرستان البرز
Бахши марказӣи шаҳристони Қӯчон	بخش مرکزی شهرستان قوچان
Бахши марказӣи шаҳристони Юлфа	بخش مرکزی شهرستان جلفا
Бахши марказӣи шаҳристони Элом	بخش مرکزی شهرستان ایلام
Бахши марказӣи шаҳристони Каҳнӯҷ	بخش مرکزی شهرستان کهنوج
Бахши марказӣи шаҳристони Маревон	بخش مرکزی شهرستان مریوان
Бахши марказӣ	بخش مرکزی
Шаҳристони Дарҷазин	شهرستان درگزین
Бахши марказӣи шаҳристони Рамиан	بخش مرکزی شهرستان رامیان
Бахши марказӣи шаҳристони Бам	بخش مرکزی شهرستان بم
Бахши марказӣи шаҳристони Гунбади Ковӯс	بخش مرکزی شهرستان گنبدکاووس
Бахши марказӣ	بخش مرکزی
Бахши марказӣи шаҳристони Буйир-Аҳмад	بخش مرکزی شهرستان بویراحمد
Бахши марказӣи шаҳристони Шаҳрибобак	بخش مرکزی شهرستان شهربابک
Бахши марказӣи шаҳристони гирмӣ	بخش مرکزی شهرستان گرمی
Бахши марказӣи шаҳристони Мираге	بخش مرکزی شهرستان سراب
Бахши марказӣи шаҳристони Қер у Корзин	بخش مرکزی شهرستان قیروکارزین
Бахши марказӣи шаҳристони Бандари Линга	بخش مرکزی شهرستان بندرلنگه
Бахши марказӣи шаҳристони саҳни	بخش مرکزی شهرستان صحنه
Бахши марказӣи шаҳристони Дивандаррех	بخش مرکزی شهرستان دیواندره
Бахши марказӣи шаҳристони Варомин	بخش مرکزی شهرستان ورامین
Бахши марказӣи шаҳристони Кулола	بخش مرکزی شهرستان کلاله
Бахши марказӣи шаҳристони долоҳу	بخش مرکزی شهرستان دالاهو
Бахши марказӣи шаҳристони Шӯш	بخش مرکزی شهرستان شوش
Бахши марказӣи шаҳристони Даргаз	بخش مرکزی شهرستان درگز
Бахши марказӣи шаҳристони Сунқур	بخش مرکزی شهرستان سنقر
Бахши марказии шаҳристони Фирӯзобод	بخش مرکزی شهرستان فیروزآباد
Бахши марказӣи шаҳристони Ираншахр	بخش مرکزی شهرستان ایرانشهر
Бахши марказӣи шаҳристони Дилфон	بخش مرکزی شهرستان دلفان
Бахши марказӣи шаҳристони торам	بخش مرکزی شهرستان طارم
Бахши Офтоб	بخش آفتاب
Бахши марказӣ	بخش مرکزی
Бахши марказӣи шаҳристони Куҳгилӯя	بخش مرکزی شهرستان کهگیلویه
Бахши марказӣи шаҳристони Салмос	بخش مرکزی شهرستان سلماس
Бахши марказӣи шаҳристони Ромсар	بخش مرکزی شهرستان رامسر
Бахши марказӣи шаҳристони Ушнавия	بخش مرکزی شهرستان اشنویه
Бахши марказӣ	بخش مرکزی
Бахши марказӣи шаҳристони Ноин	بخش مرکزی شهرستان نایین
Бахши марказӣи шаҳристони Пол-е Докхтар	بخش مرکزی شهرستان پلدختر
Бахши марказӣи шаҳристони бардискан	بخش مرکزی شهرستان بردسکن
Бахши Хумом	بخش خمام
Бахши Афшор	بخش افشار
Бахши марказӣи шаҳристони шафт	بخش مرکزی شهرستان شفت
Бахши марказии шаҳристони ҳафткил	بخش مرکزی شهرستان هفتگل
Бахши марказӣи шаҳристони Зобул	بخش مرکزی شهرستان زابل
Бахши марказӣи шаҳристони Канговар	بخش مرکزی شهرستان کنگاور
Бахши марказӣи шаҳристони Зехак	بخش مرکزی شهرستان زهک
Бахши Афзор	بخش افزر
Бахши Айлхчӣ	بخش ایلخچی
Бадре	بدره
Бахши марказӣи шаҳристони Бафq	بخش مرکزی شهرستان بافق
Бахши марказӣи шаҳристони Рудбар-е Йонуби	بخش مرکزی شهرستان رودبارجنوب
Бахши Анор	بخش انار
Бахши марказӣи шаҳристони Аран У Бидгул	بخش مرکزی شهرستان آران وبیدگل
Бахши марказӣи шаҳристони Остонаи ашрафия	بخش مرکزی شهرستان آستانه اشرفیه
Бахши марказӣи шаҳристони Ҷаҳрум	بخش مرکزی شهرستان جهرم
Бахши марказӣи шаҳристони Тангестан	بخش مرکزی شهرستان تنگستان
Бахши марказӣи шаҳристони уску	بخش مرکزی شهرستان اسکو
Бахши Бовӣ	بخش باوی
Бахши марказӣи шаҳристони Ник Шахр	بخش مرکزی شهرستان نیک شهر
Бахши Ирам	بخش ارم
Бахши марказӣ	بخش مرکزی
Бахши марказӣи шаҳристони Конарак	بخش مرکزی شهرستان کنارک
Бахши Аҳмад	بخش احمد
Бахши Анвор гармасирӣ	بخش الوارگرمسیری
Бахши марказӣи шаҳристони Зарриндашт	بخش مرکزی شهرستان زرین دشت
Бахши марказӣи шаҳристони Qаср-е Ширин	بخش مرکزی شهرستان قصرشیرین
Бахши марказӣи шаҳристони Буҷнӯрд	بخش مرکزی شهرستان بجنورد
Бахши марказӣи шаҳристони Нишопур	بخش مرکزی شهرستان نیشابور
Бахши марказӣи шаҳристони Шаҳризо	بخش مرکزی شهرستان شهرضا
Бахши арҷманд	بخش ارجمند
Бахши марказӣи шаҳристони Намин	بخش مرکزی شهرستان نمین
Бахши марказӣ	بخش مرکزی
Шаҳристони Хонмирзо	شهرستان خانمیرزا
Бахши марказӣи шаҳристони Пероншаҳр	بخش مرکزی شهرستان پیرانشهر
Бахши Бояк	بخش بایگ
Бахши марказӣи шаҳристони Кухбанан	بخش مرکزی شهرستان کوهبنان
Бахши марказӣ	بخش مرکزی
Бахши марказӣи шаҳристони Яск	بخش مرکزی شهرستان جاسک
Бахши марказӣи шаҳристони Дизфӯл	بخش مرکزی شهرستان دزفول
Бахши марказӣи шаҳристони Шодагон	بخش مرکزی شهرستان شادگان
Бахши марказӣ	بخش مرکزی
Бахши марказӣи шаҳристони Обяк	بخش مرکزی شهرستان آبیک
Бахши марказӣи шаҳристони мануҷон	بخش مرکزی شهرستان منوجان
Бахши марказӣи шаҳристони Симеруми	بخش مرکزی شهرستان دهاقان
Бахши марказӣи шаҳристони Пакдашт	بخش مرکزی شهرستان پاکدشت
Бахши марказӣи шаҳристони Эвон	بخش مرکزی شهرستان ایوان
Бахши марказӣи шаҳристони шабистар	بخش مرکزی شهرستان شبستر
Бахши марказӣи шаҳристони Абу Муса	بخش مرکزی شهرستان ابوموسی
Бахши Эмомзода	بخش امام زاده
Бахши марказӣи шаҳристони Домғон	بخش مرکزی شهرستان دامغان
Бахши марказӣ	بخش مرکزی
Бахши Анорак	بخش انارک
Бахши марказӣ	بخش مرکزی
Бахши марказӣи шаҳристони Фирийдан	بخش مرکزی شهرستان فریدن
Бахши марказӣи шаҳристони Фаридуншаҳр	بخش مرکزی شهرستان فریدونشهر
Бахши марказӣи шаҳристони Ромҳурмуз	بخش مرکزی شهرستان رامهرمز
Бахши марказӣ	بخش مرکزی
Бахши марказӣи шаҳристони Бандар-Аббос	بخش مرکزی شهرستان بندرعباس
Бахши марказӣи шаҳристони моҳнишон	بخش مرکزی شهرستان ماهنشان
Бахши марказӣи шаҳристони Саққиз	بخش مرکزی شهرستان سقز
Бахши марказӣи шаҳристони Ал-Каwтхар	بخش مرکزی شهرستان کوثر
Бахши Анзӯл	بخش انزل
Бахши марказӣи шаҳристони Фаремон	بخش مرکزی شهرستان فریمان
Бахши марказӣи шаҳристони Нақада	بخش مرکزی شهرستان نقده
Бахши Ахмадобод	بخش احمدآباد
Бахши марказӣи шаҳристони Назаробод	بخش مرکزی شهرستان نظرآباد
Бахши марказӣи шаҳристони Аҳар	بخش مرکزی شهرستان اهر
Бахши марказӣи шаҳристони Ҷавонрӯд	بخش مرکزی شهرستان جوانرود
Бахши марказӣи шаҳристони Обода	بخش مرکزی شهرستان آباده
Бахши марказӣ	بخش مرکزی
Бахши марказӣи шаҳристони Херис	بخش مرکزی شهرستان هریس
Бахши марказӣи шаҳристони Миёндуоб	بخش مرکزی شهرستان میاندوآب
Бахши марказӣи шаҳристони Нӯр	بخش مرکزی شهرستان نور
Бахши марказӣ	بخش مرکزی
Бахши марказӣи шаҳристони Бона	بخش مرکزی شهرستان بانه
Бахши марказӣи шаҳристони Даррашаҳр	بخش مرکزی شهرستان دره شهر
Бахши марказӣ	بخش مرکزی
Бахши марказӣи шаҳристони Малек	بخش مرکزی شهرستان ملک
Бахши марказӣи шаҳристони Табас	بخش مرکزی شهرستان طبس
Бахши марказӣи шаҳристони Бандари Анзалӣ	بخش مرکزی شهرستان بندرانزلی
Бахши марказӣ	بخش مرکزی
Бахши марказӣ	بخش مرکزی
Бахши марказӣи шаҳристони Баҳор	بخش مرکزی شهرستان بهار
Бахши марказӣи шаҳристони Хуррамдарра	بخش مرکزی شهرستان خرمدره
Бахши марказӣи шаҳристони Туникобун	بخش مرکزی شهرستان تنکابن
Бахши марказӣи шаҳристони Гармсор	بخش مرکزی شهرستان گرمسار
Бахши марказӣи шаҳристони Реы	بخش مرکزی شهرستان رئ
Бахши марказӣи шаҳристони Бандар-е Газ	بخش مرکزی شهرستان بندرگز
Бахши марказӣи шаҳристони толиш	بخش مرکزی شهرستان طوالش
Бахши марказӣи шаҳристони Эҷрӯд	بخش مرکزی شهرستان ایجرود
Бахши марказӣи шаҳристони Шахриыар	بخش مرکزی شهرستان شهریار
Бахши марказӣи шаҳристони Бобулсар	بخش مرکزی شهرستان بابلسر
Бахши марказӣ	بخش مرکزی
Бахши марказӣи шаҳристони фирӯзкӯҳ	بخش مرکزی شهرستان فیروزکوه
Бахши марказӣи шаҳристони Ровар	بخش مرکزی شهرستان راور
Бахши марказӣи шаҳристони Гелони ғарб	بخش مرکزی شهرستان گیلانغرب
Бахши марказӣи шаҳристони Салоси Бобоҷонӣ	بخش مرکزی شهرستان ثلاث باباجانی
Бахши марказӣи шаҳристони Абаркух	بخش مرکزی شهرستان ابرکوه
Бахши марказӣ	بخش مرکزی
Бахши марказии шаҳристони Сорӣ	بخش مرکزی شهرستان سارئ
Бахши марказӣи шаҳристони баҳмиӣ	بخش مرکزی شهرستان بهمئی
Бахши марказӣи шаҳристони Турбатиҳайдария	بخش مرکزی شهرستان تربت حیدریه
Бахши марказӣи шаҳристони Ҷеруфт	بخش مرکزی شهرستان جیرفت
Бахши марказӣи шаҳристони Симнон	بخش مرکزی شهرستان سمنان
Бахши марказӣи шаҳристони бустонобод	بخش مرکزی شهرستان بستان آباد
Бахши Айвовғлӣ	بخش ایواوغلی
Бахши марказӣи шаҳристони Голпаыеган	بخش مرکزی شهرستان گلپایگان
Бахши марказӣи шаҳристони Аскар	بخش مرکزی شهرستان سرباز
Бахши Атоқвар	بخش اطاقور
Бахши марказӣи шаҳристони Ганова	بخش مرکزی شهرستان گناوه
Бахши Азгули	بخش ازگله
Нортумберленд	نورث‌آمبرلند
Ҳерефордшир	هرفوردشایر
Рутланд	روتلند
Ҷазираи Уайт	جزیره وایت
Мито	میتو،
Гифу	گیفو
Фунабаши	فوناباشی،
Вакаяма	واکایاما
Матсумото	ماتسوموتو،
Матсуяма	ماتسویاما،
Такасаки	تاکاساکی،
Ичиномия	ایچینومیا،
Ҳимеҷи	هیمه‌جی،
Асаҳикауа	آساهیکاوا
Акаши	آکاشی،
Маебаши	مائه‌باشی،
Тоттори	توتوری
Кошигая	کوشیگایا،
Акита	آکیتا
Фукуи	فوکوئی
Наҳа	ناها،
Кофу	کوفو،
Матсуе	ماتسوئه
Фукуяма	فوکویاما،
Ҳачиноҳе	هاچینوهه،
Шимоносеки	شیمونوسکی،
Суита	سوئیتا،
Ҳигашиосака	هیگاشی‌اوساکا،
Сасебо	ساسه‌بو،
Утсуномия	اوتسونومیا،
Тояма	تویاما
Кагошима	کاگوشیما
Куруме	کورومه،
Тоёта	تویوتا
Ҳираката	هیراکاتا،
Ёкосука	یوکوسوکا،
Ҳакодате	هاکوداته،
Корияма	کوری‌یاما،
Нишиномия	نیشی‌نومیا،
Мориока	موریوکا،
Иваки	ایواکی،
Ямагата,	یاماگاتا
Курашики	کوراشیکی،
Кауагучи	کاواگوچی،
Нагасаки	ناگازاکی
Тоёҳаши	تویوهاشی،
Амагасаки	آماگاساکی،
Куре	کوره،
Аомори	آئوموری
Каназауа	کانازاوا،
Отсу	اتسو،
Такатсуки	تاکاتسوکی،
Неягауа	نه‌یاگاوا،
Оита	اوئیتا
Кашива	کاشیوا،
Такаматсу	تاکاماتسو،
Кочи	کوچی
Тоёнака	تویوناکا،
Кавагое	کاواگوئه،
Йоркшир	یورکشایر
Суссекс	ساسکس
Корнуолл	کورن وال
Куриё	کره
Кёто	کیوتو
Саитама	سایتاما
Инуяма	اینویاما،
Кумамото	کوماموتو
Тоба	توبا،
Тсукуба	تسوکوبا،
Чиба	چیبا
Нагоя	ناگویا،
Сендаи	سندای
Саппоро	ساپورو
Осака	اوساکا
Фукуока	فوکوئوکا
Кобе	کوبه
Кисаразу	کیسارازو،
Берлин	برلین
Канберра	کانبرا
Фуҷи	فوجی،
Нумазу	نومازو،
Ямато	یاماتو،
Ота	اوتا،
Такаразука	تاکارازوکا،
Сока	سوکا،
Какогава	کاکوگاوا،
Токорозауа	توکوروزاوا،
Ёккаичи	یوکایچی،
Кумагая	کوماگایا،
Яо	یائو،
Одавара	اوداوارا،
Чигасаки	چیگاساکی،
Кишиуада	کیشی‌وادا
Исесаки	ایسه‌ساکی،
Ҳиратсука	هیراتسوکا،
Касукабе	کاسوکابه،
Нагаока	ناگائوکا،
Ибараки	ایباراکی،
Атсуги	آتسوگی،
Ҷоетсу	جوئتسو،
Текирдоғ	تکیرداغ
Қарабуйук	قره‌بوک
Килис	کیلیس
Тарсус	طرسوس
Аванос	آوانوس
Бурҳание	برهانیه
Чаноққалъа	چاناق‌قلعه
Гёмеч	گومچ
Усмония	عثمانیه
Мармарис	مارماریس
Кастамону	قسطمونی
Амася	آماسیه
Измит	ازمیت
Мардин	ماردین
Кушодосӣ	کوش‌آداسی
Искандарун	اسکندرون
Баля	بالیا
Муш	موش
Ойдинҷик	آیدینجیک
Агри	آغری
Қаромон	قرامان
Ҷайҳон	جیحان
Ширнак	شرناق
Артвин	آرتوین
Аҷипаям	اجی‌پیام
Риза	ریزه
Қириққалъа	قیریق‌قلعه
Қорс	قارص
Бартин	بارتین
Чекерек	چکرک
Кемар	کمر
Сугут	سوگوت
Чорлу	چورلو
Сусурлук	سوسورلوک
Гёнен	گونن
Нусайбин	نصیبین
Саваштепе	ساواش‌تپه
Адапазари	آداپازاری
Ойдинҷик	آیدین‌جیک
Бурдур	بوردور
Фатҳия	فتحیه
Манавгат	ماناوغات
Дурсунбей	دورسون‌بی
Бондирмо	باندیرما
Айбасти	آی‌باستی
Ивринди	ایوریندی
Чонқири	چانقری
Афионқараҳисор	افیون قره‌حصار
Ёлуво	یالوا
Айвалик	آیوالیک
Бодрум	هالیکارناس
Зонгулдак	زونگولداغ
Тунҷели	تونج‌ایلی
Кӯтоҳия	کوتاهیه
Инегул	اینه‌گول
Солиҳлӣ	صالحی
Бигадич	بیگادیچ
Оқсарой	آق‌سرای
Искилип	اسکلپ
Антокия	انتاکیه
Йузғот	یوزگات
Адирна	ادرنه
Билеҷик	بیله‌جک
Тукот	توقات
Олониё	آلانیا
Урла	اورلا
Гумушхона	گوموش‌خانه
Изник	ایزنیک
Болу	بولو
Навшаҳр	نوشهر
Гебзе	گبزه
Ҳаккори	حکاری
Байтушшубоб	بیت‌الشباب
Гелиболу	گلیبولو
Ботмон	باتمان
Алошаҳр	آلاشهر
Ҳаррон	حران
Орду	اردو
Бергама	برگاما
Ушок	عشاق
Қирқларэлӣ	قرقلرایلی
Фурудгоҳи саҳро осоҳигово	فرودگاه صحرایی آساهیگاوا
Ноҳияи Прайаграҷ	شهرستان الله‌آباد
Сикар	سیکار
Додро ва Ногор Ҳовели	دادرا و ناگار هاولی
Чуру	چورو
Валсад	والساد
Саҳарса	صحارسا
Дакшина-Каннада	دکشینا کنادا
Шаҳристони Аврангобод	شهرستان اورنگ‌آباد،
Шимла	شمله
Индор	ایندور
Ичикава	ایشی‌کاوا،
Нарашино	نارشینو،
Фуҷисава	فوجیساوا،
Шики	شیکی،
бузурги Тоскана	بزرگ توسکانی
Подшоҳии Маҷористон	پادشاهی مجارستان
Ирландияи Шимолӣ	ایرلند شمالی
Пинар дел Рио	پینار دل ریو
Ҳолгин	اولگین
Камагуэй	کاماگوی
Виля Клара	ویلا کلارا
Санкти Спиритус	سانکتی اسپیریتوس
Гранма	گرانما
Сантяго де Куба	سانتیاگو د کوبا
Лас Тунас	لاس توناس
Сйенфуэгос	سینفیوگوس
Матанзас	ماتانزاس
Маракана	ماراکانا
Бернабеу	برنابئو
Камп	نیوکمپ
Варзишгоҳи Лусайл	ورزشگاه لوسیل
Суринам	سورینام
Ҳавайӣ	هاوایی
Балантон	بالاتون
Шарошпатак	شاروشپاتاک
Уршалим	اورشلیم
Мадина	مدینه
Макка	مکه
Эхинг	اشینگ
Тунинген	تونینگن
Айхвалд	ایچوالد
Лангеог	لانگه‌اگ
Пфронтен	پفرونتن
Поҳнсдорф	پوهنسدورف
Шорндорф	شرندورف
Метсинген	متسینگن
Роттвайл	روتوايل
Швебиш-Гмӯнд	شوابیش گموند
Ҷазираҳои Килинг	جزایر کوکوس
фондии	نزدک
Бурси Тайван	بورس تایوان
Секешфеҳервор	سیکشفهروار
Нав	نوا
Унторию	انتاریو
Алберта	آلبرتا
Квебек	کبک
Болсовер	بالسوور
Бонн	بن
Дуйсбург	دویسبورگ
Путсдом	پوتسدام
Лозанна	لوزان
Монҳойм	مانهایم
Веймар	وایمار
Ҳигашиҳирошима	هیگاشی‌هیروشیما
Аахен	آخن
Болоня	بولونیا
Амҳерст	امهرست،
Фраибург	فرایبورگ
Клуж-Напока	کلوژ-نپوکا
Эскишаҳр	اسکی‌شهر
Дармштадт	دارمشتات
Сучава	سوچاوا
Порис	پاریس
Пиза	پیزا
Кунитачи	کونیتاچی،
Итако,Ню-Йорк	ایتاکا، نیویورک
Рум	رم
Тимишоара	تیمیشوارا
Тсуру	تسورو،
Марбург	ماربورگ
Берн	برن
Женева	ژنو
Аугсбург	آوگسبورگ
Зюрих	زوریخ
Марсел	مارسی
Лидс	لیدز
Улм	اولم
Оксфорд	آکسفورد
Яш	یاش
Базел	بازل
Крайова	کرایووا
Таллин	تالین
Тапа	تاپا
Виктория ва Алберт	ویکتوریا و آلبرت
Фаластин	فلسطین
Кэлимэтешти-Кэчулата	کلیمانشت-کچولت
Прадо	پرادو
Скопе	اسکوپیه
Краков	کراکوف
Аомин	ماکائو
Котувитс	کاتوویتس
Лас Палмас	لاس پالماس
Камакура	کاماکورا،
Киив	کی‌یف
Гибралтар	جبل طارق
Мадрид	مادرید
Вотикон	واتیکان
Прато	پراتو
Ҷиза	جیزه
Қоҳира	قاهره
Штеттин	شچچین
Марй	مرو
Лаби Об	لباب
Аҳал	آخال
Дашогуз	داش‌اغوز
Балкан	بلخان
Ческе-Будейовитсе	چسکه بودیوویتسه
Йиглава	ییهلاوا
Плзен	پلزن
Карлови Вари	کارلووی واری
Брно	برنو
Пардубитсе	پاردوبیتسه
Острава	استراوا
Либеретс	لیبرتس
Градетс-Кралове	هرادتس کرالووه
Усти-над-Лабем	اوستی ناد لابم
Оломоутс	اولوموتس
Нонҷинг	نانجینگ
Тифлис	تفلیس
Мтсхето-Мтионетӣ	متسختا-متیانتی
Кохетӣ	کاختی
Шимолӣ	شمال
Испания	اسپانیا
Бритониё	بریتانیا
Сорокино	کراسنودوم
Донетск	دونتسک
Севастопол	سواستوپول
Белгород-Днестровский	بیلهورود-دنیستروفسکیی
Ҳайворон	هایوورون
Перевалск	پروالسک
Макиивка	ماکیئیفکا
Хрусталний	کراسنیی
Луганск	لوهانسک
Боғчасарой	باخچیسارای
Вознесеновка	چروونوپارتیزانسک
Измаил	ایزمائیل
Довжанск	اسوردلوفسک،
Лутугино	لوتوهینه
Одесса	اودسا
Первомайск	پروومایسک،
Голубовка	اوکراین
Керч	کرچ
Харкив	خارکوف
Ровенки	روونکی
Алчевск	آلچفسک
Брянка	بریانکا
Мариуполь	ماریوپول
Херсун	خرسون
Антрасит	آنتراتسیت
Енакиево	یناکییف
Ӯскемен	اوسکمن،
Виннитса	وینیتسا
Кропивнитский	کیرووهراد
Днепр	دنیپرو
Ҳамоҳангсозии Ҷаҳонӣ	هماهنگ جهانی
шарқии	شرقی
Заар	زارلند
Баден-Вюртемберг	بادن-وورتم‌برگ
Любек	لوبک
Саксония	زاکسن
Шлезвиг-Ҳолштайн	اشلسویگ-هولشتاین
Саксонияи	نیدرزاکسن
Ҳамбург	هامبورگ
Бранденбург	براندنبورگ
Рейн-Вестфалияи	نوردراین-وستفالن
Райнланд-Пфалс	راینلاند-فالتس
Бремен	برمن
Саксония-Анҳалт	زاکسن-آنهالت
Ҳессен	هسن
Олмотӣ	آلماآتی
Остона	آستانه
Шимкент	چیمکند
Скрапарӣ	اسکراپار
Тоҷикистон	تاجیکستان
Малӣ	مالی
Лаос	لائوس
Уганда	اوگاندا
Африқои Марказӣ	آفریقای مرکزی
Боливия	بولیوی
Руанда	رواندا
Эфиопия	اتیوپی
Туркманистон	ترکمنستان
Ниҷер	نیجر
Афғонистон	افغانستان
Ботсвана	بوتسوانا
Қирғизистон	قرقیزستان
Замбия	زامبیا
Узбакистон	ازبکستان
Лихтенштейн	لیختن‌اشتاین
Молдова	مولداوی
Андорра	آندورا
Косово	کوزووو
Арманистон	ارمنستان
Непал	نپال
Лесото	لسوتو
Зимбабве	زیمبابوه
Бурунди	بوروندی
Чад	چاد
Озарбойҷон	آذربایجان
Беларус	بلاروس
Қазоқистон	قزاقستان
Осетияи Ҷанубӣ	اوستیای جنوبی
Малави	مالاوی
Муғулистон	مغولستان
Парагвай	پاراگوئه
Судони Ҷанубӣ	سودان جنوبی
Буркина-Фасо	بورکینافاسو
Свазиленд	اسواتینی
Ивангород	ایانگورود
Махмутлар	محمودلار
Меҳршаҳр	مهرشهر
Козимин	کاظمین
Сиде	سیده
Карх	کرخ
Ҳавзи Хос	حوض خاص
Вудленд-Ҳиллз	وودلند هیلز،
Форест-Ҳилс	فارست هیلز
Ақдасия	اقدسیه
Бонкипур	بانکی‌پور
Аъзамия	اعظمیه
Мино	منا
Фурудгоҳи оврлнду	فرودگاه اورلندو
Каркахент	کارکایکسنت
Валенсия	والنسیا
Аликанте	آلیکانته
Сурия	سوریه
Трипура	تریپورا
Уттаранчал	اوتاراکند
Пенҷоб	پنجاب
Ондра Прадиш	آندرا پرادش
Бенголи Ғарбӣ	بنگال غربی
Ҷарханд	جارکند
Гуҷарот	گجرات
Ассам	آسام
Мизурам	میزورام
Прадеш	پرادش
ва Кашмир	و کشمیر
Оруночол Прадиш	آروناچال پرادش
Ҳимочал Прадеш	هیماچال پرادش
Роҷистон	راجستان
Манипур	مانیپور
Нагаланд	ناگالند
Гуа	گوا
Ҳарияна	هاریانا
Меғалая	مگالایا
Карнотако	کارناتاکا
Орисса	اوریسا
Сикким	سیکیم
Телингоно	تلنگانا
Керала	کرالا
Чҳаттисгар	چتیسگر
Биҳар	بیهار
Тамилноду	تامیل نادو
Мадҳя Прадеш	مادایا پرادش
Маҳороштра	مهاراشترا
Бодоби Сурт	باداب سورت
Мақдуния	مقدونیه
Подшоҳии Афғонистон	پادشاهی افغانستان
Қара-Қуюнлӯ	قراقویونلو
Камбоҷа	کامبوج
Лидия	لیدیه
Юнону Бохтар	یونانی باکتریا
Айюбиён	ایوبیان
Алегзандрия	الکساندریا،
Вирҷиния-Биш	ویرجینیابیچ
Амвросиевск	اموراسیوکا
Воеводина	ویوودینا
Ҳудсун	هادسون
Имперотурии Усмонӣ	امپراتوری عثمانی
Занзибар	زنگبار
Султанати Ғуриён	سلطنت غوریه
Салтанати Деҳлӣ	سلطنت دهلی
Ҷалоириён	جلایریان
Хилофати Умавиён	خلافت اموی
Баҳманӣ	بهمنی‌ها
Бруней	برونئی
Иморати Ғарнота	امارت غرناطه
Салтанати Мамолик	سلطنت مملوک
Умон	عمان
Султонии	عادل‌شاهیان
Масқату Умон	مسقط و عمان
Арвика	ارویکا
Малмё	مالمو
Лунд	لوند
Хагфорс	هاگفوش
Филипстад	فیلیپستاد
Лангҳем	لنگ‌هم
Карлстад	کارلشته
Умео	اومئا
Уппсала	اوپسالا
Гӯтебург	یوتبری
Калисои ортодоксии қибтӣ	کلیسای ارتدکس قبطی
Калисои ортодоксии Эфиопия	کلیسای ارتودوکس اتیوپی
Калисои сурёнӣ	کلیسای سریانی
Сяи	شهرستان
шаҳристони Пингйу	شهرستان پینگیو
шаҳристони Вен	شهرستان ون
Сотсиалистии Сербия	سوسیالیستی صربستان
Куриёи Шимолӣ	کره شمالی
Филиппин	فیلیپین
Баҳамас	باهاما
Фурудгоҳи нерӯе ҳаво салтанате бругн	فرودگاه نیروی هوایی سلطنتی بروگن
Фурудгоҳи ловорок брк	فرودگاه لاواراک برک
Фурудгоҳи руиол мринс бийс чюнр	فرودگاه رویال مرینس بیس چیونر
Пойгоҳи ҳавоӣ рус	پایگاه هوایی روث
Фурудгоҳи ҳлсуртҳи бркз	فرودگاه هلسورتهی برکز
Фурудгоҳи визорат дифоъ биретонеё дар отон	فرودگاه وزارت دفاع بریتانیا در آتان
Фурудгоҳи нерӯе ҳаво салтанате бсингбурн	فرودگاه نیروی هوایی سلطنتی بسینگبورن
Фурудгоҳи онугро борокс	فرودگاه انوگرا باراکس
Давлати	داعش
Муваҳҳидун	موحدون
Хилофати Аббосиён	خلافت عباسیان
Хилофати Араб	خلافت عربی
Баҳри тоҷик	بحر تاجیک
Антрим	انتریم
Ферманна	فرمانا
Тийрон	تایرون
Вилояти Дери	لندندری
Даун	داون
Армаҳ	آرما
Сан-Диего	سن دیه‌گو،
Аламида	آلامدا
Империал	ایمپریال
шаҳристони Сунумо	شهرستان سونوما
шаҳристони Санта-Клара	شهرستان سانتا کلارا
шаҳристони Уренҷ	شهرستان اورنج،
шаҳристони Фресну	شهرستان فرسنو
Шаҳристони Лос-Анҷелес	شهرستان لس‌آنجلس،
Риверсайд	ریورساید،
Лиссабон	لیسبون
Фуншал	فونچال
Пасадина	پاسادینا،
Палм-Спрингс	پالم اسپرینگز
Будапешт	بوداپست
Масуда	ماسودا،
Шаҳристони Туркаман	شهرستان ترکمن
Шаҳристони Ардал	شهرستان اردل
Шаҳристони Хуррамдарра	شهرستان خرمدره
Ноҳияи Ёвон	ناحیه یاوان
Ойиртау	ایرتاو
Шаҳристони Фаҳраҷ	شهرستان فهرج
Сухоложский	سوخولوژسکی
Сало	سالو،
Шаҳристони Разан	شهرستان رزن
Шаҳристони Дурӯд	شهرستان دورود
Шаҳристони Заранд	شهرستان زرند
Шаҳристони Ҳувийзе	شهرستان هویزه
Шаҳристони Гатванд	شهرستان گتوند
Шаҳбуз	شاه‌بوز
Шаҳристони Мамасанӣ	شهرستان ممسنی
Белоярский	بلویارسکی
Тампере	تامپری
Шибетсу	شیبتسو،
Ноҳияи Қува	ناحیه قوه
Ноҳияи Каменский	ناحیه کمینسکی
Садо	سادو،
Рийҳимокӣ	ریهیماکی
Шаҳристони Рашт	شهرستان رشت
Шаҳристони Амлаш	شهرستان املش
Шаҳристони Нақада	شهرستان نقده
Ваҷима	واجیما،
Шаҳристони Шабистар	شهرستان شبستر
Шаҳристони Ҳафткел	شهرستان هفتکل
Шаҳристони Миҳр	شهرستان مهر
Енбекшиқазоқ	انبکچی‌قزاق
Богдановичский	بوگدانوویچسکی
Шаҳристони Саққиз	شهرستان سقز
Шаҳристони Маранд	شهرستان مرند
Тагава	تاگاوا،
Шаҳристони Обяк	شهرستان آبیک
Шаҳристони Аҳар	شهرستان اهر
Шаҳристони газ	شهرستان گز
Шаҳристони Хунҷ	شهرستان خنج
ноҳияи Ғафуров	ناحیه غفورف
Шаҳристони Қудс	شهرستان قدس
Ҳиросаки	هیروزاکی،
Урасое	اوراسوئه،
Шаҳристони Ровар	شهرستان راور
Шаҳристони Калебар	شهرستان کلیبر
Ноҳияи Румӣ	ناحیه رومی
Шаҳристони Шафт	شهرستان شفت
Паркент	پرکند
Шаҳристони Бастак	شهرستان بستک
Аляска	آلاسکا
Нижнесергинский	نیژنسرگینسکی
Новолялинский	نوویالینسکی
Пишминский	پیشمینسکی
Ачитский	آچیتسکی
Пригородний	پریگورودنی
Туринский	تورینسکی
Тугулимский	توگولیمسکی
Талиский	تالیتسکی
Таборинский	تابورینسکی
Верхотур	ورختورسکی
Верхнесалдинский	ورخنسالدینسکی
Невянский	نویانسکی
Тавдинский	تاودینسکی
Алотау	آلاتائو
Алапаевский	آلاپایفسکی
Миср	مصر
Русияи	روسیه
Араб	عربی
Рошидин	راشدین
Русия	روسیه
Иттиҳоди Шӯравӣ	اتحاد شوروی
Миср	مصر
Гурҷистон	گرجستان
Итоигава	ایتویی‌گاوا
Мурото	موروتو،
Пойгоҳи ҳавоӣ шоҳ фисл	پایگاه هوایی شاه فیصل
Пойгоҳи ҳавоӣ шоҳ ъабдулъазез	پایگاه هوایی شاه عبدالعزیز
Фурудгоҳи ҳмос острлинг	فرودگاه هماس استرلینگ
Анатулии Шарқӣ	آناتولی شرقی
Анатулии Шарқӣ	آناتولی شرق
Сиёҳ	سیاه
Минтақаи Эгей	ناحیه اژه
Мармар	مرمره
Анатулии Марказӣ	آناتولی مرکزی
Миёназамин	ناحیه مدیترانه
Тимори Португалия	تیمور پرتغال
Британия	بریتانیا
Роҷи Бритониё	راج انگلیس
Сурия	سوریه
Убангӣ-Шарӣ	اوبانگی-شاری
Африқои Фаронса	آفریقای فرانسه
Лҳаса	لهاسا
Нижний Новгород	نیژنی نووگورود
Брюссел	بروکسل
Монако	موناکو
Афина	آتن
Сур	صور
Гонконг	هنگ کنگ
Вена	وین
Кремуно	کرمونا
Тошкйрғон	تاشکورگان
Ли	لی،
Мэдисон	مدیسن،
Ламар	لامار،
Майами-Дейд Коунтри	میامی-دید، فلوریدا
Томас	توماس،
Ҳавайӣ	هاوایی،
Ҳунулулу	هونولولو، هاوایی
Лейк	لیک،
Флойд	فلوید،
Ҷефферсон	جفرسن،
Дейвис	دیویس،
Бойд	بوید،
Шаҳристони Мидлсекс	شهرستان میدلسکس،
Вустер	ووستر،
Барнстейбл	برنستبل،
Саффолк	سافک،
шаҳристони Ҷексун	شهرستان جکسون،
Адэйр	ادایر،
Фурудгоҳи дюис порисҳ луизино	فرودگاه دیویس پاریسه لویزینا
Ҳиллсборо	هیلزبرو،
Мерсер	مرسر،
Сомерсет	سامرست،
Шаҳристони Нассо	شهرستان ناساو،
шаҳристони Мекленберг	شهرستان مکلنبرگ،
Филаделфия	فیلادلفیا،
Бристол	بریستول،
Вайз	ویس،
Албемарл	البمارل،
Вестморленд	وستمورلند،
Кинг	کینگ،
Осторо	آستارا
Ағдам	آق‌دام
Ағдаш	آق‌داش
Хоҷалӣ	خوجالی
Хоҷавенд	خواجه‌وند
Шамкир	شمکیر
Ҷабраил	جبراییل
Қох	قاخ
Ағсу	آق‌سو
Собиробод	صابرآباد
Зангилан	زنگلان
Абшерон	آب‌شوران
Шарур	شرور
Барда	بردع
Қусор	قوسار
Ҳоҷигабул	حاجی‌قبول
Бобак	بابک
Исмоиллӣ	اسماعیللی
Сиёзан	سیاه‌زن
Нафтчола	نفت‌چاله
Ордубад	اردوباد
Товуз	تووز
Масалли	ماساللی
Тертер	ترتر
Садарак	سدرک
Соатлӣ	ساعتلی
Хачмаз	خاچماز
Лонкоран	لنکران
Агстафа	آق‌استفا
Ноҳияи	دوه‌چی
Салян	سالیان
Қабала	قبله
Евлах	یولاخ
Гёйҷой	گوی‌چای
Ҷалилобод	جلیل‌آباد
Лерик	لریک
Физулӣ	فضولی
Хизи	خیزی
Оғуз	اغوز
Бейлоқан	بیلقان
Шамахӣ	شماخی
Қазах	قازاخ
Курдамир	کردامیر
Загатала	زاقاتالا
Шоки	شکی
Имишли	ایمیشلی
Биласувар	بیله‌سوار
Келбаҷар	کلبجر
Ёрдимлӣ	یاردیملی
Оғҷабади	آقجه‌بدی
Самух	ساموخ
Шуша	شوشا
Ҷулфо	جلفا
Қуба	قبه
Горанбой	گورانبوی
Уҷар	اوجار
Қобустон	قبوستان
Қубадлӣ	قبادلی
Гёйгёл	گوی‌گل
Лочин	لاچین
Балакен	بالاکن
Дашкесан	داش‌کسن
Зардоб	زردآب
Кенгерлӣ	کنگرلی
Аргентина	آرژانتین
Иёлоти Попӣ	ایالات پاپی
Лимбург	لیمبورخ
Ҳоланди Ҷанубӣ	هلند جنوبی
Оверэйсел	افریسل
Брабант	برابانت
Утрехт	اوترخت
Шимоли	شمالی
Дренте	درنته
Гелдерланд	خلدرلاند
Зеландия	زیلاند
Устони Ҳамадон	استان همدان
Устони Элом	استان ایلام
Устони Гулистон	استان گلستان
Устони Хуросони ҷанубӣ	استان خراسان جنوبی
Устони Мозандарон	استان مازندران
Устони Албурз	استان البرز
Устони Исфаҳон	استان اصفهان
Устони Ҳурмузгон	استان هرمزگان
Устони Чаҳормаҳолу Бахтиёрӣ	استان چهارمحال و بختیاری
Устони Хуросон	استان خراسان
Устони Занҷон	استان زنجان
Устони Сестону Балӯчистон	استان سیستان و بلوچستان
Устони Гелон	استان گیلان
Устони Марказӣ	استان مرکزی
Устони Хуросони шимолӣ	استان خراسان شمالی
Устони Теҳрон	استان تهران
устони Хуросони Разавӣ	استان خراسان رضوی
Устони Куҳгилӯя ва Буйир Аҳмад	استان کهگیلویه و بویراحمد
Устони Кирмон	استان کرمان
Устони Кирмоншоҳ	استان کرمانشاه
Устони Бушеҳр	استان بوشهر
Устони Луристон	استان لرستان
Устони Ардабел	استان اردبیل
устони Форс	استان فارس
Устони шарқӣ	استان شرقی
Устони Озарбойчони ғарбӣ	استان آذربایجان غربی
Устони Қум	استان قم
Устони Қазвин	استان قزوین
Устони Язд	استان یزد
Устони Симнон	استان سمنان
Устони Хӯзистон	استان خوزستان
Голуэй	گالوی
Дублин	دوبلین
Ҳаннофер	هانوفر
Трир	تری‌یر
Корлсруҳе	کارلسروهه
Кассел	کاسل
Айзенберг	آیزنبرگ
Пайне	پاینه
Ҳомбург	همبورگ
Минден	میندن
Нойбург-ан-дер-Донау	نویبورگ آن در
Гуто	گوتا
Реутов	رئوتوف
Виктория	ویکتوریا
Фолкланд	فالکلند
Гвианаи Биритониё	گویان بریتانیا
Гуам	گوآم
Мунден	موندن
Гронинген	خرونینگن
Бредо	بردا
Роттердам	رتردام
Гаага	لاهه
Ҳоэнемс	هوهنمس
Брегентс	برگنتس
Дордрехт	دوردرخت
Лейден	لیدن
Залтсбург	زالتسبورگ
Дорнбирн	درن‌بیرن
Делфт	دلفت
Амстердам	آمستردام
Блудентс	بلودنتس
Грас	گراتس
Дарем	دورهام
Рединг	ردینگ،
Ноттингҳам	ناتینگهام
Винчестер	وینچستر
Брентфурд	برنتفورد
Артинский	آرتینسکی
Красноуфимский	کراسنواوفیمسکی
Мурманск	مورمانسک
Режевской	رژفسکی
Ирбитский	ایربیتسکی
Артёмовский	آرتیوموفسکی
Псков	پسکوف
Твер	تور
Апатити	آپاتیتی
Таганрог	تاگانروگ
Маҳол	محل
Шаҳристони Нер	شهرستان نیر
Шаҳристони Шервон	شهرستان شیروان
Шаҳристони Рай	شهرستان ری
Шаҳристони Линга	شهرستان لنگه
Шаҳристони Марвдашт	شهرستان مرودشت
Шаҳристони Долоҳу	شهرستان دالاهو
Шаҳристони Абҳар	شهرستان ابهر
Шаҳристони Сорӣ	شهرستان ساری
Шаҳристони Маҳмӯдобод	شهرستان محمودآباد
Шаҳристони Анзалӣ	شهرستان انزلی
Шаҳристони Фирийдан	شهرستان فریدن
Шаҳристони Тафт	شهرستان تفت
Шаҳристони Деҳгулон	شهرستان دهگلان
Шаҳристони Лористон	شهرستان لارستان
Шаҳристони Ҳарсин	شهرستان هرسین
Шаҳристони хамер	شهرستان خمیر
Шаҳристони Пероншаҳр	شهرستان پیرانشهر
Шаҳристони Чолдурон	شهرستان چالدران
Шаҳристони Рӯдон	شهرستان رودان
Шаҳристони Дизфӯл	شهرستان دزفول
Шаҳристони Абаркӯҳ	شهرستان ابرکوه
Шаҳристони Ҷӯйбор	شهرستان جویبار
Шаҳристони Некшаҳр	شهرستان نیک‌شهر
Шаҳристони Фарошбанд	شهرستان فراشبند
Шаҳристони Хош	شهرستان خاش
Шаҳристони Ноин	شهرستان نایین
Шаҳристони Сареайн	شهرستان سرعین
Шаҳристони Маровеҳтапе	شهرستان مراوه‌تپه
Шаҳристони Посоргод	شهرستان پاسارگاد
Шаҳристони Маҳаллот	شهرستان محلات
Шаҳристони Бофқ	شهرستان بافق
Шаҳристони Алиобод	شهرستان علی‌آباد
шаҳристони Козирун	شهرستان کازرون
Шаҳристони Манӯҷон	شهرستان منوجان
Шаҳристони Бен	شهرستان بن
Шаҳристони Чегенӣ	شهرستان چگنی
Шаҳристони Хундоб	شهرستان خنداب
Шаҳристони Худоофарин	شهرستان خداآفرین
Шаҳристони Бампур	شهرستان بمپور
Шаҳристони Пешво	شهرستان پیشوا
Шаҳристони Султоние	شهرستان سلطانیه
Шаҳристони Корун	شهرستان کارون
Шаҳристони Сурхе	شهرستان سرخه
Шаҳристони Шоҳиншаҳр ва Мийме	شهرستان شاهین‌شهر و میمه
Шаҳристони Бадра	شهرستان بدره
Шаҳристони Совуҷбулоғ	شهرستان ساوجبلاغ
Шаҳристони Оштиён	شهرستان آشتیان
Шаҳристони Миҳрез	شهرستان مهریز
Шаҳристони Азно	شهرستان ازنا
Шаҳристони Пова	شهرستان پاوه
Шаҳристони Сапедон	شهرستان سپیدان
Шаҳристони Иқлед	شهرستان اقلید
Шаҳристони Язд	شهرستان یزد
Шаҳристони Шаҳрибобак	شهرستان شهربابک
Шаҳристони Порсобод	شهرستان پارس‌آباد
Шаҳристони Караҷ	شهرستان کرج
Шаҳристони Кангон	شهرستان کنگان
Шаҳристони Мийбуд	شهرستان میبد
Шаҳристони Форсан	شهرستان فارسان
Шаҳристони Алегӯдарз	شهرستان الیگودرز
Шаҳристони Найрез	شهرستان نی‌ریز
Шаҳристони Ромҳурмуз	شهرستان رامهرمز
Шаҳристони Зарандия	شهرستان زرندیه
Шаҳристони Саровон	شهرستان سراوان
Шаҳристони Сароб	شهرستان سراب
Шаҳристони Шӯш	شهرستان شوش
Шаҳристони Андемишк	شهرستان اندیمشک
Шаҳристони Миҳрон	شهرستان مهران
Шаҳристони Менӯдашт	شهرستان مینودشت
Шаҳристони Хур ва Биёбонак	شهرستان خور و بیابانک
Шаҳристони Фоменин	شهرستان فامنین
Шаҳристони Қишм	شهرستان قشم
Шаҳристони Далгон	شهرستان دلگان
Шаҳристони Равонсар	شهرستان روانسر
Шаҳристони Кавсар	شهرستان کوثر
Шаҳристони Гачсорон	شهرستان گچساران
Шаҳристони Омул	شهرستان آمل
Шаҳристони Баҳористон	شهرستان بهارستان
Шаҳристони Чинор Шоҳиҷон	شهرستان چنارشاهیجان
Шаҳристони Меҳдишаҳр	شهرستان مهدی‌شهر
Шаҳристони Рудбари Ҷануби	شهرستان رودبار جنوب
Шаҳристони Аббособод	شهرستان عباس‌آباد
Шаҳристони Оғоҷорӣ	شهرستان آغاجاری
Шаҳристони Пардис	شهرستان پردیس
Шаҳристони Эза	شهرستان ایذه
Шаҳристони Башогард	شهرستان بشاگرد
Шаҳристони Сарвистон	شهرستان سروستان
Шаҳристони Ромсар	شهرستان رامسر
Шаҳристони Чҳобаҳор	شهرستان چابهار
Шаҳристони Кошон	شهرستان کاشان
Шаҳристони Руботкарим	شهرستان رباط‌کریم
Шаҳристони Мокӯ	شهرستان ماکو
Шаҳристони Гелони ғарб	شهرستان گیلانغرب
Шаҳристони Аҳвоз	شهرستان اهواز
Шаҳристони Истаҳбон	شهرستان استهبان
Шаҳристони Гирмӣ	شهرستان گرمی
Шаҳристони Бардсер	شهرستان بردسیر
Шаҳристони Дилеҷон	شهرستان دلیجان
Шаҳристони Шоҳрӯд	شهرستان شاهرود
Шаҳристони Домғон	شهرستان دامغان
Шаҳристони Эҷрӯд	شهرستان ایجرود
Шаҳристони Симерум	شهرستان سمیرم
Шаҳристони Ломирд	شهرستان لامرد
Шаҳристони Канговар	شهرستان کنگاور
Шаҳристони Абӯмӯсо	شهرستان ابوموسی
Шаҳристони Мишгеншаҳр	شهرستان مشگین‌شهر
Шаҳристони Бурӯҷин	شهرستان بروجن
Шаҳристони Ардакон	شهرستان اردکان
Шаҳристони Мона у Самалқон	شهرستان مانه و سملقان
Шаҳристони Оққало	شهرستان آق‌قلا
Шаҳристони Сароён	شهرستان سرایان
Шаҳристони Чодигон	شهرستان چادگان
Шаҳристони Рафсанҷон	شهرستان رفسنجان
Шаҳристони Токистон	شهرستان تاکستان
Шаҳристони Шероз	شهرستان شیراز
Шаҳристони Толиқон	شهرستان طالقان
Шаҳристони Сияҳкал	شهرستان سیاهکل
Шаҳристони Киёр	شهرستان کیار
Шаҳристони Кӯҳбинон	شهرستان کوهبنان
Бахши Авҷ	شهرستان آوج
Шаҳристони Герош	شهرستان گراش
Шаҳристони Бошт	شهرستان باشت
Шаҳристони у Мийма	شهرستان و میمه
Аштиҳорд	اشتهارد
Шаҳристони Ҳалилон	شهرستان هلیلان
Шаҳристони Анор	شهرستان انار
Шаҳристони Хироме	شهرستان خرامه
Шаҳристони Орзуиё	شهرستان ارزوئیه
Шаҳристони Қасри Қанд	شهرستان قصرقند
Шаҳристони Башрӯя	شهرستان بشرویه
Шаҳристони Шозанд	شهرستان شازند
Шаҳристони Линҷон	شهرستان لنجان
Шаҳристони Моҳнишон	شهرستان ماهنشان
Шаҳристони Қасри Шерин	شهرستان قصر شیرین
Шаҳристони Қалъаи Ганҷ	شهرستان قلعه‌گنج
Шаҳристони Серҷон	شهرستان سیرجان
Шаҳристони Бобул	شهرستان بابل
Шаҳристони Симеруми	شهرستان دهاقان
Шаҳристони Қер у Корзин	شهرستان قیر و کارزین
Шаҳристони Беласавор	شهرستان بیله‌سوار
Шаҳристони Эвон	شهرستان ایوان
Шаҳристони Бавонот	شهرستان بوانات
Шаҳристони Шодагон	شهرستان شادگان
Шаҳристони Сарвобод	شهرستان سروآباد
Шаҳристони Бобулсар	شهرستان بابلسر
Шаҳристони Дино	شهرستان دنا
Шаҳристони Меноб	شهرستان میناب
Шаҳристони Чолӯс	شهرستان چالوس
Шаҳристони Дармиён	شهرستان درمیان
Шаҳристони Мосол	شهرستان ماسال
Шаҳристони Хуррамшаҳр	شهرستان خرمشهر
Шаҳристони Бӯкон	شهرستان بوکان
Шаҳристони Халxол	شهرستان خلخال
Шаҳристони Маҳобод	شهرستان مهاباد
Шаҳристони Курдкӯй	شهرستان کردکوی
Шаҳристони Кулола	شهرستان کلاله
Шаҳристони Шоҳиндиж	شهرستان شاهین‌دژ
Шаҳристони Бурӯҷирд	شهرستان بروجرد
Шаҳристони Фирӯзобод	شهرستان فیروزآباد
Шаҳристони Қоин	شهرستان قائنات
Шаҳристони Покдашт	شهرستان پاکدشت
Шаҳристони Сумиасаро	شهرستان صومعه‌سرا
Шаҳристони Фирийдӯншаҳр	شهرستان فریدون‌شهر
Шаҳристони Тафриш	شهرستان تفرش
Шаҳристони Остонаи Ашрафия	شهرستان آستانه اشرفیه
Шаҳристони Лурдигон	شهرستان لردگان
Шаҳристони Беҳобод	شهرستان بهاباد
Шаҳристони Палдашт	شهرستان پلدشت
Аваз	اوز
Шаҳристони Нармошир	شهرستان نرماشیر
Шаҳристони Саводкӯҳи Шимолӣ	شهرستان سوادکوه شمالی
Шаҳристони Ҳирманд	شهرستان هیرمند
Шаҳристони Даштӣ	شهرستان دشتی
Шаҳристони Маревон	شهرستان مریوان
Шаҳристони Ҷулфо	شهرستان جلفا
Шаҳристони Қоимшаҳр	شهرستان قائم‌شهر
Шаҳристони Арсанҷон	شهرستان ارسنجان
Шаҳристони Исфаройин	شهرستان اسفراین
Шаҳристони Озаршаҳр	شهرستان آذرشهر
Шаҳристони Муборака	شهرستان مبارکه
Шаҳристони Моҳшаҳр	شهرستان ماهشهر
Шаҳристони Сaлоси бобоҷонӣ	شهرستان ثلاث باباجانی
Шаҳристони Рамиён	شهرستان رامیان
Шаҳристони Ҷоск	شهرستان جاسک
шаҳристони Асадобод	شهرستان اسدآباد
Шаҳристони Бӯинзаҳро	شهرستان بوئین‌زهرا
Шаҳристони Миёна	شهرستان میانه
Шаҳристони Масҷидсолаймон	شهرستان مسجدسلیمان
Шаҳристони Нӯр	شهرستان نور
Шаҳристони Фирдавс	شهرستان فردوس
Шаҳристони Ҳарес	شهرستان هریس
Шаҳристони Чоруймоқ	شهرستان چاراویماق
Шаҳристони Ушнавия	شهرستان اشنویه
Шаҳристони Беҷор	شهرستان بیجار
Шаҳристони Обдонон	شهرستان آبدانان
Шаҳристони Лоҳеҷон	شهرستان لاهیجان
Шаҳристони Сарпули Заҳоб	شهرستان سرپل ذهاب
Шаҳристони Буноб	شهرستان بناب
Шаҳристони Дороб	شهرستان داراب
Шаҳристони Буйир-Аҳмад	شهرستان بویراحمد
Шаҳристони Берҷанд	شهرستان بیرجند
Шаҳристони Форуҷ	شهرستان فاروج
Шаҳристони Андика	شهرستان اندیکا
Шаҳристони Малорд	شهرستان ملارد
Шаҳристони Аслуйе	شهرستان عسلویه
Шаҳристони Албурз	شهرستان البرز
Шаҳристони Бийзо	شهرستان بیضا
Шаҳристони Сарчеҳон	شهرستان سرچهان
Шаҳристони Ригон	شهرستان ریگان
Шаҳристони Голикеш	شهرستان گالیکش
Шаҳристони Кевор	شهرستان کوار
Шаҳристони Ородон	شهرستان آرادان
Шаҳристони Кумийҷон	شهرستان کمیجان
Шаҳристони Саҳна	شهرستان صحنه
Шаҳристони Хонсор	شهرستان خوانسار
Шаҳристони Салмос	شهرستان سلماس
Шаҳристони Туйсиркон	شهرستان تویسرکان
Шаҳристони Даррашаҳр	شهرستان دره‌شهر
Шаҳристони Ҷаҳрум	شهرستان جهرم
Шаҳристони Тангистон	شهرستان تنگستان
Шаҳристони Исломшаҳр	شهرستان اسلامشهر
Шаҳристони Бустонобод	شهرستان بستان‌آباد
Шаҳристони Девондарра	شهرستان دیواندره
Шаҳристони Наҷафобод	شهرستان نجف‌آباد
Шаҳристони Шимеронот	شهرستان شمیرانات
Шаҳристони Даштистон	شهرستان دشتستان
Шаҳристони Зарриндашт	شهرستان زرین‌دشت
Шаҳристони Бона	شهرستان بانه
Шаҳристони Осторо	شهرستان آستارا
Шаҳристони Хотам	شهرستان خاتم
Шаҳристони Ардабел	شهرستان اردبیل
Шаҳристони Биҳбаҳон	شهرستان بهبهان
Шаҳристони Кӯҳдашт	شهرستان کوهدشت
Шаҳристони Навшаҳр	شهرستان نوشهر
Шаҳристони Сарбеша	شهرستان سربیشه
Шаҳристони Арок	شهرستان اراک
Шаҳристони Кирмоншоҳ	شهرستان کرمانشاه
Шаҳристони Маликон	شهرستان ملکان
Шаҳристони Меҳристон	شهرستان مهرستان
Шаҳристони Ҷеруфт	شهرستان جیرفت
Шаҳристони Даййир	شهرستان دیر
Шаҳристони Наҳованд	شهرستان نهاوند
Шаҳристони Элом	شهرستان ایلام
Шаҳристони Буҷнӯрд	شهرستان بجنورد
Шаҳристони Диҳлурон	شهرستان دهلران
Шаҳристони Бофт	شهرستان بافت
Шаҳристони Хумийн	شهرستان خمین
Шаҳристони Сова	شهرستان ساوه
Шаҳристони Сарбоз	شهرستان سرباز
Шаҳристони Ниҳбандон	شهرستان نهبندان
Шаҳристони Аҷабшер	شهرستان عجب‌شیر
Шаҳристони Симурғ	شهرستان سیمرغ
Шаҳристони Рустам	شهرستان رستم
Шаҳристони Гармеҳ	شهرستان گرمه
Шаҳристони зуҳак	شهرستان زهک
Шаҳристони Бовӣ	شهرستان باوی
Шаҳристони Зеркӯҳ	شهرستان زیرکوه
Шаҳристони Буйин ва Миёндашт	شهرستان بوئین و میاندشت
Шаҳристони Гунбади Ковӯс	شهرستان گنبد کاووس
Шаҳристони Варзақон	شهرستان ورزقان
Шаҳристони Силсила	شهرستان سلسله
Шаҳристони Хуррамобод	شهرستان خرم‌آباد
Шаҳристони Шӯштар	شهرستان شوشتر
Шаҳристони Ҷавонрӯд	شهرستان جوانرود
Шаҳристони Бандар-Аббос	شهرستان بندرعباس
Шаҳристони Биҳшаҳр	شهرستان بهشهر
Шаҳристони Теҳрон	شهرستان تهران
Шаҳристони Нико	شهرستان نکا
Шаҳристони Мароға	شهرستان مراغه
Шаҳристони Урумия	شهرستان ارومیه
Шаҳристони Анбаробод	شهرستان عنبرآباد
Шаҳристони Торум	شهرستان طارم
Шаҳристони Ҳиндеҷон	شهرستان هندیجان
Шаҳристони Озодшаҳр	شهرستان آزادشهر
Шаҳристони Эроншаҳр	شهرستان ایرانشهر
Шаҳристони Табрез	شهرستان تبریز
Шаҳристони Миёндуоб	شهرستان میاندوآب
Шаҳристони Зобул	شهرستان زابل
Шаҳристони Бӯшиҳр	شهرستان بوشهر
Шаҳристони Такоб	شهرستان تکاب
Шаҳристони Куҳгилӯя	شهرستان کهگیلویه
Шаҳристони Баҳар	شهرستان بهار
Шаҳристони Гургон	شهرستان گرگان
Шаҳристони Шаҳризо	شهرستان شهرضا
Шаҳристони Худобанда	شهرستان خدابنده
Шаҳристони Натанз	شهرستان نطنز
Шаҳристони Қурва	شهرستان قروه
Шаҳристони Тoникобун	شهرستان تنکابن
Шаҳристони Рӯдбор	شهرستان رودبار
Шаҳристони Намин	شهرستان نمین
Шаҳристони Саводкӯҳ	شهرستان سوادکوه
Шаҳристони Ферӯзкӯҳ	شهرستان فیروزکوه
Шаҳристони Лангрӯд	شهرستان لنگرود
Шаҳристони Ҷам	شهرستان جم
Шаҳристони Ҳамадон	شهرستان همدان
Шаҳристони Даштиозодагон	شهرستان دشت آزادگان
Шаҳристони Ободон	شهرستان آبادان
Шаҳристони Исфаҳон	شهرستان اصفهان
Шаҳристони Маликшоҳӣ	شهرستان ملکشاهی
Шаҳристони Фӯман	شهرستان فومن
Шаҳристони Ганова	شهرستان گناوه
Шаҳристони Зоҳидон	شهرستان زاهدان
Шаҳристони Ҳоҷиобод	شهرستان حاجی‌آباد
Шаҳристони Шаҳриёр	شهرستان شهریار
Шаҳристони Дийлам	شهرستان دیلم
Шаҳристони Терон у Курӯн	شهرستان تیران و کرون
Шаҳристони Рӯдсар	شهرستان رودسر
Шаҳристони Омидийе	شهرستان امیدیه
Шаҳристони кунорак	شهرستان کنارک
Шаҳристони Ромшир	شهرستان رامشیر
Шаҳристони Миёндуруд	شهرستان میان‌دورود
Шаҳристони Фануҷ	شهرستان فنوج
Шаҳристони Фарёб	شهرستان فاریاب
Шаҳристони Мирҷавеҳ	شهرستان میرجاوه
Шаҳристони Мейомӣ	شهرستان میامی
Шаҳристони Назаробод	شهرستان نظرآباد
Шаҳристони Хафр	شهرستان خفر
Шаҳристони Исломобади ғарб	شهرستان اسلام‌آباد غرب
Шаҳристони Варомин	شهرستان ورامین
Шаҳристони Гармсор	شهرستان گرمسار
Шаҳристони Ардистон	شهرستان اردستان
Шаҳристони Бурxор	شهرستان برخوار
Шаҳристони Фасо	شهرستان فسا
Шаҳристони Табас	شهرستان طبس
Шаҳристони Лолӣ	شهرستان لالی
Шаҳристони Дилфон	شهرستان دلفان
шаҳристони Ҷоҷарм	شهرستان جاجرم
Шаҳристони Хумийнӣшаҳр	شهرستان خمینی‌شهر
Шаҳристони Малойир	شهرستان ملایر
Шаҳристони Кирмон	شهرستان کرمان
Шаҳристони Хуррамбед	شهرستان خرم‌بید
Шаҳристони Қазвин	شهرستان قزوین
Шаҳристони Санандаҷ	شهرستان سنندج
Шаҳристони Каҳнӯҷ	شهرستان کهنوج
Шаҳристони Баҳмаӣ	شهرستان بهمئی
Шаҳристони Гулпоягон	شهرستان گلپایگان
Шаҳристони Боғмалик	شهرستان باغملک
Шаҳристони Садӯқ	شهرستان اشکذر
Шаҳристони Чардовал	شهرستان چرداول
Шаҳристони Қум	شهرستان قم
Шаҳристони Занҷон	شهرستان زنجان
Шаҳристони Толиш	شهرستان تالش
Шаҳристони Робур	شهرستان رابر
Шаҳристони Ҳаштрӯд	شهرستان هشترود
Шаҳристони Шут	شهرستان شوط
Шаҳристони Говбандӣ	شهرستان پارسیان
Шаҳристони Фароҳон	شهرستان فراهان
Шаҳристони Даштиёрӣ	شهرستان دشتیاری
Шаҳристони Хусф	شهرستان خوسف
Шаҳристони Сомон	شهرستان سامان
Шаҳристони Зарқон	شهرستان زرقان
Шаҳристони Фардис	شهرستان فردیس
Шаҳристони Ланде	شهرستان لنده
Брюссел	بروکسل
Сибуя	شیبویا،
Сингава	شیناگاوا،
Ханой	هانوی
Ҳалифакс	هالیفاکس
Утрехт	اوترخت
Боден-Боден	بادن-بادن
Бутруп	بتتروپ
Оташин	تیرا
Бермуда	برمودا
Британия	بریتانیا
Молукка	ملوک
Бисмарк	بیسمارک
Нав	نوایا
Мексика	مکزیکو
Ҷакарта	جاکارتا
Сеул	سئول
Пойгоҳи ҳавоӣ лчфилд	پایگاه هوایی لچفیلد
Сан-Марино	سن مارینو
Кӯҳҳои Карпат	کوه‌های کارپات
Кӯҳҳои	راکی
вилояти Битлис	ولایت بیتلیس
Вилояти Ҳиҷоз	ولایت حجاز
Капускейсинг	کپوسکسینگ
Виндзур	ویندزور
Кил	کیل
Дюсселдорф	دوسلدورف
Афлокнамои Хайём	افلاک‌نمای خیام
Пномпен	پنوم‌پن
Лампсак	لامپساکوس
Искандария	اسکندریه
Сорд	سارد
Клазомен	کلازومن
Милет	ملط
Кима	سایم
Мангалия	منگلیا
Стагир	استاگیرا
Ҳоликорнос	هالیکارناس
Пелла	پلا
Мессина	مسینا
Лорисо	لاریسا
Гринвич	گرینیچ
Сивас	سیواس
Туршез	ترشیز
Иғдир	ایغدیر
Ниғде	نیغده
Ардаҳон	اردهان
Америкаи Ҷанубӣ	آمریکای جنوبی
Кейптаун	کیپ‌تاون
Хайбар Паштунчво	خیبر پختونخوا
Синд	سند
Панҷоб	پنجاب
Мудуҷ	مدج
Абердиншир	ابردین‌شیر
Пикскилл,Ню-Йорк	پیکس کیل، نیویورک
Ватертаун,Ню-Йорк	واترتاون، نیویورک
Ютика,Ню-Йорк	یوتیکا، نیویورک
Шинетади,Ню-Йорк	سکنکتدی، نیویورک
Трай,Ню-Йорк	تروی، نیویورک
Ботовиёо,Ню-Йорк	باتاویا، نیویورک
Рой,Ню-Йорк	نیویورک
Йонкерс	یانکرز
Курнинг,Ню-Йорк	کورنینگ، نیویورک
Конондиагоу,Ню-Йорк	کاناندی گوا، نیویورک
Норвич,Ню-Йорк	نوریچ، نیویورک
Вайт Плейнс	وایت پلاینز،
Буфало,Ню-Йорк	بوفالو، نیویورک
Биакун,Ню-Йорк	بیکون، نیویورک
Динкирк,Ню-Йорк	دانکیرک، نیویورک
Куртленд,Ню-Йорк	کورتلند، نیویورک
Илмиро,Ню-Йорк	المیرا، نیویورک
Аубурн,Ню-Йорк	آبورن، نیویورک
Глин Кав,Ню-Йорк	گلن نیویورک
ЉинивоНю-Йорк	ژنوا، نیویورک
Поугкипси,Ню-Йорк	پوگکیپسی، نیویورک
Шеррил,Ню-Йорк	شریل، نیویورک
Бингњамтон,Ню-Йорк	بینگهمتون، نیویورک
Саратого Спрингз,Ню-Йорк	ساراتوگا اسپرینگز، نیویورک
Саламанко,Ню-Йорк	سالامانکا، نیویورک
Лонг Бич,Ню-Йорк	لانگ بیچ، نیویورک
Ватервлейт,Ню-Йорк	واترویت، نیویورک
Куҳус	کوهس،
Тоновиндо,Ню-Йорк	تاناوندا، نیویورک
ноҳияи Бричан	ناحیه بریسنی
ноҳияи Флорешти	ناحیه فلورشتی
Рспудо	رسپودا
Междуреченское	مژدورچنسکویه
Теберда	تبردا
Шалакуша	شالاکوشا
Самодед	سامودد
Пойгоҳи ҳавоӣ донскуи	پایگاه هوایی دانسکویی
Лотино	لاتینا
Империя	ایمپریا
Ористано	اریستانو
Загреб	زاگرب
Пула	پولا
Сплит	اسپلیت
Супетар	سوپتار
Чокуветс	چاکوتس
Гуспич	گسپیچ
Деҳистони Офтоб	دهستان آفتاب
Деҳистони Баркӯҳ	دهستان برکوه
Деҳистони Сулқон	دهستان سولقان
Деҳистони Халозир	دهستان خلازیر
Деҳистони Сиёҳрӯд	دهستان سیاهرود
деҳистони Пойинҷувайн	دهستان پایین‌جوین
деҳистони Канора	دهستان کناره
деҳистони Чаман	دهستان چمن
Дерма	درما،
Фалмус	فالموت،
Чатам	چتم،
Идинтун	ادنتون،
Смирно	اسمرنا،
Уилтон	ویلتون،
Роксберӣ	راکسبری،
Иёлати Табаско	ایالت تاباسکو
Калифорнияи Поёнии	کالیفرنیا سور
Гуанахуато	گوآناخوآتو
Синалоа	سینالوآ
Тласкала	تلاسکالا
Пуэбла	پوئبلا
Дуранго	دورانگو
Идалго	ایدالگو
Агуаскалентес	آگوئاسکالینتس
Тамаулипас	تامائولیپاس
Сан Луис Потоси	سن لوئیس پوتوسی
Кампече	کامپچه
Колима	کولیما
Керетаро	کرتارو
Мичоакан	میچوآکان
Оахака	اوآخاکا
Наярит	نایاریت
Веракрус	وراکروس
Кинтана Роо	کینتانا رو
Леон	لئون
Иёлати Сонора	ایالت سونورا
Халиско	خالیسکو
Герреро	گوئررو
Коаюила	کواویلا
Чяпас	چیاپاس
Иёлати Чиуауа	ایالت چیواوا
Юкатан	یوکاتان
Иёлати Морелос	ایالت مورلوس
Нюмаркет	نیومارکت
Аланд	الند
Ҳорикон	هوریکون،
Шаҳри қадима	شهر قدیم
Худмухтори Қрим	خودمختار کریمه
Саҳрои Ғарбӣ	صحرای غربی
Мелила	ملیلیه
Кашмир	کشمیر
Халқии Луганск	خلق لوهانسک
ва Сандвичи Ҷанубӣ	و ساندویچ جنوبی
Качин	کاچین
Абхозистон	آبخاز
Қрим	کریمه
Тонби хурд	تنب کوچک
Халқии Донетск	خلق دونتسک
Луганск	لوهانسک
Минтақаи шартномаи	منطقه قطب جنوب
Фурудгоҳи шаҳристон доглос орезуно	فرودگاه شهرستان داگلاس آریزونا
Пойгоҳи ҳавоӣ олмидо	پایگاه هوایی المیدا
Кремли	کرملین
Фурудгоҳи саҳро фидирол муфт	فرودگاه صحرایی فدرال موفت
Пойгоҳи ҳавоии Шимолӣ	پایگاه هوایی شمالی
Дакар	داکار
Августов	اوگوستوو
Онтверп	آنتورپ
Бандар-Сери-Бегаван	بندر سری بگاوان
Гиресун	گره‌سون
Елазиғ	الازیغ
Қиршаҳр	قرشهر
Кишинёв	کیشیناو
Битлис	بتلیس
Синоп	سینوپ
Бингёл	بینگول
Дузҷе	دوزجه
Катманду	کاتماندو
Чорум	چوروم
Байбурт	بایبورت
Арзанҷон	ارزنجان
Испарта	اسپارتا
Ҳебрун	الخلیل
Долони Вахон	دالان واخان
София	صوفیه
Велико Търново	ولیکو ترنوو
Габрово	گابرووو
Димитровград	دیمیتروفگراد،
Ямбол	یامبول
Нэдлак	ندله
Пловдив	پلوودیو
Разград	رازگراد
Проветс	پراودتس
Антил Ҳоланд	آنتیل هلند
Ҳоланд	هلند
Баҳри Каспий	دریای مازندران
Бангола	بنگال
Дӯкнишини Бробонт	دوک‌نشین برابانت
Дӯкнишини Вӯртемберг	دوک‌نشین وورتمبرگ
Флоренсия	فلورانس
Лусака	لوساکا
Домодедово	دوموددوفو
Рамат Ган	رمت گن
Кошон	کاشان
Омск	امسک
Аккра	آکرا
Константса	کونستانس
Банорас	بنارس
Ғазнӣ	غزنی
Иизука	ایزوکا،
Ҷоландҳар	جلندر
Ҳелсинкӣ	هلسینکی
Монпелле	مون‌پلیه
Нобеока	نوبه‌اوکا
Индур	ایندور
Патна	پتنا
Даманҳур	دمنهور
Равалпинди	راولپندی
Кария	کاریا،
Камагая	کاماگایا،
Морӣ	ماری
Тур	تور
Каракас	کاراکاس
Ставропол	استاوروپول
Улан-Удэ	اولان‌اوده
Аизувакаматсу	آیزوواکاماتسو،
Гуанчжоу	گوانگ‌ژو
Виктория	ویکتوریا،
Либревил	لیبرویل
Новосибирск	نووسیبیرسک
Прая	پرایا
Нумеа	نومئا
Шион	شی‌آن
Душанбе	دوشنبه
Сан-Луис	سائو لوئیس،
Палма де Малйорка	پالما د مایورکا
Осло	اسلو
Кингстон	کینگستون
Ободон	آبادان
Метзс	مس،
Патрас	پاتراس
Каменск-Уралский	کامنسک-اورالسکیی
Порт-Саид	پورت‌سعید
Фукая	فوکایا،
Сумқоит	سومقاییت
Куфа	کوفه
Ҳэнанфу	لوئویانگ
Кисловодск	کیسلوفودسک
Агартала	اگرتلا
Аҳвоз	اهواز
Нишитокё	نیشی‌توکیو،
Алъайн	العین
Мултон	مولتان
Миасс	میاس
Коганеи	کوگانی،
Нижневартовск	نیژنوارتوفسک
Маҳаллат-ул-Кубро	محله الکبری
Кодаира	کودائیرا،
Ҳигашиоуми	هیگاشی‌اومی،
Ҳвамбо	هوامبو،
Кавачинагано	کاواچی‌ناگانو
Райпур	رای‌پور
Кусатсу	کوساتسو،
Сринагар	سرینگر
Уҷи	کیوتو
Омул	آمل
Чёфу	چوفو،
Нода	نودا،
Хуҷанд	خجند
Томакомаи	توماکومای،
Омута	اوموتا،
Савҳоҷ	سوهاج
Бобул	بابل
Нуқус	نوکاث
Кашиҳара	کاشیهارا،
Сиёлкут	سیالکوت،
Кирю	کیریو،
Санъо	صنعا
Парамарибо	پاراماریبو
Ғазза	غزه
Коуносу	کوئون‌اوسو
Сабзавор	سبزوار
Бердск	بردسک
Сакадо	ساکادو،
Казо	کازو،
Лозиқия	لاذقیه
Белгород	بلگورود
Белфаст	بلفاست
Галатс	گالاتسی
Ҳофу	هوفو،
Чикушино	چیکوشینو،
Лагос	لاگوس
Ҳирот	هرات
Нишопур	نیشابور
Самсун	سامسون
Монровия	مونروویا
Барнаул	بارنائول
Аммон	امان
Черкесск	چرکسک
Манаус	مانائوس
Ёнаго	یوناگو،
Жуан-Песоа	ژوآو پسوآ،
Қуния	قونیه
Ботошани	بوتوشن
Абиджан	آبیجان
Бин	بین
Блэр	بلر
Кострома	کوستروما
Воронеж	وورونژ
Митака	میتاکا،
Ҳирошима	هیروشیما
Орехово-Зуево	اورخوفو-زویفو
Гангток	گنگتوک
Аҳмадобод	احمدآباد
Братислава	براتیسلاوا
Иваново	ایوانوفو
Оренбург	اورنبورگ
Химки	خیمکی
Набатия	نبطیه،
Куширо	کوشیرو،
Шубро-ал-Хайма	شبر الخیمه
Калгари	کالگری
Адана	آدانا
Диёрбакр	دیاربکر
Шитсзячжуан	شیجیاژوانگ
Рашт	رشت
Мангалур	منگلور
Исе	ایسه،
Кафр-аш-Шайх	کفر الشیخ
Муром	موروم
Агео	آگه‌ئو،
Мапуту	ماپوتو
Киркук	کرکوک
Ебетсу	ابتسو،
Деҳродун	دهرادون
Такаока	تاکائوکا،
Абико	آبیکو،
Ҳигашикуруме	هیگاشی‌کورومه،
Ячиё	چیبا
Маругаме	ماروگامه،
Исеҳара	ایسه‌هارا
Урганҷ	گرگانج
Асака	آساکا،
Яизу	یایزو،
Имабари	ایماباری،
Тода	تودا،
Инзаи	اینزای،
Нииза	نی‌ایزا،
Қоимшаҳр	قائم‌شهر
Нис	نیس
Новокуйбишевск	نووکویبیشفسک
Арок	اراک
Танто	طنطا
Ояма	اویاما،
Асют	اسیوط
Байда	بیضا
Ичиносеки	ایچینوسکی،
Фасо	فسا
Ятсуширо	یاتسوشیرو،
Ҳайдаробод	حیدرآباد
Нефтеюганск	نفتیوگانسک
Ҷиззах	جیزک
Пуэрто-Кабелло	پورتو کابلو
Хубар	خبر
Идлиб	ادلب
Гунбади Ковӯс	گنبد کاووس
Бурӯҷирд	بروجرد
Таҷими	تاجیمی،
Пероншаҳр	پیرانشهر
Порту-Велю	پورتو
Гродно	گرودنو
Ка Мау	کا مائو
Семипалатинск	سمی
Любляна	لیوبلیانا
Абуҷа	آبوجا
Волгоград	ولگاگراد
Вротслав	وروتسواف
Череповетс	چرپووتس
Батеми	باتومی
Совт-ҳемптун	ساوت‌همپتون
Агуаскалентес	آگوئاسکالینتس
Ал-Файюм	فیوم
Масеру	ماسرو
Мерсин	مرسین
Касуга	کاسوگا،
Бӣрҷанд	بیرجند
Ичиҳара	ایچیهارا،
Новокузнетск	نووکوزنتسک
Қаршӣ	نخشب
Койфенг	کایفنگ
Танҷа	طنجه
Бӯкон	بوکان
Дайто	دایتو،
Байрут	بیروت
Ҷуния	جونیه
Бурсо	بورسا
Владивосток	ولادی‌وستوک
Астрахан	آستراخان
Тирмиз	ترمذ
Биҳбаҳон	بهبهان
Урумия	ارومیه
Изуми	ایزومی،
Боа-Виста	بوآ ویستا،
Соликамск	سولیکامسک
Неапол	ناپل
Тегусигалпа	تگوسیگالپا
Вадодара	وادودارا
Мавсил	موصل
Триест	تریسته
Исломобод	اسلام‌آباد
Рабат	رباط
Манчестер	منچستر
Наҷаф	نجف
Вологда	وولوگدا
Сантяго	سانتیاگو
Дубай	دبی
Орск	اورسک
Замор	ذمار
Аврангобод	اورنگ‌آباد
Никосия	نیکوزیا
Марғилон,	مرغیلان
Рай	ری
Каратсу	کاراتسو
Қизилӯрда	قیزیل‌اوردا
Ҳакусан	هاکوسان،
Нагареяма	ناگاریاما،
Нииҳама	نی‌ایهاما،
Ашикага	آشیکاگا،
Олмалиқ	آلمالیق،
Аҳар	اهر
Элом	ایلام
Кадома	کادوما،
Гуаякил	گوایاکیول
Ижевск	ایژوسک
Валпараисо	والپارایزو
Бая-Маре	بایا ماره
Хуй	خوی
Саиҷо	سایجو،
Шоҳиншаҳр	شاهین‌شهر
Владиқафқоз	ولادی‌قفقاز
Ҳасака	حسکه
Сан-Салвадор	سان سالوادور
Морони	مورونی
Ван	وان
Ҳатсукаичи	هاتسوکاایچی،
Нюрнберг	نورنبرگ
Дортмунд	دورتموند
Луанда	لوآندا
Страсбург	استراسبورگ
Мидлсбро	میدلزبورو
Асвон	اسوان
Жешув	ژشوف
Браззавил	برازاویل
Вуҳон	ووهان
Дрезден	درسدن
Шимла	شیملا
Рязан	ریازان
Уфа	اوفا
Шанлиурфа	شانلی‌اورفه
Серпухов	سرپوخوف
Иназава	اینازاوا،
Сомарро	سامرا
Марокаш	مراکش
Бам	بم
Даммом	دمام
Тиргу-Муреш	ترگو مورش
Мазори Шариф	مزار شریف
Аракажу	آراکاخو
Обиҳиро	اوبیهیرو،
Рибинск	ریبینسک
Точиги	توچیگی
Сузука	سوزوکا،
Лашкаргоҳ	لشکرگاه
Анҷо	آنجو،
Нарита	ناریتا،
Алҷазира	الجزیره
Благовешенск	بلاگووشچنسک
Кунминг	کون‌مینگ
Ниигата	نیگاتا
Китакюшу	کیتاکیوشو،
Хумийнӣшаҳр	خمینی‌شهر
Мудено	مودنا
Токаи	توکای،
Масҷиди Сулаймон	مسجدسلیمان
Тсучиура	تسوچی‌اورا
Вйентян	وینتیان
Шри-Ҷаяварденепура-Котте	سری جایاواردنپورا کوته
Лоҳур	لاهور
Коломбо	کلمبو
Лакхнау	لکھنو
Риботкарим	رباط‌کریم
Манисо	مانیسا
Макапа	ماکاپا
Мусашино	موساشینو،
Уралск	اورال،
Кауаниши	کاوانیشی،
Брашов	براشوف
Барселона	بارسلونا،
Риу-Бранку	ریو برانکو
Эза	ایذه
Язд	یزد
Оденсе	ادنسه
Блумфонтейн	بلومفونتن
Ҳилла	حله
Какамигаҳара	کاکامیگاهارا،
Гранада	گرانادا
Турбатиҷом	تربت جام
Тондабаяши	توندابایاشی،
Тсуяма	تسویاما،
Убе	اوبه،
Самова	سماوه
Ҳитачинака	هیتاچیناکا،
Нам Дин	نام دین
Рейкявик	ریکیاویک
Лейпзиг	لایپزیگ
Палермо	پالرمو
Ҳамадон	همدان
Турин	تورین
Фритаун	فری‌تاون
Икома	ایکوما،
Кирмон	کرمان
Каменетс-Подолский	کامیانتس-پودیلسکیی
Нишио	نیشیو،
Отару	اوتارو،
Ториде	توریده،
Саратов	ساراتوف
Екатеринбург	یکاترینبورگ
Асмэра	اسمره
Бҳопал	بهوپال
Дашогуз	داش‌اغوز
Ҷидда	جده
Исфаҳон	اصفهان
Каспийск	کاسپییسک
Тирана	تیرانا
Дизфӯл	دزفول
Ҳино	هینو،
Беппу	بپو،
Лилонгве	لیلونگوه
Владимир	ولادیمیر
Пули Хумри	پلخمری
Туркманобод	ترکمن‌آباد
Санкт-Петербург	سن پترزبورگ
Берген	برگن
Қунайтира	قنیطره
Ал-Кувейт	کویت‌شهر
Сайдо	صیدا
Норилск	نوریلسک
Толятти	تولیاتی
Маревон	مریوان
Ҷаҳрум	جهرم
Дайр-уз-Завр	دیرالزور
Баринас	باریناس،
Архангелск	آرخانگلسک
Нҷамена	انجامنا
Идфу	ادفو
Фуҷиеда	فوجی‌ئدا
Ямагучи	یاماگوچی
Кумосӣ	گوماسی
Брауншвейг	براونشوایگ
Малабо	مالابو
Камишин	کامیشین
Бағдод	بغداد
Гандинагар	گاندی‌نگر
Мирзопур	میرزاپور
Вилнюс	ویلنیوس
Самара	سامارا
Люксембург	لوکزامبورگ
Пешовар	پیشاور
Сакаи	ساکایی
Ебина	ابینا،
Братск	براتسک
Шунан	شونان،
Санандаҷ	سنندج
Токушима	توکوشیما
Шибирғон	شبرغان
Кокубунҷи	کوکوبونجی،
Чикусеи	چیکوسی،
Гватемала	گواتمالاسیتی
Перт	پرث
ал-Ҷубайл	الجبیل
Изумо	ایزومو
Дунедин	دنیدن
Серҷон	سیرجان
Амдурмон	ام درمان
Урума	اوروما،
Санда	ساندا،
Габороне	گابورون
Бриҷтаун	بریج‌تاون
Қайсария	قیصریه
ал-Уқсур	اقصر
Бакэу	بکو
Абакан	آباکان
Аделаида	آدلاید
Эрзурум	ارزروم
Баликесир	بالیکسیر
Диспур	دیسپور
Гомел	گومل
Бисау	بیسائو
Анталя	آنتالیا
Руон	روان
Ҳаргейса	هرجیسا
Новочебоксарск	نووچبوکسارسک
Ҳалаб	حلب
Кампала	کامپالا
Грозний	گروزنی
Венетсия	ونیز
Сорӣ	ساری
Брэила	برئیلا
Гренобл	گرونوبل
Стокҳолм	استکهلم
Фучу, Токио	فوچو، توکیو
Шаҳрикурд	شهرکرد
Сиктивкар	سیکتیوکار
Сан-Хосе	سان خوزه
Натал	ناتال
Ҷуба	جوبا
Порту-Алегре	پورتو الگره
Буҷумбура	بوجومبورا
Ҷорҷтаун	تاون
Тел-Авив	تل‌آویو
Уагадугу	اوآگادوگو
Кирмоншоҳ	کرمانشاه
Тсу	تسو،
Антананариву	آنتاناناریوو
Самарқанд	سمرقند
Ёсӯҷ	یاسوج
Гдиня	گدنیا
Оме	اومه،
Бидгошч	بیدگوشچ
Махачкала	مخاچ‌قلعه
Зоҳидон	زاهدان
Окаяма	اوکایاما
Претория	پرتوریا
Симнон	سمنان
Булун-Бийонкур	بولوین-بیانکور
Ҳамо	حمات
Торун	ترونی
Тама	تاما،
Ранчи	رانچی
Петрополис	پتروپولیس،
Димишқ	دمشق
Ал-Исмоилия	اسماعیلیه
Китами	کیتامی،
Басра	بصره
Ҳигашимураяма	هیگاشی‌مورایاما،
Қандаҳор	قندهار
Буҷнӯрд	بجنورد
Витебск	ویتبسک
Шёлково	شچیولکوفو
Сату-Маре	ستو ماره
Насушиобара	ناسوشیوبارا،
Фуҷими	فوجیمی،
Кани	کانی،
Киришима	کیریشیما،
Қарағандӣ	قراغندی
Ивата	ایواتا،
Шӯштар	شوشتر
Ономичи	اونومیچی،
Фарғона	فرغانه
Аҷмон	عجمان
Ҳитачи	هیتاچی،
Исаҳая	ایساهایا،
Исломшаҳр	اسلام‌شهر
Чирчиқ	چیرچیق،
Уеда	اوئدا،
Магнитогорск	ماگنیتوگورسک
Ал-Минё	منیا
Огаки	اوگاکی،
Тоёкава	تویوکاوا،
Миноҳ	مینو،
Биҷапур	بیجاپور
Ковнос	کاوناس
Озаску	اوزاسکو
Дили	دیلی
Чернивтси	چرنیوتسی
Одинтсово	اودینتسوفو
Матсудо	ماتسودو،
Изумисано	ایزومی‌سانو
Бурду	بوردو
Манагуа	ماناگوآ
Додома	دودوما
Ливорно	لیورنو
Флорианополис	فلوریانوپلیس
Хасавюрт	خاسافیورت
Қазон	قازان
Безансон	بزانسون
Амйен	امیان
Наҷафобод	نجف‌آباد
Бандар-Аббос	بندرعباس
Генуя	جنوا
Перм	پرم
Королёв	کورولیوف
Порт-о-Пренс	پورتو پرنس
Носирия	ناصریه
Копейск	کوپیسک
Думёт	دمیاط
Маскав	مسکو
Батайск	باتایسک
Ишиномаки	ایشینوماکی،
Бҳилой	بالای
Невинномисск	نوینومیسک
Тлакепаке	تلاکوپاکو
Намангон	نمنگان
Гуҷранвала	گوجرانواله
Туркистон	ترکستان،
Фуҷиномия	فوجی‌نومیا
Оноҷо	اونوجو،
Ангрен	آنگرن،
Масқат	مسقط
Пенза	پنزا
Манама	منامه
Ҳабикино	هابی‌کینو
Икеда	ایکه‌دا
Гуантанамо	گوانتانامو
Нассау	ناسائو
Куритиба	کوریتیبا
Уляновск	اولیانوفسک
Шаҳризо	شهرضا
Тамбов	تامبوف
Абердин	ابردین
Зама	زاما،
Глосгу	گلاسگو
Истанбул	استانبول
Аллоҳобод	الله‌آباد
Найроби	نایروبی
Терезина	ترسینا
Курск	کورسک
Веллингтон	ولینگتون
Бенғази	بنغازی
Питешти	پیتشت
Рио-де-Жанейро	ریو د ژانیرو
Милан	میلان
Витория	ویتوریا،
Кампу-Гранде	کامپوگرانده
Бхубанешвар	بوبانسور
Гургон	گرگان
Северск	سورسک
Карбало	کربلا
Ал-Мансура	منصوره
Барановичи	براناویچی
Ивано-Франковск	ایوانو-فرانکیفسک
Плоешти	پلویشت
Сзинин	جینینگ
Раққа	رقه
Дурӯд	دورود
Палмас	پالماس
Қазвин	قزوین
Турбатиҳайдария	تربت حیدریه
Клайпеда	کلایپدا
Андиҷон	اندیجان
Шаҳрисабз	شهرسبز
Саката	ساکاتا،
Ирума	ایروما،
Ломе	لومه
Сано	سانو،
Малойир	ملایر
Кога	کوگا،
Саяма	سایاما،
Навои, Узбакистон	نوایی، ازبکستان
Каноя	کانویا،
Хартум	خارطوم
Красноярск	کراسنویارسک
Киров	کیروف
Ливерпул	لیورپول
Куки	کوکی،
Кёлн	کلن
Кобул	کابل
Ҳорбин	هاربین
Трабзон	طرابزون
Обнинск	اوبنینسک
Подолск	پودولسک
Тула	تولا
Риҳ	ریه
Винтертур	ونترتور
Сибиу	سیبیو
Тривондрум	تریواندروم
Донг Хой	دونگ هوی
Бари	باری
Ганҷа	گنجه
Қаҳрамонмаръаш	قهرمان‌مرعش
Доминго	دومینگو
Нейпйидо	نایپیداو
Ғозиайнтоб	غازی عینتاب
Ивакуни	ایواکونی،
Ахмим	اخمیم
Тоиф	طائف
Кано	کانو،
Сизран	سیزران
Панама	پاناماسیتی
Тунис	تونس
Нант	نانت
Ҳунулулу	هونولولو
Гданск	گدانسک
Лима	لیما
Таробулус-ал-Ғарб	طرابلس
Гвадалаҳара	گوادالاخارا،
Арад	آراد
Сергиев Посад	سرگییف پوساد
Комаки	کوماکی،
Дарҷилинг	دارجلینگ
Даръо	درعا
Бенгуэла	بنگوئلا،
Калуга	کالوگا
Нуакшот	نوآکشوت
Бухоро	بخارا
Бузэу	بوزائو
Тартус	طرطوس
Саққиз	سقز
Хуррамобод	خرم‌آباد
Андемишк	اندیمشک
Аз-Зақозиқ	زقازیق
Нагаҳама	ناگاهاما،
Бӯшиҳр	بوشهر
Ҳомс	حمص
Ҷалолобод	جلال‌آباد
Куяба	کویابا
Денизли	دنیزلی
Дарбанд	دربند
Сабҳа	سبها
Итами	ایتامی،
Кувана	کووانا،
Моригучӣ	موریگوچی،
Сето	ستو،
Матсубара	ماتسوبارا،
Тсуруока	تسورواوکا،
Мияконоҷо	میاکونوجو،
Толдиқӯрғон	تالدیقورغان،
Флоренсия	فلورانس
Банги	بانگوئی
Кадапа	کاداپا
Орадя	اورادئا
Имфал	ایمفال
Сан-Паулу	سائوپائولو
Ҳараре	هراره
Занзибар	زنگبار
Тавой	داوی
Кошмар	کاشمر
Акнисте	آکنیسته
Балдоне	بالدون
Алоя	آلویا،
Аутсе	اوکه
Апе	آپه،
Яунелгава	یاونیلگاوا
Айнажӣ	آیناژی
Олайне	اولاین
Сесвайне	سسواین
Лудза	لودزا
Кулдига	کولدیگا
Айзпуте	آیزپوته
Айзкраукле	آیزکراوکل
Халқи Чин	خلق چین
Абхозистон	آبخاز
Ҷумҳурии Қарабоғи	جمهوری آرتساخ
Тотористон	تاتارستان
Иморати Исломии Афғонистон	امارت اسلامی افغانستان
Демократии Гурҷистон	دموکراتیک گرجستان
Туркия	ترکیه
Пинён	پینیان
Меҳрон	مهران،
Бахши Лоҳур	بخش لاهور
Бонҷул	بانجول
Панҷоб	پنجاب
Қафқозӣ	قفقاز
Мешон	میشان
Абаршаҳр	ابرشهر
Ошӯристон	آشورستان
Порс	پارس
Арманистони Сосонӣ	ارمنستان ایران
Кушоншаҳр	کوشانشهر
Гиркания	جرجان
Ахсикат	اخسیکت
Марв	مرو
Геркуланум	هرکولانیوم
Антокия	انطاکیه
Хонболиқ	خان بالق
Селевкия	سلوکیه
Баълабак	بعلبک
Ангкор	آنگکور
Искандарияи Қафқоз	اسکندریه قفقاز
Қодисия	قادسیه
Рейшаҳр	ری‌شهر
Шӯш	شوش
Ниқея	نیکائه
Посоргод	پاسارگاد
Абивард	ابیورد
Фороб	فاراب
Гундишопур	جندی شاپور
Шодиёх	شادیاخ
Акад	اکد
Истахр	اصطخر
Нисо	نسا
Бэиле-Херкулане	بیله هرکولانه
Байканд	بایکند
Чампасак	چامپاساک
Секонг	سکونگ
Вилояти Болиxан	استان
Аттапу	آتاپیو
Лоуангпабанг	لوآنگ پرابانگ
Саигнабоули	ساینیابولی
Хаммоуан	خاموان
Виентиан	وینتیان
Понгсали	فونگسالی
Салаван	سالاوان
Сиангxоанг	استان شیانگخوانگ
Вилояти Ҳоуапан	هوافان
Оудомсаи	اودومشای
Бокео	بوکیو
Саваннаxет	ساوان‌ناکت
Лоунг Намта	لوآنگ نامتا
Мадина	مدینه
Макка	مکه
Қасим	قصیم
устони Шарқӣ	استان شرقی
Вилояти Самангон	ولایت سمنگان
Вилояти Кундӯз	ولایت کندوز
Вилояти Фориёб	ولایت فاریاب
Вилояти Ҳирот	ولایت هرات
Вилояти Лағмон	ولایت لغمان
Вилояти Нуристон	ولایت نورستان
Дойкундӣ	دایکندی
Вилояти Урӯзгон	ولایت اروزگان
Вилояти Зобул	ولایت زابل
Вилояти Фароҳ	ولایت فراه
Вилояти Бомиён	ولایت بامیان
вилояти Пактико	ولایت پکتیکا
вилояти Хуст	ولایت خوست
Вилояти Ҳелманд	ولایت هلمند
Вилояти Лӯгар	ولایت لوگر
вилояти Панҷшер	ولایت پنجشیر
Вилояти Парвон	ولایت پروان
Вилояти Бодғис	ولایت بادغیس
Вилояти Сарипул	ولایت سرپل
Вилояти Кунар	ولایت کنر
вилояти Бадахшон	ولایت بدخشان
вилояти Бағлон	ولایت بغلان
Вилояти Ғур	ولایت غور
Вилояти Нимрӯз	ولایت نیمروز
вилояти Нангарҳор	ولایت ننگرهار
Вилояти Кописо	ولایت کاپیسا
Вилояти Ҷӯзҷон	ولایت جوزجان
Вилояти Тахор	ولایت تخار
вилояти Балх	ولایت بلخ
Вилояти Вардак	ولایت وردک
Вилояти Кобул	ولایت کابل
вилояти Ғазнӣ	ولایت غزنی
Илфов	ایلفوو
Пойгоҳи ҳавоӣ фритзлор	پایگاه هوایی فریتزلار
Пойгоҳи ҳавоӣ олтнштот	پایگاه هوایی آلتنشتات
Пойгоҳи ҳавоии Фассберг	پایگاه هوایی فاسبرگ
Пойгоҳи ҳавоӣ ройн	پایگاه هوایی راین
Пойгоҳи ҳавоӣ букбрг	پایگاه هوایی بوکبرگ
Пойгоҳи ҳавоӣ слҳ	پایگاه هوایی سله
Пойгоҳи ҳавоии Рот	پایگاه هوایی روث
Билак ревир	بلک ریور
Табор	تابور
Хомутов	خموتو
Тршебич	ترژبیچ
Яблонетс	یابلنتس
Трутнов	تروتنو
Нови-Йичин	نوی ییچین
Млада-Болеслав	ملادا بلسلاو
Пршибрам	پرژیبرام
Шумперк	شومپرک
Карвина	کاروینا
Катловӣ	کلاتوی
Мелник	ملنیک
Млада Вожиче	ملادا ووژیتسه
Теплитсе	تپلیتسه
Бенешов	بنشوو
Франтишкови-Лазне	فرانتیشکووی لازنی
Соколов	سکلو
Годонин	هدنین
Крнов	کرنو
Уҳерски-Брод	اوهرسکی برود
Мост	موست
Фулнек	فولنک
Страконитсе	ستراکنیتسه
Опава	اوپاوا
Всетин	وستین
Пршибислав	پریبیسلاو
Дечин	دییچین
Раковник	راکوونیک
Гран-Чако	گرن چاکو
Арафот	عرفات
Бетпак-Дала	بدبخت‌دالا
Эмилиё-Румонё	امیلیا-رومانیا
Калабрия	کالابریا
Лумбордӣ	لمباردی
Тусконӣ	توسکانی
Латсио	لاتزیو
Апулия	آپولیا
Абрутси	ابروتزو
Базиликата	باسیلیکاتا
Лигуриё	لیگوریا
Мартиники	مارتینیک
Гваделупа	گوادلوپ
Сурияи усмонӣ	سوریه عثمانی
Куфраҳ	کفره
Яфран	یفرن
Сурт	سرت
Чжеҷиан	چجیانگ
Гуйчжоу	گوئیژو
Қингҳай	چینگهای
Шаанси	شاآنشی
Ҳебей	هبئی
Гансу	گانسو
Шанси	شانشی
Анҳуй	آن‌هوئی
Ҷиангсӣ	جیانگشی
Лиаонин	لیائونینگ
Ҷилин	جی‌لین
Хэйлунҷиан	هیلونگ‌جیانگ
Фуҷиан	فوجیان
Гуандун	گوانگ‌دونگ
Йуннан	یون‌نان
Ҷиянгсу	جیانگسو
Шандун	شاندونگ
Ҳунан	هونان
Ҳубей	هوبئی
Ҳэнан	هنان
Сичуан	سیچوآن
Балкан	بالکان
Андалус	اندلس
Порт	پارت
Ҳалкидикӣ	خالکیدیکه
Юнони Қадим	یونان باستان
Осиёи Хурд	آسیای صغیر
Итолиёи Румӣ	ایتالیا رومی
Тирол	تیرول
Оулис	آئولیس
Истравшан	اسروشنه
Гузгон	گوزگان
Вюртемберг	وورتمبرگ
Бохтар	باختر
Шервон	شیروان
Гандора	گنداره
Байҳақ	بیهق
Наҷд	نجد
Ҷибол	جبال
Голисиё	گالیسیا
Босния	بوسنی
Утик	اوتیک
Хуросон	خراسان
Қубодиён	قبادیان
Мисри Бостон	مصر باستان
Бадахшон	بدخشان
Утриши	نیدراسترایش
Бангола	بنگال
Чағониён	چغانیان
Шоҳзоданишини Хуттал	شاهزاده‌نشین ختل
Галлия	گل
Мовароуннаҳр	فرارود
Аттика	آتیک
Аррон	اران
Видземе	ویدزمه
Туркистони Шарқӣ	ترکستان شرقی
устони Сорогусо	استان ساراگوسا
Бискай	بیسکای
Трутҳ	تروته
Челябинск	چلیابینسک
Гояния	گویانیا
Кавасаки	کاواساکی،
Ростови лаби Дон	روستوف-نا-دونو
Монтевидео	مونته‌ویدئو
Ресифи	ریسیف
Филаделфия	فیلادلفیا
Кито	کیتو
Яунде	یائونده
Анкара	آنکارا
Шероз	شیراز
Бусон	بوسان
Караҷ	کرج
Боку	باکو
Кувета	کویته
Қум	قم
Форталеза	فورتالزا
Читтогунг	چیتاگونگ
Машҳад	مشهد
Масейо	ماسیو
Измир	ازمیر
Белу-Оризонти	بلو هوریزونته
Ёкоҳама	یوکوهاما
Доҳа	دوحه
Лвив	لووف
Могадишо	موگادیشو
Риёз	ریاض
Табрез	تبریز
Амударё	آمودریا
Аморати Бухоро	امارت بخارا
Тунис Фаронса	تونس فرانسه
Богемия ва Моравия	بوهم و موراویا
Сурх	سرخ
Сибири Шарқӣ	سیبری شرقی
Кар	کارا
Ҷануби Хитой	جنوبی چین
Азов	آزوف
Зард	زرد
Уқёнуси Ҳинд	اقیانوس هند
Араб	عرب
Беринг	برینگ
Форс	فارس
Кариб	کارائیب
Баҳри Эгей	دریای اژه
Уқёнуси Ором	اقیانوس آرام
Баффин	بافین
Арафур	آرافورا
Баренсево	بارنتز
Норвегия	نروژ
Гренланд	گرینلند
Баҳри Миёназамин	دریای مدیترانه
Адриатикӣ	آدریاتیک
манш	مانش
Дукнишини бузурги Финландия	دوک‌نشین بزرگ فنلاند
Алеут	الوشن
Сиёҳ	سیاه
Окнеле-Мари	اوکنله مر
Сирет	سیره
Бабадаг	ببدر
Хиршова	هرشوا
Негрешти-Оаш	نگرشتی-اوآش
Дрэгэнешти-Олт	درگنشت-اول
Бэлан	به‌له
Миовени	میوه
Мизил	میزیل
Комэнешти	کومانشت
Чеху-Силванией	سیلوانیه
Копша-Микэ	کوپشا میکا
Бэиле-Олэнешти	بیله اولانشت
Пятра-Олт	پیاترا اول
Окна-Сибиулуй	اوکنا سیبیلو
Урикани	اوریکن
Беклян	بکلئه
Абруд	ابرو
Штей	شته
Исакча	ایساکچه
Хирлэу	هرلئو
Бэиле-Говора	بیله گوورا
Бая-де-Арамэ	بیه ده ارم
Влэхитса	ولاهیتس
Бухуши	بوهوش
Текиргёл	تکیرگیول
Нэводари	نوودر
Молдова-Ноуэ	مولدوا نوئه
Ынсуратсей	اینسوهتسی
Куҷир	کوجی
Синниколау-Маре	سننیکولئو مره
Стрехая	سترهیا
Одобешти	اودوبش
Думбрэвени	دومبروه
Кавник	کوونیک
Тэлмачиу	تلمچی
Вишеу-де-Сус	وشئو ده سوس
Хатсег	هتسه
Окна-Муреш	اوکنه مورش
Йернут	یرنو
Анина	انینا
Борсек	بورسه
Сеини	سئی
Тсиклени	سیکلن
Отселу-Рошу	اوتسلو روشو
Зэрнешти	زرنشت
Сегарча	سگارچه
Себиш	سبیش
Бокша	بوکشه
Нехою	نهوی
Гэешти	گائشت
Тиргу-Лэпуш	ترگو لپو
Златна	زلاتنا
Пучиоаса	پوچوآسا
Филиаши	فیلیش
Балш	بلش
Тиргу-Нямтс	ترگو نئم
Бряза	برئزه
Чиснэдие	چیسنادیه
Сулина	سولینا
Слэник	سلانی
Симерия	سیمریا
Мэчин	مچین
Бумбешти-Жиу	بومش-ژیو
Фэурей	فاوره
Кишинеу-Криш	کیشینئو-کری
Совата	سوت
Болдешти-Скэени	بولدشت-سکئه
Хуедин	هوئدی
Фиени	فیه
Инеу	اینئو
Костешти	کوستش
Фундуля	فوندوله
Ефорие	افوریه
Борша	بورشه
Аниноаса	انینوآزا
Липова	لیپوه،
Погоанеле	پوگانل
Ковасна	کووزه
Кэлан	کلن
Вэлений-де-Мунте	ولنی ده مونته
Авриг	اوری
Винжу-Маре	ونجو مره
Михэйлешти	میهایلشت
Тиргу-Кэрбунешти	ترگو کربونشت
Синая	سینایا
Пинкота	پنکوتا
Ынтросура-Бузэулуй	اینتورسورا بوزئولو
Слэник-Молдова	سلانیک مولدووا
Будешти	بودش
Титу	تیتو
Валя-луй-Михай	وله لویی میهی
Петрила	پتریلا
Тиргу-Бужор	ترگو بوژور
Новачи	نوا
Овидиу	اویدو
Нучет	نوچه
Кристуру-Секуеск	کریستورو سکوئیسک
Ровинари	رووینر
Ҷеоаҷу	جئوآجیو
Вашкэу	وشکو
Рупя	روپه
Дета	دتا
Ришнов	رشنو
Янка	ینکه
Жимболия	جیمبولیا
Сэвени	سوه
Жибоу	ژیبو
Бая-Сприе	بیه سپیره
Кимпени	کمپه
Куртичи	کورتیچ
Хорезу	هورزو
Чернавода	چرنودا
Корабия	کوربیا
Тисмана	تیسمانا
Агнита	اگنیت
Плопени	پلوپن
Тиргу-Окна	ترگو اوکنا
Виделе	ویدله
Скорничешти	سکورنیچشت
Тополовени	توپولوون
Лехлиу-Гарэ	لهلی گره
Урлатси	اورلتس
Берешти	برشت
Дарабани	دربن
Синҷеорз-Бэй	سنجئورز-بیه
Виктория	ویکتوریا
Дэрмэнешти	دارمانشت
Лудуш	لودو
Бэйкой	بیکوی
Оравитса	اورویتسا
Азуга	ازوگا
Биказ	بیکاز
Предял	پردا
Тиргу-Фрумос	ترگو فروموش
Негрешти	نگرشت
Солка	سولکا
Комарник	کومرنی
Гура-Хуморулуй	گورا هومورول
Алешд	الشد
Бараолт	برئول
Болинтин-Вале	بولینتین-وله
Тэшнад	تشه
Паничиу	پنچی
Отопени	اوتوپه
Шимлеу-Силванией	شیملئو سیلوانیه
Вилояти Ғарм	ولایت غرم
Ҳомилтун	همیلتون
Шоҳимардон	شاه مردان
Сӯх	ساخ
Адигейҳо	آدیغیه
Хайбер	خیبر،
Вазиристони Ҷанубӣ	وزیرستان جنوبی
Баҷаур	باجور،
Куррам	کورم،
Моҳманд	مهمند،
Оракзай	اورکزی،
Вазиристони Шимолӣ	وزیرستان شمالی
Вазиристони Шимолӣ	وزیرستان شمالی
Вазиристони Шимолӣ	وزیرستان شمالی
Вазиристони Шимолӣ	وزیرستان شمالی
Вазиристони Шимолӣ	وزیرستان شمالی
Вазиристони Шимолӣ	وزیرستان شمالی
Вазиристони Шимолӣ	وزیرستان شمالی
Вазиристони Шимолӣ	وزیرستان شمالی
Вазиристони Шимолӣ	وزیرستان شمالی
Хоккайдо	هوکایدو
Чин	چین
Ракхайн	راخین
Академияи Нерӯҳои ИМА	آکادمی نیروی هوایی متحده
Ормунк	آرمونک،
Сатленд	سوتلندسیلور،
Стэнфорд	استنفورد،
Гисҳӯбл	گایس‌هوبل
Лахденпохя	لاخدنپوخیا
Фурудгоҳи громув	فرودگاه گراموو
Каменногорск	کامنوگورسک
Сортавала	سورتاوالا
Приозерск	پریوزرسک
Регистон	ریگستان
Теҳрон	تهران
Маланже	مالانژه،
Ҳарғита	هارگیتا
Салаж	سلاژ
Вранчеа	ورانچا
Биҳор	بیهور
Муреш	مورش
Аргеш	ارجش
Сучеава	سوچاوا
Бузау	بوزائو
Арад	آراد
Брашов	براشوو
Караш-Северин	کاراش-سورین
Валчеа	ولوچا
Бакау	باکائو
Телеорман	تلئورمان
Олт	اولت
Галатс	گالاتسی
Горж	گورژ
Браӣла	برئیلا
Ковасна	کوواسنا
Дамбовитса	دمبوویتسا
Алба	آلبا
Долж	دولژ
Неамтс	نامس
Вилояти Васлуи	وزلو
Меҳединтс	مهدینتسی
Ботошан	بوتوشانی
Праҳова	پراهووا
Ҳунадуара	هوندوارا
Клуж	کلوژ
Марамуреш	مارامورش
Константса	کونستانسا
Яломитса	ایالومیتسا
Калараш	کالارشی
Сибию	سیبیو
Яш	ایاشی
Бистритса-Насауд	بیستریتسا-نسئود
Сату Маре	ساتو ماره
Ҷюрҷю	جورجی
Тулчеа	تولچا
Фурудгоҳи бин‌алмилалӣ рею дужониру голиоеҳв	فرودگاه بین‌المللی ریو دوژانیرو گالیائو
Фурудгоҳи гурба‌ший	فرودگاه گریه‌شیم
Порто-Ново	پورتو نووو
Баракат	برکت
Грязи	گریازی
Қалъаи Огра	قلعه آگره
Қалъаи Лоҳур	قلعه لاهور
Габон	گابن
Фаронса	فرانسه
давлатии табии «Зоркӯл»	زارکول
Бешаи палангон	بیشه پلنگان
Даштиҷум	دشت جوم
Бодхез	حفاظت‌شده دولتی بادخیز
Албания	آلبانی
Укройн	اوکراین
Хорватия	کرواسی
Украина	سوسیالیستی اوکراین
Булғористон	بلغارستان
Олмон	آلمان
Карло	کارلو
Лоуз	لوث
Корк	کورک
Вестмийт	وست میث
Офали	افلی
Лийш	لیش
Мейо	مایو
Уотерфорд	واترفورد
Донегол	دانیگول
Викло	ویکلو
Уексфорд	وکسفورد
Моноған	مانهن
Голуэй	گالوی
Слиго	اسلایگو
Лийтрим	لیتریم
Типперейри	تیپراری
Роскоммон	رسکومون
Килдея	کیلدر
Меат	میث
Каван	کاوان
Дублин	دوبلین
Килкени	کیلکنی
Лимерик	لیمریک
Кери	کری
Клер	کلر
Лонгфорд	لانگفورد
Рифенсберг	رایفنسبرگ
Дорен	دورن
Ҳиттизау	هیتیسو
Лорюнс	لورونس
Дамюлс	دامولس
Далас	دالاس
Иннербратс	اینربراتس
Раггал	راگال
Гашурн	گاشورن
Варт	وارت
Ҳёхст	هوخست،
Ланген-бай-Брегентс	لانگن بای برگنس
Крумбах	کرومباخ
Бартоломеберг	بارتولومابرگ
Айхенберг	آیشنبرگ،
Албершвенде	البرس‌چواند
Блудеш	بلودش
Санкт-Антон-им-Монтафон	آنتون ایم مونتافون
Фонтанелла	فونتانلا،
Гайсау	گایسو
Санкт-Геролд	زانکت گرولد
Бух	بوش،
Шталлер	استالر
Тюрингерберг	تورینگربرگ
Анделсбух	اندلزبوچ
Ау	او
Клёстерле	کلوسترل،
Санкт-Галленкирх	زانکت گالانکیرچ
Миттелберг	میتلبرگ
Меллау	ملو
Зибратсгфелл	زیبراتسگ فال
Лингенау	لینگنو
Ройте	روته
Нютсидерс	نوتسیدرس
Бюрзерберг	بورسربرگ
Билдштайн	بیلدشتاین
Зоннтаг	زونتاگ،
Лохау	لخو
Лангенегг	لانگنگ
Блонс	بلونس
Зилбертал	سیلبرتال
Фанданс	وندنس
Шнепфау	شنفو
Шоппернау	شوپرنو
Зултсберг	زلتسبرگ،
Швартсенберг	شوارتسنبرگ،
Бранд	برند
Мёггерс	موگرس
Битсау	بیتساو
Фусах	فوساخ
Бюрс	بورس
Лудеш	لودش
Лех	لش
Тюринген	تورینگن،
Конти Дурҳам	کانتی دورهام
Камбрия	کامبریا
Эссекс	اسکس
Оксфордшир	آکسفوردشایر
Беркшир	برکشایر
Линколншир	لینکولن‌شایر
Йоркшири Шимолӣ	یورک‌شایر شمالی
Суффолк	سافک
Суррей	ساری
Ланкашир	لانکاشایر
Тайн ва Уир	تاین و ور
Ҳартфордшир	هرتفوردشایر
Глоукестершир	گلاسترشایر
Чешир	چشر
Шропшир	شروپ‌شایر
Нортгемптоншир	نورث‌همپتون‌شایر
Норфолк	نورفک
Ғарбӣ	غربی
Мерсисайд	مرزیساید
Дербишир	دربی‌شر
Сусекси Шарқӣ	ساسکس شرقی
Уилтшир	ویلتشایر
Лондони Бузург	لندن بزرگ
Йоркшири Ғарбӣ	یورکشایر غربی
Уорикшир	وارویک‌شایر
Лестершир	لسترشایر
Кембридҷшир	کمبریج‌شایر
Сомерсет	سامرست
Манчестери Бузург	منچستر بزرگ
Бакингемшир	باکینگهام‌شایر
Девон	دوون
Суссекси Ҷанубӣ	ساسکس غربی
Ноттингемшир	ناتینگهام‌شایر
Йоркшири Ҷанубӣ	یورک‌شایر جنوبی
Кент	کنت
Шарқӣ	شرقی
Стаффордшир	استافوردشایر
Ҳампшир	همپشایر
Дорсет	دورست
Бедфордшир	بدفوردشایر
Киликия	کیلیکیه
Миср	مصر
Чита	چیتا
Доғистон	داغستان
Худмухтори Қарабоғ	خودمختار قره‌باغ
Миколайев	میکولائیف
Викуня	ویکونیا
Алгарробо	الگارابو،
Вилояти Прае	فرای
Арнсберг	آرنسبرگ
Брумлӣ	بروملی
Садберӣ	سادبوری،
Кингстон Темза	کینگستون تیمز
Вестминстер	وست‌مینستر
Борнет	بارنت
Освестри	اوسوستری
Фурудгоҳи Схипҳол	فرودگاه اسخیپهول
Окучи	اوکوچی،
Маебару	مائه‌بارو
Мизусава	میزوساوا،
Есаши	اساشی،
Ёкаичиба	یوکای‌چیبا،
Ҳисаи	هیسای
Ҳатогая	هاتوگایا،
Фурудгоҳи саҳро мӯр	فرودگاه صحرایی مور
Пойгоҳи ҳавоӣ чтм нюл	پایگاه هوایی چتم نیول
Мийдон ҳаво нюл овтлоиинг лндинг оимпириол бич	میدان هوایی نیول اوتلایینگ لندینگ ایمپیریال بیچ
Пойгоҳи ҳавоӣ подшоҳ кувийт	پایگاه هوایی پادشاهی کویت
Пойгоҳи Нерӯи Ҳавоии Сеймор Ҷонсон	پایگاه نیرو سیمور جهنسن
Фурудгоҳи саҳро артиш остут	فرودگاه صحرایی ارتش استوت
Пойгоҳи шикор мак‌гуоир-дикс-лик‌ҳрст	پایگاه شکاری مک‌گوآیر-دیکس-لیک‌هرست
Фурудгоҳи рнтчлр филд	فرودگاه رنتچلر فیلد
Пойгоҳи нерӯе ҳаво брукли	پایگاه نیروی هوایی بروکلی
Фурудгоҳи сиро орм	فرودگاه سیرا آرمی
Марказ муҳофизат ҳаво рикн‌бикр	مرکز محافظت هوایی ریکن‌بیکر
Шоҳаншоҳии Эрон	شاهنشاهی ایران
Имперотурии Олмон	امپراتوری آلمان
ҷад	جدی
Алокӯл	آلاکول
Арал	آرال
Карпинск	کارپینسک
Зоҳия	ضاحیه
Ок-Парк	اوک پارک،
Мартон	مارتون،
Баршод-Абауй-Земплен	بورسود-اباوج-زیمپلن
Золо	زالا
Аморати Афғонистон	امارت افغانستان
Шаммар	شمر
Қатар	قطر
Иморати Қуртуба	امارت قرطبه
Брюссел	بروکسل
рӯшонӣ	روشنی
ибозия	اباضیه
Фрӣ-Стейт	ایالت
Лимпопо	لیمپوپو
устони Тронсфол	استان ترانسفال
Гаутенг	گائوتنگ
Квазулу-Натал	کوازولو-ناتال
Ғарбӣ	غربی
Глазов	گلازوف
Покачи	پوکاچی
Яртсево	یارتسفو
Ишим	ایشیم
Шумерля	شومرلیا
Кумертау	کومرتاو
Сичёвка	سیچیوفکا
Гдов	گدوف
Бирск	بیرسک
Чернушка	چرنوشکا،
Пролетарск	پرولتارسک
Темников	تمنیکوف
Мичуринск	میچورینسک
Красновишерск	کراسنویشرسک
Избербаш	ایزبرباش
Янаул	یانائول
Лангепас	لانگپاس
Малоархангелск	مالوالخانگلسک
Новотроитск	نوووترویسک
Олёкминск	اولیوکمینسک
Себеж	سبژ
Гуково	گوکوفو
Ейск	ییسم
Сорочинск	سوروچینسک
Северо-Курилск	سورو-کوریلسک
Тогучин	توگوچین
Красноуфимск	کراسنوفیمسک
Нязепетровск	نیازپتروفسک
Кандалакша	کاندالاکشا
Торжок	تورژوک
Баксан	باکسان
Верхнеуралск	ورخنئورالسک
Черногорск	چرنوگورسک
Курилск	کوریلسک
Новоуляновск	نووولیانوفسک
Кяхта	کیاختا
Орёл	اریول
Заинск	زاینسک
Спасск-Рязанский	اسپاسک-ریازانسکیی
Чегем	چگم
Пошехоне	پوشخونیه
Пит-Ях	پیت-یاخ
Анадир	آنادیر
Вязма	ویازما
Десногорск	دسنوگورسک
Купино	کوپینو
Можга	موژگا
Ртишево	رتیشچفو
Звенигово	زونیگوفو
Нерчинск	نرچینسک
Кирсанов	کیرسانوف
Стрежевой	استرژووی
Мегион	مگیون
Белёв	بلیوف
Камбарка	کامبارکا
Низомй вркуто	وورکوتا
Снежинск	اسنژینسک
Холмск	خولمسک
Южноуралск	یوژنورالسک
Зерноград	زرنوگراد
Шихани	شیخانی
Закаменск	زاکامنسک
Инта	اینتا
Невелск	نولسک
Долинск	دولینسک
Дигора	دیگورا
Переславл-Залесский	پرسلاول-زالسکیی
Кизел	کیزل
Порхов	پورخوف
Яранск	یارانسک
Волчанск	وولچانسک
Сарапул	ساراپول
Елабуга	یلابوگا
Агидел	آگیدل
Островной	اوسترونوفنوی،
Поронайск	پورونایسک
Пугачев	پوگاچیوف
Тсивилск	تسیویلسک
Южно-Сухокумск	یوژنو-سوخوکومسک
Климовск	کلیموفسک
Колпашево	کولپاشفو
Питалово	پیاتالوفو
Лгов	لگوف
Новоржев	نووورژف
Сол-Илетск	سول-ایلتسک
Бугулма	بوگولما
Гусиноозерск	گوسینوزرسک
Катав-Ивановск	کاتاف-ایوانوفسک
Сасово	ساسوفو
Верхотуре	ورخوتوریه
Емва	یموا
Кувандик	کواندیک
Егоревск	یگوریفسک
Сисерт	سیسرت
Духовшина	دوخوفشچینا
Новоуралск	نووورالسک
Дюртюли	دیورتیولی
Красноуралск	کراسنولاسک
Полярний	پولیارنی
Калининск	کالینینسک،
Каргат	کارگات
Няган	نیاگان
Остров	اوستروف،
Тутаев	توتایف
Волск	وولسک
Ряжск	ریاژسک
Ивдел	ایفدل
Среднеколимск	اسردنکولیمسک
Салск	سالسک
Ковилкино	کوویلکینو
Миллерово	میلروفو
Нитва	نیتوا
Бакал	باکال
Рибное	ریبنویه
Ишимбай	ایشیمبای
Серовский	سروفسکی
Кондопога	کوندوپوگا
Любим	لیوبیم
Невянск	نوینسک
Кола	کولا
Инсар	اینسار
Мамадиш	مامادیش
Верхоянск	ورخویانسک
Куйбишев	کویبیشف،
Миняр	مینیار
Спас-Клепики	اسپاس-کلپیکی
Нюрба	نیوربا
Беломорск	بلومورسک
Азов	آزف
Котелнич	کوتلنیچ
Ялуторовск	یالوتوروفسک
Искитим	ایسکیتیم
Киштим	کیشتیم
Серов	سروف
Касли	کاسلی
Тоболск	توبولسک
Нолинск	نولینسک
Сатка	ساتکا
Туймази	تویمازی
Новосил	نوووسیل
Чердин	چردین،
Горно-Алтайск	گورنو-آلتایسک
Невел	نفل
Нарткала	نارتکالا
Хвалинск	خوالینسک
Черепаново	چرپانوفو
Татарск	تاتارسک
Губаха	گوباخا
Пудож	پودوژ
Мишкин	میشکین
Ухта	اوختا
Ядрин	یادرین
Северобайкалск	سوروبایکالسک
Еманжелинск	یمانژلینسک
Кимовск	کیموفسک
Кирово-Чепетск	کیروفو-چپتسک
Хилок	خیلوک
Сисерт	سیسرتسکی
Очёр	اوچیار
Уржум	اورژوم
Борзя	بورزیا
Дегтярск	دگتیارسک
Волжск	وولژسک
Ростов	روستوف
Трёхгорний	تریوخگورنی
Туринск	تورینسک
Аткарск	آتکارسک
Аксай	آکسای،
Вилюйск	ویلیویسک
Лянтор	لیانتور
Морозовск	موروزوفسک
Олонец	اولونتس
Сретенск	اسرتنسک
Касимов	کاسیموف
Воткинск	وتکینسک
Камишлов	کامیشلوف
Кунгур	کونگور
Новоузенск	نووزنسک
Рузаевка	روزایفکا
Певек	پویک
Сегежа	سگژا
Уплонд	اوپلاند
Ҳедмарк	هدمارک
Оуст-Огдер	اوست آدر
Вест-Огдер	وست آدر
Тромс	ترومز
Руголанд	روگالاند
Литторал	لیتورال
Фаро	فارو
минтақаи Порис	منطقه پاریس
Волгоград	ولگوگراد
политехникӣ	پلی‌تکنیک
Уусимаа	اوسیما
Конто-Ҳоме	تاواستیای
Сатакунта	ساتاکونتا
Готланд	گوتلاند
Иерусалим	اورشلیم
Авранш	اورانش
Авалон	اولون
Авинон	اوینیون
Авен-сюр-Элп	اون-سور-الپ
Родез	رودز
Абвилй	ابوویل
Ҷувайн	جوین
оик	ایک
Егошиха	یگوشیخا
мармара	مرمره
Уқёнуси шимолӣ	اقیانوس شمالی
Ҷумҳурии Мухтори Наҳҷувон	جمهوری خودمختار نخجوان
Дашти Қипчоқ	دشت قبچاق
Ҷумҳурии Шӯравии Сотсиалистии Пасиқафқоз	جمهوری سوسیالیستی قفقاز
Гурҷистон	سوسیالیستی گرجستان
Домон ва Диу	دامان و دیو
иқтисодии Евразия	اقتصادی اوراسیا
Сафавиён	صفوی
Тау	تای
Ноҳияи Дир	ناحیه دیر
Абидос	ابیدوس
Петухово	پتوخوفو
Каменка	کامنکا
Тсимлянск	تسیملیانسک
Плесетск	پلستسک
Котелниково	کوتلنیکوفو
Арамил	آرامیل
Листвянка	لیستویانکا
Октябрский	اوکتیابرسکی
Березник	برزنیک
Архара	آرخارا
Кулой	کولوی
Шиписино	شیپیتسینو
Коноша	کونوشا
Абузабӣ	ابوظبی
Пашми тиллоӣ	پشم زرین
Мақбараи Уршалим	مقبره اورشلیم
Мозамбик	موزامبیک
Стокҳолм	استکهلم
Пирамид Крик	پارامید کریک
Норин	نارن
Брайдал Вейл	بریدال ویل
Шенон	شانون
Реаргард	ریرگارد
Свеаборг	سیومنلینا
Свеаборг	سیومنلینا
Дания	دانمارک
Подшоҳии Фаронса	پادشاهی فرانسه
Подшоҳии Итолиё	پادشاهی ایتالیا
Подшоҳии Кабир ва Ирланд	پادشاهی کبیر و ایرلند
Ленстер	لینستر
Манстер	مونستر
Бутирки	بوتیرکی
Лопин	لوپین
Камнев	کامنف
Клочков	کلوچکوف
Токарев	توکارف
Корочин	کوروچین
Дубовий	دوبووی
Никонов	نیکونوف
Сазаний Угол	سازانی اوگول
Рогозин	روگوزین
Громов	گروموف
Блошной	بلوشنوی
Стасов	استاسوف
Кононенко	کونوننکو
Бундин	بوندین
Сокор	سوکور
Белиз	بلیز
Вадутс	فادوتس
Қарокӯл	کاراکول
Шарқи	شرقی
Баҳри Марҷон	دریای کورال
Балтика	بالتیک
Ҷопон	ژاپن
Сафед	سفید
Минё	منیا
Устони Суҳоҷ	استان سوهاج
Ғарбия	غربیه
Асвон	اسوان
Матруҳ	مطروح
Буҳайра	بحیره
Исмоилия	اسماعیلیه
Порт-Саид	پورت‌سعید
Қино	قنا
Шарқия	شرقیه
Минуфия	منوفیه
Асют	اسیوط
Искандария	اسکندریه
Файюм	فیوم
Банӣ-Сувайф	بنی‌سویف
Қоҳира	قاهره
Ақсар	اقصر
Устони Ҷиза	استان جیزه
Думёт	دمیاط
Қалюбия	قلیوبیه
Дақаҳлия	دقهلیه
Саксонӣ	ساکسونی
Весталкаҳо	وستال
Суҳравардия	سهروردیه
Туркманбошӣ	ترکمن باشی
Юнони Ғарбӣ	یونان غربی
Мақдунияи Марказӣ	مقدونیه مرکزی
Ремс-Мур	رمس-مور
Рейн-Эрфт	راين-ارفت-كرايس
Тулайтула	تولدو،
Фуэндетудус	فوئندتدس
Молого	مالاگا
Ғарнота	گرانادا
Алкала-де-Энарес	الکالا د هنارس
Валядолид	والادولید
Қуртуба	کوردوبا
Севиля	سبیا
Алмазан	آلماسان
Мерида	مریدا
Билбао	بیلبائو
Монзон	مونزان
Мурсия	مورسیا
Гуодикс	گوآدیکس
Галапагар	گالاپاگار
Алкобендас	الکوبنداز
Тюбу	چوبو
Пергамон	پرگامون
Ҷумҳурии Эстония	جمهوری استونی
Молдова	مولدووا
Каса Лома	کاسا لوما
Витебск	ویتبسک
Минск	مینسک
Могилёв	موگیلف
Брест	بریست
Гродно	گرودنو
Гомел	گومل
Донишгоҳи Ҳейделберг	دانشگاه هایدلبرگ
Донишгоҳи Ирон	دانشگاه ایران
Донишгоҳи Калифорния Лос-Анҷелес	دانشگاه کالیفرنیا، لس‌آنجلس
Гасконӣ	گسکونی
Перник	پرنیک
Монтана	مونتانا
Вратса	وراتسا
Силистра	سیلیسترا
Ловеч	لووچ
Шумен	شومن
Хасково	هاسکوو
Габрово	گابرووو
Русе	روسه
Тарговиште	ترگوویشته
Бургас	بورگاس
Благоевград	بلاگووگراد
Велико Турново	ولیکو ترنوو
София	صوفیه
Разград	رازگراد
Сливен	اسلیون
Видин	ویدین
Пазарджик	پازارجیک
Смолян	اسمولیان
Стара Загора	استارا زاگورا
София	صوفیه
Варна	وارنا
Пловдив	پلوودیو
Ямбол	یامبول
Кюстендил	کیوستندیل
Добрич	دوبریچ
Плевен	پلون
Монессен	مانسن،
Рединг	ریدینگ،
Саров	ساروف
Баркинг ва Дагенем	بارکینگ و دگنهام
Тауэр Ҳамлетс	تاور هملتس
Редбриҷ	ردبریج
Барнет	بارنت
Мертон	مرتون
Ҳарроу	هارو
Бексли	بکسلی
Ҳарринги	هرینگی
Кройдон	کرویدون
Вестминстер	وست‌مینستر
Илинг	ایلینگ
Ҳоунслоу	هانزلو
Луишем	لویشام
Ричмонд Темза	ریچموند تیمز
Нюҳем	نیوهام
салтанатии Гринвич	سلطنتی گرینویچ
Кенсингтон ва Челси	کنزینگتون و چلسی
Уондзварт	واندزوورث
Ҳиллингдон	هیلینگدون
Брент	برنت
Кэмден	کمدن
Уолтҳем Форест	والتهام فورست
Энфилд	انفیلد
Саутуорк	ساوت‌وارک
Бромли	بروملی
Ҳакний	هکنی
Кингстон Темза	کینگستون تیمز
ва Фулҳам	و فولام
Хаверинг	هیورینگ
Ислингтон	ایزلینگتون
Лонг лик	لانگ لیک
Дижи Вавел	دژ واول
Пойгоҳи ҳавоӣ зутондл	پایگاه هوایی زوتاندل
Милтун	میلتون،
Кундинамарка	کوندینامارکا
ноҳияи Кентерберӣ	ناحیه کانتربوری
Мошчёная	موشچنا
Финланд	فنلاند
Финланд	فنلاند
Финланд	فنلاند
Благовешенский	بلاگوفشچنسکی،
Белгород	بلگورودسکی
Тамбовский	تامبوفسکی،
Каргополский	کارگوپولسکی
Серишевский	سریشفسکی
Селемджинский	سلمدژینسکی
Виноградовский	وینوگرادوفسکی
Завитинский	زافیتینسکی
Камишловский	کامیشلوفسکی
Октябрский	اوکتیابرسکی،
Архаринский	آرخارینسکی
Красноборский	کراسنوبورسکی
Свободненский	سووبودننسکی
Верхнетоемский	ورخنتویمسکی
Оқтониш	آکتانیشسکی
Велский	ولسکی
Михайловский	میخایلوفسکی،
Сковородинский	سکووردینسکی
Ивановский	ایوانوفسکی،
Няндомск	نیاندومسکی
Байкаловский	بایکالوفسکی
Онежск	اونژسکی
Зейский	زیسکی
Мазановский	مازانوفسکی
Лешуконск	لشوکونسکی
Пригородний	پریگورودنی،
Ромненский	رومنسکی
Белогорский	بلوگورسکی
Бурейский	بوریسکی
Шалинский	شالینسکی
Мезенск	مزنسکی
Коношский	کونوشسکی
Печенга	پچنگسکی
Петров	پتروفسکی
Константиновский	کنستانتینوفسکی،
Слободо-Туринский	اسلوبودو-تورینسکی
Котлаский	کوتلاسکی
Вилегодский	ویلگودسکی
Тиндинский	تیندینسکی
Шимановский	شیمانوفسکی
Ленск	لنسکی،
Магдагачинский	ماگداگاچینسکی
Ҳиндустон	هند
Ҳиндустон	هند
Покистон	پاکستان
Сакаиминато	ساکای‌میناتو
Чоши	چوشی،
Шимода	شیمودا،
Ҷурҷу	جورجی
Кесеннума	کسن‌نوما،
Татеяма	تاتیاما،
Омаезаки	اومائه‌زاکی
Тулча	تولچه
Меҷидия	مدجیجا
Вааса	واسا
Оршова	اورشووا
Дробета-Турну-Северин	دروبتا-تورنو سورین
Кэлэраши	کلرش
Калафат	کلفه
Олтенитса	اولتنیتسا
Кёнигсберг	کونیگزبرگ
Фурудгоҳи оврлуфко	فرودگاه اورلوفکا
Кос	کاث
Ганзак	گانزک
Боғи Рӯдакӣ	باغ رودکی
Карагач	کاراگاچ
ҳаво пунтиок	هوایی پونتیاک
Виктория	ویکتوریا
Гиссен	گیسن
Франконияи Болоӣ	فرانکن علیا
Франкони Миёна	فرانکن وسطی
Фолтси Боло	فالتس علیا
Гондвана	گوندوانا
Тсюрих	زوریخ
Полинезияи Фаронса	پلی‌نزی فرانسه
Боғҳои Бобил	باغ‌های بابل
Сариқамиш	ساریقامیش
Сарез	سریز
Рангкӯл	رنگ‌کول
Атабаска	آتاباسکا
Искандаркӯл	اسکندرکول
Гордо	گاردا
Деламар Лейк	دلامار لیک
Дарёчаи Миёнша	دریاچه میانشه
Байкал	بایکال
Яшилкӯл	یشیل‌کول
Дурумкӯл	دروم‌کول
Зоркӯл	زورکول
Преспа	پرسپا
Иссиқкӯл	ایسیک کول
Балхаш	بالخاش
Виктория	ویکتوریا
Бастилия	باستیل
Аламут	الموت
Тахти Сулаймон	تخت سلیمان
Қалъаи Габрӣ	قلعه گبری
Қалъаи Бобак	قلعه بابک
Баффин	بافین
ҷазираи Либертӣ	جزیره آزادی
Бали	بالی
Лесбос	لزبوس
Врангел	ورانگل
Ҷава	جاوه
Гвинеяи Нав	گینه نو
Борнео	بورنئو
Маэ	ماهی،
Кабир	کبیر
Сайпан	سایپن
Беринг	برینگ
Вайгаҷ	وایگاش
Қишм	قشم
Ҳиспониюло	هیسپانیولا
Винеярд	وینه‌یارد
Сардиния	ساردنی
Антигуа	آنتیگوا
Ҷумҳурии Молдова	جمهوری مولداوی
Ҷумҳурии Туркманистон	جمهوری ترکمنستان
ҶШФСР	فدراتیو روسیه شوروی
Ҷумҳурии Шӯравии	جمهوری شوروی
Узбакистон	سوسیالیستی ازبکستان
Шӯравии Хитой	شوروی چین
Қирғизистони Шӯравӣ	سوسیالیستی قرقیزستان شوروی
Белорус	سوسیالیستی بلاروس
Ҷумҳурии Шӯравии	جمهوری شوروی
Арманистон	سوسیالیستی ارمنستان
Тоҷикистон	سوسیالیستی تاجیکستان
ноҳияи Пешовар	ناحیه پیشاور
ноҳияи Музаффаргарҳ	ناحیه مظفرگره
Лакки-Марват	لکی
Аваран	آواران
Ҳалбо	حلبا
Шақро	شقرا
Ғазир	غزیر،
Монако	موناکوویل
Бақеъ	بقیع
Ал-Водӣ	الوادی
Мадия	مدیه
Вуҳрон	وهران
Ғардоя	غردایه
Хиншила	خنشله
Алҷазоир	الجزائر
Омм-ал-Буоағӣ	ام‌البواقی
Ал-Тарф	الطارف
Шлеф	الشلف
Бурҷ-Бу-Аририҷ	برج بوعریریج
Тиндуф	تندوف
Мустағоним	مستغانم
Суқ-Аҳрос	سوق اهراس
Қолма	قالمه
Ҷелфа	جلفه
Ғилизон	غلیزان
Тиссемсилт	تیسمسیلت
Саида	سعیده
Анноба	عنابه
Бишор	بشار
Ағуот	الاغواط
Табасса	تبسه
Ҷиҷал	جیجل
Масила	مسیله
Иллизи	الیزی
Айн-Дифла	عین‌الدفلی
Баҷоя	بجایه
Бискра	بسکره
Тизи узу	تیزی وزو
Ситиф	سطيف
Ал-Баяз	البیض
Таманғассет	تمنراست
Варқла	ورقله
Бумардос	بومرداس
Муаскар	معسکر
Адрор	ادرار
Тиёрет	تیارت
Блида	البلیده
Мила	میله
Ботна	باتنه
Қустантина	قسنطینه
Бувира	بویره
Скикда	سکیکده
Сиди Бил-Аббос	سیدی بلعباس
Айн-Тимушинт	عین تموشنت
Антарктида	جنوبگان
Осиё	آسیا
Шимолгон	شمالگان
Антарктика	جنوبی
Амрико	آمریکا
Аврупо	اروپا
Уқёнусия	اقیانوسیه
Воскресеновка	ووسکرسنوفکا
Татакан	تاتاکان
Шожма	شوژما
Рачи	راچی
Кулусутай	کولوستای
Украина	اوکراینا
Тюкан	تیوکان
Есауловка	یسائولوفکا
Сулус	سولوس
Журавли	ژوراولی
Тимерсол	تیمرسول
Дея	دیا
Глубокий	گلوبوکی
Театри шаҳрии	تئاتر شهر
Глобус	گلوب
Пойгоҳи нерӯе дарё салтанате тойланд дар нохун фонум	پایگاه نیروی دریایی سلطنتی تایلند در ناخون فانوم
Фурудгоҳи ийр	فرودگاه ایر
Пойгоҳи нерӯе ҳаво бол	پایگاه نیروی هوایی بال
Пойгоҳи ҳавоӣ фолун	پایگاه هوایی فالون
Пойгоҳи ҳавоӣ горд луеҳизуилҳ	پایگاه هوایی گارد لوئیزویله
Пойгоҳи ҳавоӣ кам ронҳ	پایگاه هوایی کم رانه
Пойгоҳи ҳавоӣ ҳифозат бирмнгом	پایگاه هوایی حفاظت بیرمنگام
Фурудгоҳи бин‌алмилалӣ овдн тони	فرودگاه بین‌المللی اودن تانی
Си‌уф‌бе гндр	سی‌اف‌بی گندر
Фурудгоҳи Камп ҳочинуҳи игсдф	فرودگاه کمپ هاچینوهی یگسدف
Фурудгоҳи ҳаво горд куинст пуинт	فرودگاه هوایی گارد کوینست پوینت
Пойгоҳи шикор олмндурф-ричордсн	پایگاه شکاری المندورف-ریچاردسن
Пойгоҳи ҳавоӣ туии ҳаво	پایگاه هوایی تویی هوا
Пойгоҳи шикор лӯес-мак‌круд	پایگاه شکاری لوئیس-مک‌کرود
Пойгоҳи шикор чорлстн	پایگاه شکاری چارلستن
давлатии таърихи Русия	دولتی تاریخ روسیه
Эрони бостон	ایران باستان
пумуровлиҳ	پوموراولیه
Элхониён	ایلخانان
Васково	واسکوو
Панҷ	پنج،
Важский	واژسکی
Прикаспийский	پریکاسپیسکی
Рочекда	روچگدا
Талаги	تالاگی
бӣ	بی
Фоминский	فومینسکی
Новий	نووی
Апрелский	آپرلسکی
Кривие Озера	کریویه اوزیورا
Басинск	باسینسک
Береговой	برگووی
Солений	سولیونی
Подчалик	پودوچالیک
Мансур	منصور
Вишневий	ویشنیووی
Ассадулаево	آسادولایوو
Пригородний	پریگورودنی
Паромний	پارومنی
Топал	توپال
Первомайский	پروومایسکی
Костюбе	کوستیبه
Ревин Хутор	روین خوتور
Зелений Сад	زلیونی ساد
Шидрово	شیدروو
Зелений Сад	زلیونی ساد
Каспий	کاسپی
Шелекса	شلکسا
Буруни	بورونی
Янгори	یانگوری
Абрамково	آبرامکوو
Иванское	ایوانسکویه
Стрелка	استرلکا
Тинаки	تیناکی
Нагорний	ناگورنی
Линейная	لینینایا
Чалгани	چالگانی
Ясний	یاسنی
Айсапай	آیساپای
Нижнекалиново	نیژنکالینوفسکی
Болдинский	بولدینسکی
Бушма	بوشما
Комсомолский	کومسومولسکی
Ричанский	ریچانسکی
Столбовой	استولبووی
Обуховский	اوبوخوفسکی
Бузан-Пристан	بوزان-پریستان
Придорожний	پریدوروژنی
Троицкий	ترویتسکی
Завод	زاوودا
Зеление Пруди	زلیونیه پرودی
Дрофиний	دروفینی
Николаевский	نیکولایفسکی
Белячий	بلیاچی
Пуксоозеро	پوکسوزرو
Мирний	میرنی
Болшая Кяма	بولشایا کیاما
Первомайский	پروومایسکی
Улитино	اولیتینو
Солгинский	سولگینسکی
Хазар	خزر،
Досанг	دوسانگ
Шаста	شاستا
Двинской	دوینسکوی
Шуйга	شویگا
Уст-Пинега	اوست-پینگا
Широкий Прилук	شیروکی پریلوک
Промисловий	پرومیسلووی
Винний	وینی
Студенес	استودنتس
Лужма	لوژما
Восточний	ووستوچنی
Стеклозавода	استکلوزاوودا
Ивановский	ایوانوفسکی
Трубнй	تروبنی
Краснопесчаний	کراسنوپسچانی
Самойловский	سامویلوفسکی
Качкаринский	کاچکارینسکی
Черний Бугор	چیورنی بوگور
Новий Кутум	نووی کوتوم
Плотовинка	پلوتووینکا
Трусово	تروسوو
Аршин	آرشین
Бузан	بوزان
Кинелле	کینله
Ковилний	کوویلنی
Пригородний	پریگورودنی
Бирюч	بیریوچ
Зеленик	زلننیک
Ғафуров	غفورف
Двинской	دوینسکوی
Кизема	کیزما
Шунема	شونما
Пертоминск	پرتومینسک
Селменга	سلمنگا
Златоустовск	زلاتوتوفسک
Рязаново	ریازانوو
Ясний	یاسنی
Старо-Волжский	استارو-وولژسکی
Пустинга	پوستینگا
Заречний	زارچنی
Юктали	یوکتالی
Пионерский	پیونرسکی
Огорон	اوگورون
Горний	گورنی
Сероглазово	سروگلازوو
Делта	دلتا
Сенной	سنوی
Садовий	سادووی
Аллайский	آلایسکی
Кулпа	کولپا
Солнечний	سولنچنی
Ямана	یامانا
Приозерний	پریوزرنی
Дамчик	دامچیک
Сизова Грива	سیزووا گریوا
Старий Алтынжар	استاری آلتینژار
Аргуновский	آرگونوفسکی
Ваймужский	وایموژسکی
Уст-Ваенга	اوست-واینگا
Шунгули	شونگولی
Лойга	لویگا
Верхнезейск	ورخنزیسک
Средний Баскунчак	سردنی باسکونچاک
Ашулук	آشولوک
Солза	سولزا
Раздолний	رازدولنی
Береговой	برگووی
Красная	کراسنایا
Снежногорский	سنژنوگورسکی
Дугда	دوگدا
Казачек	کوزاچوک،
Бархани	بارخانی
Эрле	ارله
Барановка	بارانوفکا
Талниковый	تالنیکووی
Верхний Бузан	ورخنی بوزان
Нартовский	نارتوفسکی
Хмелевой	خملووی
Диановка	دیانوفکا
Уемский	اویمسکی
Оксовский	اوکسوفسکی
Тегрозеро	تیوگرو-اوزرو
Дипкун	دیپکون
Черемушский	چریوموشسکی
Воронси	وورونتسی
Карговино	کارگووینو
Авнюгский	آونیوگسکی
Белогорский	بلوگورسکی
Харитоново	خاریتونوو
Лайский Док	لایسکی دوک
Шошелси	شوشلتسی
Прибрежний	پریبرژنی
Сосновка	سوسنوفکا
Зелений Бор	زلیونی بور
Маложма	مالوژما
Нитсан	نیتزان
Таежний	تایوژنی
Подгорний	پودگورنی
Пойменний	پویمنی
Бузан-Разъезд	بوزان-راززد
Чуркин	چورکین
Станя	استانیا
Межозерний	مژوزیورنی
Анатолия Зверева	آناتولیا زوروا
Алча	آلچا
Зелений Остров	زلیونی اوستروف
Успех	اوسپخ
Красний	کراسنی
Моряков	موریاکوف
Чилимний	چیلیمنی
Таловинка	تالووینکا
Верхнекалиновский	ورخنه کالینوفسکی
Емса	یمتسا
Квахтюга	کواختیوگا
Красная Горка	کراسنایا گورکا
Волжский	وولژسکی
Володарский	وولودارسکی
Ламбас	لامباس
Икса	ایکسا
Удимский	اودیمسکی
Майский	مایسکی
Ики-Чибирский	ایکی-چیبیرسکی
Малиновка	مالینوفکا
Гудачи	گوداچی
Пачиха	پاچیخا
Олейниково	اولینیکوو
Вадимово	وادیموو
Швакино	شواکینو
Южний	یوژنی
Сеза	سزا
Юбилейний	یوبیلینی
Степной	استپنوی
Азовский	آزوفسکی
Поляна	پولیانا
Воробевский	ووروبیفسکی
Кизань	کیزان
Мирний	میرنی
Товарный	تووارنی
Бахаревский	باخارفسکی
Староурусовка	استاروروسوفکا
Менешау	منشائو
Петровский	پتروفسکی
Форпост	فورپوست
Карабулак	قره‌بلاغ
Новоначаловский	نووناچالوفسکی
Бугор	بوگور
Госзаповедника	گوسزاپوودنیکا
Тулата	تولاتا
Катунино	کاتونینو
Подюга	پودیوگا
Пинега	پینگا
Аскеран	آسکران
Погост	پوگوست
Новолавела	نوولاولا
Тунгала	تونگالا
Уст-Шоноша	اوست-شونوشا
Кодино	کودینو
Хетово	ختوو
Боброво	بوبروو
Илеза	ایلزا
Новострой	نووستروی
Речной	رچنوی
Дактуй	داکتوی
Поляковский	پولیاکوفسکی
Сосновий	سوسنووی
Ивановский	ایوانوفسکی
Шокша	شوکشا
Хвойний	خووینی
Караагаш	قره‌آغاج
Береговой	برگووی
Нижнениколский	نیژنه نیکولسکی
Первое Мая	پروویه مایا
Сайгачний	سایگاچنی
Долгинский	دولگینسکی
Госпитомника	گوسپیتومنیکا
Богдо	بوگدو
Белый Илмен	بلی ایلمن
Верблюжий	وربلیوژی
Джурак	دژوراک
Кафтанка	کافتانکا
Вилденшпринг	ویلدنشپرینگ
Руккен	روکن
Родис	رادیس
генералӣ	دولت
Навори Ғазза	نوار غزه
Нуво	نووا
Толчва	تولچوا
Ақбӯ	اقبو
Штирия	اشتایرمارک
Тирол	تیرول
Форарлберг	فورآرلبرگ
Каринтия	کرنتن
Австрияи	اوبراسترایش
Бургенланд	بورگن‌لاند
Рацибуж	راسیبورز
Треархия	تراورچی
Талбот	تالبوت
Чиноз	چیناز
Ҷалақудуқ	جلال‌قدوق
Сариосиё	ساری‌آسیا
Асака	آساکا
Ҳазорасп	هزاراسپ
Зомин	زامین
Янгиқурғон	ینگی‌قرغان
Қаршӣ	قارشی
Учқурғон	اوچ‌قرغان
Қаракӯл	قره‌کول
Турақурғон	توره‌قورغان
Қанликӯл	قانلیکول
Ғиждувон	غجدوان
Ноҳияи Олтинкӯл	ناحیه آلتین‌قال
Ноҳияи Чимбой	ناحیه چیمبای
Касби	کسبی
Чуст	چوست
Бешарик	بش‌اریق
Тирмиз	ترمذ
Ноҳияи Сирдарё	ناحیه سیرداریو
Бойовут	بایاوت
Хавос	خواست
Ангор	انگور
Фурқат	فرقت
Сардоба	سردآبه
Бухоро	بخارا
Сайхунобод	سیحون‌آباد
Қамашӣ	قماشی
Намангон	نمنگان
Қуштепа	قوش‌تپه
Косонсой	کاسانسای
Самарқанд	سمرقند
Янгиариқ	ینگی اریق
Ноҳияи Вобканд	ناحیه وبکنت
Ҷондор	جاندار
Каттақӯрғон	کته‌قورغان
Ноҳияи Конимех	ناحیه کانیمخ
Ташлак	تاشلاق
Қизириқ	قزیریق
Боғот	باغات
Оҳангарон	آهنگران
Мирзочӯл	میرزاچول
Дӯстлик	دوستلیک
Нарин	نارین
Шаҳрисабз	شهر سبز
Пахтаобод	پخته‌آباد
Шароф Рашидов	شهرستان جیزک
Зарбдор	ضرب‌دار
Тахтакупир	تخته‌کوپیر
Пойариқ	پای‌آریق
Андиҷон	اندیجان
Улуғнор	الغ‌نار
Ноҳияи Берунӣ	ناحیه بیرونی
Пахтачи	پخته‌چی
Қунғирот	قونغیرات
Марҳамат	مرحمت
Оқолтин	اقلتین
Урганҷ	اورگنج
Ҷомбой	جام‌بای
Олтиариқ	التیارق
Қӯшработ	کاش‌رباط
Миришкор	مریشکار
Ноҳияи Бойсун	ناحیه بوی‌سون
Галлаарал	غله‌آرال
Турткӯл	تورتکول
Қошқопир	قوش‌کوپیر
Иштихон	اشتیخان
Риштон	رشتان
Гурлан	گورلن
Деҳнав	ده‌نو
Булакбошӣ	بولاغ‌باشی
Бувайдин	بوویدا
Гулистон	گلستان
Нишон	نشان
Деҳқонобод	دهقان‌آباد
Муборак	مبارک
Уйчин	اویچی
Яккабоғ	یکه‌باغ
Хонқа	خانقه
Қӯрғонтеппа	قرغان‌تپه
Нукус	نوکوس
Булунғур	بلنغور
Шовот	شاوات
Мирзообод	میرزاآباد
Зафаробод	ظفرآباد
Бахмал	بخمل
Кегейли	کگیلی
Ноҳияи Учқудуқ	ناحیهٔ یوچکودوک
Юкоричирчиқ	چرچیق
Пискент	پسکند
Тайлоқ	تایلاق
Янгибозор	ینگی بازار
Пастдарғом	پست‌درگام
Ноҳияи Янгийўл	ناحیه ینگی‌یال
Хуҷайли	خوجایلی
Арнасай	ارناسای
Ноҳияи Бекобод	ناحیه بیگ‌آباد
Мингбулоқ	منگبلاغ
Ноҳияи Хатирчи	ناحیه خاتیرچی
Чортоқ	چارتاق
Учкуприк	اوچ‌کوپرک
Ноҳияи Муйнaқ	ناحیه میناق
Ноҳияи Бустонлиқ	ناحیه بوستانلیق
Қоровулбозор	قراول بازار
Шеробод	شیرآباد
Ноҳияи Балукча	ناحیه بالیق‌چی
Норпай	نرپی
Олтинсу	آلتین‌سای
Узун	اوزون
Шурчӣ	شورچی
Ноҳияи Қибрай	ناحیه قبری
Шуманай	شومنی
Ноҳияи Қизилтеппа	ناحیه قزل‌تپه
Шаҳрихон	شهر خان
Пахтакор	پخته‌کار
Оққурғон	آق‌دریا
Қараузоқ	قره‌اوزاک
Пешкӯҳ	پیشکوه
Янгиобод	ینگی‌آباد
Ноҳияи Хоҷаобод	ناحیه خو جاوبود
Амударё	اموداریو
Ноҳияи Нурато	ناحیه نورآتا
Чироқчи	چراغچی
Олот	آلات
Данғара	دنگارا
Ноҳияи Қумқурғон	ناحیه قوم‌قورغان
Музработ	مزرآباد
Бағдод	بغداد،
Ноҳияи Бука	ناحیه بقعه
Ноҳияи Уртачирчиқ	ناحیه ارتا چیرچیق
Китоб	کتاب
Ноҳияи Навбаҳор	ناحیه نوبهار
Ноҳияи Элликқалъа	ناحیه الیک قلعه
Ноҳияи Томди	ناحیه تامدی
Косон	کاسان
Ноҳияи Гузар	ناحیه گ‌اوزر
Фориш	فاریش
Ноҳияи Пап	ناحیه پپ
Ёзёвон	یازیاوان
Шофирком	شافیرکان
Ноҳияи Боз	ناحیه باز
Когон	کاگان
Ромитан	رامیتان
Хива	خیوه
Ургут	اورگوت
Қуйичирчиқ	قویی چرچیق
Ӯзбекистон	ازبکستان
Балхаш	بالخاش
Қаросой	قره‌سای
Оқсу	اکسو،
Олмалӣ	آلمالی
Тулкибос	تالکیباس
Пахтаарал	ماکتارال
Қарбулоқ	قربولاق
Чордара	شاردارا
Аскалдӣ	اسکلدی
Сарқанд	سرکند
Тӯлебӣ	تول بی
Ордабосӣ	اورداباسی
Авезов	آوئزوف
Ӯйғур	اویغور
Сузак	سوزاک
Сариағоч	ساریاگاش
Қозиғурт	کایگورت
Иле	ایله،
Ҷомбул	ژمبیل،
Утрор	اوتایرار
Кӯксу	کوک‌سو
Сайрам	سایرام
Қаратол	قره‌تال
Талғар	تلگر
Алокӯл	الاکل
шаҳрдории Мтсхето	شهرداری متسختا
Схинволӣ	تسخینوالی
Лаимяла	لایمیالا
Подшоҳии Саксония	پادشاهی ساکسونی
Подшоҳии Вюртемберг	پادشاهی وورتمبرگ
Юон	یوآن
Қарахониён	قراخانیان
Азор	آزور
Шуф	شوف
Кадалунди Берд	کادالوندی برد
Малатия	ملطیه
Муғла	موغله
Солончак	سولونچاک
Боробудур	بوروبودور
Паневежис	پانه‌وژیس
Вилнюс	ویلنیوس
шаҳристони Каунас	شهرستان کاوناس
Мариямполе	ماریامپوله
Клайпеда	کلایپدا
Алитус	آلیتوس
Шяуляй	شاولیای
Утена	اوتنا
Телшяй	تلشای
Таураге	تاوراگه
Митте	میته
Эскуинтла	اسکوینتلا
федералии	فدرال
Мэйда-Вэйл	میدا ویل
Кенсингтон	کنزینگتون
Ҳойгейт	هایگیت
Илфурд	ایلفورد
Красное Село	کراسنویه سلو
Сестроретск	سسترورتسک
Колпино	کولپینو
Измайлово	ایزمایلوا
Сен-Жон-сюр-Ришелю	سن-ژان-سور-ریشولیو
Сен-Жон-сюр-Ришелю	سن-ژان-سور-ریشولیو
Чоровода	کرووده
Хоа	خانح
Куанг Бин	کوانگ‌بن
Бин Фуок	بین فوک
Туа Тиен-Ху	توا تین–هوئه
Куанг Нам	کوانگ نام
Ка Мау	کا مائو
Нин Фуан	نین توان
Куанг Нин	کوانگ نین
Куанг Трий	کوانگ تری
Диен Биен	دین‌بین
Бин Дин	بین دین
Кау Банг	کائو بانگ
Фу То	فو تو
Тин	تین
Дак Лак	داک لاک
Бин Дуонг	بین دونگ
Тан Ноа	تان هوا
Бак Лию	باک لیئو
Гиа Лай	گیا لای
Гианг	گیانگ
Нам	نام
Вин Лонг	وین لونگ
Бин Туан	بین توآن
Донг Фап	دونگ تاپ
Сок Транг	سوک ترانگ
Дак Нонг	داک نونگ
Бен Тре	بن تر
Лам Донг	لام دونگ
Чау	چو
Ба Риа-Вунг Тау	با ریا-وونگ تائو
Тиен Гианг	تین گیانگ
Вин Фук	وین فوک
Тра Вин	ترا وین
Киен Гианг	کین گیانگ
Ан	نه
Нгуен	نگوین
Бак Кан	باک کان
Лонг Ан	لونگ آن
Обдав	آب داو
Боми васфиобод	بام و صفی‌آباد
Фурудгоҳи мовнтн	فرودگاه ناگازاکی
Фурудгоҳи бин‌алмилалӣ ҳанг‌кунг	فرودگاه بین‌المللی هنگ‌کنگ
Фурудгоҳи кубҳ	فرودگاه کوبه
Фурудгоҳи Байн‌алмиллалии Кансай	فرودگاه بین‌المللی کانسای
Фурудгоҳи китокюшу	فرودگاه کیتاکیوشو
Фурудгоҳи бин‌алмилалӣ чубу снтроир	فرودگاه بین‌المللی چوبو سنترایر
Пойгоҳи нерӯе ҳаво Амрико	پایگاه نیروی هوایی آمریکا
Си‌уф‌бе кулд лик	سی‌اف‌بی کولد لیک
Гейҷтаун	گاگتوون
Эдмонтон	ادمنتن
Саффилд	سوففیلد
Биёбони регзори калон	شنزار بزرگ
Ватчун	واتچونگ،
Принстон	پرینستون
Босқунҷоқ	باسکونچاک
Ҷебел-Семъан	جبل سمعان
Севен Систерс	سون سیستر
Аламир	آلامر
Лейди Алис	لیدی آلیس
Девори Чин	دیوار چین
Вогез	ووژ
Энглвуд	انگلوود،
Трентон	ترنتون
Ҳира	حیره
Фустот	فسطاط
Даррус	دروس
Тения	ثنیه
Миширия	مشریه
Хеншела	خنشله،
Ақбӯ	اقبو
Адрасмон	ادرسمان
Навкат	ناو، تاجیکستان
Шайдон	اشت
Мирбозор	میربازار
Меҳробод	شهرک
Бӯстон	بوستان
Суғдиён	حامد
Карашина	قره‌شینه
Шӯроб	شوراب
Мирзо Турсунзода	میرزا تورسون‌زاده،
Абай	ابی
Ғончӣ	غانچی
Консой	کایندیسوی
Нурафшон	نورافشان،
Обигарм	آب‌گرم
Сирдарё	سیرداریو
Чоруқдаррон	چوروها-دیرون
Қизил-Кӯл	قزل-کول
Қобустон	قبوستان
Зафаробод	ظفرآباد
Даҳбеди Самарқанд	دهبد، سمرقند
Зарафшон	زرافشان،
Гӯронбой‎	گران‌بوی
Сариӯзек	ساری‌اوزک
Сомониён	سامانیان
Меҳнатобод	محنت‌آباد
Дарбанд	دربند،
Имперотурии Бизонс	امپراتوری روم
Хоразм	خوارزم
Афғонистон	افغانستان
Инкҳо	اینکا
Подшоҳии Ироқ	پادشاهی عراق
Сосониён	ساسانیان
Подшоҳии Ғано	پادشاهی غنا
Бузург	بزرگ
сеюм	آلمان
Олмони Ғарбӣ	آلمان غربی
Руминия	رومانی
Бирма	برمه
Чин	چین
Имперотурии Рум	امپراتوری روم
Давлати Сурия	دولت سوریه
Диръия	دولت
Имперотурии Рум	امپراتوری روم
дувуми Лаҳистон	دوم لهستان
Халқии Шӯравии Бухоро	خلق شوروی بخارا
Худмухтори Шӯравии Туркистон	خودمختار شوروی ترکستان
Русия	روسیه
Чағатой	چغتای
Чин	یانگ
Рим	روم
Нав	نو
Гуптҳо	گوپتا
Руси Киев	روس کیف
Веймар	وایمار
Финиқия	فنیقی‌ها
Ҷопон	ژاپن
фаронсавӣ бар Сурия ва Лубнон	فرانسه بر سوریه و لبنان
Хева	خیوه
Зангиён	زنگیان
Мана	منائیان
имперотурии Муғул	امپراتوری مغول
Имперотурии	گورکانیان
Бобилистон	بابل
Имперотурии Дурронӣ	امپراتوری درانی
Сарбадорон	سربداران
Давлати Исмоилия	دولت اسماعیلیان
Усрӯшана	اسروشنه
Эрони Қоҷорӣ	ایران قاجاری
Кастилия	کاستیا
Африғиён	آفریغیان
Подшоҳии Кабир	پادشاهی کبیر
Хилофати Қуртуба	خلافت قرطبه
Араб	عربی
Ғазнавиён	غزنویان
Рухаҷ	رخج
Чехословакия	چکسلواکی
Ҷумҳурии Генуя	جمهوری جنوا
Югославия	یوگسلاوی
Мариниён	مرینیان
Сотсиалистии Чехословакия	سوسیالیستی چکسلواکی
Давлати Исломии Афғонистон	دولت اسلامی افغانستان
хоноти Қарабоғ	خانات قره‌باغ
Салҷуқиён	سلجوق
Нахустин Ҷумҳурии Чехословак	نخستین جمهوری چکسلواکی
ҶДО	دمکراتیک
Подшоҳии Ҳавайи	پادشاهی هاوایی
Митан	میتانی
Афғонистон	افغانستان
Наҷд	نجد
Бобил	بابل
Наҷд ва Ҳаса	نجد و حسا
Ҳахоманишӣ	هخامنشیان
Ҷумҳурии Федералии Югославия	جمهوری فدرال یوگسلاوی
Арабӣ	عربی
Имперотурии Утриш	امپراتوری اتریش
Бувайҳиён	بویه
Халқи Лаҳистон	خلق لهستان
Подшоҳии Ингилистон	پادشاهی انگلیس
Русияи Тсарӣ	روسیه تزاری
Қӯқанд	خوقند
Темурӣ	تیموریان
Ҳафсиён	حفصیان
Пруссия	پروس
Мухторияти Туркистон	مختاریات ترکستان
Салҷуқиён	سلجوقیان
Муробитун	مرابطان
Подшоҳии Булғористон	پادشاهی بلغارستان
Канъон	کنعان
Руми Бостон	روم باستان
Шоҳаншоҳии	پارت
Подшоҳии Лаҳистон	پادشاهی لهستان
Сурия	سوریه
Исломии Афғонистон	اسلامی افغانستان
Саффориён	صفاریان‎
Шоҳаншоҳии Кушонӣ	شاهنشاهی کوشانی
Флоренсия	فلورانس
юнонии Ҳинд	یونانی هند
Дуюми Испания	دوم اسپانیا
Урарту	اورارتو
Подшоҳии Ҳаннофер	پادشاهی هانوور
Бухоро	بخارا
Халқи Украина	خلق اوکراین
Подшоҳии Ҳиҷоз	پادشاهی حجاز
Подшоҳии Ҳиҷозу Наҷд	پادشاهی حجاز و نجد
Уқайлиён	عقیلیان
Подшоҳии арабии Сурия	پادشاهی عربی سوریه
Астекҳо	آزتک
Ироқи баъсӣ	عراق بعثی
Аккад	اکد
Давлати Интиқолии Афғонистон	دولت انتقالی افغانستان
Давлати Сомониён	دولت سامانی
Хоразмшоҳиён	خوارزمشاهیان
Эрони Паҳлавӣ	ایران پهلوی
Видурл	ویدورل
Донишгоҳи Калифорния Санта-Круз	دانشگاه کالیفرنیا، سانتا کروز
мухтори Яҳудиён	خودگردان
Панэронизм	پان‌ایرانیسم
Курдистон	کردستان
Даҳаб	دهب
Испания	اسپانیا
Арара	آرارا
Paraíso	پارایسو،
Ярен	یارن
Банҷармасин	بانجارماسین
Кон Тум	کون توم
Бин	بین
Куанг Нгай	کوانگ نگای
Туен Куанг	توین کوانگ
Нин Бин	نین بین
Нни	نینها
Тра Вин	ترا وین
Ен Бай	ین بای
Вин Лонг	وین لونگ
Ланг Сон	لانگ سون
Лао Каи	لائو کای
Бак Лию	باک لیئو
Бак Гианг	باک گیانگ
Сон Ла	سون لا
Дуонг	دونگ
Бак Нин	باک نین
Тан Ноа	تان هوآ
Ен	ین
Гианг	گیانگ
Сок Транг	سوک ترانگ
Нгуен	نگوین
Фурудгоҳи Маҳалӣ остуон	فرودگاه محلی استوان
Пайшанба	پنج‌شنبه،
Ҳагматона	هگمتانه
Сунене	استان
Кабинда	کابیندا
Ҳуила	هوییلا
Шимолӣ	شمالی
Кубанго	کوبانگو
Зайир	زئیر
Луандаи Ҷанубӣ	لوندای جنوبی
Кванзаи Ҷанубӣ	کوانزای جنوبی
Мошико	موشیکو
Луанда	لوآندا
Бенго	بنگو
Намибе	نامیبه
Уиге	اوییگه
Барселона	بارسلون
Ингилистон	انگلستان
Уэлс	ولز
Шотландия	اسکاتلند
Полтава	پولتاوا
Лвов	لووف
Одесса	اودسا
Устони Днепропетровск	استان دنیپروپتروفسک
Харков	خارکف
Закарпатйе	زاکارپیتا
Ровно	ریونه
Сумск	سومی
Чернивитси	چرنیوتسی
Киев	کیف
Тернопол	ترنوپیل
Черкаск	چرکاسی
Донетск	دونتسک
Кировоград	کیرووهراد
Волин	ولین
Ивано-Франковск	ایوانو فرانکیسوک
Запорожйе	زاپروژیا
Чернигов	چرنیهیو
Житомир	ژیتومیر
Хмелнитск	خملنیتسکی
Алупка	آلوپکا
Полинезия	پلی‌نزی
Мариана	ماریانا
Ондомон	آندامان
Антил	اندلیس
Галапагос	گالاپاگوس
Қутбии Конодо	قطبی کانادا
Балеар	بالئاری
Франс Иосиф	فرانز جوزف
Вирҷин	ویرجین
Вейр	ویر
Ҳемлок	هملوک
Лувис	لویس
Ловер Каскейд	لور کاسکید
Рейнбоу	رینبو
Алгер	آلگر
Ҷозефин	جوزفین
Вайнмаунт	وینمونت
Мокау	موکئو
Глендейл	گلندیل
Вайнмоунт Ист	وینمونت ایست
Китсипутус	کیتسی‌پوتوس
Сеник	سکنیک
Ҳермитеҷ	هرمیتیج
МакДиармид	مک‌دیارمید
Каската дел Тосе	کاسکاتا دل توسه
Крабтри	کرابتری
Талайер	تالایار
Пуддикомб	پودیکامب
Йеллала	یلالا
Ривер	ریور
Ҷорен	جورن
Кумберланд	کامبرلند
Ҳумболдт	هومبولدت
Кеплер Каскейд	کپلر کاسکید
Апер Крик	آپر کریک
Пандав	پانداو
Сюрпрайз Крик	سورپرایز کریک
Бутдейл	بوتدال
Александр	الکساندر
Олд Дундас Роуд	الد دونداس رود
Етропоул	اتروپول
Грейт Катавба	گریت کاتاوبا
Пуракаунуӣ	پوراکائونوی
Кристин	کریستین
Ист оф Фифти	ایست اف فیفتی
Тевс	تیوس
Рокҳаус	راک‌هاوس
Ҳерберт	هربرت
Боу Глашиер	باو گلاسیر
Кола де Кабалло	کولا د کابالو
Кутладампаттӣ	کوتلادامپاتی
Вол	وال
Лувис Роат Вест	لویس رود غربی
Вапта	واپتا
Шерман	شرمن
Ки	کی
Ҷонҳа	جونها
Стил	استیل
Эйби Грейт	آب گریت
Воринфоссен	ورینگفوسن
Сулфид Крик	سولفید کریک
Твин	توین
Бронте	برونتی
Гитгит	گیت‌گیت
Бруар	بروار
Ҳеббе	آبشار هب
Фергусон	فرگوسن
Афонсо	آفونسو
Кейн Крик Каскейд	کین کریک کاسکیدس
Пилиски	پیلیسکی
Шифен	شیفن
Корбин Крик	کوربین کریک
Юмбилла	یومبیلا
Лодҳ	لودح
Ашлу	آشلو
Ҳирнӣ	هیرنی
Тиератгарӣ	تیراتگاری
Минач	ماینچ
Вивер	ویور
Туртлбек	ترتل‌بک
Чилнуална	چیلنوالنا
Ордеса Каскада	اوردسا کاسکیدا
Канангра	کانانگرا
Виннимик	وینیمیک
Катрейк	کاتریک
Уллакаарвӣ	اولاکاروی
Сент Клейр	سنت کلیرز
Моранс	مورانس
Крабтри	کربتری
Пандавгад	پانداوگد
Вайтоак	وایت اوک
Кортҳаус	کورت هاوس
Ки-а-Кутс	کی-آ-کوتس
Лувис Роад Ист	لویس رود شرقی
Стеяркейс	استیرکیس
Вошбоард	واشبورد
Крик	کریک
Кунтала	کونتالا
Галфосс	گولفوس
Катаҳдин	کاتادین
Емпериор	امپرور
Толман Ист	تالمن ایست
Би Икс	بی. ایکس
Биг Ҳарт	بیگ هرت
Гломач	گلوماچ
Крик	کریک
Каколат	کاکولات
Шаршараи Арувиккужӣ	آبشار آرو ویکوژی
Кегон	کگون
Баҳутӣ	باهوتی
Криста	کریستال
Пистил	پیستیل
Крик	کریک
Оуҷос Дел Кабургуа	اوخس دل کابورگئوا
Ранеҳ	رانه
Чувиско	چوویسکو
Систерс оф Мери	سیسترز اف منی
Вестклиф	وستکلیف
Макнейли Вест	مک‌نیلی غربی
Сентенниал	سنتنیال
Аретуса	آرثوسا
Юнион	یونیون
Ла Паз	لا پاز
Вайдекӣ	وایدکی
Ратҳна	راثنا
Твин	توین
Каатерскил	کاترسکیل
Бечлер	بچلر
Апер Шевер	آپر شیور
Юҳӣ	یوهی
Шасуӣ	شاسوی
Вайнмоунт Вест	وینمونت وست
Гиббон	گیبون
Комет	کامت
Фейри	فیری
Девитт	دویت
Дундас	دونداس
Тинару	تینارو
Равана	راوانا
Мемориал	مموریال
Тушарагирӣ	توشاراگیری
Игл	ایگل
Чупала	چوپالا
Майнерз	مینرز
Сурулӣ	سورولی
Запата	زاپاتا
Ауграбис	آیوگرابیس
Кипу	کیپو
Нуггет	نوگت
Волио	ولیو
Латурел	لاتورل
Елакала	الاکالا
Монтвю	مانتویو
Каенг	کائنگ
Исакуена	ایساکوینا
Беар Крик	بیر کریک
Каскейд	کاسکید
Гриндстоун	گرینداستون
Билак ревир	بلک ریور
Йелоустоун	یلواستون
Броукен	بروکن
МакГалиард	مک‌گالیارد
Илилиуит	ایلیلویت
Рюзӣ	ریوزو
Кикасо	کیکاسو
Ист Твин	ایست توین
Навадаҳа	نواداها
Рамбода	رامبودا
Девис	دیویس
Гловер	گلاور
Дийалума	دیالوما
де ла Шаудир	دو لا شودییر
Бетснер	بتزنر
Грейт Конгломерейт	گریت کانگلومرت
Хандадҳар	خاندادهر
Дунҳинда	دونهیندا
Ҳорстейл	هورستیل
Коннести	کانستی
Лангшианг	لانگ شیانگ
Вапама	واپاما
Вайист	وی ایست
Ловер Бекет	لور بکت
Солт Крик	سالت کریک
Виллиамспорт	ویلیام اسپورت
Твин	توین
Елабана	الابانا
Коттер	کوتر
Каенг Сонг	کائنگ سانگ
Рейни Лейк	رینی لیک
Куакинг Аспен	کاکینگ آسپن
Смолор	اسمولار
Драй	درای
Грин	گرین
Глаймур	گلایمور
Шаршараи Даггс	آبشار دگز
Стони Крик	استانی کریک
Вагнер	واگنر
Мул	مول
Смалс	اسمالز
Шоулз Крик	های شولز کریک
Чаттербокс	چاترباکس
Дир	دیر
Неллӣ	نلی
Вест Пронг Ҳикӣ Крик	وست پرونگ هیکی کریک
Слайдинг	اسلایدینگ
Ерланд	ارلند
Салто дел Нилаҳю	سالتو دل نیلاهو
Вантавнг	وانتاونگ
Кент	کنت
Рейнбоу	رینبو
Апер Принсес	آپر پرنسس
Кинрем	کاینرم
Тифанӣ	تیفانی
МакЛин	مک‌لین
Кемп	کمپ
Хоне	خونه
Седар Рок Крик	سدار راک کریک
Сваллов	سوالو
Гренд Каскейд	گراند کاسکید
Баатара Ҷорҷ	باتارا جرج
Кеарнис	کئرنیس
Спрингҳил	اسپرینگ‌هیل
Албион	آلبیون
Нигретта	نیجرتا
Анхел	آنجل
Фойерс	فویرس
Ҳуйло-Ҳуйло	هوئلو-هوئلو
Ҳовик	هاویک
Ловер	لور
Кравис	کراویچ
Эас Чуал Алуин	ایس آچئوال آلیون
Депот	دپوت
Оузуд	اوزود
Фу Фа	فو فا
Шоулз	شولز
Енгстлиген	انگستلیگن
Баҳиё	باهیا
Аниванива	آنیوانیوا
Мариа Кристина	ماریا کریستینا
Кеотӣ	کئوتی
Толмер	تالمر
Стеякейс	استیرکیس
Шел	شل
ДеСото	دسوتو
Крик	کریک
Снов Крик	اسنو کریک
Флоренс	فلورنس
Сабл	سابل
Арктомис	آرک تومیس
Триплет	تریپلت
Белмор	بلمور
Раҷраппа	راجراپا
Блу Ҳоул	بلو هول
Бостон	بوستون
Браун	براون
Девис	دیویس
Валупт Крик	والوپت کریک
Ҳайато	هایاتو
Гранд	گراند
Бадағагара	باداگاگارا
Стивенсон	استیونسن
Роаринг Форк	رورینگ فورک
Пагсанҷан	پاگسانجان
Лог Ҳоллоу	لگ هالو
Камая	کامایا
Вайпо	وایپو
Бамбараканда	بامباراکاندا
Бенҳам	بنهام
Роуд	رود
Нарада	نرادا
Баттермилк	باترمیلک
Покиок	پوکیوک
Кейн Крик	کین کریک
Усрӣ	اوسری
Унчалӣ	اونچالی
Депот Крик	دپوت کریک
Меримир	ماریمر
Читракут	چیتراکوت
Сентинел	سنتینل
Парадайз	پارادایز
Бед Бренч	بد برانچ
Трумелбач	تروملباخ
Минерал Спригс	مینرال اسپرینگ
Клифвю	کلیف ویو
Силвербанд	سیلوربند
Глассмайн	گلاسمین
Драй	درای
Каската Мармур	کاسکاتا مارمور
Катавба	کاتاوبا
Туеулала	تویولالا
Мистик	مای‌استیک
Крик	کریک
Рок Чапел	راک چاپل
Агейт	آگات
Каскейд	کسکیدز
Ширайто	شیرایتو
Макаҳику	ماکاهیکو
Апер Ҳопкинс	آپر هاپکینز
Бопас	باپاث
Купер	کوپر
Дрифт	دریفت
Фосс	فوس
Милл	میل
Смит	اسمیت
Блуберри	بلای‌بری
Вестклиф	وست کلیف
Долгоч	دالگوچ
Сиҳпо	سیهپو
Милмилгӣ	میل‌میلگی
Торӣ	توری
Таравера	تاراورا
Боундарӣ	باندری
Ловер Каскейд	لور کاسکید
Грей Мар Тейл	گری مار تیل
Ҳагӣ	هاگی
Телҳар	تلهار
Шаршараи Панчгҳанг	آبشار پانچقاق
Куне	کونه
Фукурода	فوکورودا
Рейнбоу	رینبو
Лафарҷ	لافارج
Давсон	داوسون
Вайтфиш	وایتفیش
Игл	ایگل
Манидо	مانیدو
Ҳуанггуошу	هئوانگ گوژو
Ҳукер	هوکر
Рамона	رامونا
Монкӣ	مانکی
Скот	اسکات
Фрутленд	فروت‌لند
Ловер Снейк	لور اسنیک
Миддл Каскейд	میدل کاسکید
Сучипура	سوچیپورا
Дарнли	دارنلی
Девилс Панч	دویلز پانچ
Гаса	گاثا
Пурлингбрук	پورلینگ بروک
Ловер Литтл	لور لیدل
Раҷат	راجات
Пайни Крик	پینی کریک
Озун	اوزون
Твин	توین
Шаршараҳои	آبشار های
Брайдал Вейл	بریدال ویل
Вест оф Фифти Ловер	وست آو فیفتی لاور
Ҳолкомб	هولکومب
Йаррбилгонг	یاربیلگونگ
Канён	کانیون
Сидни	سیدنی
Рубӣ	روبی
Прогрестон	پروگرستون
МасНейлӣ	مک‌نیلی
Сузерленд	ساترلاند
Вирҷиния	ویرجینیا
Бареҳипанӣ	بارهی‌پانی
Медисон Крик	مدیسون کریک
Елгин	الگین
Асбестос Крик	آسبستوس کریک
Куҳус	کوهوس
Дҳуандҳар	دهوئاندهار
Чийаппара	چیاپارا
Салмон Крик	سالمون کریک
Айяанар	آیانار
Вест оф Фифти Апер	وست آو فیفتی آپر
Рок	راک
Франклин	فرانکلین
Ада-Ҳай	آداهای
Таннерӣ	تانری
Сенгупатҳӣ	سنگوپاثی
Сайденҳам	سیدنهام
Ҳогенаккал	هوگناکال
Апер Бекет	آپر بکت
Блек Брук	بلک بروک
Девон	دوون
Бул Ков	بول کاو
Отодум	اتودوم
Кун Крик	کون کریک
Ҳорстейл	هورستیل
Лава Айланд	لاوا ایسلند
Ваҳкина	واکینا
Шаршараи Дит	آبشار سری دیت
Мек Дату	مک داتو
Бойома	بویوما
Ваҳклелла	واکللا
Садҳӣ	سادنی
Ист Гловер	ایست گلاورز
Бонд	باند
Вебстер	وبستر
Стефанӣ	استفانی
Тип Тое	تیپ تو
Шаршараи Ҳайлави	آبشار هاوائی
Мунисинг	مونیسینگ
Бонита	بونیتا
Тирпаррапу	تریپاراپو
Файерҳоул	فایرهول
Ваннон	وانون
Лейк Траҳлита	لیک تراهلیا
Свифткаррент	سویفت کارنت
Латфуссен	لاتفوسن
Грейт Миссури	گریت میسوری
Мантаюпан	مانتایوپن
Баррон	بارون
Абердин	آبردین
Виндов	ویندو
Принсес	پرنسس
Агайя Гангай	آگایا گانگای
Толман Вест	تالمن وست
Асбестос	آسبستوس
Бердин	بردین
Ҳемлок	هملوک
Шаршараи Литтл	آبشار لیدل
Катаракт	کاتاراکت
Ҷагала	جاگالا
Шаршараи	آبشار تلهار
Черчил	چرچیل
Вотервил	واترویل
Блумфилд	بلوم فیلد
Пурва	پوروا
Мултномаҳ	مالتنومه
Волкер	والکر
Дудҳсагар	دودهساگار
Кресент	کرسنت
Куаррӣ	کواری
Кейла	کیلا
Грин Лейк	گرین لیک
Каледонииа	کالدونیا
Килиюр	کیلیور
Ловер Санаториум	لور سانتوریوم
Апер Комет	آپر کامت
Фифти Роад Каскейд	فیفتی رود کاسکید
Оверлендер	اورلاندر
Ибор	ابور
Диллон	دیلان
Александра	الکساندرا
Каертур	کائتور
Муррей	مورای
Ҳеритейҷ	هریتیج
Минйон	مینیون
Раван	راوان
Анкастер	آنکاستر
Метлако	متلاکو
Часм	چاسم
Фелкер	فلکر
Чачай	چاچای
Санагҳангара	ساناقگرا
Паларувӣ	پالارووی
Истатое	ایستاتو
Миллстрим	میل‌استریم
Нуксак	نوکسک
Форсе	فورس
Рейнбоу	رینبو
Ирупу	ایروپو
Баркана	بارکانا
Турнер	ترنر
Шаршараи Тевиот	آبشارتیویوت
Туллӣ	تالی
Каним	کانیم
Сай Йок	سای یوک
Кунчикал	کونچیکال
Кантербурӣ	کانتربری
Бейкер	باکر
Тинуй-ан	تینوی-آن
Стаҳайсфоссен	استالیم فوسن
Тролҳаттан	ترولهتن
Апер Твин	آپر توین
Ҳай	های
Пикара	پیکارا
Ҷуронг	جورنگ
Сетрок	ستراک
Игл	ایگل
Ҳука	هوکا
Митчел	میتچال
Бургес	بورگس
Ҳидден	هایدن
Валасте Ҷуга	والاست جوگا
Ройал Арч Каскейд	رویال آرچ کاسکید
Кумера	کومرا
Фиш Крик	فیش کریک
Карловско Праскало	کارلوسکو پراسکالو
Леҳамит	لهامیت
Понд	پوند
Апер Санаториум	آپر ساناتوریوم
Трипл	تریپل
Шавер	شیور
Атираппиллӣ	آثیراپیلی
Фантастик	فنتستیک
Боу	باو
Ван Трамп	وان تریومپ
Спринг	اسپرینگ
Оттер	اوتر
Апер Меса	آپر مزا
Ноҳснгисианг	نوهسن‌گیتهیانگ
Симилкамин	سیمیل‌کامین
Бонударӣ	باندری
Умпҳанг Сю	اومفانگ سو
Ел-Урит	ال اوریت
Ридҷ	ریدگ
Сент Анне	سنت آنه
Шаршараҳои	آبشار‌ های
Денлоу	دنلو
Веттисфоссен	وتیسفوسن
Крик	کریک
Ҳелтон Крик	هلتون کریک
Малетсюане	مالتسونیان
Дассам	داسام
Мазама	مازاما
Апер Каскейдс	آپر کسکیدز
Таҳкуаменон	تاکوامنون
Невада	نوادا
Амикалола	آمیکالولا
Ла Фортуна	لا فورتونا
Викс	ویک
Гумулаҳра	گومولاهرا
Твистер	تویستر
Апер Вайтвотер	آپر وایت واتر
Тинкиссо	تینکیسو
Шиванасамудра	شیواناسامودرا
Фос Ривер	فوس ریور
Апслӣ	آپسلی
Чедоук	چدوک
Ҳикори Нут	هیکوری نوت
Борер	بارر
Блум Бесин	بلوم بیسین
Гринсвил	گرینسویل
Ҳорстро	هورس تروگ
Моравиан	موراویان
Каутлӣ	کوتلی
Даймент	دایمنت
Айрокуоая	ایروکئوا
Ловер Қанқрӣ	لور قانقری
Снейк	اسنیک
Беки Бренч	بکی برانچ
Шакӣ	شکی
Крик	کریک
Диннер	دینر
Манабезҳо	مانابژو
Кумбаккарай	کومباکارای
Каулдрон Сноут	کولدرون اسنوت
Стивен	استیونز
Астрахан	آستراخان
Сингида	سینگیدا
Архангелск	آرخانگلسک
Аляска	آلاسکا
Фурудгоҳи огдн пуинт	فرودگاه اگدن پوینت
Обшӯрон	آب‌شوران
Осиёи	آناتولی
Арабистон	عربستان
Кола	کولا
Ҳиндучин	هندوچین
Апеннин	شبه‌جزیره
Бистритса	بیستریتسا
Фокшани	فوکشان
Римнику-Вилча	رمنیکو ولچا
Слатина	ستیئا
Тирговиште	تیرگوویشته
Дева	دوا
Пьятра-Нямтс	پیاترا نئم
Васлуй	وزلو
Меркуря-Чук	میرکورا چو
Алба-Юлия	البا لولیا
Сфинту-Георге	سفنتو گئورگه
Решитса	رشیتسا
Малакка	ملاکا
Миёна	میانه
Марказӣ	مرکز
араб	عرب
Африқои	آفریقا
Наздик	نزدیک
Қафқоз	قفقاز
Чин	چین
Шом	شام
Кишварҳои пасошӯравӣ	کشورهای پساشوروی
Шарқӣ	شرق
Шимолӣ	شمال
Ғарбӣ	غرب
Балучистон	بلوچستان
Вестенд	وشتند
Халензе	هالنزه
Бисдорф	بیسدورف
Карлсҳорст	کارلسهورشت
Вилмерсдорф	ویلمرسدرف
Шарлоттенбург	شارلوتنبورگ
Гропиусштадт	گروپیوسشتادت
Бритс	بریتس
Букков	بوکوو
Алт-Ҳоэншёнҳаузен	الت-شوهینزن
Руммелсбург	روملسبورگ
Шарлоттенбург-Норд	شارلوتنبورگ-نورد
Шмаргендорф	شمارگندورف
Фалкенберг	فالکنبرگ
Фридрихсхайн	فریدرایشسهاین
Фридрихсфелде	فریدرایشسفلده
Малхов	مالشوو
Мартсан	مارتسان
Веддинг	ودینگ
Лихтенберг	لایشتنبرگ
Кройтсберг	کرویتسبرگ
Феннпфул	فنپفوهل
Гезундбруннен	گزوندبرونن
Рудов	رودوو
Ҳеллерсдорф	هلرسدورف
Бух	بوخ
Ҳанзафиртел	هانزافیرتل
Малсдорф	مالسدورف
Бланкенфелде	بلانکنفلده
Вартенберг	وارتنبرگ
Тиргартен	تیرگارتن
Франтсёзиш-Бухҳолтс	فرانتسوزیش بوخهولتس
Нойкёлн	نویکولن
Бланкенбург	بلانکنبورگ
Моабит	موابیت
Кобоко	کوبوکو
Шлбурн ревир	شلبورن ریور
мис	مس
Вопити ревир	واپیتی ریور
Крик	کریک
гурк	گورک
Винолупу	وینالوپو
Клино	کلینا
Дд ревир	دد ریور
Тидниш ревир	تیدنیش ریور
момр	مامر
Кавери	کاوری
Вошенгтун чнл	واشینگتن چنل
Трояны	ترویانی
Скербешув	سکیربیشوو
Коньсковоля	کونسکوولا
Бохотнитса	بوخوتنیتسا
Ню-Мексико	نیومکزیکو
Иллинойс	ایلی‌نوی
Массачусетс	ماساچوست
Пенсилвания	پنسیلوانیا
Каролинаи Ҷанубӣ	کارولینای جنوبی
Ню-Йорк	نیویورک
Индиана	ایندیانا
Вашингтон	واشینگتن
Техас	تگزاس
Алабама	آلاباما
Миссури	میزوری
Мэн	مین
Ню-Ҷерси	نیوجرسی
Неброско	نبراسکا
Род-Айленд	رود آیلند
Айова	آیووا
Дакотаи Ҷанубӣ	داکوتای جنوبی
Оклахома	اکلاهما
Калифорния	کالیفرنیا
Аризона	آریزونا
Оҳайо	اوهایو
Висконсин	ویسکانسین
Орегон	اورگن
Монтана	مونتانا
Колорадо	کلرادو
Айдаҳо	آیداهو
Аляска	آلاسکا
Шимолӣ	شمالی
Ғарбӣ	غربی
Вайоминг	وایومینگ
Флорида	فلوریدا
Миннесота	مینه‌سوتا
Делавэр	دلاویر
Вирҷиния	ویرجینیا
Луизиана	لوئیزیانا
Невада	نوادا
Кентукки	کنتاکی
Мичиган	میشیگان
Вермонт	ورمونت
Мэриленд	مریلند
Канзас	کانزاس
Теннессӣ	تنسی
Ню-Ҳэмпшир	نیوهمپشایر
Юта	یوتا
Ҳавайӣ	هاوائی
Шимолӣ	شمالی
Федченко	فدچنکو
Марказ ҳаво ригг	مرکز هوایی ریگگ
Фурудгоҳи ҷондокут	فرودگاه جانداکوت
Ғарб	غرب
Имороти Арабӣ	امارات عربی
Сиерра Леоне	سیرالئون
Таиланд	تایلند
Венесуэла	ونزوئلا
Алҷазоир	الجزایر
Гвинея Бисау	گینه بیسائو
Тунис	تونس
Африқои Ҷанубӣ	آفریقای جنوبی
Гвинея	گینه
Гайана	گویان
Покистон	پاکستان
дудмони Минг	دودمان مینگ
Яман	یمن
Ҳондурас	هندوراس
Экуадор	اکوادور
Нигерия	نیجریه
Монтенегро	مونته‌نگرو
Ветнам	ویتنام
Лубнон	لبنان
Гамбия	گامبیا
Кения	کنیا
Гуатемала	گواتمالا
Ироқ	عراق
Сенегал	سنگال
Того	توگو
Перу	پرو
Сумолӣ	سومالی
Камерун	کامرون
Ҷибути	جیبوتی
Либерия	لیبریا
Руминия	رومانی
Мавритания	موریتانی
Панама	پاناما
Банглодеш	بنگلادش
Уругуай	اروگوئه
Никарагуа	نیکاراگوئه
Бенин	بنین
Либия	لیبی
Салвадор	السالوادور
Мянма	میانمار
Кот-д'Ивуар	ساحل
Арабистони Саудӣ	عربستان سعودی
Гвинеяи Истивоӣ	گینه استوایی
Иордания	اردن
Танзания	تانزانیا
Кувайт	کویت
Босния ва Ҳерсеговина	بوسنی و هرزگوین
Эритрея	اریتره
Малайзия	مالزی
Намибия	نامیبیا
Ғано	غنا
Марокаш	مراکش
Эрон	ایران
Конго	کنگو
Ил-де-Франс	ایل-دو-فرانس
Гранд-Эст	گرانت است
Монторо-Инфероре	مونتورو اینفریوره
Монторо-Супериоре	مونتورو سوپریوره
Шарқӣ	شرقی
Проспект	پراسپکت
Босфор	بسفر
Беринг	برینگ
Бобулмандаб	باب‌المندب
Дриппинг Спрингс	دریپینگ اسپرینگ
Минтақаи Боҳемиаи Ҷанубӣ	منطقه بوهمی جنوبی
Гус-Хрусталний	گوس-خروستالنی
Бари	باری
Неапол	ناپل
Порс	پیش از اسلام
Торкӣ	تورکی
Лутон	لوتن
Акаа	اکاء
Ғиждувон	غجدوان
Чимбой	چیمبای،
Қунғирот, Узбакистон	قونغیرات، ازبکستان
Флурер	فلوریر
Шипстон-он-Стор	شیپستون-آن-استور
Багром	بگرام
Бриндисӣ	بریندیسی
Гуардия-Ломбарди	گواردیا لومباردی
Консетт	کونست
Гӯруғли	تخته
Челак	چلک
Берунӣ	بیرونی
Аваруа	آواروآ
Биран	بیرن
Балх	بلخ
Валкеакоски	والکیاکوسکی
Хужайли	خوجایلی،
Шуманай	شومنی
Хонқа	خانقا،
Аяс	ایگائه
Хел	خیل
Москва	ماسکوا
Кастрис	کاستریس
Гагра	گاگرا
Бод-Вилдунген	باد ویلدونگن
Атертон	آترتن،
Мата-Уту	ماتا-اوتو
Эпсум	اپسم
Рига	ریگا
Бискай	بیسکای
Гвинея	گینه
Гданск	گدانسک
Бобу-с-сағир	باب‌الصغیر
Кашмир	کشمیر
Биқоъ	بقاع
Муздалифа	مزدلفه
дараи Панҷшер	دره پنجشیر
Қаротегин	قراتکین
Фарғона	فرغانه
Дараи Ҳодсун	دره هادسون
Водии Марг	دث ولی
Ҳисор	حصار
Об	اب
Индус	سند
чрно	چرنا
Пасиг	پاسیگ
Ғурбанд	غوربند
дил	دیل
Лувгар	لوگر
Нжорко	نژارکا
Аргун	آرگون
орохус	آراخوس
Конго	کنگو
Дарёи	دجله
Анадир	آنادیر
Воит орнтс	وایت ارنتس
Годавари	گوداواری
овиот	اویات
Уз	اوز،
Шируинто	شیروینتا
дрнитсо	درنیتسا
Толочулитно Ривер	تالاچولیتنا ریور
оргун	آرگون
Димл	دیمل
сучиотҳ	سوچیاته
Брозу ревир	برازو ریور
Иосничко	یاسنیچکا
Атрак	اترک
хоркиф	خارکیف
остуднитсо	استودنیتسا
Йешилирмак	یشیل‌ایرماق
Дарёи	دور
брош крик	براش کریک
Мӯр ревир	مور ریور
Лисуорто	لیسوارتا
Овдҳ	اوده
Втрнитсо	وترنیتسا
Дил ревир	دیل ریور
Йерма	یرما
длис	دلیس
волдюио	والدیویا
Ревир виск	ریور ویسک
Хонобод	خان‌آباد
Иорчино	یارچینا
глофкус	گلافکوس
Рзов	رزاو
окопунто	آکاپونتا
Литл толопусо ревир	لیتل تالاپوسا ریور
Дчонско бистрико	دچانسکا بیستریکا
Ҳаркер Ран	هارکر ران
Крукд крик	کروکد کریک
крион	کریان
Рсовчино	رساوچینا
Нготиово ревир	نگاتیاوا ریور
сит	ستی
Ревир лмун	ریور لمون
Истел‌вотр ревир	استیل‌واتر ریور
Плизонт ревир	پلیزانت ریور
Витс ревир	ویتس ریور
Оспут @рондн	اسپوت ران
фиронсес ревир	فرانسیس ریور
Ғазнӣ	غزنی
Кобул	کابل
моеҳвлҳ	مائوله
Вилюй	ویلیوی
Кара	کارا
тсно	تسنا
Висла	ویستولا
Карун	کارون
Псоу	پسو
Лотуричо	لاتوریچا
Ом	اوم
дарӯн	درون
Шуортсо	شوارتسا
Оштур	اشتور
Випр	ویپر
олонд	آلاند
Пчко бистритсо	پچکا بیستریتسا
оржонс	ارژانس
троизн	ترایزن
зурогт	زوراگت
Полмр ревир	پالمر ریور
Кунунг крик	کونونگ کریک
труиир	تروییر
бокр	باکر
мупон	موپان
Кон	کانش
Остер	اوستر
Орк	آرک
Сан-Марино	سان مارینو
Српнтоин ревир	سرپنتاین ریور
Ревир подл	ریور پادل
Рзов	رزاو
Кофарниҳон	کافرنهان
кошинко	کاشینکا
лпбури	لپبوری
Ревир комк	ریور کامک
Онюнз	آنیونز
Лугумир	لوگومیر
Кубршнитсо	کوبرشنیتسا
Сус поро ревир	سوث پارا ریور
Яғноб	یغناب
точиро	تاچیرا
Оклутно ревир	اکلوتنا ریور
Осуолио	اسوالیا
Билак ревир	بلک ریور
боту поҳот	باتو پاهات
Будувор	بودووار
Куррам	کورم
Билак ревир	بلک ریور
Оист фурк литл ревир	ایست فورک لیتل ریور
Кнуонгу крик	کنوانگو کریک
Крукд ревир	کروکد ریور
Коробост ревир	کاراباست ریور
Ҳоркр крик	هارکر کریک
Дг крик	دگ کریک
моҳуронги	ماهورانگی
оипсуич	ایپسویچ
Мнисти ревир	منیستی ریور
Ревир киндр	ریور کیندر
Вир ревир	ویر ریور
моҳа	ماهه
Поин крик	پاین کریک
Куинопокст ревир	کویناپاکست ریور
Спулго ревир	سپولگا ریور
Шорк ревир	شارک ریور
Сулфур ревир	سولفور ریور
Йенисеи	ینی‌سئی
Дунай	دانوب
Волга	ولگا
Ҳуаи	هوای
домҳ	دامه
Лех	لش
Тумен	تومن
Воит дарен	وایت درین
вюр	ویور
лоб	لاب
Янгтсе	یانگ‌تسه
Мокол ревир	ماکال ریور
лу	لو
Сонкоро	سانکارا
Випр	ویپر
жимун	ژیمون
Гвадалквивир	گوادلکیویر
врҳ	وره
Арас	ارس
Осӣ	عاصی
торкулс	تارکولس
маро	مرا
Ҳаи	های
оингури	اینگوری
Ҳудсун	هادسون
Ҳий ревир	هی ریور
Лена	لنا
тиосмин	تیاسمین
Литонӣ	لیتانی
ору	ارو
овдун	اودون
Дирбин крик	دیربین کریک
Овиин	اویین
сиро	سیرا
Ролио	رالیا
Гозурон	رود
Сефид Руд	سفیدرود
оиш	آیش
Осмуки ревир	اسموکی ریور
дубно	دوبنا
Дшко ревир	دشکا ریور
пусто	پوستا
мркис	مرکیس
Кисуко	کیسوکا
кутро	کوترا
лим	لیمای
гружо	گروژا
судст	سودست
Крс-ор	کرس-ار
Остудуо	استودوا
Билак орнтс	بلک ارنتس
пулист	پولیست
Гранде де Сантяго	گرانده د سانتیاگو
оитото	ایتاتا
овио	آویا
Гургонрӯд	گرگان‌رود
прчко	پرچکا
Томново	تامناوا
Чик	چیک
куру	کورو
Нили Сафед	نیل سفید
Поюнир ревир	پایونیر ریور
Кнингтн острим	کنینگتن استریم
Кунчу ревир	کونچو ریور
Бруглн ревир	بروگلن ریور
Ҳаркерз Ран	هارکرز ران
Пидл брук	پیدل بروک
Лоитл крик	لایتل کریک
Куикҳ‌чон ревир	کویکه‌چان ریور
Мксоҳоло крик	مکساهالا کریک
Силур крик	سیلور کریک
Викри крик	ویکری کریک
Вингҳом ревир	وینگهام ریور
Ринзо	رینزا
Амударё	آمودریا
Днепр	دنیپر
миро	میرا
Нуижс	نویژس
сокморо	ساکمارا
Тобол	توبول
Чао Прая	چائو فرایا
Колубара	کلوبارا
олконторо	آلکانتارا
Бтл ревир	بتل ریور
Визҳ	ویزه
олин	آلن
Солтзо	زالتسا
Иртйш	ایرتیش
псл	پسل
бокуи	باکوی
виспр	ویسپر
се	سه
друт	دروت
срю	سریو
Орнун	ارنون
Ангал‌бргр меомадӣ	انگل‌برگر آ
Оинрстҳ	اینرسته
Ҷайҳун	سیهان
овтово	اوتاوا
мулионко	مولیانکا
Могро	ماگرا
Овуоч	اوواچ
Ревир ловтр	ریور لاوتر
Оизул	ایزول
иоблонитсо	یابلانیتسا
чулишмн	چولیشمن
волдоико	والدایکا
клру	کلرو
овбшо	اوبشا
ногоро	ناگارا
Тортору-конол‌бионку-пу дий луонтҳ	تارتارو-کانال‌بیانکو-پو دی لوانته
Орник	ارنیک
Кононоскис ревир	کاناناسکیس ریور
тулко	تولکا
Мустунго	موستونگا
Ирнист ревир	ارنست ریور
Билак‌лик крик	بلک‌لیک کریک
Брндуоин крик	برندواین کریک
Вимро ревир	ویمرا ریور
Рузнски лу	روزنسکی لوم
Кнуогу крик	کنواگو کریک
Кумро ревир	کومرا ریور
Литл поро ревир	لیتل پارا ریور
Мийл крик	میل کریک
Флпс крик	فلپس کریک
Рок ревир	راکی ریور
Ревир оскирфр	ریور اسکیرفر
Воит‌ҳол доик	وایت‌هال دایک
моҳуронги	ماهورانگی
Нид	نید
муров ҷанубе	موراوای جنوبی
Динкл	دینکل
Абакан	آباکان
бистритсио	بیستریتسیا
Тоглиомнту	تاگلیامنتو
бҳодро	بهادرا
Ингулетс	اینگولت
куеҳнун	کوئنون
Темза	تیمز
Фурот	فرات
Кришна	کریشنا
Солат рюр	سالت ریور
Клутино ревир	کلوتینا ریور
Ангара	آنگارا
Огу	آگو
Онопу	آناپو
тнрю	تنریو
Алдан	آلدان
Кник ревир	کنیک ریور
Муртс	مورتس
Ривер	ریور
Ҳан	هان
Мтуиҳ	متویه
Буврун	بوورون
Литл сюту ревир	لیتل سیوتو ریور
Овию	اوییو
Гоеҳвло	گائولا
Билак ревир	بلک ریور
шуо	شوآ
Ҳари Руд	هری‌رود
Детина	جتینیا
ҳнҳ	هنه
Нро	نرا
бсбр	بسبر
суло	سولا
ҷло	جلا
сокоеҳҳ кронг	ساکائه کرانگ
тусно	توسنا
Мзимто ревир	مزیمتا ریور
Ревир нид	ریور نید
Сулдр	سولدر
Рдухонҳ пошо	ردوخانه پاشا
Гулииско муровитсо	گولییسکا موراویتسا
овхто	اوختا
Нодло	نادلا
Дрогувиштико	دراگوویشتیکا
Луиолсок крик	لویالساک کریک
Ванҷ	ونج
Билак ревир	بلک ریور
Илу ревир	یلو ریور
Котовисо крик	کاتاویسا کریک
Проспкт ревир	پراسپکت ریور
Фронсун	فرانسون
Блок ревир	بلاک ریور
Вилс крик	ویلس کریک
Куколику крик	کوکالیکو کریک
Пиксҳул вотр	پیکسهول واتر
Онтуногун ревир	انتوناگون ریور
Хонақоҳ	خانقاه
Литл мисисипи ревир	لیتل میسیسیپی ریور
Нурс ревир	نورث ریور
Острудуотр ревир	استرودواتر ریور
Тирӣ ревир	تری ریور
Иоҳотс ревир	یاهاتس ریور
Проспкт крик	پراسپکت کریک
ҷрбриҷ	جربریج
Селенга	سلنگا
Бюр ревир	بیور ریور
Панҷ	پنج
Доду ревир	دادو ریور
Нил	نیل
Вичегда	ویچگدا
Дарёи	میندر
Шпрее	شپری
Сакаря	ساکاریا
уҳм	اهم
Тулнзҳ	تولنزه
Зарафшон	زرافشان
Овркло	اورکلا
мдудитсо	مدودیتسا
Тончеҳвн	تانچئون
бийк	بیک
Си	سی
мижо	میژا
кринисус	کرینیسوس
сюл	سیول
Козон ревир	کازان ریور
Аличур	غند
Брнсоид ревир	برنساید ریور
Иллинойс	ایلی‌نوی
корюн	کاریون
Юро	یورا
Вятка	ویاتکا
овб	اوب
ослуч	اسلوچ
ииҳ	ییه
Овинус	اوینوس
воидо	وایدا
Рднитс	ردنیتس
Ревир ду	ریور دو
Ревир туис	ریور تویس
Купо	کوپا
Лув	لوو
Си	سی
плюсо	پلیوسا
овур	اوور
Кем	کم
Рею миню	ریو مینیو
брзоико	برزایکا
Томбу ревир	تامبو ریور
Сорстун ревир	سارستون ریور
рсово	رساوا
бийк	بیک
Мрж	مرژ
пруодио	پروادیا
сизор	سزار
Исфара	اسفره
Билак ревир	بلک ریور
Фур ҳул сумп	فور هول سومپ
кумо	کما
Юстдуло	یوستدولا
Кормл ревир	کارمل ریور
рдо	ردا
Ревир дур, кунт	ریور دور، کنت
Гриноф ревир	گریناف ریور
Чикс крик	چیکس کریک
Литл осмуки ревир	لیتل اسموکی ریور
Мунтреҳол ревир	مونترئال ریور
Сус дндлуп ревир	سوث دندلوپ ریور
Моҳунинг крик	ماهونینگ کریک
Поҳик крик	پاهیک کریک
Хулм	خلم
Кишвауки Ривер	کشواوکه ریور
Пртич ревир	پرتیچ ریور
мӯр	موری
Брук острим	بروک استریم
Элок	ایلاک
Гомбиё	گامبیا
Водла	ودلا
Оибоисобол	ایبایسابال
Вахш	سرخ
Взнитс	وزنیتس
Анабар	انبار
моҳуронги	ماهورانگی
Гординр курк	گاردینر کرک
оимҷин	ایمجین
Слтс	سلتس
Лпнок	لپناک
нрудимко	نرودیمکا
Ҳуанг Ҳе	هوانگ هو
буеҳш	بوئش
Нева	نوا
ревир	ریور
рошко	راشکا
Капуас	کاپواس
осуго	اسوگا
Овнюн	اونیون
Пинт крик	پینت کریک
Пеарл	پرل
сар	سر
Олум крик	الوم کریک
коеҳвту	کائوتو
морону	مارانو
Лиао	لیائو
Прум	پروم
солҳир	سالهیر
сер	سیر
Миасс	میاس
шуио	شویا
Дарёи Xи	رود شی
Роеҳвт ревир	رائوت ریور
соло	سالا
Трбишнитсо	تربیشنیتسا
Родико	رادیکا
соморо	سامارا
Мулслуо	مولسلوا
ирз	یرز
бсут	بسوت
Ромен	رومن
Искандар	اسکندردریا
Сидр ревир	سیدر ریور
Бишоп крик	بیشاپ کریک
Билак‌вотр ревир	بلک‌واتر ریور
Блонку ревир	بلانکو ریور
Фовл ревир	فاول ریور
Сидр ревир	سیدر ریور
Воит‌вотр доик	وایت‌واتر دایک
Сукорнучҳ ревир	سوکارنوچه ریور
Мдуи ревир	مدوی ریور
Рокинг доик	راکینگ دایک
Соломуни ревир	سالامونی ریور
Ревир болдр	ریور بالدر
оврдж	اوردژ
нимз	نیمز
гулу	گولو
Точншини ревир	تاچنشینی ریور
Гангес	گنگ
ттриф	تتریف
Двинаи	دائوگاوا
овкруил	اوکرویل
Кунар	کونر
Олтс	آلتس
Кизилирмак	قزل‌ایرماق
Сирдарё	سیردریا
мурот	مورات
Хобур	خابور
блс	بلس
Глсн	گولسن
Бартанг	برتنگ
Рубикн ревир	روبیکن ریور
Исет	ایست
Сокобаниска Моравитса	سکوبانیسکا موراویتسا
Дндлуп ревир	دندلوپ ریور
вилтз	ویلتز
сиим	سییم
Лошуо	لاشوا
Нигер	نیجر
Мусо	موسا
Власина	ولاسینا
Бийг билак ревир	بیگ بلک ریور
тӣ	تی
Рею грондҳ	ریو گرانده
токоҳоши	تاکاهاشی
Биго	بیگاچای
Клудничо	کلودنیچا
врутон	وروتان
дуспот	دوسپات
Влко	ولکا
Варзоб'''	ورزاب
Монотҳ ревир	ماناته ریور
Фондарё	فان‌دریا
пуиису	پوییسو
Кунио	کونیا
Игричко	یگریچکا
коеҳвтин	کائوتین
Кана кӯ ревир	کنه کو ریور
ревир	ریور
Билак ревир	بلک ریور
ревир	ریور
Кнуогу крик	کنواگو کریک
Ҳарпер Ривер	هارپر ریور
Куииомҳ ревир	کوییامه ریور
Ҳоркр крик	هارکر کریک
Ҳот ревир	هات ریور
Куобуг ревир	کوابوگ ریور
Остикс ревир	استیکس ریور
Литл чуктовочҳ ревир	لیتل چوکتاواچه ریور
Тод брук	تاد بروک
Литл врир ревир	لیتل وریر ریور
Бронкс	برانکس
Манҳэттен	منهتن
Куинс	کویینز
Сиди Бу Саид	سیدی بوسعید
Қромболия	قرمبالیه
Аретсо	آرتزو
Бошқирдистон	باشقیرستان
Тува	تووا
Чеченистон	چچن
Доғистон	داغستان
Карелия	کارلیا
Қалмиқистон	قالموقستان
Африқо	آفریقا
Ғассониён	غسانیان
Пойгоҳи Нерӯи Ҳавоии Шеппард	پایگاه نیروی هوایی شپپرد
Пойгоҳи нерӯе ҳаво ҳолумн	پایگاه نیروی هوایی هالومن
Пойгоҳи ҳавоӣ дсимумону	پایگاه هوایی دسیمومانو
Пойгоҳи ҳавоии Пенсакола	پایگاه هوایی پنسکوولا
Маҷуро	ماجورو
Маҷуро	ماجورو
Штутгарт	اشتوتگارت
Итерзен	یوترسن
Кемберг	کمبرگ
Камен	کامن
Бершинг	برشینگ
Ҳерсогенаурах	هرتسوگن‌آوراخ
Ҳюрт	هورت
Гурӣ	گوری
Тситсомурӣ	تسیتساموری
Дилтои Нил	دلتای نیل
Пороно дилто	پارانا دلتا
Айеяруади	رود
Салуэн	سالوین
Амур	آمور
Меконг	مکونگ
Шербинка	شچربینکا
Арбат	آربات
Оқсӣ	اکسی
Лайлак	لیلک
Тӯп	توپ
Қадамҷой	قدم‌جای
Бозор-Қӯрғон	بازارقرغون
Ало-Буқа	الا-بوکا
Бодканд	بادکند
Сӯзак	سوزک
ноҳияи Ишкошим	ناحیه اشکاشم
ноҳияи Ваҳдат	ناحیه وحدت
ноҳияи Данғара	ناحیه دنغره
Ноҳияи Қубодиён	ناحیه قبادیان
ноҳияи Айнӣ	ناحیه عینی
ноҳияи Шуғнон	ناحیه شغنان
ноҳияи Шаҳринав	ناحیه شهر نو
Ноҳияи Дӯстӣ	ناحیه جیلی‌کول
ноҳияи Шоҳин	ناحیه شورا
Ноҳияи Носири Хусрав	ناحیه ناصرخسرو
ноҳияи Фархор	ناحیه فرخار
ноҳияи Конибодом	ناحیه کان بادام
ноҳияи Рӯдакӣ	ناحیه رودکی
Ноҳияи Шаҳристон	ناحیه شهرستان
Ноҳияи Исфара	ناحیه اسفره
ноҳияи Роғун	ناحیه راغون
ноҳияи Ҷомӣ	ناحیه جامی
ноҳияи Темурмалик	ناحیه تیمورملک
ноҳияи Кӯлоб	ناحیه کولاب
Ноҳияи Зафаробод	ناحیه ظفرآباد
ноҳияи Нуробод	ناحیه نورآباد
Ноҳияи Варзоб	ناحیه ورزاب
ноҳияи Панҷакент	ناحیه پنجکنت
ноҳияи Ҳисор	ناحیه حصار
ноҳияи Балҷувон	ناحیه بلجوان
ноҳияи Роштқалъа	ناحیه راشت‌قلعه
Ноҳияи Панҷ	ناحیه پنج
ноҳияи Деваштич	ناحیه غانچی
ноҳияи Дарвоз	ناحیه درواز
ноҳияи Тоҷикобод	ناحیه تاجیک‌آباد
ноҳияи Рашт	ناحیه رشت
ноҳияи	ناحیه
ноҳияи Ховалинг	ناحیه خاولنگ
ноҳияи Мӯъминобод	ناحیه مؤمن‌آباد
Ноҳияи Спитаман	ناحیه اسپیتمن
Ноҳияи Вахш	ناحیه وخش
ноҳияи Ашт	ناحیه اشت
Ноҳияи Мурғоб	ناحیه مرغاب
Ноҳияи Сарбанд	ناحیه سربند
ноҳияи Ҷайҳун	ناحیه قوم‌سنگیر
ноҳияи Файзобод	ناحیه فیض‌آباد
ноҳияи Рӯшон	ناحیه روشان
ноҳияи Кӯҳистони Масчо	ناحیه کوهستان مست‌چاه
Ноҳияи Шаҳритус	ناحیه شهر توس
ноҳияи Кушониён	ناحیه باختر
Ноҳияи Сангвор	ناحیه طویل‌دره
ноҳияи Масчо	ناحیه مست‌چاه
Ноҳияи Турсунзода	ناحیه تورسون‌زاده
Ноҳияи Лахш	ناحیه جرگه‌تال
Ноҳияи Ванҷ	ناحیه ونج
Ноҳияи Норак	ناحیه نارک
ноҳияи Ҳамадонӣ	ناحیه همدانی
ноҳияи Восеъ	ناحیه واسع
Калисои Русия	کلیسای روسی
Калисои Руминия	کلیسای رومانی
Калисои ортодоксии Искандария	کلیسای ارتدکس اسکندریه
Калисои ортодоксии Булғористон	کلیسای ارتدکس بلغارستان
Калисои ортодоксии Антокия	کلیسای ارتدکس انطاکیه
Бишоп	بیشاپ
Абрешим	ابریشم
Ла-Пампа	لا پامپا
Чако	چاکو
Формоса	فرموزا
Сантяго-дел-Эстеро	سانتیاگو دل استرو
Неукен	نئوکن
Мендоса	مندوزا
Тукуман	توکومان
Салта	سالتا
Санта-Фе	سانتا فه
Оташӣ	ایالت
Сан-Луис	سان لوئیز
Корриентес	کورینتس
Рио-Негро	ریو نگرو
Ла-Риоха	لاریوخا
Кордова	کوردوبا
Энтре-Риос	انتره ریوز
Жужуй	خوخوی
Катамарка	کاتامارکا
Чубут	چوبوت
Санта-Крус	سانتا کروس
Сан-Хуан	سن خوآن
Мисионес	میسیونز
Магадан	ماگادان
Игарка	ایگارکا
Туапсе	تواپسه
Николаевск-на-Амуре	نیکلایفسک-نا-آموره
Мезен	مزن
Висотск	ویسوتسک
Сент-Ҷонс	سینت
Темрюк	تمریوک
миллии Тоҷикистон	ملی پامیر
Ангиля	آنگویلا
Пудучерӣ	پودوچری
Ондомон ва Некӯбор	آندامان و نیکوبار
Локшодвип	لاکشادویپ
Ҳаврон	حوران
Қафқози Бузург	قفقاز بزرگ
Албурз	البرز
Рила	ریلا
Аппалачи	آپالیشین
Язғулом	یازگولم
Кӯҳҳои Атлас	کوه‌های اطلس
Апеннин	آپننینی
Қафқоз	قفقاز
Байкал	بایکال
Пиреней	پیرنه
Ҳисору-Олой	حصار-آلای
Кӯҳҳои Урал	کوه‌های اورال
Ҳисор	حصار
Помиру-Олой	پامیر-آلای
Академияи Фанҳо	آکادمی علوم
Қурама	قوراما
Помир	پامیر
Туркистон	ترکستان
Ҳимолой	هیمالیا
Алп	آلپ
Боботоғ	باباداغ
Зарафшон	زرافشان
Пётри Якум	پتر یکم
Омӯзишгоҳ нерӯе ҳаво дундигул	آموزشگاه نیروی هوایی دوندیگول
Кусавлисой	کوساولسای
Оскунтно ревир	اسکونتنا ریور
Литл суситно ревир	لیتل سوسیتنا ریور
Толкитно ревир	تالکیتنا ریور
Чопавамсик Крик	چوپاوامسیک کریک
Нскопк крик	نسکاپک کریک
Шип Ривер	شیپ ریور
Ҳайвуд Ривер	های‌وود ریور
птрус	پتروس
Дификолт @рондн	دیفیکالت ران
Путумк крик	پوتومک کریک
ворк	وارک
Фурудгоҳи потрют ҳилз	فرودگاه پاتریوت هیلز
Ҳикмати	تئوسوفی
Антропософия	انسانی
Мидленди Ғарбӣ	میدلند غربی
Ғарбӣ	غربی
Шарқи Ингилистон	شرقی انگلستان
Мидленди Шарқӣ	میدلند شرقی
Шарқи Ингилистон	شرقی انگلستان
Бахши Пешовар	بخش پیشاور
Равалпиндӣ	راولپندی
Бахши Сабӣ	بخش سبی
Бахши Балтистон	بخش بلتستان
Бахши Ҳайдаробод	بخش حیدرآباد
бахши Банну	بخش بنو
Бахши Мирпур	بخش میرپور
Бахши Музаффаробод	بخش مظفرآباد
Бахши Ҳазора	بخش هزاره
Бахши Куҳот	بخش کوهات
Бахши Дар Ғозихон	بخش دیر غازی خان
Бахши Макрон	بخش مکران
Бахши Файзулобод	بخش فیصل‌آباد
Бахши Насиробод	بخش نصیرآباد
Бахши Мултон	بخش مولتان
Бахши Карочӣ	بخش کراچی
Бахши Баҳоулпур	بخش بهاولپور
Бахши Соргудҳо	بخش سارگودها
Бахши Банбур	بخش بنبور
Бахши шаҳид Биназиробод	بخش شهید بی‌نظیرآباد
Бахши Мардон	بخش مردان
Бахши Дар Исмоилхон	بخش دیر اسماعیل خان
Бахши Чунч	بخش پونچ
Бахши Милоканд	بخش ملاکند
Бахши Куъта	بخش کوئته
Бахши Соҳивол	بخش ساهیوال
Бахши Лоркона	بخش لارکانه
Бахши Калот	بخش کلات
Бахши Жуб	بخش ژوب
Ал-Бутнон	بطنان
Ал-Ҷифора	الجفاره
Нуқат ал Хамс	نقاط الخمس
Аз-Зовия	زاویه
Марҷ	مرج
Дарнаҳ	درنه
Налут	نالوت
Мурзуқ	مرزق
Ғат	غات
Мургуб	مرقب
Мисратаҳ	مصراته
Қубаҳ	قبه
Ҷуфра	جفره
Вади ал Шатӣ	وادی‌الشاطئ
Ал Ҷабал ал Аxдар	الجبل الاخضر
Вади ал	وادی الحیاة
Тарҳуна ва Мсалата	ترهونه و مسلاته
Бунёдкор	بنیادکار
Варзишгоҳи марказии	ورزشگاه پامیر
Чанкири	چانقری
Kирикале	قیریق‌قلعه
Мерсин	مرسین
Сивас	سیواس
Ботмон	باتمان
Карс	قارص
Невшехир	نوشهر
Караман	قرامان
Истанбул	استانبول
Арзанҷон	ارزنجان
Трабзон	ترابزون
Ширнак	شرناق
Одрин	ادرنه
Артвин	آرتوین
Кайсери	قیصریه
Аксарай	آق‌سرای
Денизли	دنیزلی
Коҷаели	قوجاایلی
Ушак	عشاق
Самсун	سامسون
Чорум	چوروم
Одоно	آدانا
Анкара	آنکارا
Иғдир	ایغدیر
Сакария	سقاریه
Ардахан	اردهان
Малатия	ملطیه
Сиирт	استان
Киркларели	قرقلرایلی
Ағри	آغری
Ескишехир	اسکی‌شهر
Бойбурт	بایبورت
Муғла	موغله
Ниғде	نیغده
Текирдағ	تکیرداغ
Испарта	اسپارتا
Токат	توقات
Орду	اردو
Тунчели	تونج‌ایلی
Гюмюшане	گوموش‌خانه
Синоп	سینوپ
Кастамону	قسطمونی
Ризе	ریزه
Дюзче	دوزجه
Афион	افیون
Йузғот	یوزگات
Муш	موش
Бартин	بارتین
устони Мордин	استان ماردین
Бурдур	بوردور
Бурса	بورسا
Кутаҳя	کوتاهیه
Зонгулдак	زونگولداغ
Қаҳрамонмаръаш	قهرمان مرعش
Одиёмон	آدیامان
Шанлиурфа	شانلی‌اورفه
Карабюк	قره‌بوک
Амасия	آماسیه
Хатой	ختای
Элозиғ	الازیغ
Чанаккале	چاناق‌قلعه
Ван	وان
Ялова	یالوا
Битлис	بتلیس
Килис	کیلیس
Kиршехир	قرشهر
Билечик	بیله‌جک
Маниса	مانیسا
Ерзурум	ارزروم
Вилояти Кония	استان
Бингьол	بینگول
Анталия	آنتالیا
Айдин	آیدین
Болу	بولی
Баликесир	بالیکسیر
Усмония	عثمانیه
Ғозиайнтоб	غازی‌عینتاب
Герисун	گره‌سون
Боспияк	بوسپیک
Мосур	ماسور
Мубюж	موبوژ
Монсоро	مونسورو
Рубе	روبه
Салон-де-Прованс	سلون دو پروانس
Версал	ورسای
Сен-Жирон	سن-ژیرون،
Валонс	ولانس،
Севр	سور
Торб	تارب
Мо	مو،
Нёйӣ-сур-Сен	نوی-سور-سن
Сен-Клу	سن کلو
Шинун	شینون
Амбӯз	امبوز
Кламар	کلمر
По	پو
Смилҷон	سمیلجان
Мату Гросу	ماتو گروسو
Пиауи	پیاوی
Параиба	پارائیبا
Риу Гранди ду Норти	ریوگرانده دو نورتی
Жанейро	ژانیرو
Рондония	روندونیا
Гояс	گوییاس
Токантинс	توکانتینس
Рорайма	رورایما
Минас Жерайс	میناس گرایس
Сан Паулу	سائوپائولو
Сеара	سئارا
Пернамбуку	پرنامبوکو
Парана	پارانا
Амапа	آماپا
Амазонас	آمازوناس
Пара	پارا
Мату Гросу ду	ماتوگروسو جنوبی
Баия	باهیا
Санта Катарина	سانتا کاتارینا
Эспириту Санту	اسپیریتو سانتو
Сержипи	سرژیپه
Акри	اکری
Ғарм	غرم
Алапаевск	آلاپیوسک
Шамкир	شمکیر
Унҷӣ	اونجی
Славгород	اسلاوگورود
Сайрам	اسپیجاب
Қӯрғонтеппа	قرغان‌تپه،
Хонобод	خان‌آباد،
Оҳангарон	آهنگران،
Котлас	کوتلاس
Қаро-Болта	قارابالتا،
Ҷаҳонобод,	جهان‌آباد
Қиннасрин	قنسرین
Пулғон	پولگان
Елизово	یلیزوفو
Чуст, Узбакистон	چوست، ازبکستان
Валакиш	ولاکیش
Равот	روات
Талас	تراز،
Далимамадлӣ‎	دلی‌ممدلی
Ҷансугуров	ژانسوگیروف
Пойгоҳи ҳавоӣ милтовн молидн‌бе	پایگاه هوایی میلتاون مال‌بی
Бешкент	باش‌کند
қоимганҷ	قائم‌گنج
Лангар	لنجر
Молалӣ	ملالی
Дошкасан	داش‌کسن
Леваканд	سربند
Лиман	لیمان
Нюхча	نیوخچا
Шеговари	شگوواری
Навобод	نوآباد
Алтон Ҷалоб	التان جلاب
Восточний	ووستوچنیی،
Обикиик	آبیکیک
Разансой	رزن-سای
Архарлӣ	آرقارلی
Ядриха	یادریخا
Лолазор	لاله‌زار
Саёд	صیاد
Мурғоб	مرغاب
Қопал	قاپال
Теректӣ	ترکتی
Афшона	افشانه
Ошибулоқ	آشچی‌بلاغ
Чеда	چیودا
Корвон	کاروان
Сасхори	ساسخوری
Бободархон	بوبویدورخون
Ангот	انگات،
Дашти Барчӣ	دشت برچی
Деҳмалик	ده‌ملک
Чуккат	چوک‌کت
Акичкин Починок	آکیچکین پوچینوک
Гувиндпуро	گویندپورا،
Қаротуриқ	قره‌توریق
Чорбоғ	چهارباغ
Меҳробод	گم‌بلاغ
Лучоб	لوچاب
Тоҷикобод	تاجیک‌آباد
Гули Сурх	گل سرخ
Боло	بالا
Навгилем	نوگلیم
Аскалон	اسکلان
Кашкандив	کشکندیو
Зайнабобод	زینب‌آباد
Турдиев	توردیف
Гозхон	گزخان
Колхозчиён	کالخازچیان
Косатарош	کاسه‌تراش
Муқур	موکور
Рӯдакӣ	رودکی
Муҷиҳарф	موج حرف
Қизилбайт	قزل-بییت
Шарора	شراره
Сангтуда	سنگ‌توده
Кармана	کرمنه
Айтей	آیتئی
Самат	صمد
Занюхча	زانیوخچا
Қулду	کولدو
Ғӯйтан	غویتان
Кононовская	کونونوفسکایا
Малая Кондратовская	مالایا کوندراتوفسکایا
Навободу	نوآباد،
Пиринем	پیرینم
Зубаревская	زوبارفسکایا
Воскресеновка	ووسکرسنوفکا
Булоқ-Бошӣ	بلاغ‌باشی
Митан	میتن
Тегирмонсой	تگیرمان-سای
Бабаево	بابایفو
Обоян	اوبویان
Пушинг	پوشنگ
Қанд	قانت،
Прилуки	پریلوکی
Ҷубайл	جبیل
Белмопан	بلموپان
Порсиён	پارسیان
Қароча	قراچه
Қарабулоқ	قره‌بلاغ
Қизил-Ота	قزل-آتا
Биласувар	بیله‌سوار
Ҳайдаркон	خایدارقان،
Олот	آلات
Оқ-Сув	اک-سو،
Ҷарканд	ژارکند
Солтейр	سالتایر
Қизил-Кия	قیزیلقیا،
Қаскелен	کاسکلن
Истиқлол	تباشر
Басшӣ	باسشی
Ҳайдаробод	حیدرآباد
Носовская	نوسوفسکایا
Айнӣ	عینی
Ҷанд	جند
Бескӯл	بس‌کول
Пунук	پونوک
Бесқайнар	بسقاینار
Ойнабулоқ	آینه‌بلاغ
Боралдай	بورالدای
Арасан	آراسان
Туғанбой	توغان‌بای
Верхняя Золотитса	ورخنیایا زولوتیتسا
Арғандакон	ارغندکان
Деҳқонобод	دهقان‌آباد
Фурудгоҳи фоголи	فرودگاه فاگالی
Даҳана	دخانا
Дугургунт	دگرگونت
Муғсу	مغ‌سو
Долона	دولونا
Чилҳуҷра	جارکوتان
Сомон	خانقاه
Дижик	دیژیک
Ғиждарва	گیزداروا
Фатмев	فاتومف
Афғонистон	هزارستان
Меҳробод	کمیش‌قرغان
деҳоти	کوکتاش
Қалъаи Сурх	قلعه سرخ
Оққӯрғон	آق‌کورگان
Шогадоев	شاه‌گدایف
Хушекат	خوشیکات
Меҳнатобод	محنت‌آباد
Қаратоғ	قره‌تاق
Патар	پتر
Ошоба	آشابه
Қалаибаланд	قلعه بلند
Бунҷикат	ینگی‌قرغان
Исфисор	اسفسار
Тоғуз-Булоқ	توقوزبلاغ
Боймундуз	بایموندوز
Чимген	چیمگن
Самат	سمات
Кӯйтош	قوی-داش
Ҷиргатол	جرگه-تال
Искодар	ایسکودار
Қӯрғон-Тош	قرغان-تاش
Виставка	ویستاوکا
Ушаково	اوشاکوو
Афлотун	اولتیم
Ручи	روچی
Кӯрп	کورپ
Медведки	مدودکی
Поздишевская	پودزیشفسکایا
Гулобод	گل‌آباد،
Петропавловка	پتروپاولوفکا
Лозовое	لوزوویه
Актай	آکتای
Белоусовка	بلوسوفکا
Ближний Сахалин	بلیژنی ساخالین
Чесноково	چسنوکوو
Корели	کورلی
Бежетск	بژتسک
Ахтубинск	آختوبینسک
Гречи	گرچی،
Паркент, Узбакистон	پارکنت، ازبکستان
Енисейск	ینیسیسک
Задонск	زادونسک
Балгиром	بلگرام
Слюдянка	اسلیودیانکا
Харовск	خاروفسک
Тимашёвск	تیماشیوفسک
Хурдалон	خیردالان
Мартинсӣ	مارتینتسی
Чордара	چهاردره
Булунғур	بلنغور
Сарқанд	سرکند
Чонҷӣ	شونژی
Хистеварз	قسته‌قوز
Чоркӯҳ	چارکوه
Янгиюл	ینی‌یول،
Тескей	تسکی
Анбор	انبار
Бойтарак	بای‌ترک
Фурудгоҳи пос	فرودگاه پاس
Ширяиха	شیریایخا
Губадаг	گوباداغ
Ҷетисой	ژتیسای
Килтса	کیلتسا
Ёвон	یاوان
Вознесене	ووزنسنیه
Погост	پوگوست
Синӣ	سینی
Амондара	امان‌دره
Одиночка	اودینوچکا
Аҷинатеппа	اجینه‌تپه
Оқсенгир	آق‌سنگیر
Лаккон	لکان
Азат	آزاد
Данғара	دنغره
Новопетровка	نووپتروفکا
Навбаҳор	اوزی‌کند
Саймасой	سایماسای
Виемково	ویمکوو
Оқчӣ	اکشای
Бирлик	بیرلیک
Пустош	پوستوش
Оқ-Булоқ	اک-بولاک،
Погост	پوگوست
Баҳор	بهار
Анҷуман	انجمن،
Деҳмой	ده‌مای
Чоре	چور
Чорқишлоқ	چار
Дар-Дар	دردر
Исмоил	اسماعیل
Хуштоири	خاجه توهیر
Гозирон	گازران
Исмоили Сомонӣ	اسماعیل سامانی
Ҳурмӣ	خرمی
Ориён	جربلاغ
Ҷавкандак	جوکندک
Деҳкалон	دهکالون
Сурхоб	سرخاب
Вазит	وزیت
Қизилту	قزل-تو
Чубек	چوبک
Деҳоти	فیض‌آباد
Корез	کاریز
Қирққудуқ	قرقودوک
Панҷи	پایین
Ровут	رویت
Тагоба	تگابه
Алға	الگه
Қатаған	کتگن
Правда	پراودا
Самсолик	سم‌سالیک
Соланг, Афғонистон	سالنگ شمالی
Понғоз	پانگز
Сомониён	ازبک‌قشلاق
Қизилӣ	کیزیلی
Ертула	یرتولا
Суғдиён	تکلی
Ит-Агар	ایت-آگار
Ӯруқта	اروکتو
Торқамиш	تور-قامیش
Қарабоғ	قره‌باغ
Чолдибар	چلدی‌بر
Ромни	رومنی
Кафр Таҳла	کفر طحله
Николск	نیکولسک
Тагана	تگنه
Қаротеппа	قره‌تپه
Иторчи	ایتورچی
Луда	لودا
Қашқасув	قشقا-سو
Кулогора	کولوگورا
Городетск	گورودتسک
Мартаково	مارتاکوو
Малая Нисогора	مالایا نیسوگورا
Вознесеновка	ووزنسنوفکا
Лодигино	لودیگینو
Романкауси	رومانکائوتسی
Сергее-Федоровка	سرگیه-فیودوروفکا
Тахтиалиф	تختیالیف
Зеленокумск	زلنوکومسک
Заводоуковск	زاوودوکوفسک
Дрезна	درزنا
Артёмовск	آرتیوموفسک
Новохопёрск	نووخوپیورسک
Обгаҷ	آب گاج
Тосно	توسنو
Қарокӯл	قاراقول،
Контрада	کونترادا
Сардор	سردار
Тоқтуғул	توقتوغول،
Қаракӯл	قوراقوی
Чорикор	چاریکار
Дятково	دیاتکوفو
Ваҳдат	جرگه‌تال
Китоб, Узбакистон	کیتاب، ازبکستان
Ҷомбой	جام‌بای
Арсланбоб	ارسلان‌باب
Теҷен	تجن
Қалтак	کالتاک
Достиқ	دوستیک
Болдумсоз	بولدوم‌ساز
Дориён	داریان
Ишмурғ	اشمرغ
Бозор-Қӯрғон	بازار-قورغون
Пум	پوم
Қизил-Ункур	قزل-اونکور
Чек	چک
Ӯрозбеков	اروزبکوف
Андреев Починок	آندریف پوچینوک
Зар-Тош	زر-تاش
Лопшенга	لوپشنگا
Валдокуре	والدوکوریه
Чилдара	چهل‌دره
Балҷувон	بلجوان
Рӯшон	روشان
Шинданд	شیندند
Зайсево	زایتسوو
Алға	الگا،
Баскинто	بسكنتا
Ондувҷ	آندوج
Ават	آوات
Федотовская	فدوتوفسکایا
Булоқтӣ	بلاغ‌تی
Оқсу	اکسو،
Айдарлӣ	آیدارلی
Летняя Золотитса	لتنیایا زولوتیتسا
Пономаревская	پونوماریوفسکایا
Аловмайн	الوماین
Ефимово	یفیموو
Кеврола	کورولا
Ҷойдашт	جایدشت
Ҷорф	جارف
Сабристон	فرونزه
Селбур	سلبور
Қазноқ	قزناک
Муҷун	مجم
Вашгирд	ویشگرد
Қароқазон	کاراکون
Султонобод	سلطان‌آباد
Ясман	یسمن
Мирзо Ризо	میرزارضا
Хонобод	خان‌آباد
Падипаст	پادیپست
Зеробод	زاراوات
Коммунизм	کمونیزم
Петиф	پیتیپ
Росровут	راسراووت
Сокан	سوکان
Навдӣ	نوده
Лоҳур	لاهور
Тагоб	تگاب،
Ҳаёти	ینگی‌حیات
Навобод	نوآباد
Вогат	بغات
Чек	چک
Афғон-Тало	افغان-تاله
Қойирма	قئیرمه
Скорюково	سکوریوکوو
Норин	نارین
Дорогорское	دوروگورسکویه
Кӯктонду	کوک‌توندو
Оқ-Қӯрғон	آق‌قرغان
Ваҳдат	میدنشار
Борисоглебка	بوریسوگلبکا
Қӯшработ	کاش‌رباط
Ҷиликӯл	جیلیکل
Нифантовская	نیفانتوفسکایا
Морозовка	موروزوفکا
Петровская	پتروفسکایا
Ключики	کلیوچیکی
Куя	کویا
Преображеновка	پرئوبراژنوفکا
Черновка	چرنوفکا
Фроловка	فرولوفکا
Ясная Поляна	یاسنایا پولیانا
Чарсин	چرخین
Туюқҷар	تویوک-یار
Амурск	آمورسک
Заволжск	زاوولژسک
Зарайск	زارایسک
Газлӣ	گازلی
Южа	یوژا
Балхаш	بالقاش،
Қӯқанд	خوقند
Била Тсерква	بیلا تسرکفا
Оқтош	آقتاش،
Ҳайлигендамм	هایلیگندام
Файзобод	فیض‌آباد
Апрелевка	آپرلفکا
Жердевка	ژردفکا
Адигейск	آدیگیسک
Шофирком	شافیرکان
Бешкент	بشقند
Оқтос	اکتاس
Қайинди	قایینگدی،
Турсунзода	تورسون‌زاده
Алейск	آلیسک
Сариағаш	ساری‌آغاج
Қува	قووا،
Дӯстӣ	دوستی
Ромитан	رامیتان
Алзамай	آلزامای
Зархок	زرخاک
Оқтурпоқ	اک-تارپاک
Олтой	آلتای
Қаражиғоч	قره‌آغاج
Мурғоб	مرغاب
Чаувай	چاووای
Окуловская	اوکولوفسکایا
Тарасиха	تاراسیخا
Шаартуз	شهر توس
Ватамановская	واتامانوفسکایا
Қӯрғон	قرغان
Баҳарден	بهاردن
Фарҳод	فرهاد،
хурд	خورد،
Ластола	لاستولا
Чилгазӣ	چهل‌قاضی
Песок	پسوک
Наволок	ناوولوک
Сув ҳовузи	سوو حووزی
Ингичка	اینگیچکا
Бақбақтӣ	باقباقتی
Кеген	کگن
Дувана	دوونا
Хишрав	هیشراو
Баласаз	بالاساز
Садарак	سدرک
Евгеневка	یوگنیفکا
Мсмна	مومنا
Себистон	سیبستان
Ҳиҷборак	هیجبارک
Далёни Боло	دلیان بالا
Даштигул	دشت گل
40 солагии Тоҷикистон	تاجیکستان
Ғалаба	غلبه
Фарков	فرکو
Ширинчашма	شیرین‌چشمه
Сардоров Отахон	سردارف قره‌خان
Пилдон	پلدان
Крит	خرت
Қаҳрамон	قهرمان
Меҳнатобод	محنت‌آباد
Дурбат	دوربت
Зонг	زانگ
Холматов	پخته‌کار
Лолазор	کایارگاچ
Истиқлол	کمکول
Қалъаи Уст	قلعه وست
Сурх	سرخ
Яхтан	یختن
Райкомол	رایکومول
Ҷар-Қишлоқ	الگا،
Лойиш	لایش
Бурунов	بورونوف
Атана	آتانا
Чкалов	چکالووا
Файзобод	فیض‌آباد
Кӯктеппа	کوک‌توبه
Сафедбулон	سفیدبولان
Каба	کابا
Ӯзгеруш	آزگریش
Шоромская	شورومسکایا
Тайқонир	تایقونیر
Чунқурқишлоқ	چونقور-قشلاق
Интси	اینتسی
Широкий Лог	شیروکی لوگ
Миза	میزا
Рождественка	روژدستونکا
Ивановское	ایوانوفسکویه
Новониколаевка	نوونیکلایفکا
Барабинск	بارابینسک
Миссолунги	مسولونگی
Ӯшарал	اوچ‌آرال
Злинка	زلینکا
Гудаута	گوئادوتا
Ботканд	باتکن،
Байрамалӣ	بایرامعلی
Учқўрғон	اوچقورغان،
Чолпон-Ота	چولپوناتا،
Иштихон	اشتیخان
Ишкошим	اشکاشیم،
Ҷани-Оқман	اخمان
Ӯштеппа	اوچ‌تپه،
Денов, Узбакистон	دنوو، ازبکستان
Кӯлсарӣ	قولساری
Тош-Булоқ	داش‌بلاغ
Исфана	ایسفانا،
Бозорак	بازارک
Аннау	انائو
Баллинтемпл	بالینتمپل
Вахш	وخش
Талғар	تلغر
Гумдаг	قوم‌داغ
Ӯзинағаш	اوزون‌آغاچ
Борбордук	تسنترالنویه
Майдон	میدان
Марғун	مارگون
Совет	سووتسکی
Фурудгоҳи саҳро артишӣ пуп	فرودگاه صحرایی ارتشی پوپ
Оқболиқ	آق‌بالیق
Шангали	شانگالی
Буҷум	بوجوم
Гёйтепа	گوی‌تپه
Дороут-Қӯрғон	داروت-کورگون
Қовлар	قوولار
Навкат	نوکث
Уна	اونا
Оқбулоқ	اکبولاک،
Лепсӣ	لپسی
Янгибозор	ینگی‌بازار
Ӯтеген ботир	اوتگن باتیر
Зиёвуддин	ضیاءالدین،
Алӣ	علی،
Барака	برکه
Верхнее Шилово	ورخنیه شیلوو
Шипуновская	شیپونوفسکایا
Оқтам	آق‌تام
Шелек	شلک
Кимёгарлар	کیمیاگرلر
Оқдалъа	اکدالا
Дараи Пезу	دره پیزو
Амонгелдӣ	امانگلدی
Раҳимзода	رحیم‌زاده
Лахш	لخش
Фармонқӯрғон	فرمان‌قورغان
Навдонак	نودانک
Ғазантарак	گزنترک
Пахтаобод	پخته‌آباد
Гулистон	گلستان
Қашот	کشات
Ҷомӣ	جامی
Ғозиён	غازیان
Ҷамоати	کرم‌گل
Тойлоқ	تایلاق
Пушойтамен	پوشایتمین
Кӯктош	کوکتاش
Қадиоб	قد آب
Қиблаӣ	کیبلای
Ғайрат	غیرت
Боғи Калон	بوگیکالون
Палдорак	پلدارک
Сафобахш	آق‌سو
Қалъаи Мирзобой	قلعه میرزابای
Шаҳристони	شهرستان
Деҳқонариқ	دهقان‌اریق
Чӯянгарон	جویانگران
руҳобод	روح‌آباد
Шамтуч	شمتوچ
Обшорон	قوروقسوی
Работ	رباط
Нофароҷ	نافرای
Зебок	زیباک
Кӯштепин	کشته‌پین
Витихон	ویتیخون
Шамсобод	شمس‌آباد
Ниҷонӣ	نیانی
Ҷомӣ	جامی
Қӯрғонтеппа	قرغان‌تپه
Ҳоҷиробод	خجیرآباد
Бешикҷон	بشیک-جان
Кӯк-Тош	کوکتاش
Сари-Ҷайик	قرقیزگاوا
Тайлон	تایلان
Едма	ادما
Қизилбулоқ	قزل‌بلاغ
Кечув	کچوو
Глиний Мис	گلینی میس
Макаровская	ماکاروفسکایا
Конетсдворе	کونتسدووریه
Белдеутас,	بلدئوتاس
Мирзо-Подшоҳ	میرزا-پاتچا
Чашинская	چاشچینسکایا
Варваровка	وارواروفکا
Новгородовская	نووگورودسکایا
Поляна	پولیانا
Толстовка	تولستوفکا
Короли	کورولی
Нижние Бузули	نیژنیه بوزولی
Свободний Труд	سووبودنی ترود
Павловка	پاولوفکا
Новомихайловка	نوومیخایلوفکا
Мадрушкат	مدروشکت
Қизил-Жол	قزل‌یول
Баҳор	بهار
Ӯлӯнгбулоқ	اولونگ-بلاغ
Зайковка	زایکوفکا
Оқбулоқ	آغ‌بلاغ
Аркит	ارکیت
Нуробод	نورآباد،
Қоровулбозор	قراول بازار
Саумалкӯл	سائومالکول
Россош	روسوش
Туркманбошӣ	ترکمن‌باشی
Нгерулмуд	نگرولمود
Антилёс	أنطلیاس
Иланский	ایلانسکیی
Қаҳқаҳа	قهقهه
Заволже	زاوولژیه،
Ширин	شیرین
Ёлётен	یولوتن
Ал-Авҷа	العوجه،
Фархор	فرخار
Орис	آریس
Гулистон	قیراقوم
Қалъаи Панҷ	قلای پنجه
Косон, Узбакистон	کاسان، ازبکستان
Қизил-Ҷар	قزل-یار
Алға	الگا،
Текелӣ	تکلی،
Чат	چت
Худот	خودات
Варзоб	ورزاب
Газ	گاز
Оқтеппа	اکدپ
Қадамҷой	قدم‌جای
Корвон	کاروان،
Қоҷоқорум	کجا-قروم
Ало-Буқа	الا-بوکا
Ларионовская	لاریونوفسکایا
Задоре	زادوریه
Украинка	اوکراینکا
Янги-Ер	ینگی‌یر
Лукинская	لوکینسکایا
Панфилово	پانفیلووا
Ғӯлакандоз	غولاکندوز
Ҷетиган	ژتیگن
Восеъ	واسع
Прилуки	پریلوکی
Олтинемел	التینمیل
Оқтеппа	اکتیوب
Кӯктал	کوک‌تال
Қизилағаш	قزل‌آغاج
Оқчӣ	آق‌شی
Комсомолобод	کامسامال‌آباد
Арахт	ارخت
Кӯкпек	کوک‌پک
номи Ғафурҷон Ортиқов	ارتیکاو
Пошкент	پاشکند
Хвоҳон	خواهان،
Исмоили Сомонӣ	کالینین‌آباد
Эсизи Поён	ایسیز-پوین
деҳоти	آق‌تپه
Оққайнар	اکاینار
Ҳайдар Усмонов	حیدر عثمانف
Симич	سیمیچ
Дарқад	درغد
Кӯлканд	کول‌کند
Ҷамоати Чашмасор	اوتکان‌سوی
Хайробод	خیرآباد
Бохтариён	باختریان
Кансӣ	کانسی
10 солагии истиқлол	سالگی استقلال
Даҳана	داهانا
Моғиён	مغیان
Навобод	نوآباد
Шахсара	شاخسرا
Ёрӣ	یاری
Оби Меҳнат	آب محنت
Турсун	شهرک نو
Ҷурм	جرم،
Мастчоҳ	مست‌چاه
Пайариқ	پای‌آریق
Шамолдисой	شمالدی-سای
Сариқамиш	ساری‌قمیش
Кан	کان
Кочнеговская	کوچنگوفسکایا
Гореша	قورشا
Погост Наволочний	پوگوست ناوولوچنی
Беляковка	بلیاکوفکا
Еркино	یورکینو
Воробевская	ووروبیوفسکایا
Едома	یدوما
Воскресеновка	ووسکرسنوفکا
Борисово	بوریسوو
Кондратовская	کوندراتوفسکایا
Февралское	فورالسکویه
Дубовое	دوبووویه
Чорсу	چهارسو
Рогачевка	روگاچفکا
Мулломир	ملامیر
Завитинск	زاویتینسک
Кондрово	کوندروفو
Кундуз	کندوز
Дмитровск	دیمیتروفسک
Асака, Узбакистон	آساکا، ازبکستان
Бариш	باریش
Таҳто	طهطا
Гандумак	گندمک
Қаробулоқ	قره‌بولاق،
Тавуз	تووز
Чуст	چوزی
Ҳӯродиз	هورادز
Кичиайдаркен	کیچیک حیدرکند
Балх	کالخازآباد
Қарабулоқ	قره‌بلاغ
Роғун	راغون
Пағмон	پغمان
Қароқишлоқ	قره‌قشلاق
Акбаробод	اکبرآباد
Қурбонсултон-Эҷе	آندالیپ
Қалъаи Хумб	قلعه خمب
Басқинчӣ	باسقینشی
Повракулская	پووراکولسکایا
Фараб	فرب
Муъминобод	مؤمن‌آباد
Абай	ابی،
Патракеевка	پاتراکیوکا
Кушкопала	کوشکوپالا
Бӯҷӯй	بجی
Оқтума	اکتاما
Равон	روان،
Анзоб	انزاب
Сӯзоқ	سوزاق
Чимқалъа	چیمکورقان
Даҳкат	دخکات
Новинки	نووینکی
Овборик	باریک
Бӯстон	ایشکلی
Гӯритик	گوریتیک
Гулхона	گلخانه
Раҳмонов	رحمانف
Ҷамоати Қаробоев	همربایف
Испечак	اسپچک
Шарипов	شریپاو
Қайназар	قای‌نظر
Халифа Ҳасан	خلیفه حسن
Холмиён	خلمیان
Коркат	کارکت
Канте	کانته
Қатрон	قطران
Чорбоғ	لنین‌آباد
Пӯлодон	پولتن
Қалъача	قلعه‌چه
Қайиндӣ	قائیندی
Бӯстонқалъа	بستان‌قلعه
Болгардгоҳи Пеллинг	بالگردگاه پلینگ
Тағояк	تغایاک
Панҷоб	پنجاب
Роштқалъа	راشت‌قلعه
Нура	نورا
Урметан	ارمیتن
Янгишаҳр	ینگی‌شهر
дещоти Сарбанд	قوشته‌گیرمان
Ҳакимӣ	حکیمی
Қозидеҳ	قاضی‌ده
Киштоб	گوستاو،
Ҷафр	جفر
Дардактеппа	درداق‌تپه
Оқҷол	آق-یول
Қизилтув	قزل-تو
Ғолбо	گل‌بو
Тарасово	تاراسوو
Қизил-Бел	قزل-بل
Айнова	آینووا
Зиддӣ	ضدی
Оқсув	آق‌سو
Колот	کلات
Қизил-Ой	قزل-آی
Пушлахта	پوشلاختا
Боровинка	بورووینکا
Қаланак	قلعه‌نک
Заргар	زرگر
Мосеево	موسیوو
Хартанг	خرتنگ
Словенское	اسلوونسکویه
Стегневская	استگنفسکایا
Новосергеевка	نووسرگیفکا
Скрипово	اسکریپوو
Петропавловка	پتروپاولوفکا
Лебяже	لبیاژیه
Кулаково-Подгоре	کولاکوو-پودگوریه
Красная Поляна	کراسنایا پولیانا
Биче	بیچیه
Ярославка	یاروسلاوکا
Черемушки	چرموشکی
Качкинчӣ	کاچکینچی
Учғурғон	اوچ کرگن
Калисои морунӣ	کلیسای مارونی
Инаги	ایناگی،
Акуне	آکونه،
Ода	اودا،
Содегаура	سودگائورا،
Читосе	چیتوسه،
Сува	سووا،
Ҳюга	هیوگا،
Обу	اوبو،
Каи	کای،
Камеока	کامه‌اوکا
Ниноҳе	نینوهه،
Китаакита	کیتا-آکیتا،
Мине	مینه،
Миура	میورا،
Шинҷо	شینجو،
Ябу	یابو، هیوگو
Аисаи	آیسای،
Омачи	اوماچی،
Чичибу	چیچیبو،
Оумиҳачиман	اومیهاچیمان،
Кимитсу	کیمیتسو،
Камису	کامیسو،
Обаназава	اوبانازاوا،
Сасаяма	ساسایاما،
Кашиба	کاشیبا،
Шимада	شیمادا،
Юбари	یوباری،
Футтсу	فوتسو،
Тогане	توگانه،
Шиҷонауате	شیجوناواته،
Уако	واکو،
Катано	کاتانو،
Шинширо	شینشیرو،
Сеннан	سن‌نان
Маниуа	مانیوا،
Китаибараки	کیتاایباراکی،
Митоё	میتویا،
Ивакура	ایواکورا،
Ҳокуто	هوکوتو،
Наёро	نایورو،
Секи	سکی،
Фукагауа	فوکاگاوا،
Такета	تاکه‌تا
Юки	یوکی،
Гёда	گیودا،
Сагае	ساگائه،
Ясуги	یاسوگی،
Анан	آنان،
Такаҳаги	تاکاهاگی،
Усуки	اوسوکی،
Нанкоку	نانکوکو،
Ёшикава	یوشیکاوا،
Мураяма	مورایاما،
Сатте	ساته،
Мёко	میوکو،
Минамисатсума	مینامی‌ساتسوما،
Сакураи	ساکورای،
Такеҳара	تاکه‌هارا
Шиогама	شیئوگاما،
Ҳирадо	هیرادو،
Нагато	ناگاتو،
Чикума	چیکوما،
Мисава	میساوا،
Акаиуа	آکایوا،
Тонами	تونامی،
Ёшиногауа	یوشینوگاوا،
Аваҷи	هیوگو
Кашивара	کاشی‌وارا
Сумото	سوموتو،
Аиои	آیویی،
Ҳигашиматсушима	هیگاشی‌ماتسوشیما
Кудаматсу	کوداماتسو،
Готсу	گوتسو،
Ритто	ریتو،
Изумиотсу	ایزومی‌اوتسو
Уозу	اوئوزو،
Ясу	یاسو،
Татебаяши	تاته‌بایاشی
Асаго	آساگو،
Изунокуни	ایزونوکونی،
Огори	اوگوری،
Сукагава	سوکاگاوا،
Токи	توکی،
Токамачи	توکاماچی،
Гобо	گوبو،
Тамана	تامانا،
Соҷа	سوجا،
Уеноҳара	اوئنوهارا،
Санйоонода	سانیو-اونودا،
Шисо	شیسو،
Ниими	نی‌ایمی
Нишиноомоте	نیشینواوموته،
Янагава	یاناگاوا،
Гинован	گینووان،
Окегава	اوکه‌گاوا
Мотосу	موتوسو،
Сабае	سابائه،
Нанао	نانائو،
Сануки	سان‌اوکی
Тосу	توسو
Гото	گوتو،
Чирю	چیرو،
Ячимата	یاچیماتا،
Камаиши	کاماایشی،
Яватаҳама	یاواتاهاما،
Муроран	موروران،
Киёсе	کیوسه،
Акабира	آکابیرا،
Ако	آکو،
Дате	داته،
Куробе	کوروبه،
Мияко	میاکو،
Такаҳаши	تاکاهاشی،
Изу	ایزو،
Минамиашигара	مینامی‌آشیگارا
Ниҳонматсу	نیهون‌ماتسو
Саики	سایکی،
Аябе	آیابه،
Маибара	مایبارا،
Ашибетсу	آشی‌بتسو
Тамура	تامورا،
Такикава	تاکیکاوا،
Томиока	تومی‌اوکا
Нирасаки	نیراساکی،
Озу	اوزو،
Оҷия	اوجی‌یا
Минамиарупусу	مینامی-آروپوسو،
Ҳигашикагава	هیگاشی‌کاگاوا
Фуефуки	فوئه‌فوکی
Тендо	تندو،
Шимотсума	شیموتسوما،
Гоҷо	گوجو،
Юриҳонҷо	یوریهونجو،
Готенба	گوتنبا،
Миёши	میوشی،
Бунготакада	بونگوتاکادا،
Ҳанамаки	هاناماکی،
Ҳида	هیدا،
Нанё	نانیو،
Немуро	نمورو،
Фуҷиока	فوجی‌اوکا
Иё	ایو،
Катагами	کاتاگامی،
Такашима	تاکاشیما،
Тарумизу	تارومیزو،
Татсуно	تاتسونو،
Нанто	نانتو،
Касумигаура	کاسومیگائورا،
Ауа	آوا،
Ногата	نوگاتا،
Фукучияма	فوکوچی‌یاما
Обама	اوباما،
Ётсукаидо	یوتسوکایدو،
Шимабара	شیمابارا،
Сакаиде	ساکایده،
Такасаго	تاکاساگو،
Томе	تومه،
Гуҷо	گوجو،
Таҳара	تاهارا،
Наруто	ناروتو،
Ена	انا،
Атами	آتامی،
Ҳитачи-Омия	هیتاچی‌اومیا
Тамба	تامبا،
Ишиока	ایشی‌اوکا
Даисен	دایسن،
Шобара	شوبارا،
Шибуши	شیبوشی،
Явата	یاواتا،
Амами	آمامی،
Овасе	اوآسه،
Такаишӣ	تاکایشی،
Кикугава	کیکوگاوا،
Окая	اوکایا،
Фусса	فوسا،
Юкуҳаши	یوکوهاشی،
Санҷо	سانجو،
Коморо	کومورو،
Ҳашимото	هاشیموتو،
Косаи	کوسای،
Томигусуку	تومیگوسوکو،
Минамата	میناماتا،
Катсура	کاتوسورا،
Митсуке	میتسوکه،
Кашима, Ибараки	کاشیما، ایباراکی
Аясе	آیاسه،
Сусоно	سوسونو،
Киёсу	کیوسو،
Каминояма	کامینویاما،
Камиамакуса	کامی‌آماکوسا
Нака	ناکا،
Асаҳи	آساهی،
Кураёши	کورایوشی،
Кётанабе	کیوتانابه
Ики	ایکی،
Ибара	ایبارا،
Фукурои	فوکورویی،
Каҳоку	کاهوکو،
Сузака	سوزاکا،
Оги	اوگی
Ноширо	نوشیرو،
Ҳиоки	هیوکی،
Токонаме	توکونامه،
Кага	کاگا،
Нантан	نانتان،
Яме	یامه،
Итоман	ایتومان،
Зентсуҷи	زنتسوجی،
Китаҳирошима	کیتاهیروشیما،
Ҳаги	هاگی،
Амакуса	آماکوسا،
Сатсумасендаи	ساتسوماسندای،
Омура	اومورا،
Тенри	تنری،
Набари	ناباری،
Натори	ناتوری،
Арида	آریدا،
Номи	نومی،
Вараби	وارابی،
Сакура	ساکورا،
Шибукава	شیبوکاوا،
Кока	کوکا،
Сунагава	سوناگاوا،
Окава	اوکاوا،
Отаке	اوتاکه،
Ашия	آشیا،
Куриҳара	کوریهارا،
Акитаката	آکیتاکاتا،
Коматсушима	کوماتسوشیما،
Китамото	کیتاموتو،
Уннан	اون‌نان
Рикузентаката	ریکوزنتاکاتا،
Ҳидака	هیداکه،
Ҳекинан	هکینان،
Ёкоте	یوکوته،
Тсуруга	تسوروگا،
Тсугару	تسوگارو،
Намерикауа	نامه‌ریکاوا
Оно	اونو،
Такео	تاکه‌ئو
Какуда	کاکودا،
Мутсу	موتسو،
Румои	روموی،
Морияма	موری‌یاما
Накатсу	ناکاتسو،
Коши	کوشی،
Китаката	کیتاکاتا،
Ҳанноу	هان نو،
Шикокучуо	شیکوکوچوئو،
Мимасака	میماساکا،
Одате	اوداته،
Отсуки	اوتسوکی،
Ига	ایگا،
Мики	میکی،
Мунаката	موناکاتا،
Касама	کاساما،
Бизен	بیزن،
Офунато	اوفوناتو،
Ҳамура	هامورا،
Акируно	آکیرونو،
Вакканаи	واکانای،
Шима	شیما،
Аки	آکی،
Нисшин	نیسشین،
Ебино	ابینو،
Ина	اینا،
Куҷи	کوجی،
Монбетсу	مومبتسو،
Яита	یایتا،
Сеиё	سییو،
Тсушима	تسوشیما،
Юзава	یوزاوا،
Кушима	کوشیما،
Сузу	سوزو،
Ҳитачиота	هیتاچی‌اوتا
Шиоҷири	شیوجیری،
Каизу	کایزو،
Ога	اوگا،
Оябе	اویابه،
Фучу, Ҳирошима	فوجو، هیروشیما
Ками	کامی،
Итако	ایتاکو،
Яматотакада	یاماتوتاکادا،
Геро	گرو،
Инашики	ایناشیکی،
Фукутсу	فوکوتسو،
Уташинаи	اوتاشینای،
Накама	ناکامه،
Уто	اوتو،
Минамиауаҷи	مینامی‌آواجی
Бунгооно	بونگو-اونو،
Тсубаме	تسوبامه،
Шибата	شیباتا،
Ширакава	شیراکاوا،
Иида	ایدا،
Кобаяши	کوبایاشی،
Госен	گوسن،
Яманаши	یاماناشی،
Ушику	اوشیکو،
Укиҳа	اوکیها،
Тоон	تواون،
Ибусуки	ایبوسوکی،
Сеттсу	ستسو،
Осакасаяма	اوساکاسایاما،
Сусаки	سوساکی،
Тосашимизу	توساشیمیزو،
Иванума	ایوانوما،
Овариасаҳи	اواری‌آساهی
Ҳикари	هیکاری،
Мино, Гифу	مینو، گیفو
Уваҷима	اهیمه
Саито	سایتو،
Ҳитоёши	هیتویوشی،
Мизуҳо	میزوهو،
Тагаҷо	تاگاجو،
Катсураги	کاتسوراگی،
Конан	کونان،
Инабе	اینابه،
Тсуругашима	تسوروگاشیما،
Ҳамада	هامادا،
Камогава	کاموگاوا،
Шиманто	شیمانتو،
Тоёока	تویواوکا،
Бандо	باندو،
Куроиши	کوروایشی،
Широи	شیروی،
Бибаи	بیبای،
Сома	سوما،
Азумино	آزومینو،
Ҷосо	جوسو،
Саикаи	سایکای،
Нумата	نوماتا،
Фурано	فورانو،
Ҳасуда	هاسودا،
Чикуго	چیکوگو،
Широиши	شیروایشی،
Ҳигашиматсуяма	هیگاشی‌ماتسویاما
Товада	توادا،
Фуҷиёшида	فوجی‌یوشیدا
Тамано	تامانو،
Иияма	اییاما،
Томисато	تومیساتو،
Томи	تومی،
Рюгасаки	ریوگاساکی،
Микаса	میکاسا،
Китсуки	کیتسوکی،
Тоса	توسا،
Кикучи	کیکوچی،
Мока	موکا،
Ичикикушикино	ایچیکی‌کوشیکینو،
Канума	کانوما،
Ёнезава	یونه‌زاوا
Етаҷима	اتاجیما،
Комае	کومائه،
Яматокорияма	یاماتوکوری‌یاما،
Уса	اوسا،
Наго	ناگو،
Зуши	زوشی،
Агано	آگانو،
Мураками	موراکامی،
Уки	اوکی،
Ҳашима	هاشیما،
Нагаокакио	ناگائوکاکیو،
Чита	چیتا،
Макуразаки	ماکورازاکی،
Кашивазаки	کاشیوازاکی،
Танабе	تانابه،
Ито	ایتو،
Китаками	کیتاکامی،
Комагане	کوماگانه،
Ҳита	هیتا،
Камеяма	کامه‌یاما
Госе	گوسه،
Сетоучи	ستوئوچی،
Чино	چینو،
Мизунами	میزونامی،
Имари	ایماری
Миязу	میازو،
Мима	میما،
Таку	تاکو،
Енива	انیوا،
Миҳара	میهارا،
Сукумо	سوکومو،
Асо	آسو،
Бузен	بوزن،
Каизука	کایزوکا،
Ҳигашине	هیگاشینه،
Канонҷи	کان‌اونجی
Конан, Кочи	کونان، کوچی
Ҳакуи	هاکویی،
Ҷоё	کیوتو
Накатсугава	ناکاتسوگاوا،
Нагаи	ناگای،
Минокамо	مینوکامو،
Ничинан	نیچینان،
Арао	آرائو،
Кумано	کومانو،
Касаи	کاسای،
Ҳаню	هانیو،
Ҳаннан	هان نان،
Муко	موکو،
Кётанго	کیوتانگو،
Ҳими	هیمی،
Такаҳама	تاکاهاما،
Тоёаке	تویوآکه،
Шингу	شینگو،
Нишиваки	نیشی‌واکی
Вулусволии Дарвози Боло	ولسوالی دروازه بالا
Тагоб	تگاب
вулусволии Кӯҳистон	ولسوالی کوهستان
Вахон	واخان
Вулусволии Пағмон	ولسوالی پغمان
вулусволии Гайён	ولسوالی گیان
вулусволии Гардез	ولسوالی گردیز
Куф Об	کوف‌آب
Арғанҷ Хво	ارغنج‌خواه
Шаҳри Бузург	شهر بزرگ
Дараим	درایم
Кишим	کشم
Зебок	زیباک
Шекаи	شکی
вулусволии Панҷвоӣ	ولسوالی پنجوائی
Хвоҳон	خواهان
Вардуҷ	وردوج
Моимаи	مایمی
Кобул	کابل
Курон Ва Мунҷон	کران و منجان
Ямгон	یمگان
Ноҳияи	یاوان
Яфтали Суфла	یفتل پایین
Ҷурм	جرم
Аргу	ارگو
вулусволии Спера	ولسوالی سپیره
Ишкошим,	اشکاشم
Файзобод	فیض‌آباد
Тишкон	تیشکان
Хош	خاش
Роғистон	راغستان
Шиғнон	شغنان
Балх	بلخ
Баҳорак	بهارک
Пойгоҳи Нерӯи Ҳавоии Макконнел	پایگاه نیروی هوایی مک‌کونل
Пойгоҳи нерӯе ҳаво дувр	پایگاه نیروی هوایی دوور
Пойгоҳи нерӯ ҳаво робинз	پایگاه نیرو هوایی رابینز
Пойгоҳи Нерӯи Ҳавоии Лафлин	پایگاه نیروی هوایی لفلین
Пойгоҳи нерӯе ҳаво моинт	پایگاه نیروی هوایی ماینت
Фурудгоҳи саҳро ҳрлбрт	فرودگاه صحرایی هرلبرت
Пойгоҳи нерӯ ҳаво скот	پایگاه نیرو هوایی سکات
Пойгоҳ нерӯ ҳаво ван‌дан‌барг	پایگاه نیرو هوایی ون دن برگ
Пойгоҳи нерӯе ҳаво бел	پایگاه نیروی هوایی بیل
Пойгоҳи нерӯе ҳаво муди	پایگاه نیروی هوایی مودی
Донишгоҳи Калифорния Дейвис	دانشگاه کالیفرنیا، دیویس
Пойгоҳи шикор ондруз	پایگاه شکاری اندروز
Пойгоҳ нируҳуоии тиндол	پایگاه نیروهوایی تیندال
Пойгоҳи нерӯе ҳаво кломбс	پایگاه نیروی هوایی کلامبس
Пойгоҳ нерӯе ҳаво ройт-птрсун	پایگاه نیروی هوایی رایت-پترسون
Пойгоҳи Нерӯи Ҳавоии Оффутт	پایگاه نیروی هوایی اوففوت
Пойгоҳи нерӯе ҳаво оглин	پایگاه نیروی هوایی اگلین
Эстгоҳ ҳаво оорксун	ایستگاه هوایی اارکسون
Глен Эллен	گلن الن
Пойгоҳи нерӯе ҳаво оилсун	پایگاه نیروی هوایی ایلسون،
Тувон	استان
Дудмони Сунг	دودمان سونگ
Тонг	تانگ
Иёлоти	سولیا
Гуарико	گوآریکو
Трухило	تروهیو
Делта Амакуро	دلتا آماکورو
Арагуа	آراگوآ
Фалкон	فالکون
Тачира	تاچیرا
Амазонас	آمازون
Боливар	بولیوار
Яракуй	یاراکوی
Карабобо	کارابوبو
Миранда	میراندا
Варгас	وارگاس،
Нуэва Эспарта	نوئوا اسپارتا
Иёлоти Сукре	ایالت سوکره
Лара	لارا
Португеса	پورتوگسا
Апур	آپوره
Иёлоти Монагас	ایالت موناگاس
Патом	پاتوم
Раёнг	رایونگ
Так	تاک
Наxон Си Таммарат	تاممارات
Бури Рам	بوری رام
Мукдаҳан	موکداهان
Удон Тани	اودون تانی
Нонг Хаи	نونگ خای
Сисакет	سی سا کت
Вилояти	فایائو
Самут Пракан	ساموت پراکان
Краби	کرابی
Сатун	استان
Са Каео	سا کایو
Самут Сонгxрам	ساموت سونگخرام
Канчанабури	کانتچانابوری
Прачуап Хири Хан	پراچواپ خیری خان
Мае Ҳонг Сон	هونگ سون
Чантабури	چانتابوری
Ет	ات
Сакон Наxон	ساکون ناخون
Наратиуат	ناراتیوات
Панг Нга	پهانگ نگا
Лампун	لامفون
Яла	یالا
Чианг Маи	چیانگ‌مای
Нонгбуа Лампу	نونگ بوا لامفو
Лопбури	لوپبوری
Маҳа Сараxам	ماها ساراخام
Ясотон	یاسوتون
Сурин	سورین
Хон Каен	خون کاین
Чаияпум	چاافوم
Паттани	پاتانی
Чаинат	چاینات
Убон Ратчатани	اوبون راتچاتانی
Ратчасима	راتچاسیما
Лоеи	لوئی
Суxотаи	استان
Наxон Паном	ناخون فانوم
Чумпон	چومپون
Петчабури	پتچابوری
Сурат Тани	سورات تانی
Сонгxла	سونگخلا
Чон Бури	چونبوری
Патталунг	فاتالونگ
Амнат Чароен	امنات چاروین
Уттарадит	اوتارادیت
Чачоенгсао	چاچوئنگسائو
Лампанг	لامپانگ
Супанбури	سوپان بوری
Кампаенг Пет	کامفائنگ فت
Патум Тани	پاتوم تانی
Наёк	نایوک
Петчабун	پتچابون
Вилояти	فیچیت
Питсанулок	فیتسانولوک
Сарабури	سارابوری
Нан	نان
Анг Тонг	آنگ تونگ
Тани	تانی
Нонтабури	نونتابوری
Синг Бури	سینگ بوری
Ранонг	رانونگ
Транг	ترانگ
Ратчабури	راتچابوری
Чианг Раи	چیانگ ری
Трат	ترات
Аюттая	آیوتتایا
Самут Саxон	ساموت ساکون
Чиба	چیبا
Точиги	توچیگی
Яманаши	یاماناشی
Иватэ	ایواته
Ямагата	یاماگاتا
Сига	استان شیگا
Кумамото	کوماموتو
Канагава	کاناگاوا
Гифу	گیفو
Коти	کوچی
Киото	کیوتو
Вакаяма	واکایاما
Осака	اوساکا
Акита	آکیتا
Токусима	توکوشیما
Кагосима	کاگوشیما
Мияги	میاگی
Оита	اوئیتا
Эхимэ	اهیمه
Тоттори	توتوری
Кагава	کاگاوا
Нара	نارا
Окинава	اوکیناوا
Миядзаки	میازاکی
Айчи	آیچی
Фукуока	فوکوئوکا
Сага	ساگا
Саитама	سایتاما
Тояма	تویاما
Фукуи	فوکوئی
Ҳёго	هیوگو
Аомори	آئوموری
Шизуока	شیزوئوکا
Симанэ	استان
Нагано	ناگانو
Ниигата	نیگاتا
Исикава	استان ایشیکاوا
Ҳиросима	هیروشیما
Нагасаки	ناگاساکی
Миэ	میه
Ямагути	یاماگوچی
Окаяма	اوکایاما
Гумма	گونما
Фукушима	فوکوشیما
Гов-Алтай	گاوی-آلتای
Баян-Олгий	بایان-اولگی
Дорногов	دارناگاوی
Ховд	خاود
Дархан-Уул	دارخن-یول
Дорнод	دارناد
Булган	بولگن
Селенге	سلنگ
Хентий	خنتی
Тoв	تو
Дундгов	دوندگاوی
Сухбаатар	سوخباتر
Завхан	زوخان
Гов-Сумбер	گاوی‌سومبر
Омногов	اومنوگاوی
Овoрхангай	اوورخنگای
Хoвсгoл	خووسگول
Архангай	آرخانگای
Баянхонгор	بایان خونگور
Орхон	آرخان
Увс	اووس
Ромуллоҳ ва ал-Бира	رام‌الله و البیره
Палтога	پالتوگا
Високуша	ویسوکوشا
Ичково	ایچکوو
Шелоховская	شلوخوفسکایا
Гавриловская	گاوریلوفسکایا
Пугачевская	پوگاچفسکایا
Слобода	اسلوبودا
Вершинино	ورشینینو
Исаковская	ایساکوفسکایا
Сидоровская	سیدوروفسکایا
Шестово	شستوو
Казаково	کازاکوو
Филяевская	فیلیایفسکایا
Ярнема	یارنما
Ростовское	روستوفسکویه
Патровская	پاتروفسکایا
Кликовская	کلیکوفسکایا
Абакумово	آباکوموو
Горка	گورکا
Болшое Кротово	بولشویه کروتوو
Шотогорка	شوتوگورکا
Абросово	آبروسوو
Теребино	تربینو
Корякино	کوریاکینو
Моржегори	مورژگوری
Вороновская	وورونوفسکایا
Шуренга	شورنگا
Корелское	کورلسکویه
Болшая	بولشایا
Шейна	شینا
Тугаринская	توگارینسکایا
Березничек	برزنیچک
Задориха	زادوریخا
Зажигино	زاژیگینو
Нироновская	نیرونوفسکایا
Гора	گورا
Лукино	لوکینو
Палкино	پالکینو
Погост	پوگوست
Яковлевская	یاکوفلوسکایا
Согра	سوگرا
Одинсовская	اودینتسوفسکایا
Зачаче	زاچاچیه
Камешник	کامشنیک
Лучинская	لوچینسکایا
Петуховская	پتوخوفسکایا
Корниловская	کورنیلوفسکایا
Чамово	چاموو
Кулига	کولیگا
Скобели	سکوبلتی
Городок	گورودوک
Нижная Топса	نیژنیایا توپسا
Михайловская	میخایلوفسکایا
Наумовская	نائوموفسکایا
Уласовская	اولاسوفسکایا
Медведевская	مادودفسکایا
Логиновская	لوگینوفسکایا
Савинская	ساوینسکایا
Уйта	اویتا
Езеветс	ازوتس
Халуй	خالوی
Алексеевская	الکسیوسکایا
Тимошинская	تیموشینسکایا
Лазаревская	لازارفسکایا
Агафоновская	آگافونوفسکایا
Рибогорская	ریبوگورسکایا
Палкинская	پالکینسکایا
Козловская	کوزلوفسکایا
Раковская	راکوفسکایا
Овсяниковская	اوسیانیکوفسکایا
Покровская	پوکروفسکایا
Нижная Ваенга	نیژنیایا واینگا
Болшая Слудка	بولشایا سلودکا
Молепровод	مولپروود
Лукинская	لوکینسکایا
Фоминская	فومینسکایا
Ворзогори	وورزوگوری
Моршихинская	مورشیخینسکایا
Верхная Ваенга	ورخنیایا واینگا
Алексеевская	الکسیوسکایا
Нижнее Чажестрово	نیژنیه چاژستروو
Нижнезолотилово	نیژنزولوتیلوو
Носовская	نوسوفسکایا
Митинская	میتینسکایا
Копачево	کوپاچیوو
Бор	بور
Уст-Морж	اوست-مورژ
Чижгора	چیژگورا
Юра-Гора	یورا-گورا
Карамино	کارامینو
Турово	تورووو
Опорно-опытный пункт	اوپورنو-اوپیتنی پونکت
Заляже	زالیاژیه
Надзоре	نادوزریه
Мелединская	ملدینسکایا
Куликовская	کولیکوفسکایا
Филиповскакя	فیلیپوفسکایا
Чакола	چاکولا
Акуловская	آکولوفسکایا
Конокса	کونوکسا
Плесо	پلیوسو
Якшина	یاکشینا
Сергеевская	سرگیفسکایا
Паниса	پانیتسا
Колоколовская	کولوکولوفسکایا
Погорелетс	پوگورلتس
Притикинская	پریتیکینسکایا
Лапинская	لاپینسکایا
Болшая Товра	بولشایا توورا
Плесовская	پلسوفسکایا
Андроновская	آندرونوفسکایا
Рикасиха	ریکاسیخا
Рикасиха	ریکاسیخا
Шужега	شوژگا
Горка Муравевская	گورکا موراویوفسکایا
Березник	برزنیک
Никифоровская	نیکیفوروفسکایا
Прилуская	پریلوتسکایا
Сафроновская	سافرونوفسکایا
Прилук	پریلوک
Верхная Киса	ورخنیایا کیتسا
Лыситса	لیسیتسا
Наволок	ناوولوک
Артюшинская	آرتیوشینسکایا
Лампожня	لامپوژنیا
Головковская	گولووکوفسکایا
Верхнее Чажестрово	ورخنیه-چاژستروو
Ваймуша	وایموشا
Топса	توپسا
Шиловская	شیلوفسکایا
Андреевская	آندریفسکایا
Петрегино	پترگینو
Монастирек	موناستیریوک
Смолянская	سمولیانسکایا
Пустош	پوستوش
Шотова	شوتووا
Гбач	گباچ
Федково	فدکوو
Малая Липовка	مالایا لیپوفکا
Дюковская	دیوکوفسکایا
Волосовская	وولوسوفسکایا
Кипрово	کیپروو
Гусево	گوسوو
Ефремковская	یفرمکوفسکایا
Березонаволок	برزوناوولوک
Верхная Сергиевская	ورخنیایا سرگیفسکایا
Веркола	ورکولا
Корбала	کوربالا
Низ	نیز
Окуловская	اوکولوفسکایا
Степичевская	استپیچفسکایا
Неклюдовская	کلویودوفسکایا
Климовская	کلیموفسکایا
Коноваловская	کونووالوفسکایا
Рембуево	رمبویوو
Власевская	واسیلیوسکایا
Согра	سوگرا
Родионовская	رودینوفسکایا
Абрамовская	آبراموفسکایا
Бархатиха	باراتیخا
Болшая Кондратовская	بولشایا کوندراتوفسکایا
Белая	بلایا
Куров	کوروف
Уст-Вага	اوست-واگا
Белая Гора	بلایا گورا
Осиново	اوسینوو
Заболоте	زابولوتیه
Заборе	زابوریه
Селсо	سلتسو
Гридинская	گریدینسکایا
Хорково	خورکوو
Аргуновская	آرگونوفسکایا
Гридинская	گریدینسکایا
Шиленга	شیلنگا
Долгое	دولگویه
Боровинка	بورووینکا
Шишкина	شیشکینا
Першинская	پرشینسکایا
Никитинская	نیکیتینسکایا
Надручевская	نادروچفسکایا
Юрмала	یورمالا
Степанковская	استپانکوفسکایا
Кулой	کولوی
Юхнево	یوخنوو
Гар	گار
Савино	ساوینو
Сварозеро	سواروزرو
Амрикои Шимолӣ	آمریکای شمالی
Авруосиё	اوراسیا
Уқёнусия	اقیانوسیه
Африқо	آفریقا
Сува	سووا
Саддарвоза	صددروازه
Сан-Томе	سائوتومه
Порт-Вила	پورت ویلا
Паликир	پالیکیر
Апиа	آپیا
Мбабане	مبابانه
Сент-Ҷоржес	سینت‌جورجس
Кингстаун	کینگزتاون
Виктория	پورت‌ویکتوریا
Двин	دوین
Бастер	باسه‌تر
Тараваи Ҷанубӣ	تاراوای جنوبی
Нукуалофа	نوکوآلوفا
Розо	روسو
Итанагар	ایتاناگار
Дубна	دوبنا
Шигри	شچیگری
Житомир	ژیتومیر
Чернигив	چرنیهیف
Вобканд	وبکنت
Чортоқ, Узбакистон	چارتاق، ازبکستان
Қустантиния	قسطنطنیه
Аҷмир	اجمیر
Ағдере	آغ‌دره
Папеэте	پاپیته
Наҳҷувон	نخجوان
Ҳалкида	کالسیس
Лод	لاد
Фароҳ	فراه
Уҷор	یوکار،
Болокан‎	بالاکن
Хочмоз	خاچماز
Ёрдимлӣ	یاردیملی
Наво	نوا
Аттак	اتک
Шоҳбуз	شاه‌بوز
Ҳит	هیت
Оқчабади	آغاجبادی
Хизӣ	خیزی
Хоруғ	خاروغ
Қусор‎	قوسار
Учқудуқ	اوچقودوق،
Рамла	رمله
Риштон	رشتان
Дазаифу	دازایفو
Зарафшон	زرافشان،
Рамаллоҳ	رام‌الله
Қабала	قبله
Зангилон	زنگیلان
Қуба	قوبا
Бохтар	قرغان‌تپه
Урдубод	اردوباد
Оғуз	اوغوز
Салола	صلاله
Кентау	کنتائو،
Қапчағай	قپچاقای
Тўрткўл	تورتکول،
Мағоға	مغاغه
Армант	ارمنت
Лерик	لریک
Мирпур	میرپور،
Гёктеппа	گوگ‌تپه
Сулукта	سولوکتو،
Яламлам	يلملم
Хуши	هوش
Шӯша	شوشی
Сонрему	سانرمو
Хева	خیوه
Норак	نارک
Зоқотола	زاقاتالا
Ургут, Узбакистон	اورگوت، ازبکستان
Гардез	گردیز
Шиллонг	شیلونگ
Заранҷ	زرنج
Белиз	بلیز
Кингстон	کینگستون
Ӯзканд	اوزگند
Асадобод	اسعدآباد
Косонсой	کاسانسای،
Истаравшан	استروشن
Бэйлешти	بیلش
Нафтчола	نفت چالا
Соатлӣ	ساعتلی
Майлув-Су	مایلوسو،
Керки	کرکوه
Бӯстон	چکلاو
Имишли	ایمیشلی
Тартар	ترتر
Ани	آنی
Маон	معان
Порӣ	پوری
Янгийўл	یانگییول
Толиқон	تالقان
Гулистон, Узбакистон	گلستان، ازبکستان
Топлитса	توپلیتسا
Мутиҳорӣ	موتهاری
Оқдош	آق‌داش
Исмоиллӣ	اسماعیللی
Бекобод	بیک‌آباد
Солён	سالیان
Оқсу	اگسو
Ҷабраил	جبراییل
Собиробод	سابیرآباد
Ниёзов	نیازوف
Музаффаробод	مظفرآباد
Степанакерт	استپاناکرت
Ҷумъа	جمعه،
Лоха	لوجا،
Римнику-Сэрат	رمنیکو سره
Қамишли	قامشلی
Шарур	شرور
Сарҳадобод	سرحدآباد،
Мошупа	موشوپا،
Борҷомӣ	برجومی
Ҳисор	حصار
Георгени	گئورگه
Кохима	کوهیما
Хоҷаванд	خوجاوند
Домон	دامان
Ҷулфо	جولفا
Нурафшон	نورافشون
Қазоқ	قازاخ
Аизул	ایزوال
Сиёзан	سیاه‌زن
Зардоб	زرداب
Собонето	سابانتا
Бағлон	بغلان،
Бобак	بابک
Кворелӣ	کوارلی
Купер	کپر،
Иссиқ	اسیک
Балосоғун	بلاساغون
Кӯкчой‎	گوچی
номи Сафармурод Туркманбошӣ	صفرمراد ترکمن‌باشی
Оқдом	آغدام
Таробулус-аш-Шом	طرابلس
Бусро	بصری
Қунайтира	قنیطره
Тахмоқ	توقموق،
Хони	خنی
Янгиер	یانگیئر،
Ҳоҷиқабул	حاجی‌قابول
Исфара	اسفره
Қивроқ	قیوراق
Гадабек‎	گدابی
Махтумқулӣ	مخدوم‌قلی
Самух	ساموخ
Газаҷак	گاز
Толиш	تالش
Сикар	سیکر
Норин	نارین،
Ҷалилобод	جلیل‌آباد
Ал-Аламайн	العالمین
Куния-Урганҷ	کهنه‌گرگانج
Файсалобод	فیصل‌آباد
Балканобод	بلخان‌آباد
Исно	اسنا
Шаҳри сангӣ	شهر سنگی
Сувайдо	سویداء
Бомиён	بامیان
Хоҷалӣ	خوجالی
Бардаъ	برده
Шаҳрибобак	شهربابک
Конибодом	کان بادام
Кӯккӯл‎	گوی‌گول
Физулӣ	فضولی
Қаро-Кӯл	قره‌کول
Толиш	هشتپر
Қучқор-Ота	قوچقوراتا،
Гузар	گ‌اوزر
Қаро-Сув	قاراسو،
Грыфице	گریفایس
Никшич	نیکشیچ
Лобез	لوبس
Сухум	سوخومی
Панаҷи	پانجی
Панҷакент	پنجکنت
Петрошани	پتروشن
Фромборк	فرومبورک
Медиаш	مدیا
Байлақон	بیله‌قان
Қах	قاخ
Қубодлӣ	قبادلی
Таҷриш	تجریش
Оғстафо	آگستافا
Каттақўрғон	کته‌قورغان،
Когон	کاگان،
Курдамир	کردامیر
Жежмаряй	ژیژماریای
над Лабем	ناد لابم
Лозиқия	لاذقیه
Дамашқ	دمشق
Раққа	رقه
Даръо	درعا
Ҳалаб	حلب
Рифи Димишқ	ریف دمشق
Тартус	طرطوس
устони Ҳумс	استان حمص
Дайр-уз-Завр	دیرالزور
Идлиб	ادلب
Қунайтира	قنیطره
Ҳасака	حسکه
Ҳамо	حمات
Сувайдо	سویدا
Боро	بخش‌های شهر
дарахт	درخت
Эсенқулӣ	حسن‌قلی
Кизилрават	شهرستان
Этрек	اترک
Бугдай	اکبوگدای
Берекет	برکت
Махтумқулӣ	مخدوم‌قلی
Пойгоҳи ҳавоии Сул	پایگاه هوایی ثول
Адамстаун	ادمزتون،
Лешуконское	لشوکونسکویه
Ивановка	ایوانوفکا
Ресофа	الرصافة
Еметск	یمتسک
Заволжское	زاوولژسکویه
Андарак	اندراک
Пежма	پژما
Баси	باسی
Замяны	زامیانی
Линейное	لینینویه
Тавилдара	طویل‌دره
Оқтоғай,	آق‌توغای
Бойсерке	وایسرکه
Бударино	بودارینو
Деҳбаланд	ده بلند
Минбоев	مینبایف
Началово	ناچالوو
Ленино	لنینو
Солянка	سولیانوفکا
Қараой	قره‌اوی
Тузуклей	توزوکلی
Яр	یار
Образсово-Травино	اوبراستوو-تراوینو
Сероглазка	سروگلازکا
Ушаковка	اوشاکوفکا
Ново-Булгары	نوو-بولگاری
Артуч	آرتوچ
Дарғ	دارگ
Чорбоғ	چوربوک
Замчорраҳа	چور-راگا
Бидев	بیدو
Думзой	دومزوی
Кирёнте	کیریونتی
Гузарибод	گذریباد
Константиновка	کنستانتینوفکا
Годар Сабз	گدارسبز
Фарҳод	فرهاد
Мук	موک
Нометкон	نامیتکون
Вешканд	ویشکند
Рисқулов	ریسکولوف
Сариқашқа	ساری-قشقا
Возжаевка	ووزژایفکا
Березник	برزنیک
Қосимбек	قاسم‌بک
Богородское	بوگورودسکویه
Ветлянка	وتلیانکا
Екатериновка	یکاترینوفکا
Новосергеевка	نووسرگیفکا
Амбарон	امبران
Инокентевка	اینوکنتیفکا
Новоалексеевка	نووالکسیوکا
Касаткино	کاساتکینو
Болдиревка	بولدیرفکا
Надежденское	نادژدنسکویه
Ховалинг	خاولینگ
Егоревка	یگوریفکا
Безимяное	بزیمیانویه
Заречное	زارچنویه
Левий Берег	لوی برگ
Толбузино	تولبوزینو
Албазинка	آلبازینکا
Войково	وویکوفو
Красное	کراسنویه
Вознесеновка	ووزنسنوفکا
Хитровка	خیتروفکا
Некрасовка	نکراسوفکا
Климовка	کلیموفکا
Светиловка	سوتیلوفکا
Николское	نیکولسکویه
Красний Восток	کراسنی وستوک
Лазаревка	لازارفکا
Високое	ویسوکویه
Передовое	پردوویه
Алексеевка	الکسیوکا
Петровка	پتروفکا
Марково	مارکوو
Николаевка	نیکولایفکا
Маргаритовка	مارگاریتوفکا
Липовка	لیپوفکا
Октябрское	اوکتیابرسکویه
Семидомка	سمیدومکا
Сиан	سیان
Приозерное	پریوزرنویه
Павловское	پاولوفسکویه
Комисаровка	کمیساروفکا
Коршуновка	کورشونوفکا
Некрасовка	نکراسوفکا
Поляное	پولیانویه
Джанай	دژانای
Элок	ایلاک
Далнее	دالنیه
Сергиевка	سرگیفکا
Водяновка	وودیانوفکا
Чапаево	چاپایوو
Николское	نیکولسکویه
Малий Могой	مالی موگوی
Дмитриевка	دمیتریفکا
Сахма	ساخما
Лебяже	لبیاژیه
Бугор	بوگور
Алексеевка	الکسیوکا
Вахромеево	واخرومیوو
Золотая Гора	زولوتایا گورا
Қизилҷар	زرین‌رود
Андароб	عندراب
Тосту	توستو
Оймякон	اویمیاکن
Екатеринославка	یکاترینواسلاوکا
Инудин	عین‌الدین
Ербогачен	اربوگاچن
Восток	وستوک
Солодники	سولودنیکی
Зӯзан	زوزن
Конево	کونیوو
Ёгед	یاگید
Умлекан	اوملکان
Белоногово	بلونوگوو
Капустин Яр	کاپوستین یار
Косика	کوسیکا
Пологое Займише	پولوگویه زایمیشچه
Рассвет	راسوت
Ступино	استوپینو
Проточное	پروتوچنویه
Растопуловка	راستوپولوفکا
Татарская Башмаковка	تاتارسکایا باشماکوفکا
Бахтемир	باختمیر
Николское	نیکولسکویه
Ҷангал	چنگال
Чашма	چشمه
Зиёрон	زیاران
Махтимайн	مارگتومین
Зимтут	زیمتوت
Новокиевский	نووکیفسکی
Утоғар	اوتوگار
Испағн	ایسپان
Кӯкӯзек	کوک‌اوزک
Марказ	مرکز
Богданово	بوگدانوو
Қумкент	قومکند
Старая Райчиха	استارایا رایچیخا
Гуликовка	گولیکوفکا
Ленинское	لنینسکویه
Маково	ماکوو
Рангкул	رنگ‌کول
Трехрече	تریوخرچیه
Ровное	روونویه
Каниқӯрғон	کانیکورگان
Малиновка	مالینوفکا
Кивдо-Тюкан	کیودو-تیوکان
Преображеновка	پرئوبراژنوفکا
Ключи	کلیوچی
Таскино	تاسکینو
Садовое	سادوویه
Паутовка	پائوتوفکا
Колсовка	کولتسوفکا
Воскресенское	ووسکرسنسکویه
Среднебелое	سردنبلویه
Ивановка	ایوانوفکا
Калинино	کالینینو
Забурунное	زابورونویه
Семиозерка	سمیوزیورکا
Дубровка	دوبروفکا
Красноярово	کراسنویاروو
Новгородка	نووگورودکا
Мелехино	میلخینو
Соколовка	سوکولوفکا
Успеновка	اوسپنوفکا
Георгиевка	گئورگیفکا
Николаевка	نیکولایفکا-۲
Новоросийка	نووروسیکا
Правовосточное	پراوووستوچنویه
Баста	باستا
Гусиное	گوسینویه
Круглое	کروگلویه
Бекетовка	بکتوفکا
Кошелевка	کوشولوکا
Седлистое	سدلیستویه
Средняя Султановка	سردنیایا سلطانوفکا
Лебяже	لبیاژیه
Новопокровка	نووپوکروفکا
Форпост Староватаженский	فورپوست استاروواتاژنسکی
Шимлеулуй	شیملیولوی
Деҳқоид	دهقاید
Михайловка	میخائیلوفکا
Маданият	مدنیت
Алиободи Пуштишаҳр	علی‌آباد پشتشهر
Владимировка	ولادیمیروفکا
Икряное	ایکریانویه
Тумак	توماک
Зубовка	زوبوفکا
Ровдино	روودینو
Қосимобод	قاسم‌آباد
Атал	آتال
Золотуха	زولوتوخا
Поди	پودی
Пришиб	پریشیب
Малиновка	مالینوفکا
Ганҷ	کیرسخانا
Катпан	کتپن
Озодвор	آزادوار
Карагали	کاراگالی
Озодагон	قره‌باغ
Номиқ	نامق
Рашгешовур	رشگ شاوور
Кумарғ	کومرگ
Кулунда	کولوندو
Қароол	کارول
Бойқашқа-Терак	بای‌قشقا-ترک
Октябрский	اوکتیابرسکی
Прядчино	پریادچینو
Солнечное	سولنچنویه
Красная Орловка	کراسنایا اورلوفکا
Уст-Кивда	اوست-کیودا
Черняево	چرنایوو
Семеновка	سمیونوفکا
Контон-Комуна	کانتون-کومونا
Муравка	موراوکا
Гонжа	گونژا
Орловка	اورلوفکا
Кундур	کوندور
Северное	سورنویه
Черемуха	چریوموخا
Казанка	کازانکا
Янкан	یانکان
Красний Яр	کراسنی یار
Молчаново	مولچانوو
Дмитриевка	دمیتریفکا
Платово	پلاتوو
Томичи	تومیچی
Успеновка	اوسپنوفکا
Новопетровка	نووپتروفکا
Новокиевка	نووکیفکا
Романовка	رومانوفکا
Журавлевка	ژوراولیوفکا
Успеновка	اوسپنوفکا
Алгач	آلگاچ
Ерковси	یرکووتسی
Угловое	اوگلوویه
Липовка	لیپوفکا
Ринок	رینوک
Михайловка	میخایلوفکا
Новоалексеевка	نووالکسیوکا
Пригородное	پریگورودنویه
Слава	اسلاوا
Улма	اولما
Високое	ویسوکویه
Савелевка	ساوالیفکا
Кенагас	کینگس
Кудрино	کودرینو
Покровка	پوکروفکا
Удачное	اوداچنویه
Маячное	مایاچنویه
Болдирево	بولدیروو
Нижняя	نیژنیایا
Забузан	زابوزان
Калинино	کالینینو
Яр-Базар	یار-بازار
Тюрино	تیورینو
Фунтово-2	فونتوو-۲
Бузан	بوزان
Василевка	واسیلیوکا
Шамалған	شامالغان
Жуков	ژوکوف
Ёвон	ایوان
Бомнак	بومناک
Ворух	واروخ
Житное	ژیتنویه
Камишово	کامیشوو
Қасри Қумиша	قصر قمشه
Николаевка	نیکولایفکا
Черниговка	چرنیگوفکا
Аркадевка	آرکادیفکا
Оля	اولیا
Барановка	بارانوفکا
Промисловка	پرومیسلوفکا
Федоровка	فیودورفکا
Ғазза	گزه
Мумра	مومرا
Караванное	کاراوانویه
Сасиколи	ساسیکولی
Чинор	چنار
Хишортоб	خیشرتوب
Хуррамобод	کاتا-کیشلاک
Қаротеппа	قره‌توبه
Лимбур	لیمبور
Лоҳутӣ	لاهوتی
Сӯҷина	سویینه
Зебон	زیبون
Қул	قول
Шовета	شوتا
Бостондеҳ	اورتاقشلاق
Қайрағоч	قیرآغاج
Камартош	قمر-تاش
Успенка	اوسپنکا
Тӯздибастау	توزدیباستائو
Қазоқистон	قزاقستان
Умбеталӣ Карибоев	اومبتالی کاریبایف
Боёстон	بایاستان
Козинка	کوزینکا
Казачий	کازاچی
Вахш	وخش
Николаевка	نیکولایفکا
Алексеевка	الکسیوکا
Верхнеилиновка	ورخنیلینوفکا
Андреевка	آندریفکا
Долдикан	دولدیکان
Правая Райчиха	پراوایا رایچیخا
Глухари	گلوخاری
Антоновка	آنتونوفکا
Вишневка	ویشنفکا
Антоновка	آنتونوفکا
Озеряне	اوزریانه
Мухино	موخینو
Белоярово	بلویاروو
Кузнесово	کوزنتسوو
Александровка	الکساندروفکا
Грибское	گریبسکویه
Каничи	کانیچی
Удобное	اودوبنویه
Заречная Слобода	زارچنایا اسلوبودا
Михайловка	میخایلوفکا
Поповка	پوپوفکا
Николаевка	نیکولایفکا
Дружное	دروژنویه
Подоловка	پودولوفکا
Алгаза	آلگازا
Павловка	پاولوفکا
Туйиқ	توییق
Чағат	چغت
Куянли	کویانلی
Орловка	اورلوفکا
Алтинжар	آلتینژار
Трехизбинка	ترخیزبینکا
Актюбе	آکتیوبه
Разино	رازینو
Сергино	سرگینو
Рождественка	روژدستونکا
Козлово	کوزلوو
Маячное	مایاچنویه
Увари	اوواری
Новый Ричан	نووی ریچان
Раздор	رازدور
Нариманово	نریمانوو
Барановка	بارانوفکا
Баклане	باکلانیه
Сороче	سوروچیه
Веселая Грива	وسیولایا گریوا
Караулное	کارائولنویه
Великокнязевка	ولیکوکنیازفکا
Вознесенское	ووزنسنسکویه
Верхная Тойма	ورخنیایا تویما
Илинско-Подомское	ایلینسکو-پودومسکویه
Сарвак	سروان
Турсунзода	اکتیابر
Красный Яр	کراسنی یار
Оқтам	اکتام
Веноӣ	ونایی
Волное	وولنویه
Навобод	نوآباد
Лесное	لسنویه
Долматово	دولماتوو
Чӯлоққӯрғон	شولاق قرغان
Курченко	کورچنکو
Болхуни	بولخونی
Басират	البصیرة
Ивановское	ایوانوفسکویه
Ивановское	ایوانوفسکویه
Воскресеновка	ووسکرسنوفکا
Заречное	زارچنویه
Марфино	مارفینو
Волжское	وولژسکویه
Грачи	گراچی
Зеленга	زلنگا
Дмитриевка	دمیتریفکا
Шукозере	شچوکوزریه
Соленое Займише	سولیونویه زایمیشچه
Филмандар	فلماندور
Ромит	رامیت
Соҳибназар	دورمان
Кулолӣ	حسنوباد
Коҳак	کاهک
Чорсӯ	جایلگان
Кӯҳӣ	خمار
Камар	قمر
Каше	کاشی
Қизилқайин	قزل‌قایین
Рарз	ررز
Ҷолборсту	یالبارستو
Красний Луч	کراسنی لوچ
Урил	اوریل
Болшая Сазанка	بولشایا سازانکا
Безозерное	بزوزیورنویه
Новинка	نووینکا
Родионовка	رودیونوفکا
Новоспаск	نووسپاسک
Сергеевка	سرگیفکا
Ядрино	یادرینو
Порог	پوروگ
Абайкан	آبایکان
Захаревка	زاخاریفکا
Полевое	پولوویه
Куропатино	کوروپاتینو
Ключи	کلیوچی
Успеновка	اوسپنوفکا
Черкасовка	چرکاسوفکا
Сосновка	سوسنوفکا
Аврамовка	آوراموفکا
Белий Яр	بلی یار
Троиское	ترویتسکویه
Амурское	آمورسکویه
Инокентевка	اینوکنتیفکا
Богословка	بوگوسلوفکا
Белосерковка	بلوتسرکوفکا
Алексеевка	الکسیوکا
Междугранка	مژدوگرانکا
Путятино	پوتیاتینو
Игнатево	ایگناتیوو
Кряжевое	کریاژفنویه
Киселеозерка	کیسلئوزیورکا
Козловка	کوزلوفکا
Камишенка	کامیشنکا
Камишовка	کامیشفکا
Гулик	گولیک
Верхний Уртуй	ورخنی اورتوی
Сохатино	سوخاتینو
Петропавловка	پتروپاولوفکا
Озерное	اوزرنویه
Сагибово	ساگیبوو
Светное	تسوتنویه
Затон	زاتون
Конний Могой	کونی موگوی
Самосделка	ساموسدلکا
Краса	کراسا
Застенка	زاستنکا
Евпраксино	یوپراکسینو
Ниновка	نینوفکا
Бараний Бугор	بارانی بوگور
Мултаново	مولتانوو
Федоровка	فیودورفکا
Верхние Колки	ورخنیه کولکی
Яблонка	یابلونکا
Каралат	کارالات
Сармантаевка	سارمانتایفکا
Боркино	بورکینو
Ватажное	واتاژنویه
Гандурино	گاندورینو
Лукяновка	لوکیانوفکا
Лебедян	لبدیان
Бақанас	باقاناس
Яренск	یارنسک
Канора	کناره
Карпогори	کارپوگوری
Верхнелебяже	ورخنلبیاژیه
Благовешенское	بلاگووشچنسکویه
Аустон	آوستان
Базин	بزین
Биштюбинка	بیشتیوبینکا
Қаншенгел	قانشنگل
Бузҷон	بوژگان
Бирючя Коса	بیریوچیا کوسا
Кӯктума	کوکتوما
Яксатово	یاکساتوو
Вишка	ویشکا
Поярково	پویارکوو
Копановка	کوپانوفکا
Семибугри	سمیبوگری
Туркменка	ترکمنکا
Черний Яр	چیورنی یار
Чирюрти	چیریورت
Фатмовут	فاتمووت
Кочковатка	کوچکوواتکا
Тамбовка	تامبوفکا
Фароб	فراب
Зорино	زورینو
Ғӯсар	گوسر
Старокучергановка	استاروکوچرگانوفکا
Янго-Аскер	یانگو-آسکر
Оранжереи	اورانژری
Кеврон	کیوران
Хошеутово	کوشئتوو
Шаҳристон	شهرستان
Вешаб	وشاب
Вен	ون،
Чекуево	چکویوو
Турдук	توردوک
Ахтубинка	آختوبینکا
Қирғизқишлоқ	قرقیز-قشلاق
Уст-Ивановка	اوست-ایوانوفکا
Красная Горка	کراسنایا گورکا
Грибовка	گریبوفکا
Пионер	پیونر
Камений Карер	کامنی کاریر
Кислий Ключ	کیسلی کلیوچ
Могилевка	موگیلیوفکا
Антоновка	آنتونوفکا
Виноградовка	وینوگرادوفکا
Новопокровка	نووپوکروفکا
Красний Исток	کراسنی ایستوک
Знаменка	زنامنکا
Грязнушка	گریازنوشکا
Луговое	لوگوویه
Мирное	میرنویه
Черемхово	چرمخوو
Заречное	زارچنویه
Крестовоздвиженка	کرستووزدویژنکا
Демяновка	دمیانوفکا
Луговое	لوگوویه
Среднебелая	سردنبلایا
Новогеоргиевск	نووگئورگیفسک
Разночиновка	رازنوچینوفکا
Федоровка	فیودوروفکا
Новотроиское	نووترویتسکویه
Христиновка	خریستینوفکا
Куприяновка	کوپریانوفکا
Михайловка	میخایلوفکا
Новоназаровка	نوونازاروفکا
Сеитовка	سئیتوفکا
Болшой Могой	بولشوی موگوی
Кондаковка	کونداکوفکا
Барановка	بارانوفکا
Алексеевка	الکسیوکا
Три Протока	تری پروتوکا
Килинчи	کیلینچی
Егин-Аул	یگین-آئول
Нижнелебяже	نیژنلبیاژیه
Светлое	سولتویه
Сизый Бугор	سیزی بوگور
Домикан	دومیکان
Солянка	سولیانکا
Мешково	مشکوفو
Грушево	گروشوو
Бабиково	بیبیکوو
Зензели	زنزلی
Шипраге	شیپراگه
Калновка	کالنوفکا
Бугор	بوگور
Яндики	یاندیکی
Симиганҷ	سیم گنج
Баҳонак	بهانک
Серобтова	سرابتاوه
Қарғалӣ	غرقالی
Абдусамад	عبدالسامت
Хумдон	هومدان
Калон	کلان،
Ҷомбулоқ	جانبولاخ
Пискон	پیشکون
Ҳазора	خازورا
Шинг	شنگ
Зиндакон	زیندیکان
Шақро	شقرا
Самарқандак	سمرقندیق
Боқалӣ	باقالی
Мундуз	موندوز
Тамитса	تامیتسا
Константиноградовка	کنستانتینوگرادوفکا
Максимовка	ماکسیموفکا
Зюзино	زیوزینو
Черноберезовка	چرنوبریوزوفکا
Ново-Николаевка	نوو-نیکلایفکا
Отважное	اوتواژنویه
Гомелевка	گوملفکا
Лохвиси	لوخویتسی
Пироговка	پیروگوفکا
Каменка	کامنکا
Бичура	بیچورا
Леонтевка	لئونتیفکا
Семеновка	سمیونوفکا
Новодомикан	نوودومیکان
Зелений Бор	زلیونی بور
Лозовое	لوزوویه
Раздолное	رازدولنویه
Дроново	درونوو
Новокучергановка	نووکوچرگانوفکا
Новоандреевка	نووآندریفکا
Крешеновка	کرشچنوفکا
Березовка	برزوفکا
Водоразделное	وودورازدلنویه
Золотоножка	زولوتونوژکا
Волково	وولکوو
Новоселитба	نووسلیتبا
Приволное	پریوولنویه
Рублевка	روبلیوفکا
Панино	پانینو
Смирновка	سمیرنوفکا
Дмитриевка	دمیتریفکا
Ерахта	یراختا
Практичи	پراکتیچی
Вятское	ویاتسکویه
Ҳавутак	حاوتک
Хмелевка	خملیوفکا
Корове	کوروویه
Ямное	یامنویه
Батаевка	باتایفکا
Комаровка	کوماروفکا
Сокрутовка	سوکروتوفکا
Новокрасное	نووکراسنویه
Новинка	نووینکا
Блиново	بلینوو
Илинка	ایلینکا
Ватажка	واتاژکا
Бирюковка	بیریوکوفکا
Владимировка	ولادیمیروفکا
Ревад	ریود
Домбрачӣ	دامبراچی
Ломоносово	لومونوسوو
Енотаевка	ینوتایفکا
Бутка	بوتکا
Холмогори	خولموگوری
Ивановка	ایوانوفکا
Алиободи Демеқ	علی‌آباد دمق
Восточное	ووستوچنویه
Валуево	والویوو
Михайловка	میخائیلوفکا
Михайловка	میخائیلوفکا
Стойба	استویبا
Песчаное	پسچانویه
Байбек	بایبک
Оқҷар	آق‌ژار
Селитренное	سلیترنویه
Шаршара	الاکدزار
Бедак	بدیک
Николаевка	نیکولایفکا
Сангвор	سنگوار
Басманда	باسماندا
Мохуник	ماخونیک
Судаче	سوداچیه
Трудфронт	ترودفرونت
Ваҳдат	کایرما
Тагичинор	تگ چنار
Яккахона	یکه‌خانه
Ёзғанд	یوزغند
Малий Арал	مالی آرال
Караозек	کارااوزک
Тигда	تیگدا
Табун-Арал	تابون-آرال
Свободное	سووبودنویه
Березовка	برزوفکا
Бон	بن
Чаган	چاگان
Крутое	کروتویه
Верхнеблаговешенское	ورخنه بلاگووشچنسکویه
Каменка	کامنکا
Гродеково	گرودکوو
Новотроиское	نووترویتسکویه
Петропавловка	پتروپاولوفکا
Асташиха	آستاشیخا
Дениславье	دنیسلاویه
Чигири	چیگیری
Ракитное	راکیتنویه
Чалбачи	چالباچی
Николо-Александровка	نیکولو-الکساندروفکا
Коврижка	کووریژکا
Ленино	لنینو
Амуро Балтийск	آمورو-بالتیسک
Чагоян	چاگویان
Новое	نوویه
Зенковка	زنکوفکا
Сосновий Бор	سوسنووی بور
Юбилейное	یوبیلینویه
Средная Полтавка	سردنیایا پولتاوکا
Нижная Полтавка	نیژنیایا پولتاوکا
Кулаковка	کولاکوفکا
Кучкина	کوچکینه
Тишково	تیشکوو
Ясин-Сокан	یاسین-سوکان
Паригино	پاریگینو
Джамба	دژامبا
Тулугановка	تولوگانوفکا
Корни	کورنی
Раздор	رازدور
Бирючек	بیریوچک
Петропавловка	پتروپاولوفکا
Шагано-Кондаковка	شاگانو-کونداکوفکا
Фунтово-1	فونتوو-۱
Жан-Аул	ژان-آئول
Михайловка	میخایلوفکا
Саргой	سرگای
Сэтагая	ستاگایا،
Шаҳристони Катловӣ	شهرستان کلاتووی
Табор	تابور
Морж	مورژ
Роршах	رورشک،
Люсерн	لوسرن
Веве	وو
Лейк-Плэсид	لیک پلاسید
Шемирон	شمیرانات
Пунак	پونک
Нормак	نارمک
Эвин	اوین
Дараке	درکه
Фармония	فرمانیه
Нозиобод	نازی‌آباد
Содиқия	آریاشهر
Қайтария	قیطریه
Лавизон	لویزان
Теҳронпорс	تهران‌پارس
Мунтережӣ	مونترژی
Зардалӣ	زردالی
Арсовит	ارساویت
Имбеф	ایمبف
Ғукат	غوکت
Калач-на-Дону	کالاچ-نا-دونو
Арнохун	ارناخون
Ғузн	غوزن
шоҳзоданишин	شاهزاده‌نشین
Баҳри Кушод	آب‌های آزاد
Руминия	رومانی
Падрох	پدرخ
Виткон	ویتکان
Оббурдони Куҳна	آب‌بردان کهنه
Работ	ربات،
Даштак	دشتک
Муждиф	مژدیف
Рейн	با-رن
Қафқози Ҷанубӣ	قفقاز جنوبی
Ноҳияи Оқдара	شهرستان مارتاکرت
Андарвашт	اندروشت
Ғаз	غاز
Камодон	کمادان
Дашти Оббурдон	دشت عبوردان
Рейни	اوت-رن
Шарқӣ	شرقی
Ғувинд	غوویند
Ғурфкат	غورفکت
Вердост	ورداست
Эгг	اگ،
Нентсинг	ننتسینگ
Ҳёрбрантс	هوربرانتس
Ҳард	هارد
Шрунс	شرون
Волфурт	ولفورت
Руҳрав	روهرو،
Лаутерах	لوتراخ
Лустенау	لوستن‌آئو
Бетсау	بتسو
Асперҳофен	اشپرهوفن
Амаравати	امراواتی
Маранд	مرند
Халилобод	خلیل‌آباد
Азно	ازنا
Башрӯя	بشرویه
Даргаз	درگز
Нир	نیر
Лангрӯд	لنگرود
Хош	خاش
Оштиён	آشتیان
Гачсорон	دوگنبدان
Хуррамшаҳр	خرمشهر
Маҷен	مجن
Сурак,	سورک
Остонаи ашрафия	آستانه اشرفیه
Миёндуоб	میاندوآب
Ушнавия	اشنویه
Бобулсар	بابلسر
Ардистон	اردستان
Сисехт	سی‌سخت
Ускӯ	اسکو
Давлатобод	دولت‌آباد
Биҳшаҳр	بهشهر
Голикеш	گالیکش
Эроншаҳр	ایرانشهر
Такоб	تکاب
Зарриншаҳр	زرین‌شهر
Ромшир	رامشیر
Баҳор	بهار
Сафошаҳр	صفاشهر
Маликон	ملکان
Алештар	الشتر
Девондарра	دیواندره
Негур	نگور
Порсобод	پارس‌آباد
Қутбобод	قطب‌آباد
Фирӯзеҳ	فیروزه
Беҳобод	بهاباد
Рустамобод	رستم‌آباد
Ширгоҳ	شیرگاه
Форсан	فارسان
Хоҷиобод	حاجی‌آباد
Бардсер	بردسیر
Сарбеша	سربیشه
Кӯҳбанон	کوهبنان
Қадамгоҳ	قدمگاه
Фарошбанд	فراشبند
Обпахш	آب‌پخش
Қалъаи Тал	قلعه‌تل
Канг	کنگ
Робар	رابر
Сарабле	سرابله
Чоф ва Чамхола	چاف و چمخاله
Чуибдеҳ	چویبده
Фардис	فردیس
Фарёб	فاریاب
Сардашт	سردشت
Натанз	نطنز
Муборака	مبارکه
Фаремон	فریمان
Шоҳиндиж	شاهین‌دژ
Ҷоҷарм	جاجرم
Ганова	گناوه
Ломирд	لامرد
Қоин	قائن
Шоҳрӯд	شاهرود
Хуррамдарра	خرمدره
Ҳурмуз	هرمز
Нуробод	نورآباد
Ромсар	رامسر
Ҳаштгирд	مهستان
Султоние	سلطانیه
Сароб	سراب
Хонҷ	خنج
Кунортахта	کنارتخته
Ҷаннатшаҳр	جنت‌شهر
Аҳрам	اهرم
Қир	قیر
Намин	نمین
Ҷӯйбор	جویبار
Забалӣ	مهرستان
Ардакон	اردکان
Қурва	قروه
Моҳон	ماهان
Муҳаммадшаҳр	محمدشهر
Хурмавҷ	خورموج
Вандатийе	وحدتیه
Киан	کیان
Ризвоншаҳр	رضوانشهر
Сурхе	سرخه
Даран	داران
Айвонкӣ	ایوانکی
Бедистон	بیدستان
Қоимия	قائمیه
Суқ	سوق
Давлатобод	دولت‌آباد
Менӯдашт	مینودشت
Аббособод,	عباس‌آباد
Сареайн	سرعین
Варзақон	ورزقان
Шештамад	ششتمد
Суҳравард	سهرورد
Боғистон	باغستان
Бика	بیکا
Банак	بنک
Абӯмӯсо	ابوموسی
Ардабел	اردبیل
Бишопур	بیشاپور
Маҳобод	مهاباد
Токистон	تاکستان
Арад	ارد
Аваз	اوز
Заранд	زرند
Шодагон	شادگان
Исломобади ғарб	اسلام‌آباد غرب
Озаршаҳр	آذرشهر
Бейрам	بیرم
Тафт	تفت
Сараxс	سرخس
Кулола	کلاله
Варомин	ورامین
Кӯҳдашт	کوهدشت
Беҷор	بیجار
Мароға	مراغه
Берозҷон	برازجان
Бесутун	بیستون
Сова	ساوه
Тойбод	تایباد
Мишгеншаҳр	مشگین‌شهر
Миёна	میانه
Туйсиркон	تویسرکان
Муллосонӣ	ملاثانی
Руйдар	رویدر
Қайдор	قیدار
Найрез	نی‌ریز
Мийбуд	میبد
Шемшак	شمشک
Орон ва Бедгул	آران و بیدگل
Риваш	ریوش
Фаррохшаҳр	فرخ‌شهر
Бӯинзаҳро	بوئین‌زهرا
Каренди Ғарб	کرند غرب
Нур	نور
Озодшаҳр	آزادشهر
Каҳнӯҷ	کهنوج
Орзуиё	ارزوئیه
Хоф	خواف
Ҳарес	هریس
Дезоб	دزآب
Малорд	ملارد
Караҳрӯд	کرهرود
Бастак	بستک
Ородон	آرادان
Хомарлу	خمارلو
Кореҳоӣ	کره‌ای
Маҳмудобод Намуна	محمودآباد نمونه
Қарчак	قرچک
Гулугоҳ	گلوگاه
Бӯстонобод	بستان‌آباد
Иқболия	اقبالیه
Гирмӣ	گرمی
Бардискан	بردسکن
Бийзо	بیضا
Боб Анор	باب انار
Модувони Олиё	مادوان علیا
Ҳуранд	هوراند
Ликак	لیکک
Сусенгерд	سوسنگرد
Даргаҳон	درگهان
Исфаройин	اسفراین
Обода	آباده
Бампур	بمپور
Кангон	کنگان
Мокӯ	ماکو
Ҳувийзе	هویزه
Лор	لار
Курдкӯй	کردکوی
Хешт	خشت
Кевор	کوار
Истаҳбон	استهبان
Чаром	چرام
Канговар	کنگاور
Қодиробод	قادرآباد
Ҳарсин	هرسین
Рӯдсар	رودسر
Маҳмӯдобод	محمودآباد
Равонсар	روانسر
Ланде	لنده
Ашкизар	اشکذر
Бастом	بسطام
Гунобод	گناباد
Бофқ	بافق
Дороб	داراب
Мурмури	مورموری
Иқлед	اقلید
Покдашт	پاکدشت
Фирӯзобод	فیروزآباد
Ҳоҷиобод	حاجی‌آباد
Ҳиндеҷон	هندیجان
Лушон	لوشان
Меҳдишаҳр	مهدی‌شهر
Ҷеруфт	جیرفت
Марвдашт	مرودشت
Ҳирот	هرات
Гатванд	گتوند
Ҷаъфария	جعفریه
Кумийҷон	کمیجان
Зоҳидшаҳр	زاهدشهر
Оққало	آق‌قلا
Дибоҷ	دیباج
Араквоз	ارکواز
Фуман	فومن
Фануҷ	فنوج
Андеша	اندیشه
Қанавот	قنوات
Тарқабеҳ	طرقبه
Лавосон	لواسان
Баҷестон	بجستان
Ҳоҷӣобод	حاجی‌آباد
Ардал	اردل
Қалъаи Ганҷ	قلعه‌گنج
Фирӯзкӯҳ	فیروزکوه
Гармсор	گرمسار
Пова	پاوه
Чолӯс	چالوس
Ромҳурмуз	رامهرمز
Маҳаллот	محلات
Гийон	گیان
Бандари Линга	بندر لنگه
Деҳдашт	دهدشت
Кундур	کندر
Разан	رزن
Лолӣ	لالی
Моҳшаҳр	ماهشهر
Ҷулфо	جلفا
Қӯчон	قوچان
Хумейн	خمین
Муҳаммадобод,	محمدآباد
Гелони ғарб	گیلانغرب
Нико	نکا
Бошт	باشت
Ҳафтгил	هفتکل
Раштхор	رشتخوار
Муҳаммадия	محمدیه
Домғон	دامغان
Обдонон	آبدانان
Лурдигон	لردگان
Шафт	شفت
Хандоб	خنداب
Қурвейи Дарҷазин	قروه درجزین
Солеҳия	صالحیه
Бандари Газ	بندر گز
Сияҳкал	سیاهکل
Галмурти	گلمورتی
Фаҳраҷ	فهرج
Рудбар	رودبار
Шаҳри Пир	شهرپیر
Гармеҳ	گرمه
Форуҷ	فاروج
Мосол	ماسال
Калоте Хиҷ	کلاته خیج
Калот	کلات
Кабудроҳанг	کبودرآهنگ
Дарҷазин	درجزین
Марйонеҷ	مریانج
Амлаш	املش
Саъдобод	سعدآباد
Деҳоқон	دهاقان
Саодатшаҳр	سعادت‌شهر
Лолеҷин	لالجین
Ниҳбандон	نهبندان
Алишаҳр	عالی‌شهر
Киш	کیش
Халxол	خلخال
Бандари Анзалӣ	بندر انزلی
Буноб	بناب
Саҳна	صحنه
Ҷаск	جاسک
Ноин	نائین
Рӯдбор	رودبار
Чағодак	چغادک
Диҳлурон	دهلران
Даррашаҳр	دره‌شهر
Фирдавс	فردوس
Сарвобод	سروآباد
Нуробод,	نورآباد
Шабонкора	شبانکاره
Дилеҷон	دلیجان
Бандари Туркаман	بندر ترکمن
Тус	توس
Гулпоягон	گلپایگان
Келон	کیلان
Фирӯзобод	فیروزآباد
Зарқон	زرقان
Сайидон	سیدان
Доварзан	داورزن
Бофт	بافت
Каки	کاکی
Зарринобод	زرین‌آباد
Рӯдон	دهبارز
Миҳрез	مهریز
Бандар-Риг	بندر ریگ
Даййир	دیر
Сароби Давреҳ	سراب‌دوره
Тозеҳобод	تازه‌آباد
Шайбон	شیبان
Мишкиндашт	مشکین‌دشت
Маҳдашт	ماهدشت
Алиобод	علی‌آباد
Ардакон	اردکان
Бохарз	باخرز
Симерум	سمیرم
Каҳак	کهک
Дилгуша	دلگشا
Тирон	تیران
Насимшаҳр	نسیم‌شهر
Аҷабшер	عجب‌شیر
Мейманд	میمند
Солеҳобод	صالح‌آباد
Анор,	انار
Палдашт	پلدشت
Боғи Малик,	باغملک
Тозиёни Пойин	تازیان پایین
Алҳойӣ	الهایی
Қудс	قدس
Хирома	خرامه
Абҳар	ابهر
Комёрон	کامیاران
Ҳаштрӯд	هشترود
Толиқон	طالقان
Сарвистон	سروستان
Хумом	خمام
Асалуйе	عسلویه
Шабистар	شبستر
Зобул	زابل
Ҷағатой	جغتای
Тафриш	تفرش
Лоҳеҷон	لاهیجان
Оббар	آب‌بر
Латифӣ	لطیفی
Чаҳордонгаҳ	چهاردانگه
Обяк	آبیک
Пешво	پیشوا
Омидийе	امیدیه
Мирҷавеҳ	میرجاوه
Калебар	کلیبر
Канорак	کنارک
Фаловарҷон	فلاورجان
Ҷуреқон	جورقان
Наҳованд	نهاوند
Алванд	الوند
Маровеҳтапе	مراوه‌تپه
Масири	مصیری
Ободе Ташк	آباده طشک
Чодигон	چادگان
Ромиён	رامیان
Буйин ва Миёндашт	بوئین و میاندشت
Камол шаҳр	کمال‌شهر
Иштиҳорд	اشتهارد
Хонсор	خوانسار
Шӯш	شوش
Сунқур	سنقر
Тирур	تیرور
Бона	بانه
Сумиасаро	صومعه‌سرا
Ниқоб	نقاب
Манӯҷон	منوجان
Салафчегон	سلفچگان
Айвон	ایوانغرب
Далеки	دالکی
Рафсанҷон	رفسنجان
Алегӯдарз	الیگودرز
Саровон	سراوان
Миҳрон	مهران
Дамованд	دماوند
Герош	گراش
Бурӯҷин	بروجن
Табас	طبس
Салмос	سلماس
Туникобун	تنکابن
Манҷил	منجیل
Меноб	میناب
Абдон	آبدان
Абаркӯҳ	ابرکوه
Шаҳмирзод	شهمیرزاد
Бандари Дайлам	بندر دیلم
Миёнрӯд	میانرود
Козирун	کازرون
Ҷам	جم
Суриён	بوانات
Эзадхост	ایزدخواست
Раск	راسک
Сафияобод	صفی‌آباد
Нахли Тақӣ	نخل تقی
Файзобод	فیض‌آباد
Нақада	نقده
Анбаробод	عنبرآباد
Ҷавонрӯд	جوانرود
Хусф	خوسف
Момуния	مأمونیه
Шозанд	شازند
Дастиҷерд	دستجرد
Фармаҳин	فرمهین
Пули Духтар	پل دختر
Хемир	خمیر
Бумаҳан	بومهن
Чинарон	چناران
Боноруйе	بنارویه
Галадор	گله‌دار
Ашхонеҳ	آشخانه
Муҳр	مهر
Сароён	سرایان
Некшаҳр	نیک‌شهر
Шаҳриёр	شهریار
Асадия	اسدیه
Ровар	راور
Моҳнишон	ماه‌نشان
Бадре	بدره
Нармошир	نرماشیر
Саҳанд	سهند
Мингочевир	مینگه‌چویر
Ланкарон	لنکران
Шаки	شکی
Нафталан	نفتالان
Лабитнанги	لابیتنانگی
Муравленко	موراولنکو
Биробиҷон	بیروبیجان
Сплит-Далматия	اسپلیت-دالماسی
Истриё	ایستریا
Луара	لوار
Муғулистони дохилӣ	مغولستان داخلی
Синзян	سین‌کیانگ
Тибет	تبت
Гуансӣ	گوانگشی
Нинсиа	نینگ‌شیا
устони Вестфолиё	استان وستفالیا
Прусси Шарқӣ	پروس خاوری
Бухоро	بخارا
Болоҳисор	بالاحصار
Ям	یام
Гулбарга	گلبرگه
Силвосо	سیلواسا
Нав	نیو
Минтақаи Кокимбо	منطقه کوکیمبو
Қизилқапчиғай	قزل-قپچقای
Бенетице	بنتیتسه
Кичен	کیچن
Ҳарлэми Шарқӣ	هارلم شرقی
Куркат	کورکت
Оббурдон	آب‌بردان
Росровут	روزرووت
20-солагии Истиқлолияти Тоҷикистон	سالگرد استقلال تاجیکستان
Овчиқалъача	آوچی کلچه
Лангаришо	لشگر شاه
Шарипов	شریپاو
Карим	عکس گذر
Йол	یال
Фондарё	فان‌دریا
Норин	نارین
Аличур	الیچور
Чортеппа	چهارتپه
Зумрад	شهرک،
Ҷамоати	رحیم
Ҷавонон	جوانان
Қалаилабиоб	قلعه لب آب
Тоҷикистон	تاجیکستان
Поршнев	پارشینو
Мискинобод	مسکین‌آباد
Лангар	لنگر،
Шӯрообод	شوراآباد
Нушор	نوشار
Ватан	وطن
Даштиҷум	دشت جوم
Хонақоҳи Кӯҳӣ	خانقاه کوهی
Ғӯлакандоз	گلک‌انداز
Равшан	روشن
Роҳатӣ	راحتی
Ҷамоати Калининобод	وحدت، سغد
Вранг	ورانگ
Лоҳур	لاهور
Қалъаидашт	قلعه دشت
Чилдухтарон	چهل‌دختران
Оскар	اسکار
Сарагоса	ساراگوسا
Багатаям	باگاتایام
Ғарбӣ	غربی
Шарқ	شرقی
Фурудгоҳи саҳро мак‌коло	فرودگاه صحرایی مک‌کالا
Ютландияи	میدیولند
Карансебеш	کرنسبش
Каракал	کرکل
Сигету-Марматсией	سیگتو مرمتسیه
Сигишоара	سیگیشوآرا
Мотру	موترو
Онешти	اونشت
Кимпулунг-Мусчел	کمپولون
Вулкан	وولکن
Бирлад	برله
Рэдэутси	ردوتس
Фэгэраш	فگره
Хунедоара	هوندوئارا
Лупени	لوپه
Лугож	لوگوژ
Сэчеле	ساچله
Турну-Мэгуреле	تورنو مگورل
Герла	گرله
Дрэгэшани	درگشنه
Себеш	سبش
Салонта	سلونته
Дорохой	دوروهو
Кимпулунг-Молдовенеск	کومپولونگ مولدومنه
Рошиорий-де-Веде	روشیوری ده وده
Регин	رگین
Урзичени	اورزیچه
Роман	رومان
Ватра-Дорней	وتره دورنه
Орэштие	اورشتیه
Кимпия-Турзий	کمپیا تورزی
Фэлтичени	فالتیچه
Текуч	تکوچ
Одорхею-Секуйеск	اودورهیو سکویس
Кодля	کودله
Фетешти	فتش
Блаж	بله
Маргита	مرگیته
Беюш	بیهور
Аҷуд	ادژو
Аюд	ایو
Кимпина	کمپیا
Турда	توردا
Деж	ده
Мойнешти	موینشت
Тиргу-Секуйеск	ترگو سکوئیس
Морени	موره
Тирнэвени	ترناوه
Карей	کره
Куртя-де-Арҷеш	کورتا ده ارجه
Пиренеи	اوپیرنه
Майенн	ماین
Венна	وین
Буш дю Рон	بوش دو رون
Савойя	اوت-ساووآ
Жер	ژر
Тарн и Гаронна	تارن-ا-گارون
Эр и Луар	اور-ا-لوآر
Луара	لوآر
Эна	انه
Нор	نورد
Сомма	سم
Манш	مانش
Дё Севр	دو-سور
Кот-д’Ор	کوت-دور
Шаранта	شرانت-ماریتیم
Ареж	آرییژ
Эро	ارو،
Пюи де Дом	پوی ددوم
Луара	اوت-لوار
Сена — Сен	سن-سن-دونی
Жиронда	ژیروند
Лот	لو
Од	اود
Дром	دروم
Арденн	آردن
Тарн	تارن
Але	آلیه
Шер	شر
Ил и Вилен	ایل-ا-ویلن
Рона	رون
Корсика Верхняя	کرس شمالی
Об	اوب
Крёз	کروز
Департаменти	آلپ-ماریتیم
Морбиан	موربیان
Йонна	یون
Лозер	لوزر
Воклюз	وکلوز
Эндр Луара	اندر الوآر
Сона и Луара	سائون-ا-لوآر
Белфор	بلفور
Лот ва Гаронна	لو-ا-گرون
Гаронна	اوت-گارون
Марна	اوت-مارن
Эн	ان
Савойя	سووآ
Мёрт Мозел	مورت موزل
Пиренеи Атлантикӣ	پیرنه-آتلانتیک
Кот д'Армор	کوت-دارمور
Сен	او-دو-سن
Луаре	لوآره
Эссонна	اسون
Вар	ور
Алп	اوت-آلپ
Эр	اور
Марна	مرن
Аверон	آویرون
Финистер	فینیستر
Вал д'Уаз	ول-دوآز
Сона	اوت-سئون
Ивелин	ایولین
Пиренеи Шарқӣ	پیرنه اوریانتل
Ду	دو
Сена Приморская	سن ماریتیم
Луара Атлантическая	لوآر-آتلانتیک
Ардеш	آردش
Алп Верхнего Прованса	آلپ-دو-اوت-پرووانس
Юра	ژورا
Орн	اورن
Вал Марн	ول مرن
Изер	ایزر
Корсика Южная	کرس جنوبی
Шаранта	شارانت
Мозел	موزل
Вандея	وانده
Кантал	کانتال
Коррез	کورز
Сарт	سرت
Невр	نی‌یور
Сена и Марна	سن-ا-مارن
Ланд	لاند
Па де Кале	پا-دو-کاله
Луар и Шер	لوآر-ا-شر
Мёз	موز
Департаменти	اوت-وین
Петроветс	پتروک
Винитса	وینیکا
Чучер Сандево	چوچر-ساندوو
Арачиново	آراچینوو
Босилово	بوسیلوو
Валандово	والاندوو
Теартсе	تره
Свети Николе	سوتی نیکول
Струмитса	استرومیکا
Зрновтси	زرنوچی
Делчево	دلچهو
Карпош	کارپوچ
Дебартса	دبارکا
Липково	لیپکوو
Долнени	دولننی
Гази Баба	گازی بابا
Могила	موگیلا
Куманово	کومانوو
Демир Капия	دمیر کاپیا
Дойран	دوجران
Кичево	کیشوو
Оризари	اوریزاری
Илинден	ایلدن
Вевчани	ووچانی
Крушево	کروشوو
Радовиш	رادویچ
Гевгелия	گویگلیجا
Битола	بیتولا
Карбинтси	کربینچی
Богдантси	بوگدانچی
Новатси	نواوسی
Брвенитса	بروونیکا
Маврово и Ростуша	مارووو روستوچا
Пробиштип	پروبیستیپ
Росоман	روزومان
Прилеп	پریلپ
Дебар	دبار
Кавадартси	کاوادارسی
Гостивар	گوستیور
Демир Хисар	دمیر هسار
Струга	استروگا
Пласнитса	پلاسنیکا
Бутел	بوتل
Сарай	سراج
Неготино	ناپینو
Тсентар	شهرداری
Ресен	رسن
Кратово	کراتوو
Василево	وسیلوو
Градско	گرادسکو
Тетово	تتوو
Сопиште	سوپیشت
Конче	کونسه
Велес	ولس
Атакама	آتاکاما
Бадр	بدر
Швартсах	شوارتساخ
Туркистон	ترکستان
Мошовтсе	موشوفتسی
Тунис	تونس
Нобул	نابل
Нарин	نارین
Бодканд	باتکن
Чуй	چوئی
Иссик-Кул	استان ایسیق‌کول
Ӯш	اوش
Вилояти Талас	استان تراز
Ҷалол-Обод	جلال‌آباد
Бокскар Рапид	باکسکار راپیدز
Пойгоҳи ҳавоӣ лондсбрг-лч	پایگاه هوایی لاندسبرگ-لچ
Пойгоҳи ҳавоӣ бушл	پایگاه هوایی بوشل
Фурудгоҳи нерӯе ҳаво салтанате устуролеё дар пойгоҳи велеём‌товн	فرودگاه نیروی هوایی سلطنتی استرالیا در پایگاه ویلیام‌تاون
Пойгоҳи ҳавоии Гангнеунг	پایگاه هوایی گنگنیونگ
Пойгоҳи нерӯе ҳаво дюис–мунтҳн	پایگاه نیروی هوایی دیویس–مونتهن
Фурудгоҳи боркорби	فرودگاه بارکاربی
Пойгоҳи ҳавоӣ слнук	پایگاه هوایی سلنوک
Пойгоҳи ҳаво суеҳстрбрг	پایگاه هوایی سوستربرخ
Фурудгоҳи нерӯе ҳаво салтанате устуролеё дар пойгоҳи ричмунд	فرودگاه نیروی هوایی سلطنتی استرالیا در پایگاه ریچموند
Фурудгоҳи дрсбо	فرودگاه درسبا
Пойгоҳи ҳавоӣ влизи виокубл	پایگاه هوایی ولیزی ویاکوبلای
Валкарте	والکرتیر
Пойгоҳи ҳавоӣ брутни сур оврж	پایگاه هوایی بروتنی سور اورژ
Шило	شیلو
Си‌уф‌бе богутуил	سی‌اف‌بی باگوتویل
Пойгоҳи ҳавоӣ добрусловтси	پایگاه هوایی دابروسلاوتسی
Фурудгоҳи Пловдив	فرودگاه پلوودیف
Фурудгоҳи мовнтн‌дил	فرودگاه ناگویا
Пойгоҳи ҳавоӣ добинс	پایگاه هوایی دابینس
Фурудгоҳи сукчу	فرودگاه سوکچو
Пойгоҳи ҳавоӣ дулиор	پایگاه هوایی دولیار
Пойгоҳи нерӯе ҳаво ҳорлинҷн	پایگاه نیروی هوایی هارلینجن
Пойгоҳи ҳавоӣ чотовдун	پایگاه هوایی چاتاودون
Пойгоҳи ҳавоии Поинт Мугу	پایگاه هوایی پوینت موگو
Довлт бг овлди	داولت بگ اولدی
Фурудгоҳи бортулуму д гусмов	فرودگاه بارتولومو د گوسماو
Пойгоҳи нерӯе ҳаво ҳиндн	پایگاه نیروی هوایی هیندن
Пойгоҳи ҳавоӣ бун гурир	پایگاه هوایی بن گوریر
Пойгоҳи нерӯе ҳаво олтс	پایگاه نیروی هوایی التس
Фурудгоҳи прс, искотланд	فرودگاه پرث، اسکاتلند
Фурудгоҳи оичн	فرودگاه ایچن
Пойгоҳи ҳавоии Пайя Лебар	پایگاه هوایی پایا لبار
Фурудгоҳи саҳро чолгрув	فرودگاه صحرایی چالگروو
Фурудгоҳи Гунонг Батин	فرودگاه گونانگ باتین
Фурудгоҳи бин‌алмилалӣ Маршал	فرودگاه بین‌المللی مارشال
Пойгоҳи ҳавоӣ кптн орнсту осгуро кубидс	پایگاه هوایی کپتن ارنستو اسگورا کوبیدس
Фурудгоҳи бундобрг	فرودگاه بوندابرگ
Пойгоҳи нерӯе ҳаво номпунг	پایگاه نیروی هوایی نامپونگ
Пойгоҳи ҳавоӣ глную	پایگاه هوایی گلنویو
Мийдон ҳаво фард	میدان هوایی فرد
Пойгоҳи ҳавоӣ фиронсеску д мирондо	پایگاه هوایی فرانسیسکو د میراندا
Пойгоҳи ҳавоӣ брмудо	پایگاه هوایی برمودا
Фурудгоҳи чик-тунг	فرودگاه چیک-تونگ
Пойгоҳи ҳавоии Казлу Руда	پایگاه هوایی کازلو رودا
Пойгоҳи нерӯе ҳаво Покистон дар мсрур	پایگاه نیروی هوایی پاکستان در مسرور
Пойгоҳи ҳавоии Ҳородок	پایگاه هوایی هردوک
Фурудгоҳи саҳро гифу	فرودگاه صحرایی گیفو
Пойгоҳи нерӯе ҳаво Покистон дар сомунгли	پایگاه نیروی هوایی پاکستان در سامونگلی
Пойгоҳи дарё рӯзвилт рудз	پایگاه دریایی روزولت رودز
Фурудгоҳи саҳро ҳднҳом	فرودگاه صحرایی هدنهام
Пойгоҳи ҳавоӣ ондровидо	پایگاه هوایی آندراویدا
Фурудгоҳи коҳово	فرودگاه کاهاوا
Фурудгоҳи фировкс	فرودگاه فیراوکس
Пойгоҳи ҳавоӣ муҳофизат брдли	پایگاه هوایی محافظت بردلی
Фурудгоҳи саҳро ссил	فرودگاه صحرایی سسیل
Пойгоҳи нерӯе ҳаво ҳудспруит	پایگاه نیروی هوایی هودسپرویت
Фурудгоҳи фирфкс	فرودگاه فیرفکس
Пойгоҳи ҳавоӣ ил-токодум	پایگاه هوایی ال-تاکادوم
Пойгоҳи ҳавоӣ артишӣ гурсинлик онкоро	پایگاه هوایی ارتشی گورسینلیک آنکارا
Пойгоҳи нерӯ ҳаво тохли руиол то	پایگاه نیرو هوایی تاخلی رویال تای
Пойгоҳи ҳавоӣ румбуло	پایگاه هوایی رومبولا
Фурудгоҳи саҳро гридр	فرودگاه صحرایی گریدر
Фурудгоҳи саҳро ослип	فرودگاه صحرایی اسلیپ
Фурудгоҳи воит вол‌ҳом	فرودگاه وایت والت‌هام
Фурудгоҳи саҳро лошом	فرودگاه صحرایی لاشام
Пойгоҳи ҳавоӣ тулмидо	پایگاه هوایی تولمیدا
Фурудгоҳи онснодо	فرودگاه انسنادا
Пойгоҳи ҳавоӣ горд фрсну	پایگاه هوایی گارد فرسنو
Пойгоҳи ҳавоӣ джидо	پایگاه هوایی دژیدا
Пойгоҳи ҳавоӣ лулионг	پایگاه هوایی لولیانگ
Фурудгоҳи фоирбоирн конбиро	فرودگاه فایربایرن کانبرا
Фурудгоҳи нерӯе ҳаво салтанате викнби	فرودگاه نیروی هوایی سلطنتی ویکنبی
Фурудгоҳи ло мокрино	فرودگاه لا ماکارنا
Фурудгоҳи пунто плодо	فرودگاه پونتا پلادا
Фурудгоҳи нерӯе ҳаво салтанате ҳонили	فرودگاه نیروی هوایی سلطنتی هانیلی
Фурудгоҳи нерӯе ҳаво салтанате отрстун	فرودگاه نیروی هوایی سلطنتی اترستون
Фурудгоҳи втрувуи	فرودگاه وتروووی
Фурудгоҳи тоҷроҳ	فرودگاه تاجراه
Фурудгоҳи ил лонбдр	فرودگاه ال لانبدر
Фурудгоҳи вуи вуи	فرودگاه ووی ووی
Пойгоҳи нерӯе ҳаво Покистон дар курнги	پایگاه نیروی هوایی پاکستان در کورنگی
Пойгоҳи ҳавоӣ пчуро комнко	پایگاه هوایی پچورا کامنکا
Фурудгоҳи нерӯе ҳаво салтанате неютун	فرودگاه نیروی هوایی سلطنتی نیوتون
Пойгоҳи ҳавоӣ оврли	پایگاه هوایی اورلی
Пойгоҳи ҳавоӣ зовитинск	پایگاه هوایی زاویتینسک
Пойгоҳи нерӯе ҳаво Покистон дар мрид	پایگاه نیروی هوایی پاکستان در مرید
Пойгоҳи нерӯ ҳаво сонто курӯз	پایگاه نیرو هوایی سانتا کروز
Фурудгоҳи содс	فرودگاه سادس
Пойгоҳи ҳавоӣ осморҳун	پایگاه هوایی اسمارهون
Фурудгоҳи нерӯе ҳаво салтанате гидун	فرودگاه نیروی هوایی سلطنتی گیدون
Пойгоҳи ҳавоӣ плику	پایگاه هوایی پلیکو
Пойгоҳи ҳавоӣ горд тулсо	پایگاه هوایی گارد تولسا
Пойгоҳи ҳавоӣ жрдфко	پایگاه هوایی ژردفکا
Фурудгоҳи Низомй винроит ийр остишн	فرودگاه نظامی وینرایت ایر استیشن
Пойгоҳи нерӯе ҳаво лонгбонуг	پایگاه نیروی هوایی لانگبانوگ
Пойгоҳи ҳавоии Липетск	پایگاه هوائی لیپسک
Фурудгоҳи гурба‌ший	فرودگاه گریه‌شیم
Пойгоҳи ҳавоии Донское	پایگاه هوایی دانسکویی
Си‌уф‌бе ширутр	سی‌اف‌بی شیروتر
Пойгоҳи ҳавоии Петерсон	پایگاه هوایی پیترسون
Фурудгоҳи саҳро артишӣ бигз	فرودگاه صحرایی ارتشی بیگز
Фурудгоҳи брзувко	فرودگاه برزووکا
Пойгоҳи ҳавоӣ жлҷово	پایگاه هوایی ژلجاوا
Фурудгоҳи тоитунг	فرودگاه تایتونگ
Фурудгоҳи нерӯе ҳаво салтанате гилн‌кирчн	فرودگاه نیروی هوایی سلطنتی گایلن‌کیرشن
Фурудгоҳи купю	فرودگاه کوپیو
Си‌уф‌бе гус бе	سی‌اف‌بی گوس بی
Пойгоҳи Низомй вис	پایگاه نظامی ویس
Пойгоҳи ҳавоӣ оврлеҳонз	پایگاه هوایی اورلئانز
Пойгоҳи Нерӯи Ҳавоии Патрик	پایگاه نیروی هوایی پاتریک
Пойгоҳи шикор дилто	پایگاه شکاری دلتا
Пойгоҳи ҳавоӣ биҷо	پایگاه هوایی بیجا
Пойгоҳи ҳавоӣ дизир – робинсн	پایگاه هوایی دیزیر – رابینسن
Фурудгоҳи визбҳ	فرودگاه ویزبه
Пойгоҳи ҳавоӣ ковфбуирн	پایگاه هوایی کاوفبویرن
Пойгоҳи нерӯе ҳаво фирчоилд	پایگاه نیروی هوایی فیرچایلد
Пойгоҳи ҳавоӣ Низомй домиол	پایگاه هوایی نظامی دامیال
Пойгоҳи нерӯе ҳаво чондҳор	پایگاه نیروی هوایی چاندهار
Пойгоҳи ҳавоӣ иокуто	پایگاه هوایی یاکوتا
Фурудгоҳи думно	فرودگاه دومنا
Пойгоҳи ҳавоӣ ботоинико	پایگاه هوایی باتاینیکا
Пойгоҳи ҳавоӣ муҳофизат дий муинс	پایگاه هوایی محافظت دی موینس
Фурудгоҳи бин‌алмилалӣ брионск	فرودگاه بین‌المللی بریانسک
Пойгоҳи ҳавоӣ пҳ	پایگاه هوایی په
Пойгоҳи Нерӯи Ҳавоии Барксдейл	پایگاه نیروی هوایی بارکسدال
Пойгоҳи ҳавоӣ ил минҳодн	پایگاه هوایی ال می‌نهاد
Фурудгоҳи нерӯе ҳаво салтанате вдингтун	فرودگاه نیروی هوایی سلطنتی ودینگتون
Фурудгоҳи лтино	فرودگاه لتینا
Пойгоҳи ҳавоӣ ъалӣ олсолм	پایگاه هوایی علی السالم
Фурудгоҳи пюнгсул лӣ	فرودگاه پیونگسول لی
Пойгоҳи ҳавоӣ сулнзоро	پایگاه هوایی سولنزارا
Пойгоҳи Нерӯи Ҳавоии Арнолд	پایگاه نیروی هوایی آرنلد
Фурудгоҳи бин‌алмилалӣ пулунио	فرودگاه بین‌المللی پولونیا
Фурудгоҳи ҳуонгю	فرودگاه هوانگیو
Фурудгоҳи прсон-бӯ	فرودگاه پرسان-بومون
Пойгоҳи нерӯе ҳаво тонҷовур	پایگاه نیروی هوایی تانجاوور
Мийдон ҳаво грув	میدان هوایی گروو
Пойгоҳи нерӯе ҳаво дан муонг руиол то	پایگاه نیروی هوایی دن موانگ رویال تای
Фурудгоҳи кеп лисбурн лрс	فرودگاه کیپ لیسبورن لرس
Пойгоҳи ҳавоӣ кптн овлону мурну	پایگاه هوایی کپتن اولانو مورنو
Фурудгоҳи визорат дифоъ биретонеё дар боскомб довн	فرودگاه وزارت دفاع بریتانیا در باسکامب داون
Фурудгоҳи рдҳил	فرودگاه ردهیل
Пойгоҳи ҳавоӣ син оисидру	پایگاه هوایی سن ایسیدرو
Фурудгоҳи гӯр салем	فرودگاه گورها سلیم
Фурудгоҳи остоплфурд	فرودگاه استاپلفورد
Фурудгоҳи буиник	فرودگاه بوینیک
Фурудгоҳи шрбурн‌оин‌илмат	فرودگاه شربورن -این-المت
Фурудгоҳи сҷнико	فرودگاه سینیکا
Фурудгоҳи вортун	فرودگاه وارتون
Пойгоҳи нерӯе ҳаво Покистон дар минҳос	پایگاه نیروی هوایی پاکستان در مینهاس
Пойгоҳи нерӯе ҳаво овурбрг	پایگاه نیروی هوایی اووربرگ
Фурудгоҳи бурисувски хутилув	فرودگاه بوریسووسکی خوتیلوو
Фурудгоҳи союл	فرودگاه سایول
Фурудгоҳи лошндн	فرودگاه لاشندن
Фурудгоҳи шубдон	فرودگاه شوبدان
Пойгоҳи нерӯе ҳаво дрбн	پایگاه نیروی هوایی دربن
Фурудгоҳи кокоиди	فرودگاه کاکایدی
Пойгоҳи ҳавоӣ кюрдомир	پایگاه هوایی کیوردامیر
Тикси шимолӣ	تیکسی شمالی
Фиронсес гбрски пойгоҳи Муҳофизат ҳаво	فرانسیس گبرسکی پایگاه محافظت هوایی
Фурудгоҳи нерӯе ҳаво салтанате ҳмс‌вл	فرودگاه نیروی هوایی سلطنتی همس‌ول
Фурудгоҳи нерӯе ҳаво салтанате обингдун	فرودگاه نیروی هوایی سلطنتی ابینگدون
Фурудгоҳи нерӯе ҳаво салтанате овповн	فرودگاه نیروی هوایی سلطنتی اوپاون
Фурудгоҳи кумгонг	فرودگاه کومگانگ
Пойгоҳи ҳавоӣ тоеҳф	پایگاه هوایی طائف
Фурудгоҳи нерӯе ҳаво салтанате гровли	فرودگاه نیروی هوایی سلطنتی گراولی
Пойгоҳи ҳавоӣ лиҳ‌Пос	پایگاه هوایی لیه‌پاس
Пойгоҳи нерӯе ҳаво пин	پایگاه نیروی هوایی پین
Фурудгоҳи Низомй робинсун	فرودگاه نظامی رابینسون
Нерӯҳои Скульторп	نیروی هوایی سلطنتی
Фурудгоҳи нерӯе ҳаво салтанате одзл	فرودگاه نیروی هوایی سلطنتی ادزل
Фурудгоҳи нерӯе ҳаво салтанате култишол	فرودگاه نیروی هوایی سلطنتی کولتیشال
Фурудгоҳи овкури	فرودگاه اوکوری
Фурудгоҳи нерӯе ҳаво салтанате пулатон	فرودگاه نیروی هوایی سلطنتی پولتون
Фурудгоҳи нерӯе ҳаво салтанате оснитрфилд	فرودگاه نیروی هوایی سلطنتی اسنیترفیلد
Пойгоҳи ҳавоӣ сиди слимин	پایگاه هوایی سیدی سلیمین
Фурудгоҳи бин‌алмилалӣ туро Индиана	فرودگاه بین‌المللی ترا ایندیانا
Пойгоҳи ҳавоӣ шизуҳомо	پایگاه هوایی شیزوهاما
Фурудгоҳи шаҳре вичито фолз	فرودگاه شهری ویچیتا فالز
Фурудгоҳи овнчун оп	فرودگاه اونچون آپ
Фурудгоҳи вигром	فرودگاه ویگرام
Пойгоҳи ҳавоӣ врождбно	پایگاه هوایی وراژدبنا
Пойгоҳ нируҳуоии салтанате овбн тойланд	پایگاه نیروهوایی سلطنتی اوبن تایلند
Пойгоҳи ҳавоӣ горд тулду	پایگاه هوایی گارد تولدو
Фурудгоҳи востроп	فرودگاه واستراپ
Фурудгоҳи саҳро конуио	فرودگاه صحرایی کانویا
Пойгоҳи нерӯе ҳаво флурионуплис	پایگاه نیروی هوایی فلوریانوپلیس
Пойгоҳи Нерӯи Ҳавоии Ҳалвара	پایگاه نیروی هوایی هالوارا
Фурудгоҳи сморҳ	فرودگاه سماره
Пойгоҳи ҳавоӣ вҳмо	پایگاه هوایی وهما
Пойгоҳи ҳавоӣ ворутнск	پایگاه هوایی واروتنسک
Фурудгоҳи нерӯе ҳаво салтанате орул	فرودگاه نیروی هوایی سلطنتی ارول
Пойгоҳи ҳавоии Фюрсетфелдбрук	پایگاه هوایی فورستنفلدبروک
Пойгоҳи ҳавоӣ млсбрук	پایگاه هوایی ملسبروک
Пойгоҳи ҳавоӣ ноту дар гоилн‌киршн	پایگاه هوایی ناتو در گایلن‌کیرشن
Пойгоҳи ҳавоӣ тосзор	پایگاه هوایی تاسزار
Си‌уф‌бе трнтн	سی‌اف‌بی ترنتن
Пойгоҳи ҳавоӣ лк	پایگاه هوایی لک
Фурудгоҳи ммингн	فرودگاه ممینگن
Пойгоҳи ҳавоӣ ҳултсдурф	پایگاه هوایی هولتسدورف
Камп бсшн	کمپ بسشن
Пойгоҳи ҳавоӣ рудро мото буҷ	پایگاه هوایی رودرا ماتا بوج
Пойгоҳи ҳавоӣ ординг	پایگاه هوایی اردینگ
Фурудгоҳи мнгун	فرودگاه منگون
Пойгоҳи нерӯе ҳаво сруио	پایگاه نیروی هوایی سرویا
Пойгоҳи ҳавоӣ рзру грисум	پایگاه هوایی رزرو گریسوم
Пойгоҳи нерӯе ҳаво клинтн ковнти	پایگاه نیروی هوایی کلینتن کاونتی
Пойгоҳи Нерӯи Ҳавоии Люк	پایگاه نیروی هوایی لوک
Пойгоҳи ҳавоӣ овурд	پایگاه هوایی آوورد
Фурудгоҳи саҳро муеҳир	فرودگاه صحرایی موئیر
Фурудгоҳи нерӯе ҳаво салтанате устуролеё дар пойгоҳи товнзуил	فرودگاه نیروی هوایی سلطنتی استرالیا در پایگاه تاونزویل
Фурудгоҳи нерӯе ҳаво салтанате устуролеё дар пойгоҳи тиндол	فرودگاه نیروی هوایی سلطنتی استرالیا در پایگاه تیندال
Пойгоҳи нерӯе ҳаво бин	پایگاه نیروی هوایی بین
Пойгоҳи ҳавоӣ нюл снгли пуинт	پایگاه هوایی نیول سنگلی پوینت
Фурудгоҳи нерӯе ҳаво салтанате оҳлҳурн	فرودگاه نیروی هوایی سلطنتی اهلهورن
Пойгоҳи нерӯе ҳаво офунсус	پایگاه نیروی هوایی افونسوس
Си‌уф‌бе сумрсид	سی‌اف‌بی سومرسید
Пойгоҳи ҳавоӣ мунгололу трускот	پایگاه هوایی مونگالالو تروسکات
Пойгоҳи нерӯ ҳаво тинкр	پایگاه نیرو هوایی تینکر
Пойгоҳи ҳавоӣ болошув	پایگاه هوایی بالاشوو
Фурудгоҳи сиқ	فرودگاه سق
Пойгоҳи нерӯе ҳаво моксул	پایگاه نیروی هوایی ماکسول
Фурудгоҳи работ слҳ	فرودگاه رباط سله
Фурудгоҳи ҷиошин	فرودگاه جیاشین
Фурудгоҳи огунор – бе охомук	فرودگاه اگونار – بی اخاموک
Фурудгоҳи снтусл	فرودگاه سنتوسل
Фурудгоҳи говлр	فرودگاه گاولر
Пойгоҳи ҳавоӣ виломур	پایگاه هوایی ویلامور
Пойгоҳи ҳавоӣ тнгоҳ	پایگاه هوایی تنگاه
Пойгоҳи нерӯе ҳаво хкимпт	پایگاه نیروی هوایی حکیمپت
Фурудгоҳи оипсуиич	فرودگاه ایپسوییچ
Фурудгоҳи саҳро бч м	فرودگاه صحرایی بچ مای
Фурудгоҳи ҳрибрту гел мороинз	فرودگاه هریبرتو گیل ماراینز
Фурудгоҳи сурмрск-1	فرودگاه سورمرسک-۱
Фурудгоҳи нерӯе ҳаво салтанате косфурд	فرودگاه نیروی هوایی سلطنتی کاسفورد
Фурудгоҳи Саҳро ва пойгоҳи дифоъ фос	فرودگاه صحرایی و پایگاه دفاع فاس
Фурудгоҳи тоеҳтон-пеюнг‌ёнг	فرودگاه تائتان-پیونگ‌یانگ
Фурудгоҳи саҳро артишӣ ий пий ҳил	فرودگاه صحرایی ارتشی ای پی هیل
Фурудгоҳи влурҳмптун	فرودگاه ولورهمپتون
Фурудгоҳи саҳро ийр ншнол горд бийс гӯн	فرودگاه صحرایی ایر نشنال گارد بیس گون
Фурудгоҳи норсорсуок	فرودگاه نارسارسواک
Пойгоҳи имконот ҳаво оидк	پایگاه امکانات هوایی ایدک
Пойгоҳи ҳавоӣ отоин-рувурс	پایگاه هوایی اتاین-رووورس
Пойгоҳи ҳавоӣ осто	پایگاه هوایی آستا
Марказ ҳаво овокии	مرکز هوایی اواکیی
Фурудгоҳи ҳоксшн	فرودگاه هاکسشن
Пойгоҳи ҳавоӣ носусниё	پایگاه هوایی ناسوسنایا
Пойгоҳи ҳавои Ҳоумстед	پایگاه هوایی هومستد
Фурудгоҳи шикуко	فرودگاه شیکوکا
Пойгоҳи ҳавоӣ сорогусо	پایگاه هوایی ساراگوسا
Пойгоҳи нерӯе ҳаво блумспруит	پایگاه نیروی هوایی بلومسپرویت
Пойгоҳи ҳавоӣ руоф ҳаштод ва шиш	پایگاه هوایی روآف هشتاد و ششم
Пойгоҳи нерӯе ҳаво осуорткуп	پایگاه نیروی هوایی اسوارتکوپ
Фурудгоҳи куин	فرودگاه کوین
Фурудгоҳи огриню	فرودگاه آگرینیو
Пойгоҳи нерӯе ҳаво борокпур	پایگاه نیروی هوایی باراکپور
Фурудгоҳи нерӯе ҳаво салтанате устуролеё дар шргр	فرودگاه نیروی هوایی سلطنتی استرالیا در شرگر
Фурудгоҳи нерӯе ҳаво салтанате оспитол‌гийт	فرودگاه نیروی هوایی سلطنتی اسپیتال‌گیت
Фурудгоҳи нерӯе ҳаво салтанате тилинг	فرودگاه نیروی هوایی سلطنتی تیلینگ
Фурудгоҳи орон‌ий‌ис кингс‌нурс	فرودگاه آران‌ای‌اس کینگس‌نورث
Фурудгоҳи саҳро дӯк	فرودگاه صحرایی دوک
Фурудгоҳи тоичн шимол ғарбӣ	فرودگاه تایچن شمال غربی
Фурудгоҳи нерӯе ҳаво салтанате тувин‌вӯд форм	فرودگاه نیروی هوایی سلطنتی تووین‌وود فارم
Пойгоҳи нерӯе ҳаво Покистон дар меён‌вол	پایگاه نیروی هوایی پاکستان در میان‌والی
Фурудгоҳи туҳо рий шимолӣ	فرودگاه توها ری شمالی
Пойгоҳи нерӯе ҳаво прин	پایگاه نیروی هوایی پرین
Фурудгоҳи нерӯе ҳаво салтанате устуролеё дар кртин	فرودگاه نیروی هوایی سلطنتی استرالیا در کرتین
Фурудгоҳи нерӯе ҳаво салтанате устуролеё дар пойгоҳи нобик	فرودگاه نیروی هوایی سلطنتی استرالیا در پایگاه نابیک
Марказ нерӯе ҳаво нюзлнд дар овклнд	مرکز نیروی هوایی نیوزیلند در اوکلند
Фурудгоҳи ромсготҳ	فرودگاه رامسگاته
Пойгоҳи ҳавоӣ пудужмиҳ	پایگاه هوایی پودوژمیه
Фурудгоҳи нерӯе ҳаво салтанате оспилсби	فرودگاه نیروی هوایی سلطنتی اسپیلسبی
Фурудгоҳи вилр-ск орм	فرودگاه ویلر-سک آرمی
Фурудгоҳи нерӯе ҳаво салтанате онуик	فرودگاه نیروی هوایی سلطنتی انویک
Пойгоҳи ҳавоӣ овуруч	پایگاه هوایی اووروچ
Пойгоҳи ҳавоӣ витбск	پایگاه هوایی ویتبسک
Пойгоҳи нерӯе ҳаво вотрклуф	پایگاه نیروی هوایی واترکلوف
Пойгоҳи Нерӯи Ҳавоии Макгуайер	پایگاه نیروی هوایی مک‌گوار
Фурудгоҳи громув	فرودگاه گراموو
Пойгоҳи ҳавоӣ шийх ъесо	پایگاه هوایی شیخ عیسی
Фурудгоҳи томурт	فرودگاه تامورت
Пойгоҳи ҳавоӣ иҳнуил	پایگاه هوایی یهنویل
Фурудгоҳи дувнсую	فرودگاه دوونسویو
Пойгоҳи ҳавоии Гардермоен	پایگاه هوایی گاردرمن
Пойгоҳи ҳавоӣ ловпҳоим	پایگاه هوایی لاوپهایم
Пойгоҳи ҳавоӣ бубр	پایگاه هوایی بوبر
Пойгоҳи Нерӯи Ҳавоии Андерсен	پایگاه نیروی هوایی اندرسن
Пойгоҳи ҳавоӣ оспнгдолм	پایگاه هوایی اسپنگدالم
Фурудгоҳи бин‌алмилалӣ леҳвпулд сдор снгур	فرودگاه بین‌المللی لئوپولد سدار سنگور
Фурудгоҳи ҳуори бумдин	فرودگاه هواری بومدین
Фурудгоҳи рстк‌лог	فرودگاه روستوک-لاگه
Фурудгоҳи саҳро бкс мораш	فرودگاه صحرایی بکس مارش
Фурудгоҳи Байн‌алмиллалии Аврора	فرودگاه بین‌المللی لا آررا
Фурудгоҳи кюнг‌сунг-чувл	فرودگاه کیونگ‌سونگ-چوول
Фурудгоҳи нерӯе ҳаво салтанате конингсби	فرودگاه نیروی هوایی سلطنتی کانینگسبی
Фурудгоҳи руними	فرودگاه رونیمی
Пойгоҳи ҳавоӣ думборуски	پایگاه هوایی دومباروسکی
Фурудгоҳи кчкмит	فرودگاه کچکمیت
Пойгоҳи ҳавоӣ дулон	پایگاه هوایی دولان
Фурудгоҳи ором‌ий‌уф ботруврс	فرودگاه آرام‌ای‌اف باتروورث
Фурудгоҳи иисм	فرودگاه ییسم
Пойгоҳи ҳавоӣ чрниохуфск	پایگاه هوایی چرنیاخوفسک
Фурудгоҳи гурни	فرودگاه گورنی
Пойгоҳи ҳавоӣ ршлин-лортз	پایگاه هوایی رشلین-لارتز
Пойгоҳи ҳавоӣ омор	پایگاه هوایی آماری
Си‌уф‌бе брдн	سی‌اف‌بی بردن
Пойгоҳи ҳавоӣ нерӯе дарё кровз	پایگاه هوایی نیروی دریایی کراوز
Фурудгоҳи оигл форм	فرودگاه ایگل فارم
Фурудгоҳи лоис филд	فرودگاه لایس فیلد
Си‌уф‌бе бодн-сулингн	سی‌اف‌بی بادن-سولینگن
Фурудгоҳи Лӯла‌меомадӣ	فرودگاه لوله‌آ
Фурудгоҳи бин‌алмилалӣ онҷомно	فرودگاه بین‌المللی انجامنا
Фурудгоҳи рунибҳ	فرودگاه رونیبه
Флурн пойгоҳи ҳавоӣ	فلورن پایگاه هوایی
Фурудгоҳи саҳро артишӣ ҳобз	فرودگاه صحرایی ارتشی هابز
Пойгоҳи ҳавоӣ конт	پایگاه هوایی کانت
Пойгоҳи ҳавоӣ днилу отинзо	پایگاه هوایی دنیلو اتینزا
Пойгоҳи ҳавоӣ вилдҳ	پایگاه هوایی ویلده
Пойгоҳи ҳавоӣ овлнио	پایگاه هوایی اولنیا
Фурудгоҳи августе	فرودگاه اوتی
Пойгоҳи ҳавоӣ семун булюор	پایگاه هوایی سیمون بولیوار
кинеё	ناها
Пойгоҳи ҳавоӣ бурисуглбск	پایگاه هوایی بوریسوگلبسک
Пойгоҳи ҳавоӣ нютобору	پایگاه هوایی نیوتابارو
Пойгоҳи ҳавоӣ ҳочинуҳҳ	پایگاه هوایی هاچینوهه
Пойгоҳи нерӯе ҳаво чонгиин-вп	پایگاه نیروی هوایی چانگیین-وپ
Фурудгоҳи иибин соибо	فرودگاه ییبین سایبا
Пойгоҳи имконот ҳаво отсуги	پایگاه امکانات هوایی اتسوگی
Фурудгоҳи оичн шимол шарқӣ	فرودگاه ایچن شمال شرقی
Пойгоҳи ҳавоӣ гиму	پایگاه هوایی گیمو
Фурудгоҳи саҳро нурмси	فرودگاه صحرایی نورمسی
Пойгоҳи ҳавоӣ глинку	پایگاه هوایی گلینکو
Фурудгоҳи конг до рий	فرودگاه کانگ دا ری
Фурудгоҳи султон аҳмад шоҳ	فرودگاه سلطان احمد شاه
Пойгоҳи ҳавоӣ грф оигнотюв	پایگاه هوایی گرف ایگناتیوو
Фурудгоҳи шарқӣ ҳионг	فرودگاه شرقی هیانگ
Пойгоҳи Нерӯи Ҳавоии Ҳилл	پایگاه نیروی هوایی هیل
Фурудгоҳи бин‌алмилалӣ лукприро гупиноз бурдулуеҳи	فرودگاه بین‌المللی لوکپریرا گوپیناز بوردولوئی
Пойгоҳи ҳавоӣ ҳотзр	پایگاه هوایی هاتزر
Пойгоҳи ҳавоӣ орҷнтио	پایگاه هوایی ارجنتیا
Фурудгоҳи саҳро ошут	فرودگاه صحرایی اشوت
Фурудгоҳи ис‌ил‌ий‌уф онурдҳопуро	فرودگاه اس‌ال‌ای‌اف انوردهاپورا
Пойгоҳ нерӯ ҳаво тровис	پایگاه نیرو هوایی تراویس
Пойгоҳи ҳавоӣ окинчи	پایگاه هوایی اکینچی
Пойгоҳи нерӯе ҳаво ордмур	پایگاه نیروی هوایی آردمور
Фурудгоҳи ручстр	فرودگاه روچستر
Фурудгоҳи саҳро фурбз	فرودگاه صحرایی فوربز
Пойгоҳи нерӯе ҳаво онистн	پایگاه نیروی هوایی انیستن
Пойгоҳи муҳофизат ҳаво длут	پایگاه محافظت هوایی دلوت
Пойгоҳи ҳавоӣ комино	پایگاه هوایی کامینا
Фурудгоҳи коеҳчун	فرودگاه کائچون
Фурудгоҳи куксон	فرودگاه کوکسان
Фурудгоҳи лионг пенг	فرودگاه لیانگ پینگ
Фурудгоҳи куоксон	فرودگاه کوآکسان
Фурудгоҳи куоил	فرودگاه کووایل
Фурудгоҳи нерӯе ҳаво салтанате лисстр шарқӣ	فرودگاه نیروی هوایی سلطنتی لیسستر شرقی
Пойгоҳи ҳавоӣ влико крочо	پایگاه هوایی ولیکا کراچا
Истгоҳи Гурӯҳи Банак	ایستگاه گروه باناک
Фурудгоҳи нерӯе ҳаво салтанате вотишом	فرودگاه نیروی هوایی سلطنتی واتیشام
Фурудгоҳи сем‌сем	فرودگاه سیمی‌سیمی
Пойгоҳи ҳавоӣ рскрнс	پایگاه هوایی رسکرنس
Пойгоҳи питсбург нерӯе ҳаво Амрико	پایگاه پیتسبورگ نیروی هوایی آمریکا
Фурудгоҳи саҳро пнзҳрст	فرودگاه صحرایی پنزهرست
Пойгоҳи нерӯе ҳаво ор. ой. бунг	پایگاه نیروی هوایی آر. آی. بونگ
Фурудгоҳи нерӯе ҳаво салтанате болоду бриҷ	فرودگاه نیروی هوایی سلطنتی بالادو بریج
Фурудгоҳи нерӯе ҳаво салтанате финду гск	فرودگاه نیروی هوایی سلطنتی فیندو گسک
Пойгоҳи ҳавоӣ видсил	پایگاه هوایی ویدسیل
Ословгуруд	اسلاوگورود
Фурудгоҳи нерӯе ҳаво салтанате инс	فرودگاه نیروی هوایی سلطنتی انستی
Фурудгоҳи лрисо ншнл	فرودگاه لریسا نشنل
Фурудгоҳи волго	فرودگاه والگا
Пойгоҳи ҳавоӣ олҳоҷр	پایگاه هوایی الهاجر
Пойгоҳи ҳавоӣ воинуд	پایگاه هوایی واینود
Пойгоҳи ҳавоии Кунсан	پایگاه هوایی گانسان
Фурудгоҳи тончун	فرودگاه تانچون
Пойгоҳи нерӯе ҳаво Покистон дар чоклоло	پایگاه نیروی هوایی پاکستان در چاکلالا
Пойгоҳи ҳавоии Ватри	پایگاه هوایی واتری
Фурудгоҳи Битбург	فرودگاه بیتبورگ
Фурудгоҳи кисмнт	فرودگاه کیسمنت
Пойгоҳи ҳавоӣ бинҳ тҳуи	پایگاه هوایی بینه تهوی
Фурудгоҳи нерӯе ҳаво салтанате готу	فرودگاه نیروی هوایی سلطنتی گاتو
Фурудгоҳи нерӯе ҳаво салтанате устуролеё дар пойгоҳи пирс	فرودگاه نیروی هوایی سلطنتی استرالیا در پایگاه پیرس
Фурудгоҳи ктбус-друитс	فرودگاه کتبوس-درویتس
Пойгоҳи Нерӯе ҳаво дис	پایگاه نیروی هوایی دیس
Фурудгоҳи бин‌алмилалӣ оилупонгу	فرودگاه بین‌المللی ایلوپانگو
Фурудгоҳи бин‌алмилалӣ мунду миё	فرودگاه بین‌المللی موندو مایا
Пойгоҳи ҳавоӣ ҳифозат мак‌гий тоисн	پایگاه هوایی حفاظت مک‌گی تایسن
Фурудгоҳи моисюнуоро	فرودگاه مایسیونوارا
Пойгоҳи ҳавоӣ шюр	پایگاه هوایی شیور
Фурудгоҳи клн	فرودگاه کلن
Пойгоҳи ҳавоӣ куник–чотовбрнорд	پایگاه هوایی کونیک–چاتاوبرنارد
Фурудгоҳи бин‌алмилалӣ ва. с. мебарад	فرودگاه بین‌المللی و. س. برد
Пойгоҳи ҳавоӣ хон‌обод	پایگاه هوایی خان‌آباد
Пойгоҳи нерӯе ҳаво оисуоҳюди	پایگاه نیروی هوایی ایسواهیودی
Пойгоҳи ҳавоӣ полмохим	پایگاه هوایی پالماخیم
Фурудгоҳи	هوایی میرهورود
Фурудгоҳи чколувски	فرودگاه چکالووسکی
Пойгоҳи ҳавоӣ бин‌ҳаво	پایگاه هوایی بین‌هوا
Фурудгоҳи кинмн	فرودگاه کینمن
Фурудгоҳи саҳро мтобру	فرودگاه صحرایی متابرو
Фурудгоҳи саҳро чичимо	فرودگاه صحرایی چیچیما
Пойгоҳи ҳавоӣ захера встовр	پایگاه هوایی ذخیره وستاور
Мантақа ҳаво шфрд	منطقه هوایی شفرد
Пойгоҳи ҳавоӣ чугуюко	پایگاه هوایی چوگویوکا
Пойгоҳи ҳавоии Инҷирлик	پایگاه هوایی اینسرلایک
Фурудгоҳи бин‌алмилалӣ ҷкснз	فرودگاه بین‌المللی جکسنز
Пойгоҳи ҳавоии Коксиҷ	پایگاه هوایی کوکسیژد
Пойгоҳи ҳавоӣ чонги	پایگاه هوایی چانگی
Пойгоҳи нерӯе ҳаво фурудгоҳи саҳро дрифтувд бе	پایگاه نیروی هوایی فرودگاه صحرایی دریفتوود بی
Фурудгоҳи оибороки	فرودگاه ایباراکی
Фурудгоҳи ковинг	فرودگاه کاوینگ
Пойгоҳ ҳаво воит‌ман	پایگاه هوایی وایت‌من
Пойгоҳи ҳавоӣ кулнл луис ортуру рудригз мнсс	پایگاه هوایی کولنل لویس ارتورو رودریگز منسس
Фурудгоҳи диогилу	فرودگاه دیاگیلو
Пойгоҳи Нерӯи Ҳавоии Шоу	پایگاه نیروی هوایی شاو
Пойгоҳи ҳавоӣ олбург	پایگاه هوایی آلبورگ
Пойгоҳи ҳавоӣ илгово	پایگاه هوایی یلگاوا
Марказ дифоъе жинирол лусюс дий кл	مرکز دفاعی ژنرال لوسیوس دی کلای
Фурудгоҳи оюн Порк оигзкитю	فرودگاه ایون پارک ایگزکیتیو
Фурудгоҳи оиҳун	فرودگاه آیهون
Пойгоҳ нерӯ ҳаво внс	پایگاه نیرو هوایی ونس
Пойгоҳи ҳавоӣ шаҳед муваффақ	پایگاه هوایی شهید موفق
Фурудгоҳи чу ду	فرودگاه چو دو
Пойгоҳи ҳавоӣ олзфрҳ	پایگاه هوایی الظفره
Фурудгоҳи оиколют	فرودگاه ایکالیوت
Фурудгоҳи ҳоле	فرودگاه هالی
Пойгоҳи ҳавоӣ қнитрҳ	پایگاه هوایی قنیطره
Фурудгоҳи саҳро мурсл	فرودگاه صحرایی مورسل
Пойгоҳи ҳавоӣ муваққат фар вар	پایگاه هوایی موقت فرت ورت
Пойгоҳи ҳавоӣ слун ду пруонс	پایگاه هوایی سلون دو پروانس
Пойгоҳи ҳавоӣ оврукс фовуил	پایگاه هوایی اوروکس فاوویل
Пойгоҳи ҳавоӣ оистрс-л	پایگاه هوایی ایسترس-ل
Пойгоҳи ҳавоӣ мичуринск	پایگاه هوایی میچورینسک
Пойгоҳи ҳавоӣ конск	پایگاه هوایی کانسک
Пойгоҳи ҳавоӣ омбрю-нн-буги	پایگاه هوایی امبریو-نن-بوگی
Фурудгоҳи булн пуинт шар ридор сӣ	فرودگاه بولن پوینت شرت ریدار سیت
Мийдон ҳаво снто руасо	میدان هوایی سنتا روسا
Пойгоҳи нерӯе ҳаво кнуос	پایگاه نیروی هوایی کنواس
Фурудгоҳи ҳоюн н	فرودگاه هایون نای
Пойгоҳи нерӯе ҳаво курот руиол то	پایگاه نیروی هوایی کورات رویال تای
Пойгоҳи ҳавоӣ кисорозу	پایگاه هوایی کیسارازو
Пойгоҳи ҳавоӣ чорлзтовн	پایگاه هوایی چارلزتاون
Пойгоҳи ҳавоӣ гозимир	پایگاه هوایی گازیمیر
Фурудгоҳи овструф булшуик	فرودگاه اوستروف بولشویک
Пойгоҳи нерӯе ҳаво бокли	پایگاه نیروی هوایی باکلی
Фурудгоҳи буфорик	فرودگاه بوفاریک
Пойгоҳи ҳавоӣ оч-4	پایگاه هوایی اچ-۴
Пойгоҳи ҳавоӣ соигун	پایگاه هوایی سون
Қароргоҳ фолз ийр ншнол	قرارگاه فالز ایر نشنال
Фурудгоҳи сонгом ний	فرودگاه سانگام نی
Пойгоҳи ҳавоӣ аҳмад олҷобр	پایگاه هوایی احمد ال‌جابر
Фурудгоҳи саҳро буду	فرودگاه صحرایی بودو
Пойгоҳи ҳавоӣ Шоҳзода султон	پایگاه هوایی شاهزاده سلطان
Пойгоҳи нерӯе ҳаво истрплот	پایگاه نیروی هوایی یسترپلات
Дубну	دوبنو
Пойгоҳи ҳавоӣ кингзли филд ийр	پایگاه هوایی کینگزلی فیلد ایر
Фурудгоҳи сомбор	فرودگاه سامبار
Фурудгоҳи нерӯе ҳаво салтанате кулби гринҷ	فرودگاه نیروی هوایی سلطنتی کولبی گرینج
Пойгоҳи ҳавоӣ ровнтс	پایگاه هوایی راونتس
Фурудгоҳи куктунг	فرودگاه کوکتونگ
Пойгоҳи ҳавоӣ астар	پایگاه هوایی استریی
Пойгоҳи ҳавоӣ руоф ва ҳафт	پایگاه هوایی روآف و هفتم
Фурудгоҳи нерӯе ҳаво салтанате гринҷ‌мовс	فرودگاه نیروی هوایی سلطنتی گرینج‌ماوث
Фурудгоҳи нерӯе ҳаво салтанате пнгом мурс	فرودگاه نیروی هوایی سلطنتی پنگام مورس
Пойгоҳи ҳавоӣ оспрингфилд	پایگاه هوایی اسپرینگفیلد
Пойгоҳи ҳавоӣ шимуфусо	پایگاه هوایی شیموفوسا
Пойгоҳи ҳавоии Вилус	پایگاه هوایی ویلاس
Фурудгоҳи остнли порк блкпул	فرودگاه استنلی پارک بلکپول
Фурудгоҳи сончн	فرودگاه سانچن
Пойгоҳи ҳавоӣ миллӣ лк сетӣ	پایگاه هوایی ملی لیک سیتی
Фурудгоҳи ис‌ил‌ий‌уф котукурундо	فرودگاه اس‌ال‌ای‌اف کاتوکوروندا
Фурудгоҳи нерӯе ҳаво салтанате дигби	فرودگاه نیروی هوایی سلطنتی دیگبی
Фурудгоҳи нерӯе ҳаво салтанате вотун	فرودگاه نیروی هوایی سلطنتی واتون
Фурудгоҳи колинингрод чколуск	فرودگاه کالینینگراد چکالوسک
Фурудгоҳи шаҳре сиро весто	فرودگاه شهری سیرا ویستا
Пойгоҳи ҳавоии Слатина	پایگاه هوایی اسلانتینا
Фурудгоҳи нерӯе ҳаво салтанате устуролеё дар пойгоҳи дорвен	فرودگاه نیروی هوایی سلطنتی استرالیا در پایگاه داروین
Пойгоҳи ҳавоии Прибитки	پایگاه هوایی پریبیتکی
Пойгоҳи ҳавоӣ сигунло	پایگاه هوایی سیگونلا
Фурудгоҳи пингтунг	فرودگاه پینگتونگ
Фурудгоҳи осткҳлм-вострос	فرودگاه استکهلم-واستراس
Фурудгоҳи саҳро пинҳ‌мунд	فرودگاه صحرایی پینه‌موند
Фурудгоҳи бклс	فرودگاه بکلس
Фурудгоҳи дулон ғарбӣ	فرودگاه دولان غربی
Фурудгоҳи бин‌алмилалӣ шнлт	فرودگاه بین‌المللی شنلت
Фурудгоҳи юоскило	فرودگاه یواسکیلا
Пойгоҳи ҳавоии Осан	پایگاه هوایی اوسان
Пойгоҳи ҳавоӣ мунт рил	پایگاه هوایی مونت ریل
Пойгоҳи ҳавоӣ дижун	پایگاه هوایی دیژون
Пойгоҳи ҳавоӣ бутурлинуфко	پایگاه هوایی بوتورلینوفکا
Фурудгоҳи саҳро биргифгофо	فرودگاه صحرایی بیرگیفگافا
Фурудгоҳи бин‌алмилалӣ ъсб	فرودگاه بین‌المللی عصب
Фурудгоҳи ингилс-2	فرودگاه انگلس-۲
Пойгоҳи ҳавоӣ вунсдршт	پایگاه هوایی وونسدرخت
Пойгоҳи ҳавоии Ҳамаматсу	پایگاه هوایی هاماماتسو
Фурудгоҳи синуиҷу	فرودگاه سینویجو
Фурудгоҳи нерӯе ҳаво салтанате устуролеё дар пойгоҳи омбрли	فرودگاه نیروی هوایی سلطنتی استرالیا در پایگاه امبرلی
Фурудгоҳи симпонг	فرودگاه سیمپانگ
Фурудгоҳи нерӯе ҳаво салтанате устуролеё дар пойгоҳи одинбург	فرودگاه نیروی هوایی سلطنتی استرالیا در پایگاه ادینبورگ
Фурудгоҳи думотубин	فرودگاه دوماتوبین
Фурудгоҳи гибл‌штот	فرودگاه گیبل‌شتات
Пойгоҳи ҳавоӣ син руеҳидон	پایگاه هوایی سن روئیدان
Фурудгоҳи котсувлд	فرودگاه کاتسوولد
Пойгоҳи ҳавоӣ дил кӯла	پایگاه هوایی دل کوله
Фурудгоҳи бондирмо	فرودگاه باندیرما
Лаҳри Нерӯҳои Канада	کنیدیان
Пойгоҳи нерӯе ҳаво луринг	پایگاه نیروی هوایی لورینگ
Пойгоҳи ҳавоӣ друкс-лувилирс	پایگاه هوایی دروکس-لوویلیرس
Фурудгоҳи витрбу, рум	فرودگاه ویتربو، رم
Фурудгоҳи днҳом	فرودگاه دنهام
Фурудгоҳи саҳро дорли мӯр	فرودگاه صحرایی دارلی مور
Фурудгоҳи Рогачево	فرودگاه روگچوا
Си‌уф‌бе винипг	سی‌اف‌بی وینیپگ
Фурудгоҳи бин‌алмилалӣ доюри ҳомони	فرودگاه بین‌المللی دایوری هامانی
Пойгоҳи ҳавоӣ ҳлникун	پایگاه هوایی هلنیکون
Фурудгоҳи сурмрск-2	فرودگاه سورمرسک-۲
Пойгоҳи ҳавоӣ пултово	پایگاه هوایی پولتاوا
Фурудгоҳи вилр орм	فرودگاه ویلر آرمی
Пойгоҳи ҳавоӣ ромун	پایگاه هوایی رامون
Пойгоҳи ҳавоӣ ъалӣ	پایگاه هوایی علی
Фурудгоҳи бин‌алмилалӣ ионт لоишон	فرودگاه بین‌المللی یانتای لایشان
Фурудгоҳи тоеҳбуку рий	فرودگاه تائبوکو ری
Пойгоҳи ҳавоӣ ромто дийвед	پایگاه هوایی رامتا دیوید
Пойгоҳи ҳавоӣ тотиомо	پایگاه هوایی تاتیاما
Пойгоҳи нерӯе ҳаво литл рок	پایگاه نیروی هوایی لیتل راک
Пойгоҳи ҳавоӣ мтз-фрскти	پایگاه هوایی متز-فرسکتی
Пойгоҳи ҳавоӣ артишӣ мидл волуп	پایگاه هوایی ارتشی میدل والوپ
Пойгоҳи нерӯе ҳаво голиов	پایگاه نیروی هوایی گالیاو
Фурудгоҳи саҳро лӯс оломитус артиш	فرودگاه صحرایی لوس آلامیتوس ارتش
Фурудгоҳи нерӯе ҳаво салтанате довн омпни	فرودگاه نیروی هوایی سلطنتی داون امپنی
Пойгоҳи ҳавоӣ муҳофизат брлингтун	پایگاه هوایی محافظت برلینگتون
Пойгоҳи ҳавоӣ фулкл	پایگاه هوایی فولکل
Пойгоҳи ҳавоӣ богруву	پایگاه هوایی باگرووو
Фурудгоҳи ҳуонгсувн	فرودگاه هوانگسوون
Фурудгоҳи саҳро артишӣ ҳонтр	فرودگاه صحرایی ارتشی هانتر
Фурудгоҳи дунксул	فرودگاه دونکسول
Фурудгоҳи трустн	فرودگاه تروستن
Фурудгоҳи саҳро гронсдн лоҷ	فرودگاه صحرایی گرانسدن لاج
Пойгоҳи нерӯе ҳаво нотол	پایگاه نیروی هوایی ناتال
Фурудгоҳи шаҳре бортув	فرودگاه شهری بارتوو
Фурудгоҳи оинз овткрш	فرودگاه اینز اوتکرش
Фурудгоҳи сиолкут контумнт	فرودگاه سیالکوت کانتومنت
Фурудгоҳи мурово	فرودگاه موراوا
Фурудгоҳи саҳро артишӣ бучулз	فرودگاه صحرایی ارتشی بوچولز
Болгрдгоҳ артишӣ ҳончи	بالگردگاه ارتشی هانچی
Пойгоҳи ҳавоӣ икобпилс	پایگاه هوایی یکابپیلس
Пойгоҳи ҳавоӣ овулито	پایگاه هوایی اوولیتا
Эстгоҳ ҳаво ондио	ایستگاه هوایی اندیا
Фурудгоҳи овиҷо	فرودگاه اویجا
Фурудгоҳи омиро	فرودگاه امیرا
Фурудгоҳи нерӯе ҳаво салтанате сотун бриҷ	فرودگاه نیروی هوایی سلطنتی ساتون بریج
Пойгоҳи нерӯе ҳаво колоикундо	پایگاه نیروی هوایی کالایکوندا
Лухи-3	لوخی-۳
Пойгоҳи нерӯе ҳаво грнир	پایگاه نیروی هوایی گرنیر
Пойгоҳи нерӯе ҳаво Покистон дар пишовр	پایگاه نیروی هوایی پاکستان در پیشاور
Пойгоҳи ҳавоӣ пувурину	پایگاه هوایی پووورینو
Фурудгоҳи нерӯе ҳаво салтанате котсмур	فرودگاه نیروی هوایی سلطنتی کاتسمور
Фурудгоҳи нерӯе ҳаво салтанате лимнпн	فرودگاه نیروی هوایی سلطنتی لیمنپن
Фурудгоҳи Конг‌дунг	فرودگاه کانگ‌دونگ
Фурудгоҳи ором‌ий‌уф гунг кдок	فرودگاه آرام‌ای‌اف گونگ کداک
Фурудгоҳи орон‌ий‌ис пулҳом	فرودگاه آران‌ای‌اس پولهام
Фурудгоҳи нерӯе ҳаво салтанате дишфурс	فرودگاه نیروی هوایی سلطنتی دیشفورث
Фурудгоҳи нерӯе ҳаво салтанате трнҳил	فرودگاه نیروی هوایی سلطنتی ترنهیل
Фурудгоҳи фолкуноро	فرودگاه فالکونارا
Пойгоҳи нерӯе ҳаво грифиз	پایگاه نیروی هوایی گریفیز
Фурудгоҳи нерӯе ҳаво салтанате листун	فرودگاه نیروی هوایی سلطنتی لیستون
Фурудгоҳи нерӯе ҳаво салтанате устуролеё дар лирмунт	فرودگاه نیروی هوایی سلطنتی استرالیا در لیرمونت
Фурудгоҳи нерӯе ҳаво салтанате суннат онҷлу	فرودگاه نیروی هوایی سلطنتی سنت انجلو
Фурудгоҳи ис‌ил‌ий‌уф вовнио	فرودگاه اس‌ال‌ای‌اف واونیا
Пойгоҳи нерӯе ҳаво пурту влҳу	پایگاه نیروی هوایی پورتو ولهو
Фурудгоҳи Низомй син куонтин	فرودگاه نظامی سن کوانتین
Пойгоҳи ҳавоӣ горд ворфилд	پایگاه هوایی گارد وارفیلد
Пойгоҳи ҳавоӣ ворнс	پایگاه هوایی وارنس
Пойгоҳи Мушакии Пасифик	پایگاه موشکی پاسیفیک
Пойгоҳи ҳавоии Авиано	پایگاه هوایی اویانو
Фурудгоҳи силоч	فرودگاه سیلاچ
Фурудгоҳи ҳанг нодим	فرودگاه هنگ نادیم
Си‌уф‌бе кумукс	سی‌اف‌بی کوموکس
Фурудгоҳи Батурст Айленд	فرودگاه بترست آیلند
Фурудгоҳи саҳро мотсушимо	فرودگاه صحرایی ماتسوشیما
Фурудгоҳи мукпу	فرودگاه موکپو
Фурудгоҳи сурмрск-3	فرودگاه سورمرسک-۳
Фурудгоҳи нерӯе ҳаво салтанате устуролеё дар пойгоҳи вого	فرودگاه نیروی هوایی سلطنتی استرالیا در پایگاه واگا
Пойгоҳи нерӯе ҳаво сукритинг	پایگاه نیروی هوایی سوکریتینگ
Пойгоҳи ҳавоӣ ҳовбрт	پایگاه هوایی هاوبرت
Фурудгоҳи орно	فرودگاه آرنا
Пойгоҳи нерӯе ҳаво никубор	پایگاه نیروی هوایی نیکوبار
Пойгоҳи ҳавоӣ хтофҳ	پایگاه هوایی ختافه
Фурудгоҳи вруно	فرودگاه ورونا
Пойгоҳи ҳавоии Тел Ноф	پایگاه هوایی تل نوف
Фурудгоҳи бин‌алмилалӣ соростобрднтн	فرودگاه بین‌المللی ساراستابردنتن
Фурудгоҳи саҳро ҳокнол	فرودگاه صحرایی هاکنال
Фурудгоҳи халеҷ ҷруис	فرودگاه خلیج جرویس
Пойгоҳи ҳавоӣ суту кону	پایگاه هوایی سوتو کانو
Пойгоҳи ҳавоӣ чорботио	پایگاه هوایی چارباتیا
Пойгоҳи муҳофизат ҳаво шоин	پایگاه محافظت هوایی شاین
Фурудгоҳи данейил‌ову	فرودگاه دنیل‌اوو
Фурудгоҳи гируо	فرودگاه گیروا
Пойгоҳи ҳавоӣ бубрувичи	پایگاه هوایی بوبروویچی
Пойгоҳи ҳавоӣ волкнбрг	پایگاه هوایی فالکن‌بورخ
Пойгоҳи ҳавоӣ чрниҳиф	پایگاه هوایی چرنیهیف
Фурудгоҳи саҳро ҳоисон	فرودگاه صحرایی هایسان
Пойгоҳи ҳавоӣ люордн	پایگاه هوایی لیواردن
Фурудгоҳи оюн	فرودگاه ایون
Эстгоҳ ҳаво нерӯе дарё снгиз тупл	ایستگاه هوایی نیروی دریایی سنگیز توپل
Пойгоҳи ҳавоӣ ҷкснуил	پایگاه هوایی جکسنویل
Фурудгоҳи томпр-приколо	فرودگاه تامپری-پریکالا
Пойгоҳи ҳавоӣ офрикндо	پایگاه هوایی آفریکندا
Фурудгоҳи клмр	فرودگاه کلمر
Фурудгоҳи шнту вишо	فرودگاه شنتو ویشا
Фурудгоҳи доксфурд	فرودگاه داکسفورد
Фурудгоҳи сира	فرودگاه سره
Фурудгоҳи шортр шмфул	فرودگاه شارتر شمفول
Пойгоҳи ҳавоӣ тул-рузир	پایگاه هوایی تول-روزیر
Пойгоҳи ҳавоӣ бокӯ коло	پایگاه هوایی باکو کالا
Пойгоҳи ҳавоӣ лилуордҳ	پایگاه هوایی لیلوارده
Фурудгоҳи муну	فرودگاه مونو
Пойгоҳи ҳавоӣ куфтн	پایگاه هوایی کوبی
Фурудгоҳи срту совт	فرودگاه سرتو ساوت
Пойгоҳи ҳавоӣ ол‌исмоъелейа	پایگاه هوایی آل‌اسماعیلیه
Фурудгоҳи саҳро артишӣ грилинг	فرودگاه صحرایی ارتشی گریلینگ
Фурудгоҳи пукчонг	فرودگاه پوکچانگ
Фурудгоҳи бристл	فرودگاه بریستل
Пойгоҳи ҳавоӣ олҷуфро	پایگاه هوایی الجوفرا
Пойгоҳи ҳавоӣ артишӣ оилизобт	پایگاه هوایی ارتشی ایلیزابت
Пойгоҳи ҳавоии Безмер	پایگاه هوایی بزمر
Фурудгоҳи саҳро артиш лодд	فرودگاه صحرایی ارتش لادد
Пойгоҳи ҳавоӣ овзунджув	پایگاه هوایی اوزوندژوو
Пойгоҳи ҳаво клог	پایگاه هوایی کلاگ
Фурудгоҳи нерӯе ҳаво салтанате устуролеё дар ҷинҷин	فرودگاه نیروی هوایی سلطنتی استرالیا در جینجین
Марказ ҳаво руоф навад	مرکز هوایی روآف نودم
Пойгоҳи ҳавоӣ пнуижис	پایگاه هوایی پنویژیس
Фурудгоҳи лидкупинг-ҳоби	فرودگاه لیدکوپینگ-هابی
Фурудгоҳи нерӯе ҳаво салтанате кмрингҳом	فرودگاه نیروی هوایی سلطنتی کمرینگهام
Пойгоҳи ҳавоӣ провдинск	پایگاه هوایی پراودینسک
Фурудгоҳи нерӯе ҳаво салтанате устуролеё дар пойгоҳи оист сийл	فرودگاه نیروی هوایی سلطنتی استرالیا در پایگاه ایست سیل
Пойгоҳи ҳавоӣ косуминумҳ	پایگاه هوایی کاسومینومه
Пойгоҳи ҳавоӣ горд кий филд	پایگاه هوایی گارد کی فیلد
Фурудгоҳи лихрст	فرودگاه لیخرست
Пойгоҳи ҳавоӣ фон ранг	پایگاه هوایی فان رنگ
Фурудгоҳи нерӯе ҳаво салтанате мтрингҳом	فرودگاه نیروی هوایی سلطنتی مترینگهام
Фурудгоҳи нерӯе ҳаво салтанате топклиф	فرودگاه نیروی هوایی سلطنتی تاپکلیف
Фурудгоҳи нерӯе ҳаво салтанате кордингтун	فرودگاه نیروی هوایی سلطنتی کاردینگتون
Фурудгоҳи нерӯе ҳаво салтанате ҳорлкстун	فرودگاه نیروی هوایی سلطنتی هارلکستون
Фурудгоҳи нерӯе ҳаво салтанате встун-он-д-грен	فرودگاه نیروی هوایی سلطنتی وستون-آن-د-گرین
Фурудгоҳи нерӯе ҳаво салтанате дунрди	فرودگاه نیروی هوایی سلطنتی دونردی
Фурудгоҳи нерӯе ҳаво салтанате мочриҳониш	فرودگاه نیروی هوایی سلطنتی ماچریهانیش
Фурудгоҳи влус орм	فرودگاه ولوس آرمی
Пойгоҳ нируҳуоии салтанате овдрн тойланд	پایگاه نیروهوایی سلطنتی اودرن تایلند
Иорусловл лутсув	یاروسلاول لوتسوو
Фурудгоҳи вуҳу	فرودگاه ووهو
Пойгоҳи ҳавоӣ млисуннҳ	پایگاه هوایی ملیسوننه
Фурудгоҳи фиронкфурт-ҳон	فرودگاه فرانکفورت-هان
Фурудгоҳи осник бе	فرودگاه اسنیک بی
Пойгоҳи ҳавоӣ ҳотзрим	پایگاه هوایی هاتزریم
Фурудгоҳи куотру винтус	فرودگاه کواترو وینتوس
Пойгоҳи ҳавоии Мендиг	پایگاه هوایی مندیگ
Фурудгоҳи саҳро пойгоҳи ҳавоӣ хфофзт мебарӣ	فرودگاه صحرایی پایگاه هوایی حفافظت ملی بری
Фурудгоҳи мдин-одую	فرودگاه مدین-ادویو
Фурудгоҳи форнбуру	فرودگاه فارنبورو
Фурудгоҳи саҳро артишӣ буом‌ҳлдр	فرودگاه صحرایی ارتشی بوام‌هلدر
Фурудгоҳи саҳро вдрз	فرودگاه صحرایی ودرز
Пойгоҳи ҳавоӣ вилоруч	پایگاه هوایی ویلاروچ
Фурудгоҳи крнфилд	فرودگاه کرنفیلد
Фурудгоҳи саҳро ботлово-дунио пндуҳо	فرودگاه صحرایی باتلاوا-دونیا پندوها
Фурудгоҳи доло	فرودگاه دالا
Пойгоҳи нерӯе ҳаво крич	پایگاه نیروی هوایی کریچ
Фурудгоҳи суподю	فرودگاه سوپادیو
Фурудгоҳи нерӯе ҳаво салтанате милднҳол	فرودگاه نیروی هوایی سلطنتی میلدنهال
Фурудгоҳи осмулнск шимолӣ	فرودگاه اسمولنسک شمالی
Пойгоҳи нерӯе ҳаво протико дий морҳ	پایگاه نیروی هوایی پراتیکا دی ماره
Пойгоҳи ҳавоӣ ктбус	پایگاه هوایی کتبوس
Фурудгоҳи клн бун	فرودگاه کلن بن
Фурудгоҳи ҳолмстод	فرودگاه هل
Фурудгоҳи нерӯе ҳаво салтанате устуролеё дар велеёмз	فرودگاه نیروی هوایی سلطنتی استرالیا در ویلیامز
Пойгоҳи ҳавоӣ килпиовр	پایگاه هوایی کیلپیاور
Си‌уф‌бе мус ҷав	سی‌اف‌بی موس جو
Пойгоҳи Ҳавоии Киртланд	پایگاه هوایی کرتلند
Фурудгоҳи нерӯе ҳаво салтанате осншн	فرودگاه نیروی هوایی سلطنتی اسنشن
Пойгоҳи ҳавоӣ чнгчинг боишиии	پایگاه هوایی چنگچینگ بایشییی
Пойгоҳи муҳофизат ҳаво чорлстун	پایگاه محافظت هوایی چارلستون
Фурудгоҳи бин‌алмилалӣ хуоно озурдуи до подило	فرودگاه بین‌المللی خوانا ازوردوی دا پادیلا
Фурудгоҳи онглҳулм-ҳлсингбург	فرودگاه آنگلهولم-هلسینگبورگ
Пойгоҳи ҳавоӣ горд ммфис	پایگاه هوایی گارد ممفیس
Пойгоҳи ҳавоӣ ннси–овши	پایگاه هوایی ننسی–اوشی
Фурудгоҳи суло ийр остишн	فرودگاه سولا ایر استیشن
Пойгоҳи нерӯе ҳаво дарё Чин	پایگاه نیروی هوایی دریایی چین
Пойгоҳи ҳавоӣ оирумо	پایگاه هوایی ایروما
Пойгоҳи ҳавоӣ туррхн	پایگاه هوایی توررخن
Фурудгоҳи сомрсоид	فرودگاه سامرساید
Фурудгоҳи Эртайзӣ	فرودگاه ارتایزی
Пойгоҳи ҳавоӣ осмирних	پایگاه هوایی اسمیرنیخ
Фурудгоҳи сон‌чон	فرودگاه سان‌چان
Фурудгоҳи нерӯе ҳаво салтанате кинлос	فرودگاه نیروی هوایی سلطنتی کینلاس
Пойгоҳи ҳавоӣ ҷодр	پایگاه هوایی جادر
Фукч	فوکچ
Пойгоҳи дифоъе жинирол мичл	پایگاه دفاعی ژنرال میچل
Пойгоҳи ҳавоӣ огонио	پایگاه هوایی آگانیا
Книдион фрс остишн лоднр	کنیدیان فرس استیشن لادنر
Фурудгоҳи саҳро ҳонздн	فرودگاه صحرایی هانزدن
Фурудгоҳи обчҳ	فرودگاه ابچه
Пойгоҳи ҳавоии Семабаванг	پایگاه هوایی سمبونگ
Пойгоҳи ҳавоӣ риоқ	پایگاه هوایی ریاق
Пойгоҳи ҳавоӣ бронзуик	پایگاه هوایی برانزویک
Фурудгоҳи оврлнд мен	فرودگاه اورلند مین
Пойгоҳи ҳавоӣ читус	پایگاه هوایی چیتوس
Пойгоҳи ҳавоӣ борбр пуинт	پایگاه هوایی باربر پوینت
Пойгоҳи нерӯе ҳаво кеп кнурл оскид острип	پایگاه نیروی هوایی کیپ کنورل اسکید استریپ
Пойгоҳи ҳавоӣ мунчгурск	پایگاه هوایی مونچگورسک
Пойгоҳи ҳавоӣ овструф	پایگاه هوایی اوستروف
Фурудгоҳи бин‌алмилалӣ зҳрон	فرودگاه بین‌المللی ظهران
Фурудгоҳи саҳро гулд	فرودگاه صحرایی گولد
Пойгоҳи ҳавоӣ реёз	پایگاه هوایی ریاض
Фурудгоҳи мумут	فرودگاه موموت
Фурудгоҳи обрпурт	فرودگاه آبرپورت
Пойгоҳи ҳавоӣ рнс-шомпоин	پایگاه هوایی رنس-شامپاین
Пойгоҳи Нерӯи Ҳавоии Махадо	پایگاه نیروی هوایی ماخادو
Фдутув	فدوتوو
Фурудгоҳи ионон шилипу	فرودگاه یانان شیلیپو
Пойгоҳи ҳавоӣ абӯ сувоир	پایگاه هوایی ابو سووایر
Фурудгоҳи нерӯе ҳаво салтанате ксл кмпс	فرودگاه نیروی هوایی سلطنتی کسل کمپس
Фурудгоҳи нерӯе ҳаво салтанате литл рисингтун	فرودگاه نیروی هوایی سلطنتی لیتل ریسینگتون
Пойгоҳи ҳавоӣ كбрит	پایگاه هوایی کبریت
Пойгоҳи ҳавоӣ коифнг	پایگاه هوایی کایفنگ
Фурудгоҳи нерӯе ҳаво салтанате вист‌ҳмпнт	فرودگاه نیروی هوایی سلطنتی وست‌همپنت
Пойгоҳи ҳавоӣ руоф навад ва сеюм	پایگاه هوایی روآف نود و سوم
Фурудгоҳи нерӯе ҳаво салтанате литл оснуринг	فرودگاه نیروی هوایی سلطنتی لیتل اسنورینگ
Пойгоҳи ҳавоӣ смрит	پایگاه هوایی ثمریت
Фурудгоҳи Саҳро кончропоро	فرودگاه صحرایی کانچراپارا
Пойгоҳи муҳофизат ҳаво هорбр	پایگاه محافظت هوایی هاربر
Фурудгоҳи нерӯе ҳаво салтанате бровди	فرودگاه نیروی هوایی سلطنتی براودی
Фурудгоҳи нерӯе ҳаво салтанате витун	فرودگاه نیروی هوایی سلطنتی ویتون
Фурудгоҳи суҳунг ҷанубе	فرودگاه سوهونگ جنوبی
Фурудгоҳи саҳро олингтн	فرودگاه صحرایی الینگتن
Фурудгоҳи саҳро артишӣ омд	فرودگاه صحرایی ارتشی امد
Фурудгоҳи овнчун	فرودگاه اونچون
Пойгоҳи ҳавоӣ фу кт	پایگاه هوایی فو کت
Фурудгоҳи оспорти	فرودگاه اسپارتی
Пойгоҳи нерӯе ҳаво сонто мореё	پایگاه نیروی هوایی سانتا ماریا
Фурудгоҳи нерӯе ҳаво салтанате боркстун ҳис	فرودگاه نیروی هوایی سلطنتی بارکستون هیث
Фурудгоҳи нерӯе ҳаво салтанате ҳнлу	فرودگاه نیروی هوایی سلطنتی هنلو
Пойгоҳи ҳавоӣ сил	پایگاه هوایی سلمی
Фурудгоҳи Низомй робирт	فرودگاه نظامی رابرت
Фурудгоҳи тоичн	فرودگاه تایچن
Фурудгоҳи ю-топоеҳв руиол нюи	فرودگاه یو-تاپائو رویال نیوی
Фурудгоҳи нерӯе ҳаво салтанате устуролеё дар пойгоҳи глнбрук	فرودگاه نیروی هوایی سلطنتی استرالیا در پایگاه گلنبروک
Фурудгоҳи нерӯе ҳаво салтанате совт крни	فرودگاه نیروی هوایی سلطنتی ساوت کرنی
Фурудгоҳи поеҳгом	فرودگاه پائگام
Фурудгоҳи понгҳюн	فرودگاه پانگهیون
Фурудгоҳи шионгюн	فرودگاه شیانگیون
Купер	کوپر
Пойгоҳи ҳавоӣ мридион	پایگاه هوایی مریدیان
Пойгоҳи ҳавоӣ вилув грув	پایگاه هوایی ویلوو گروو
Пойгоҳи ҳавоӣ вимт ҷанубе	پایگاه هوایی ویمت جنوبی
Фурудгоҳи гирод мантақа овминту	فرودگاه گراد منطقه اومینتو
Пойгоҳи ҳавоӣ олокурти	پایگاه هوایی آلاکورتی
Фурудгоҳи оинз роҷоли	فرودگاه اینز راجالی
Фурудгоҳи оинз горудо	فرودگاه اینز گارودا
Фурудгоҳи миноми туришимо	فرودگاه می‌نامی توریشیما
Пойгоҳи ҳавои Оушена	پایگاه هوایی وسانا
Фурудгоҳи оинз порунду	فرودگاه اینز پاروندو
Пойгоҳи ҳавоӣ крпс чристи	پایگاه هوایی کرپس چریستی
Пойгоҳи ҳавоӣ воилдувд	پایگاه هوایی وایلدوود
Пойгоҳи мкрон нерӯе дарё Покистон	پایگاه مکران نیروی دریایی پاکستان
Фурудгоҳи Салина Круз	فرودگاه سالینا کروز
Пойгоҳи ҳавоӣ кий вист	پایگاه هوایی کی وست
Фурудгоҳи оинз дго	فرودگاه اینز دگا
Пойгоҳи миҳрон нерӯе дарё Покистон	پایگاه مهران نیروی دریایی پاکستان
Пойгоҳи ҳавоӣ куонсит пуинт	پایگاه هوایی کوانسیت پوینت
Фурудгоҳи оинз ҳнсо	فرودگاه اینز هنسا
Пойгоҳи ҳавоии ҲМАС Албатрос	پایگاه هوایی هماس البترس
Пойгоҳи ҳавоии Патуксент	پایگاه هوایی پاتوکسنت
Фурудгоҳи оинз шикро	فرودگاه اینز شیکرا
Пойгоҳи ҳавоӣ кингзуил	پایگاه هوایی کینگزویل
Валденбург	ولدانبورگ،
Русинер	روسینی‌یر
Минтақаи Порис	منطقه پاریس
Минтақаи Порис	منطقه پاریس
минтақаи Порис	منطقه پاریس
Ҷанги Бузурги Ватанӣ	جنگ کبیر میهنی
Валлетта	والتا
Гуаяс	گوایاس
Фурудгоҳи нерӯе ҳаво салтанате гутрслу	فرودگاه نیروی هوایی سلطنتی گوترسلو
Фурудгоҳи нерӯе ҳаво салтанате вли	فرودگاه نیروی هوایی سلطنتی ولی
Фурудгоҳи нерӯе ҳаво салтанате никузио	فرودگاه نیروی هوایی سلطنتی نیکوزیا
Фурудгоҳи нерӯе ҳаво салтанате морҳом	فرودگاه نیروی هوایی سلطنتی مارهام
Фурудгоҳи нерӯе ҳаво салтанате ҳонингтун	فرودگاه نیروی هوایی سلطنتی هانینگتون
Пойгоҳи Force Дар Вилденрат	ایستگاه نیروی
Фурудгоҳи нерӯе ҳаво салтанате окрутири	فرودگاه نیروی هوایی سلطنتی اکروتیری
Фурудгоҳи нерӯе ҳаво салтанате бритз нӯратон	فرودگاه نیروی هوایی سلطنتی بریتز نورتون
Фурудгоҳи нерӯе ҳаво салтанате лиминг	فرودگاه نیروی هوایی سلطنتی لیمینگ
Пойгоҳи ҳавоӣ муо	پایگاه هوایی موا
Фурудгоҳи нерӯе ҳаво салтанате муно	فرودگاه نیروی هوایی سلطنتی مونا
Фурудгоҳи нерӯе ҳаво салтанате шовбри	فرودگاه نیروی هوایی سلطنتی شاوبری
Фурудгоҳи нерӯе ҳаво салтанате мовнт плзнт	فرودگاه نیروی هوایی سلطنتی ماونت پلزنت
Фурудгоҳи нерӯе ҳаво салтанате соирстун	فرودگاه نیروی هوایی سلطنتی سایرستون
Фурудгоҳи саҳро бисстр	فرودگاه صحرایی بیسستر
Фурудгоҳи нерӯе ҳаво салтанате лосимовс	فرودگاه نیروی هوایی سلطنتی لاسیماوث
Фурудгоҳи нерӯе ҳаво салтанате кронул	فرودگاه نیروی هوایی سلطنتی کرانول
Фурудгоҳи нерӯе ҳаво салтанате оскомптун	فرودگاه نیروی هوایی سلطنتی اسکامپتون
Фурудгоҳи нерӯе ҳаво салтанате чортрҳол	فرودگاه نیروی هوایی سلطنتی چارترهال
Фурудгоҳи нерӯе ҳаво салтанате нурсулт	فرودگاه نیروی هوایی سلطنتی نورثولت
Фурудгоҳи нерӯе ҳаво салтанате бнсун	فرودگاه نیروی هوایی سلطنتی بنسون
Фурудгоҳи нерӯе ҳаво салтанате витринг	فرودگاه نیروی هوایی سلطنتی ویترینگ
Фурудгоҳи нерӯе ҳаво салтанате линтун-он-ӯр	فرودگاه نیروی هوایی سلطنتی لینتون-آن-اوز
Фурудгоҳи нерӯе ҳаво салтанате домфриз	فرودگاه نیروی هوایی سلطنتی دامفریز
Фурудгоҳи нерӯе ҳаво салтанате лучорс	فرودگاه نیروی هوایی سلطنتی لوچارس
Хартум	خارطوم
Наҳр-ан-Нил	رود نیل
Мазуллас	ماسولاس
Алтавилла-Ирпина	التاویلا ایرپینا
Гоннозно	گونوسنو
Айелло-дел-Сабато	ایلو دل ساباتو
Боронедду	بوروندو
Таурази	تاوراسی
Мелито-Ирпино	ملیتو ایرپینو
Минтурно	مینتورنو
Луогосано	لووگوسانو
Бауладу	باولادو
Санту-Луссурҷу	سانتو لوسورجیو
Фордонҷанус	فوردونجیانوس
Монтреста	مونترستا
Самугео	ساموگئو
Сиапичча	سیاپیچیا
Моргонҷори	مورگونجیوری
Нуречи	نورچی
Куркурис	کورکوریس
Модоло	مودولو
Вилланова-дел-Баттиста	ویلانووا دل باتیستا
Монтефорте-Ирпино	مونته‌فورته ایرپینو
Олластра	اولاسترا
Кастелфранчи	کاستلفرانچی
Куадрелле	کوادرله
Вилламайна	ویلاماینا
Таурано	تاورانو
Боза	بوسا
Сиамаҷоре	سیاماجوره
Сагама	ساگاما
Конса-делла-Кампания	کونتزا دلا کامپانیا
Калитри	کالیتری
Теора	تئورا
Баратили-Сан-Пйетро	باراتیلی سن پیترو
Скано-Монтиферро	اسکانو دی مونتیفرو
Терралба	ترالبا
Кайрано	کایرانو
Трезнурагес	ترسنوراگس
Нарболия	ناربولیا
Сиаманна	سیامانا
Монтемарано	مونته‌مارانو
Ассоло	آسولو
Паулилатино	پائولیلاتینو
Рокка-Сан-Феличе	روکا سان فلیچه
Червинара	چروینارا
Монтефалчоне	مونته‌فالچیونه
Қоштилло	کارونا
Бузаки	بوساچی
Виллаурбана	ویلاوربانا
Урас	اوراس
Калабритто	کالابریتو
Нола	نولا
Кассано-Ирпино	کاسانو ایرپینو
Аллаи	الای،
Куиндичи	کویندیچی
Лиони	لیونی
Флуссио	فلوسیو
Кандида	کاندیدا،
Магомадас	ماگوماداس
Санта-Ҷуста	سانتا جیوستا
Ула-Тирсо	اولا تیرزو
Авелла	آولا
Каприля-Ирпина	کاپریلیا ایرپینا
Гонностраматса	گونوستراماتزا
Могоро	موگورو
Милис	میلیس
Лачедония	لاچدونیا
Монтемилетто	مونته‌میلتو
Манокалтсати	مانوکالتزاتی
Гроттаминарда	جروتامیناردا
Авеллино	آولینو
Казалборе	کاسالبوره
Волтурара-Ирпина	وولتورارا ایرپینا
Кастелветере-сул-Калоре	کاستلورتره سول کالوره
Сенис	سنیس
Содди	سودی
Баресса	بارسا
Сан-Николо-д’Арчидано	سان نیکولو دآرچیدانو
Лауро	لاورو
Пунтедеро	پونتدرا
Кастел-Барония	کاستل بارونیا
Ҷенони	جنونی
Банйоли-Ирпино	باگنولی ایرپینو
Вилла-Сант-Антонио	ویلا سانتآنتونیو
Кюзано-ди-Сан-Доменико	دی سان دومنیکو
Седдиани	زددیانی
Гиларса	گیلارتزا
Могорелла	مورگورلا
Лапио	لاپیو
Марсано-ди-Нола	مارتزانو دی نولا
Ардаули	آردائولی
Сан-Веро-Милис	سن ورو میلیس
Аквилония	آکویلونیا،
Ариано-Ирпино	آریانو ایرپینو
Кулйери	کولیری
Норбелло	نوربلو
Бизачча	بیساکچیا
Нураки	نوراچی
Арборея	آربوریا
Кянке	چیانچه
Суни	سونی
Атрипалда	آتریپالدا
Узеллус	اوزلوس
Карифе	کاریفه
Монтеверде	مونته‌ورده
Силиго	سیلی‌گو
Аббасанта	عباس‌انتا
Андретта	آندرتا
Баяно	بایانو
Черталдо	چرتالدو
Вентикано	ونتیکنو
Домичелла	دومیچلا
Бидони	بیدونی
Лоётику	لایاتیکو
Вилланова-Трускеду	ویلانووا تروسکدو
Сенеге	سنگه
Траматса	تراماتسا
Симаксис	سیماکسیس
Гонноскодина	گونوسکودینا
Бонито	بونیتو،
Дзерфалиу	تزرفالیو
Сини	سینی
Пау	پاو
Тсунголӣ	تزونگولی
Азуни	آسونی
Седило	سدیلو
Риола-Сардо	ریولا ساردو
Бонаркадо	بونارادو
Виллата	والاتا
Капоселе	کاپوزله
Мирабелла-Эклано	میرابلا اکلانو
Монтекалво-Ирпино	مونته‌کالوو ایرپینو
Монтефуско	مونته فوسکو
Монтагуто	مونتاگوتو
Лакони	لاکونی
Руинас	رویناس
Валлесаккарда	واله‌ساکاردا
Айдомаҷоре	ایداماجیور
Соларусса	سولاروسا
Албаҷара	الباگیارا
Барадили	بارادیلی
Кабрас	کابراس
Сеннариоло	سناریولو
Неонели	نئونلی
Сирис	سیریس
Монтелла	مونتلا
Тадазуни	تاداسونی
Гроттолелла	جروتوله‌لا
Монтефредане	مونته‌فردانه
Нугеду-Санта-Виттория	نوگدو سانتا ویتوریا
Палмас-Арбореа	پالماس آربورئا
Симала	سیمالا
Вилла-Верде	ویلا ورده
Помпу	پومپو
Тиннура	تینورا
Соррадиле	سورادیله
Шингтой	شینگتای
Славянск-на-Кубани	اسلاویانسک-نا-کوبانی
Маъодӣ	معادی
Горретсвилл	گارستویل،
Флорида	فلوریدا،
Гримстод	گریمستا
Вугу	ووگو
Кристиёнсонн	کریستیان‌ساند
Тюсвер	تیسور،
Тахиатош	تقیاتاس
ботир	باتیر
Балтийск	بالتییسک
Монтклэр	مونتکلیر،
Худмухтори Шӯравии Молдова	خودمختار شورایی مولداوی
Шӯравии Чувашистон	شوروی چوواشستان
Шӯравии Доғистон	شوروی داغستان
Ҷумҳурии Мухтори Шӯравии	جمهوری خودمختار شوروی
Литторал	لیتورال
Боргу	بورگو
Коллинес	کالینس
Донга	دونگا
Зу	زو
Атакора	آتاکورا
Куффо	کوفو
Атлантик	آتلانتیک
Оуеме	اومه
Моно	مونو
Канск	کانسک
Костерёво	کوستریوفو
Гулкевичи	گولکویچی
Видное	ویدنویه
Волосово	وولوسوفو
Луга	لوگا،
Ворсма	وورسما
Бутурлиновка	بوتورلینوفکا
Таруса	تاروسا
Картали	کارتالی
Нерехта	نرختا
Солнечногорск	سولنچنوگورسک
Кулебаки	کولباکی
Селтсо	سلتسو
Тотма	توتما
Лисково	لیسکوفو
Далнереченск	دالنرچنسک
Камешково	کامشکوفو
Железноводск	ژلزنووودسک
Черемхово	چرمخوفو
Шадринск	شادرنیسک
Будённовск	بودیونوفسک
Новомичуринск	نوومیچوررینسک
Лабинск	لابینسک
Шаря	شاریا
Гудермес	گودرمس
Изобилний	ایزوبیلنی
Мосалск	موسالسک
Мантурово	مانتروفو
Малоярославетс	مالویاروسلاوتس
Петушки	پتوشکی
Новоаннинский	نووانینسکیی
Шуя	شویا
Севск	سفسک
Чухлома	چوخلوما
Кореновск	کورنوفسک
Краснозаводск	کراسنوزاوودسک
Спас-Деменск	اسپاس-دمنسک
Кинел	کینل
Рилск	ریلسک
Сковородино	اسکووورودینو
Суджа	سودژا
Кораблино	کورابلینو
Бавли	باولی
Николское	نیکولسک،
Ирбит	ایربیت
Новокубанск	نووکوبانسک
Пушино	پوشچینو
Боровск	بوروفسک
Юрга	یورگا
Апшеронск	آبشرونسک
Луза	لوزا
Красавино	کراساوینو
Асбест	آسبست
Бикин	بیکین
Краснознаменск	کراسنوزنامنسک،
Палласовка	پالاسوفکا
Семилуки	سمیلوکی
Сергач	سرگاچ
Чадан	چادان
Кохма	کوخما
Пикалёво	پیکالیوفو
Бологое	بولوگوئه
Киренск	کیرنسک
Лакинск	لاکینسک
Горбатов	گورباتوف
Звенигород	زونیگورود
Короча	کوروچا
Электрогорск	الکتروگورسک
Свободний	اسووبودنی،
Нестеров	نستروف
Ужур	اوژور
Устюжна	اوستیوژنا
Чермоз	چیورموز
Яровое	یارووویه
Ладушкин	لادوشکین
Конаково	کوناکوفو
Ступино	استوپینو
Юхнов	یوخنوف
Агриз	آگریز
Няндома	نیاندوما
Сураж	سوراژ
Людиново	لیودینوفو
Славск	اسلاوسک
Шелехов	شلخوف
Губкин	گوبکین
Мамоново	مامونوفو
Фатеж	فاتژ
Жиздра	ژیزدرا
Струнино	استرونینو
Уст-Илимск	اوست-ایلیمسک
Бокситогорск	بوکسیتوگورسک
Зверево	زوروفو
Истра	ایسترا
Шумиха	شومیخا
Удомля	اودوملیا
Солвичегодск	سولویچگودسک
Черноголовка	چرنوگولوفکا
Демидов	دمیدوف
Нурлат	نورلات
Шахуня	شاخونیا
Дмитриев-Лговский	دیمیترییف
Балабаново	بالابانوفو
Курганинск	کورگانینسک
Судогда	سودوگدا
Зуевка	زویفکا
Луховитси	لوخوویتسی
Мураши	موراشی
Приволжск	پریوولژسک
Лукоянов	لوکویانوف
Витегра	ویتگرا
Богучар	بوگوچال
Броннитси	برونیتسی
Називаевск	نازوایفسک
Грязоветс	گریازووتس
Вичуга	ویچوگا
Исилкул	ایسیلکول
Николаевск	نیکلایفسک
Поворино	پووورینو
Торопетс	توروپتس
Почеп	پوچپ
Воскресенск	ووسکرسنسک
Козелск	کوزلسک
Протвино	پروتوینو
Змеиногорск	زمینوگورسک
Жигулёвск	ژیگولیوفسک
Сухиничи	سوخینیچی
Урюпинск	اوریوپینسک
Лихославл	لیخوسلاول
Нововоронеж	نووورونژ
Бузулук	بوزولوک
Топки	توپکی
Кизилюрт	قزل‌یورت
Ликино-Дулёво	لیکین-دولیوفو
Уст-Кут	اوست-کوت
Навашино	ناواشینو
Клин	کلین
Уст-Катав	اوست-خاتاف
Мензелинск	منزلینسک
Уст-Лабинск	اوست-لابینسک
Шамохӣ	شاماخی
Пучеж	پوچژ
Валуйки	والویکی
Мтсенск	متسنسک
Гвардейск	گواردیسک
Миски	میسکی
Медин	مدین
Уварово	اواروفو،
Волгореченск	وولگورچنسک
Осташков	اوستاشکوف
Киселевск	کیسلفسک
Шали	شالی،
Абинск	آبینسک
Нелидово	نلیدوفو
Рассказово	راسکازوفو
Хотково	خوتکوفو
Волхов	وولخوف
Клинтси	کلینتسی
Литкарино	لیتکارینو
Байкалск	بایکالسک
Североуралск	سورورالسک
Балахна	بالاخنا
Нефтекумск	نفتکومسک
Чекалин	چکالین
Хадиженск	خادیژنسک
Каменск-Шахтинский	کامنسک-شاختینسکیی
Куртамиш	کورتامیش
Слободской	اسلوبودوسکوی
Унеча	اونچا
Мешовск	مشچوفسک
Талдом	تالدوم
Черняховск	چرنیاخوفسک
Кадников	کادنیکوف
Яхрома	یاخروما
Уяр	اویار
Сертолово	سرتولوفو
Дмитров	دیمیتروف
Вихоревка	ویخورفکا
Лобня	لوبنیا
Билибино	بیلیبینو
Катайск	کاتایسک
Ак-Довурак	آک-دوووراک
Подпороже	پودپروژیه
Дедовск	ددوفسک
Строител	استروئیتل
Можайск	موژایسک
Электроугли	الکتروگلی
Гремячинск	گرمیاچینسک
Баймак	بایمک
Харабали	خارابالی
Болотное	بولوتنوئه
Алагир	آلاگیر
Тихвин	تیخوین
Новозибков	نووزیبکوف
Кологрив	کولوگریف
Шагонар	شاگونار
Моршанск	مورشانسک
Менделеевск	مندلیفسک
Нижнеудинск	نیژنئودینسک
Таштагол	تاشتاگول
Уст-Джегута	اوست-دژگوتا
Шенкурск	شنکورسک
Викса	ویکسا
Голитсино	گولیتسینو
Карасук	کاراسوک
Солтси	سولتسی
Ветлуга	وتلوگا
Карачев	کاراچف
Об	اوب
Тейково	تیکوفو
Ивантеевка	ایوانتئفکا
Венёв	ونیوف
Кстово	کستوفو
Тавда	تاودا
Жирновск	ژیرنوفسک
Саянск	سایانسک
Урай	اوورای
Анива	آنیوا
Полевской	پولفسکوی
Свирск	اسویرسک
Урус-Мартан	اوروس-مارتان
Новодвинск	نووودوینسک
Шебекино	شبکینو
Вуктил	ووکتیل
Саяногорск	سایانوگورسک
Любан	لیوبان
Валдай	والدای
Губкинский	گوبکینسکیی
Озёри	اوزیوری
Пересвет	پرسفت
Узловая	اوزلووایا
Велск	ولسک
Коркино	کورکینو
Качканар	کاچکانار
Урен	اورن
Суровикино	سوروویکینو
Калязин	کالیازین
Наровля	نارولیا
Криплгейт	کریپلگیت
нақшбандия	نقشبندیه
Маломатия	ملامتیه
Чиштия	چشتیه
Бектошия	بکتاشیه
қодирия	قادریه
Мавлавия	مولویه
Фридрихсхайн-Кройтсберг	فریدرایشسهاین-کرویتسبرگ
Мартсан-Ҳеллерсдорф	مارتسان-هلرسدورف
Митте	میته،
Нойкёлн	نویکولن
Лихтенберг	لیشتنبرگ
Панков	پانکوو
Шарлоттенбург-Вилмерсдорф	شارلوتنبورگ-ویلمرسدورف
Аврупо	اروپا
Аламут	الموت
ҷанбимадоргон	نیمه‌گرمسیری
Суғд	سغد
Карелия	کارلیا
Курдуфон	کردفان
Осиёи Миёна	آسیای مرکزی
Вахон	واخان
Шарқӣ	شرق
Шарқӣ	شرق
Сиистон	سیستان
Тахористон	تخارستان
Ҳазора	هزاره
Ғарбӣ	غرب
Ҷанубӣ	جنوب
Шимолӣ	شمالی
Осиёи	آسیا
Ҳилоли тиллоӣ	هلال طلایی
Дарвоз	درواز
Вазиристон	وزیرستان
Гвианаи	گویان‌ها
мадоргон	سرزمین‌های
кадим	قدیم
Вест-Индия	هند
Ориёно	آریانا
Турон	توران
Ҷазира	جزیره
Фирийдан	فریدن
Шарқӣ	شرق
Машриқ	مشرق
Паштунистон	پشتونستان
Озарбойҷон	آذربایجان
Шимолӣ	شمال
Ғарбӣ	غرب
Қарабоғи	قره‌باغ
Амрикои Лотинӣ	آمریکای لاتین
Шимолӣ	شمال
Олтой	آلتایی
Красноярск	کراسنویارسک
Перм	پرم
Мурманск	مورمانسک
Белгород	بلگورود
Самара	سامارا
Свердловск	سوردلوفسک
Челябинск	چلیابینسک
Тула	تولا
Ярославл	یاروسلاول
Новосибирск	نووسیبیرسک
Нижегород	نووگورود
Вологда	ولوگدا
Воронеж	ورونژ
Кострома	کوستروما
Калуга	کالوگا
Кемерово	کمروو
Ленинград	لنینگراد
Ростов	روستوف
Маскав	مسکو
Саратов	ساراتوف
Владимир	ولادیمیر
Амур	آمور
Киров	کیروف
Орёл	اریول
Мангғйстау	مانغیستاو
Атйрау	آتیرائو
Қостанай	قوستانای
Қазоқистон	قزاقستان
Қазоқистони Шимолӣ	قزاقستان شمالی
Қазоқистон	قزاقستان
Алматй	الماتی
Қарағандӣ	قراغندی
Ақтобе	آق‌تپه
Жамбйл	ژمبیل
Қазоқистони Ҷанубӣ	استان ترکستان
Қйзйлорда	قیزیل‌اوردا
Павлодар	پاولودار
Ақмола	اکمولا
Академияи Афлотун	آکادمی افلاطون
Ганҷнома	گنج‌نامه
Лашкари Сафолин	لشکر سفالین
Буддаи Бомиён	بودا در بامیان
Курушкада	سایروپولیس
Афросиёб	افراسیاب
Дандон-Ойлиқ	دندان اویلیق
Абусимбал	ابو سمبل
Тоқи Кисро	طاق کسری
Термупил	ترموپیل
Саразм	سرزم
Восит	واسط،
Гулкунда	گلکنده
Тахти сангин	تخت سنگین
Майсон	میسان
Нинаво	نینوا
Бобил	بابل
Карбало	کربلا
Зиқор	ذی‌قار
Мусанно	مثنی
Қодисия	قادسیه
Арбел	اربیل
Басра	بصره
Салоҳаддин	صلاح‌الدین
Восит	واسط
Вилояти Тамим	استان کرکوک
Даҳук	دهوک
Сулаймония	سلیمانیه
Бағдод	بغداد
Диёла	دیاله
Наҷаф	نجف
Фарғона	فرغانه
Вилояти Қашқадарё	ولایت کشک‌دریا
Сирдарё	سیردریا
Андиҷон	اندیجان
Намангон	نمنگان
Самарқанд	سمرقند
Хоразм	خوارزم
Тошканд	تاشکند
Вилояти Ҷиззах	استان جیزک
Навоӣ	نوایی
Сурхондарё	سرخان‌دریا
Бухоро	بخارا
Маъбади Шоулин	معبد شائولین
Байрут	بیروت
Шимол	شمالی
Ҷануб	جنوبی
Аккор	عکار،
Лубнон	لبنان
Биқоъ	بقاع
Баълабак—Ҳирмил	بعلبک الهرمل
Набатия	نبطیه
Кисравон—Ҷубайл	کسروان-جبیل
Рукуа	روکاوا
Доруссалом	دارالسلام
Шинянга	شینیانگا
Шимоли	شمالی
Линди	لیندی
Пемба	پمبای
Аруша	آروشا
Табора	تابورا
Марказӣ-Ҷанубӣ	زنگبارمرکزی-جنوبی
Шимоли	شمالی
Мванза	موانزا
Рувума	روووما
Маняра	مانیارا
Пвани	پوانی
Мара	مارا
Мбея	امبیا
Кигома	کیگوما
Иринга	ایرینگا
Вилояти Шарқи Занзибар	منطقه مجینی مغاربی
Килиманҷаро	کلیمانجارو
Гейта	گیتا
Танга	تانگا
Додома	دودوما
Мтвара	امتوارا
Биёбони Габи	بیابان گبی
Либия	لیبی
Саҳрои Шарқӣ	صحرای شرقی
Биёбони Нубия	بیابان نوبیه
Калахари	کالاهاری
Саҳрои бузург	صحرای بزرگ
Москва	ماسکوا
Титаник	تایتانیک
Эрланген-Ҳёхштадт	ارلانگن-هخشتات
Нуйморкт	نویمارکت
ноҳияи Кулмбах	ناحیه کولمباخ
Амрикои Марказӣ	آمریکای مرکزی
фармондории Ливланд	فرمانداری لیوونی
вилояти Хатлон	ولایت ختلان
Вилояти Мухтори Кӯҳистони Бадахшон	ولایت مختار کوهستان بدخشان
вилояти Суғд	ولایت سغد
Коуилоу	کویلو
Куветте	کووت اوست
Куветте	کووت
Санға	سنگا
Ликоуала	لیکوالا
Лекоумоу	لکومو
Поол	پول
Боуенза	بوئنزا
Ниари	نیاری
Платеау	پلاتیوکس
Шимоли Дурӣ	شمال دور
Марказӣ	مرکز
Шарқӣ	شرق
Ғарбӣ	غرب
Адамаоуа	آداماوا
Ғарбӣ	غربی
Шимоли Ғарбӣ	شمال غربی
Ҷанубӣ	جنوب
Шимолӣ	شمال
Дорнбирн	دورنبیرن
Блудентс	بلودنتس
Брегентс	برگنتس
он дар Лайте	ناحیه آن در لیتا
Гратс-Умгебунг	گراتس اومگبونگ
Санкт-Пёлтен	زانکت پولتن-لاند
Мӯдлинг	مودلینگ
Боми	بومی
Маёр	مایور
Сан Хуан	سن خوان،
Элиас Пиня	الیاس پینیا
Ла Алтаграчиа	لا آلتاگراسیا
Баоруко	بائوروکو
Плата	پلاتا
Вилояти Салчедо	استان ارماناس میرابال
Сан Кристобал	سن کریستوبال
Монте Кристи	مونته کریستی
Азуа	آزوا
Сан де Макорис	سن ده ماکوریس
Сантиаго	سانتیاگو،
Сан де Окоа	سن ده اوکوا
Мариа Тринидад Санчез	ماریا ترینیداد سانچز
Эспаиллат	اسپاییات
Санчез Рамирез	سانچز رامیرس
Доминго	دومینیگو
Родригез	رودریگز
Бараҳона	بارائونا
Монте Плата	مونته پلاتا
Перавиа	پراویا
Педерналес	پدرنالس
Ла Романа	لا رومانا
Валверде	والورده
Даҷабон	داخابون
Ла Вега	لا وگا
Эл Сейбо	ال سیبو
Дуарте	دوارته
Монсенёр Ноуел	مونسنیور نوول
низомии салтанатии Сандҳурст	نظامی سلطنتی سندهرست
Миср	مصر
Окодимӣ нерӯе ҳаво Покистон	آکادمی نیروی هوایی پاکستان
Фурудгоҳи болбосув	فرودگاه بالباسوو
Уқёнуси Атлантик	اقیانوس اطلس
Уқёнуси Ҷанубӣ	اقیانوس جنوبی
румӣ	رومن
Хагатна	هاگاتنا