Диего Веласкес	دیه‌گو ولاسکز
Жорж Помпиду	ژرژ پمپیدو
Жуссие	یوناس
Скотт	اسکات
Талабонӣ	طالبانی
Ҳалдун Бойсан	هالدون بویسان
Вилҳелм Эдуард Вебер	ویلهلم ادوارد وبر
Фред Астер	فرد آستر
Вилҳелм Буш	ویلهلم بوش
Муҳаммад аз-Зенатӣ	محمد الزناتی
Роберт Фрост	رابرت فراست
Николас Отаменди	نیکولاس اوتامندی
Гайнор	گینور
Шкелзeн Гaши	اشکلزن گاشی
Малайка Арора	مالایکا آرورا
Бернард Ҷой	برنارد جوی
Дэвид Бентли	دیوید بنتلی
Сезар Касерес	سزار کاسرز
Пиетер Аертсен	پیتر آرتسن
Рэй Парк	ری پارک
Сакристан	ساکریستن
Варкен	وارکن
Алексей Писемский	آلکسی پیسیمسکی
Хуан Антонио Писси	خوان آنتونیو پیزی
Свейн	اسواین
Йнклан	یانکلن
Масъуд	مسعود
Родригес	رودریگز
Анӯштегин	انوشتکین
Колса	کالسا
Пауло Ненезес	پائولو مندز
Хуан Ортис	خوانما اورتیز
Шамси Табрезӣ	شمس تبریزی
Баҳо Ҳарирӣ	بها حریری
Андрей Сахаров	آندره ساخاروف
фон Вайтсзеккер	فون وایتسکر
Сафокл	سوفوکل
Пётр	پتر
Стив Ҷобс	استیو جابز
Эддисон	آدیسون
Ҳелен Келлер	هلن کلر
Майкл Ҷордан	مایکل جردن
Виктор Валдес	ویکتور والدز
Лени Рифенштал	لنی ریفنشتال
Саид Алӣ Хоменеӣ	سید علی خامنه‌ای
Шукрӣ Қувватлӣ	شکری قوتلی
Римский-Корсаков	ریمسکی-کورساکف
Норберто Алонсо	نوربرتو آلونسو
Ян Вестлейк	ایان وستلیک
Фамке Янссен	فامک جانسن
Жорж Батай	ژرژ باتای
Ботҳа	بوتا
Крейг Нун	کریگ نون
Уоодуард	وودوارد
Амбедкар	آمبدکار
Мануэл Флейтас Солич	مانوئل فلیتاس سولیچ
Мария Башкирцева	ماری باشکیرتسف
Павел Эбботт	پاول ابوت
Маурис Норман	موریس نورمن
Кофи Аннан	کوفی عنان
Мао Тседун	مائو تسه‌تونگ
Абубакр Абдулкалом	ابوبکر عبدالکلام
Мун	کی‌مون
Эмили Дикинсон	امیلی دیکنسون
Шумахер	شوماخر
Томас Ҷефферсон	توماس جفرسون
Маринйо	مارینیو
Матиас Фернандес	ماتیاس فرناندز
Терий Гиллиам	تری گیلیام
Лауреано Руис	لورانو رویز
Дани Гиса	دنیل گویزا
Виэтто	ویئتو
Гас Поет	گاس پویت
Адайлтон	آدیلتون
Дон Реви	دان ریوی
Крис Хугтон	کریس هیوتون
Ҷейсон Робертс	جیسون رابرتز
Эдмон Абу	ادمون آبو
Пол Шэв	پل شو
Нострадамус	نوسترآداموس
Андрей Абдувалиев	آندری عبدوالیف
Холид Азм	خالد العظم
Иво	ایوو
Гамов	گاموف
Куртуа	کورتویس
Себастян Баттаглия	سباستین باتاگلیا
Рикардо	ریکاردو
Бела	بلا
Уэсли Да Силва	ویسلی دا سیلوا
Хулио Лорес	خولیو لورز
Алехандро Сабела	آلخاندرو سابه‌یا
Амбросиус Босшаерт	آمبرسیوس بوشار
Тсураюки	تسورایوکی
Да Мота Нето	دا موتا نیتو
Шорл Эдворд Гийум	شارل ادوارد گیوم
Глория Арруйо	گلوریا آرویو
Франсуа Рабле	فرانسوا رابله
Луис Мария Эчеберрия	لوئیس ماریا اچیبریا
Кайке Силва Роша	کایوکی سیلوا روخا
Мигел Понсе	میگل پونسه
Феде Вико	فد ویکو
Баҳромшоҳи	بهرام‌شاه
Содҷ	ساجه
Замора	زامورا
Карл Шуман	کارل شومن
Рамон Абеледо	رامون آبلدو
Брайан Лабон	براین لابون
Форобӣ	فارابی
Алек Болдуин	الک بالدوین
Дани Алвес	دنی آلوز
Гэлбрейт	گالبرایت
Онрике Ҳирзуг	انریکه هرتزوگ
Валдис Затлерс	والدیس زاتلرس
Франсеск Арнау	فرانسسک آرنائو
Морвин Минский	ماروین مینسکی
Фил Невилл	فیل نویل
Саймон Кинберг	سیمون کینبرگ
Августо Пиночет	آگوستو پینوشه
Хесус Мария Переда	خسوس ماریا پردا
Фредерик Дуглас	فردریک داگلاس
Абулаббоси Саффоҳ	ابوالعباس سفاح
Роберто Трашоррас	روبرتو تراسهوراس
Картер	کارتر
Спенсер Лок	اسپنسر لاک
Видал	ویدال
Леон Усмон	لیون عثمان
Александр Грэҳэм	الکساندر گراهام
Гуйнет Палтро	گوئینت پالترو
Фернандо Торрес	فرناندو تورس
Бабел	بابل
Артем Дзюба	آرتم دزوبا
Алиф Шафақ	الیف شفق
Парвин Эътисомӣ	پروین اعتصامی
Визел	ویزل
Клаудио Лопес	کلودیو لوپز
Сперинг	اسپرینگ
Иван Элгера	ایوان هلگوئرا
Марсело Каетано	مارسلو کائتانو
Майкл Мансиенн	مایکل مانسین
Кристиано Жуниор	کریستیانو جونیور
Родриго Поссебон	دیرنی فلورنسیو
Уорд	وارد
Бобурам Бҳоттороӣ	بابورام بهاتارای
Эндрос Тоунсенд	اندروس تاونسند
Бернд Айхингер	برند آیشینگر
Моуринё	مورینیو
Андерсон Бамба	آندرسون بامبا
Анаксагор	آناکساگوراس
Вячеслав Веденин	ویاچسلاف ودنین
Дус Сантос Жуниор	دوس سانتوس جونیور
Шопури	شاپور
Хусрав	خسرو
Тонйито	توانیتو
Фарид Закариё	فرید زکریا
Домингес	دومینگز
Денни Роус	دنی رز
Стивен Содерберг	استیون سودربرگ
Дуарте Мансур Да Силва	دوراتی منصور دا سیلوا
Эдуардо Салвио	ادواردو سالویو
Пол Адам	پل آدام
Хесус Эрреро	خوس هررو
Манижа Давлатова	منیژه دولت
Молина	مولینا
Афлотун	افلاطون
Берлиоз	برلیوز
Полк	پولک
Бермудес	برمودز
Франсисмар Кариока Де Оливейра	فرانسیسمار کاریوکا دی اولیویرا
Смит	اسمیت
Тирдоди	تیرداد
Ривалдо	ریوالدو
Да Роза	دا روسا
Колин Белл	کالین بل
Брено Нелло	برنو ملو
Висконти	ویسکونتی
Агустин Арана	آگوستین آرانا
Мерйл Стрийп	مریل استریپ
Муҳаммад	محمد
Клод Дебюсси	کلود دبوسی
Том Клеверли	تام کلورلی
Густав Видеман	گوستاو ویدمان
Благонравов	بلاگنراوف
Кинан	کینن
Петен	پتن
Гавилан	گاویلان
Барбуй	باربوی
Фернонду Ҳенрике Кордусу	فرناندو هنریکه کاردوسو
Майте Перронӣ	مایته پرونی
Атал Биҳари Ваҷпоӣ	آتال بیهاری واجپایی
Оностосиюси	آناستاسیوس
Даниэл Пассарела	دانیل پاسارلا
Лила Даунс	لیلا داونز
Людвиг Бюхнер	لودویگ بوشنر
Милтун	میلتون
Сапфо	سافو
Муҳаммад Аҳмади Дақиқӣ	دقیقی
Шопӯри Шаҳбозӣ	شاپور شهبازی
Архимед	ارشمیدس
Анри	آنری
Мария Лима Насименто	ماریا لیما ناسیمنتو
Маркос Рохо	مارکوس روخو
Виктор Феррейра	ویکتور فریرا
Клаудио Канигхия	کلودیو کانیگیا
Венисон	ونیسون
Вагнер Лав	واگنر لاو
Райт	رایت
Дилмо Русеф	دیلما روسف
Родригес	رودریگز
Адолф Байер	آدولف بایر
Буш	بوش
Шарл Бодлер	شارل بودلر
Андрей Тарковский	آندری تارکوفسکی
Индира Гандӣ	ایندیرا گاندی
Абулқосим Лоҳутӣ	ابوالقاسم لاهوتی
Шави	ژاوی
Малола Юсафзай	ملاله یوسف‌زی
Коперник	کوپرنیک
Нарендра Модӣ	نریندر مودی
Абунувос	ابونواس
Салмонхон	سلمان خان
Мифуне	میفونه
Мартин Чиверс	مارتین چیورس
Игор Чугаинов	ایگور چوگاینوف
Мигел Нието	میگل نیتو
Гюстав Эйфел	گوستاو ایفل
Кристиан Шёнбейн	کریستیان شونبین
Эдуард Бернштейн	ادوآرد برنشتاین
Анаксимен	آناکسیمنس
Артур Хенфри	آرتور هنفری
Гарсия	گارسیا
Адриан Лопес	آدرین لوپز
Алии Шариатӣ	علی شریعتی
Абдуллоҳ Салол	عبدالله السلال
Жак Ширак	ژاک شیراک
Луи Арагон	لویی آراگون
Батиста	باتیستا
Владимир Резун	ویکتور سوووروف
Виллард Гиббс	ویلارد گیبس
Эдно	ادنو
Энрике Иглесиас	انریکه ایگلسیاس
Макс Борн	ماکس برن
Алан Фоггон	آلن فوگان
Штайнмайер	اشتاین‌مایر
Лудуиг Ерҳард	لودویگ ارهارد
Ҳебе Камаргу	هبه کامارگو
Лондон	لندن
Булк	بولک
Наввоф Аҳмад Ҷобири Сабоҳ	نواف احمد جابر الصباح
Ромнӣ	رامنی
Кристиан Баттокчио	کریستین باتوکیو
Тайлер	تایلر
Оскар Скалфару	اسکار اسکالفارو
Алехандро Домингес	آلخاندرو دومینگز
Виктор Унамуно	ویکتور اونامونو
Нестор Камачо	نستور کاماچو
Роману Продӣ	رومانو پرودی
Тайиб Ардуғон	طیب اردوغان
Даниэл Дефо	دانیل دفو
Корл Вейерштрос	کارل وایرشتراس
Траян Бэсеску	ترایان باسسکو
Аруна Иранӣ	آریونا ایرانی
Пётри	پتر
Айс Кюб	آیس کیوب
Стив Яблонски	استیو جابلونسکی
Тақи	تقی
Панисо	پانیزو
Аподи	آپودی
Сантилана	سانتیانا
Эҳуд Олмерт	ایهود اولمرت
Валтер Гропиус	والتر گروپیوس
Паул	پال
Готтфрид Галле	گاتفیرد گاله
Бенавенте-и-Мартинес	بناونته
Брюс Ли	بروس لی
Роберто Фернандес	روبرتو فرناندز
Висенте Гуайта	ویسنته گوآیتا
Орсон Уелс	اورسن ولز
Ҳерман Ҳессе	هرمان هسه
Эвер Банега	اور بانگا
Оту Перез Мулино	اتو پرز مولینا
Моррисон	موریسون
Бергара	برگارا
Гилберт	گیلبرت
Йинглак Шинаватра	ینگلاک شیناواترا
Чеаушеску	چائوشسکو
Франклин	فرانکلین
Россум	رسوم
Да Коста Ненезес	دا کوستا مندز
Гамбоа	گامبوآ
Эдуард Мовсесян	ادوارد موسسیان
Айюб Хон	ایوب خان
Раймон Пуанкаре	ریمون پوانکاره
Фоулер	فاولر
Мӯҳсин Махмалбоф	محسن مخملباف
Зулфиқор Али Бутто	ذوالفقار علی بوتو
Эдвард Кеннедӣ	ادوارد کندی
Демокрит	دموکریت
Антон ван Левенгук	آنتونی فان لیوونهوک
Алексндре Финасси	آلکساندر فینازی
Майк Филлери	مایک فیلری
Соналӣ Бендре	سونالی بندره
Де Соуза	دی‌سوزا
Том МакГрас	تام مک‌گرات
Эрнан Гавирия	ارنان گاویریا
Тэрри	تری
Рашид Сафар	رشید صفر
Лейдер Прекядо	له آیدو پرسیادو
Бессел	بسل
Густав фон Грюнебаум	گوستاو وان گرونبائوم
Де Силва Нето	دی سیلوا نیتو
Лоренте	یورنته
Гавилан	گویلان
Ҳриҳорий Носко	هریهواری نوسکو
Дуглас	داگلاس
Ҳерони Искандарӣ	هرون اسکندرانی
Лопетеги	لوپتگی
Луқо	لوقا
Сарандон	ساراندون
Вилсон	ویلسن
Рафаэл Алкорта	رافائل آلکورتا
Фокс	فاکس
Ромун Хузе Велоскуез	رامون خوزه ولاسکوئز
Мэтти Ҷеймс	متی جیمز
Мануэл Португалия	مانوئل اول
Франсес Макдормэнд	فرانسیس مک‌دورمند
Ҳиларй Суанк	هیلاری سوانک
Эдмунд Ҳуссерл	ادموند هوسرل
Эшли Уествуд	اشلی وستوود
Натаниел Ҳоторн	ناتانیل هاثورن
Пйер Бомарше	پیر بومارشه
Карл Лагерфелд	کارل لاگرفلد
Алӣ Ҳатамӣ	علی حاتمی
Муҳаммад Наҷиб	محمد نجیب
Асин	آسین
Марсден	مارسدن
Андер Мурило	اندر موریلو
Хуан Эваристо	خوان اواریستو
Ҳайдар Алиев	حیدر علی‌اف
Карлос Гомес	کارلوس گومس
Дмитро Топчийев	دمیترو توتچیف
Непер	نپر
Голдони	گولدونی
Ҳуснӣ Заим	حسنی الزعیم
Шокли	شاکلی
Алберс	آلبرس
Иля Николаевич	ایلیا نیکالایویچ
Де Хесус	دی جسوس
Вячеслав Малафеев	ویاچسلاو مالافیف
Варгас	وارگاس
Дин Томас	دین توماس
Делфи Хели	دلفی گلی
Алберто Ача	آلبرتو آچا
Мартин Палермо	مارتین پالرمو
Моуринйо	مورینیو
Фаҳим	فهیم
Карл Дейвид Андерсон	کارل دیوید آندرسون
Михаил Ботвйник	میخائیل باتوینیک
Восиқ	واثق
Кирон Дайер	کیرون دایر
Абдулбосит	عبدالباسط
Гералдине Паге	جرالدین پیج
Сент-Ҷон	سنت جان
Такэути	تاکوچی
Дуглас	داگلاس
Иван Александрович Гончаров	ایوان آلکساندروویچ گانچاروف
Роберт Да Силва Алнейда	روبرت دا سیلوا آلمیدا
Пэкуин	پاکوین
Модест Мусоргский	مودست موسورگسکی
Михаил Петрович	میخائیل لازارف
Ҷермейн Дефи	جرمین دفو
Ҳенрӣ Темпел	هنری تمپل
Леонардо Манси	لئوناردو مانزی
Бов	باو
Тониню Кесилио	تونینیو سیسییلو
Ли Каттермол	لی کاترمول
Вагнер	واگنر
Пол Наим	پل برگ
Гари Стенли	گری بکر
Бебето	ببتو
Дока Мадурейра	دوکا مادوریرا
Мадл	مادل
Виланова	ویلانوا
Дони	دونی
Кҳер	کهیر
Аҳмад	احمد
Вигнер	ویگنر
Бобби Кэмпбелл	بابی کمپل
Родриго	رودری
Лукас Алкарас	لوکاس آلکاراس
Родвелл	رادول
бин Алӣ	بن علی
Бент	بنت
Маркус Роша	مارکوس روخا
Аллен	آلن
Андреас Везалий	آندرئاس وزالیوس
Ивани	ایوان
Кол	کول
Мигел Торрес Гомес	میگوئل تورس گومز
Тошики Кайфу	توشیکی کایفو
Пауло Серхио	پائولو سرجیو
Важа Пшавела	واژا پشاولا
Оқомуҳаммадхони Қоҷор	آقامحمدخان قاجار
Дэвид Ик	دیوید ایکه
Гориа	گوریا
Силва	سیلوا
Владимир Соловёв	ولادیمیر سولویوف
Кинскý	کیسکی
Чарли Клоузер	چارلی کلاوسر
Ҳусайни Бойқаро	حسین بایقرا
Лоривал Ассис	لوریوال آسیس
Алонсо	آلونسو
Соуза	سوزا
Каннинг	کنینگ
Инфантино	اینفانیتو
Едвард Ҳет	ادوارد هیس
Силвия Плат	سیلویا پلات
Паола	پائولا
Притӣ Зинта	پریتی زینتا
Томас Гейнсборо	توماس گینزبارو
Велфар	ولفر
Деҳлавӣ	دهلوی
Редкнапп	ردنپ
Мадҳурӣ Дикшит	مدوری دیکشیت
Коке	کوکه
Рафиқ Ҳарирӣ	رفیق حریری
Тоқаев	توقایف
Нона Терентевна	نونا گاپرینداشویلی
Софи Тёрнер	سوفی ترنر
Зигмунт Флоренти	زیگمونت وروبلوسکی
Баҳроми	بهرام
Яндарбиев	یندربایف
Абдулғанӣ Бародар	عبدالغنی برادر
Абулай хан	آبیلای‌خان
Мартин Силва	مارتین سیلوا
Игор Акинфеев	ایگور آکینفیف
Зиню	پوسیبون
Вавилов	واویلف
Эдиню	ادینو
Ники Фитерстон	نیکی فیدراستون
Карано	کارانو
Фавзия	فوزیه
Анкер	آنکر
Ҳино Кҳар	حنا کهر
Велингтон Ногейра Лопес	ولینگتون نوگریا لوپز
Андреу Фонтас	آندرو فونتاس
Онрике Пералто Азордио	انریکه پرالتا آزوردیا
Корлус Анрике де Леон	کارلوس انریکه دی لئون
Павел Погребняк	پاول پوگربنیاک
Дунга	دونگا
Али Нақи	علی نقی
Пекерман	پکرمن
Оливер Уендел Ҳолмс,	الیور وندل هلمز
Хеопс	خوفو
Исроил Лопес	اسرائیل لوپس
Нерй Кастило	نری کاستیو
Маркел Сусаэта	مارکل سوساتا
Нат Лофтхаус	نت لوفتهوس
Гевара	گوارا
Ибни Ҳавқал	ابن حوقل
Адриан Алстон	آدریان آلستون
Гулдзиҳер	گلدزیهر
Роже Гиймен	روژه گیمن
Озаргушнаспбад	آذرگشنسپ‌بد
Дэвид Доусон	دیوید دوسون
Дункан Эдвардс	دانکن ادواردز
Ато Айюбӣ	عطاء الایوبی
Гастон Думерг	گاستون دومرگ
Райан Бертранд	رایان برتراند
Хавйер Балбоа	خاویر بالبائو
Родриго Тело	رودریگو تلو
Бидл,	بیدل
Сантяго Канйисарес	سانتیاگو کانیایزارس
Ариэл Ибагаза	آریل ایباخاسا
Сэм Ҷонстон	سام جانستون
Ибни Руста	ابن رسته
Том Чорлтон	تام چارلتون
Ҷонас Гонсалвес Оливейра	واسکونسلوس فریرا
Аҳмади Санҷар	احمد سنجر
Ҳамид Алидӯстӣ	حمید علیدوستی
Бархуан	بارخوان
Роберто Ботелю	روبرتو بوتیلیو
Эван Ҷогиа	اون جوگیا
Нарсӣ	نرسی
Баҳодур Шастрӣ	بهادر شاستری
Владимир Бесчастних	ولادیمیر بسچاستنیخ
Ибни Хурдодбеҳ	ابن خردادبه
Баринага	باریناگا
Фернандо Редондо	فرناندو ردوندو
Дутра	دوترا
Карвалю Лейте	کاروالیو لیت
Ориол Ромеу	اوریول رومئو
Корлус Андрес Перез	کارلوس آندرس پرز
Абулвафои Бузҷонӣ	ابوالوفا بوزجانی
Нӯшзод	نوشزاد
Хорхе Ортис	خورخه اورتیز
Джалма Сантос	دیژالما سانتوس
Наполеон Ҳилл	ناپلئون هیل
Майк Эппс	مایک اپس
Фредерик Робинсон	فردریک رابینسون
Велбек	ولبک
Денис Каниса	دنیس کانیزا
Габри Гарсия	گابری گارسیا
Фрэнк Блунстон	فرانک بلونستون
Раул Фернандес	رائول فرناندز
Сантамария	سانتاماریا
Алансиню	آلانزینیو
Владимир Федотов	ولادیمیر فدوتوف
Зубиета	زوبیتا
Чағатой Ӯлусой	چاتای اولوسوی
Стив Сидвелл	استیو سیدول
Хесус Тато	خسوس تاتو
Абдуллоҳ ибни Масъуд	عبدالله بن مسعود
Йепес	یپس
Клементе Родригес	کلمنته رودریگز
Каэтану Велозу	کائتانو ولوزو
Александр Даргомижский	الکساندر دارگومیژسکی
Валентин Козмич Иванов	والنتین کوزمیچ ایوانوف
Сергей Иванович Вавилов	سرگئی ایوانویچ واویلف
Фернандес	فرناندس
Амин Ҷумаййил	امین جمیل
Дейоку	دیاکو
Вивар Дорадо	ویور درادو
Кристобал Маркес	کریستوبال مارکز
Гари Стивенс	گری استیونز
Бакстэр	بکستر
Карлос Армас	کارلوس آرماس
Рафаэл Ботти	رافائل بوتی
ал-Мақдисӣ	مقدسی
Хосеба Эчеберрия	خوسبا اتکسبریا
Келли Асбёри	کلی اشبری
Алберт Феррер	آلبرت فرر
Смит	اسمیت
Абраҳам Пас	ابراهام پاز
Хавйер Портило	خاویر پورتیلو
Адриано Пинента	آدریانو پیمنتا
Дербайшир	دربی‌شر
Даниэл Фонсека	دنیل فونسکا
Сэм Кован	سم کووان
Озейа Де Паула Масиел	اوزیا دی پائولا ماسیل
Донис Эскобер	دونیس اسکوبر
Рики	ریکی
Андрей Гречко	آندری گرچکو
Тоҳо Ҳусайн	طه حسین
Саломон Рондон	سالومون راندون
Валденир Да Силва Виталино	والدنیر دا سیلوا ویتالینو
Сэм Уолтон	سام والتون
Степан Ҳаусер	استپان هاوزر
Монӣ Ҳақиқӣ	مانی حقیقی
Эктор Кампора	هکتور کامپورا
Вогтон	واوتن
Себастян Лето	سباستین لتو
Робинсон	رابینسون
Фёдор Бондарчук	فئودور بوندارچوک
Мигел Миранда	میگل میراندا
Шрутӣ Ҳасан	شرتی حسن
Тайрон Мерс	تایرن میرس
Рома Форнс	روما فورن
Шорл Ҳелу	شارل حلو
Бонд	باند
Соҳа Алихон	سوها علی خان
Балтазар Мария Де Мораис Жуниор	بالتازار ماریا دی مورایس جونیور
Мур	مور
Дуглас Паккер	داگلاس پاکر
Абдуллоҳ ибни Аббос	عبدالله بن عباس
Кэдл Прайс	کدل پرایس
Хавйер Пасторе	خاویر پاستوره
Қоим	قائم
Cержиню	سرجیو
Карлос Септиен	کارلوس سپتین
Фигуэро	فیگوروا
Виктор Руис	ویکتور روئیز
Ҳерберт Килпин	هربرت کیلپین
Андрес Силвера	آندرس سیلورا
Эктор Ясалде	هکتور یازالده
Янис Чаксте	یانیس چاکسته
Анибал Тарабини	آنیبال تارابینی
ибни	افشین
Алипио	آلیپیو
Фрэнк Бункер Гилбрет	فرانک بانکر گیلبرث
Паредес	پاردس
Вaлдeт Рaмa	والدت راما
Эдмундо	دیاگو
Варела	وارلا
Абреу Де Лима	آبرئو دی لیما
Оливейра	اولیویرا
Вашингтон	واشنگتون
Владимир Бистров	ولادیمیر بیستروف
Миқотӣ	میقاتی
Эдмунд Маски	ادموند موسکی
Қолибоф	قالیباف
Тирдоди	تیرداد
Абдулҳамиди Котиб	عبدالحمید کاتب
Байрамхон	بیرام خان‌خانان
Алан Девоншир	آلن دوونشایر
Дэн Фавкус	دن فوکوس
Хуан Карлос Стаускас	خوان کارلوس استاوسکاس
Дос Сантос	داس سانتوس
Фалке	فالک
Арташеси	آرتاشس
Алан Кернаган	آلن کرنگن
Антонио Нотарио	انتونیو نوتارو
Владимир Войнович	ولادیمیر واینوویچ
Лука Модрич	لوکا مودریچ
Алиакбар Деҳхудо	علی‌اکبر دهخدا
Симон Менсинг	سیمون منسینگ
Нобби Стилс	نوبی استایلز
Крис Ваддл	کریس وادل
Сенсини	سنسینی
Элиас Триндаде	الیاس ترینداد
Карлос Арсе	کارلوس آرکی
Майкл Паркс	مایکل پارکس
Рабан	رابان
Адан	آدان
Ортигоса	اورتیگوزا
Билол ибни	بلال حبشی
Карпентер	کارپنتر
Нейсер Реаско	نیه آیسر ریاسکو
Тена	تنا
Хуан Рамон Карраско	خوان رامون کاراسکو
Яҳмир Ҳюкa	یاهمیر هیکا
Чарли Бучан	چارلی باکن
Лузардо	لوزاردو
Томирис	تهم‌رییش
Конка	کونکا
Булбул	بولبول
Дмитри Попов	دمیتری پوپوف
Хосе Фигуэро	خوسه فیگروا
Ҷозеф Бэлл	جوزف بل
Франсиско Рохас	فرانسیسکو روهاس
Гаспар Перес	گاسپار پرز
Фабиано Эллер	فرناندو لوکاس مارتینز
Карлос Рейносо	کارلوس رینوسو
Кинкосес	کوینکوکس
Андрес Форменто	آندرس فورمنتو
Васкес	واسکس
Шрофф	شروف
Кампос	کامپوس
Нилсен	نیلسن
Эду Дракена	ادو دارسینا
Адриан Фернандес	آدریان فرناندز
Апаресидо Да Силва	آپارسیدو دا سیلوا
Энди Тоунсенд	اندی تاونسند
Мирёни	میریان
Хесус Унануа	خسوس اونانووا
Мигел Идигурос Фуэнтес	میگل یدیگوراس فوئنتس
Хуан Албин	خوآن آلبین
Нг Сюан	نگ سی-یوئن
Куэлю	کوئلیو
Хуан Масник	خوان ماسنیک
Норман Хантер	نورمن هانتر
Шеридан	شریدن
Луис Регейро	لویس رگویرو
Вардй Алфаро	واردی آلفو
Родригес Мартинес	رودریگز مارتینز
Ронни	رونی
Раҳмон Набиев	رحمان نبی‌اف
Мигел Амадо	میگل آمادو
Умар Пасториза	عمر پاستوریزا
Наведа	ناودا
Луис Карлос Куартеро	لوئیس کارلوس کوارترو
Масъуди Саъди Салмон	مسعود سعد سلمان
Диего Камачо	دیگو کاماش
Марселино Мартинес	مارسلینو مارتینز
Ли Бромби	لی برومبی
Марлон Айови	مارلون آیووی
Херардо Пелуссо	خراردو پلسو
Дмитри Черишев	دمیتری چریشف
Даниэл Ислас	دنیل آیلاس
Ники Бейли	نیکی بیلی
Карлос Касселй	کارلوس کازلی
Марковскй	مارکویسکی
Иво Басай	ایوو باسای
Эдгар Да Силва	ادگار دا سیلوا
Андер Аланя	اندر الانیا
Биэлер	بیلر
Хуан Карлос Агилера	خوان کارلوس آگیلرا
Роберто Фирнино	روبرتو فیرمینو
Антонио Пинила	آنتونیو پینیا
Хорен Оганесиан	خورن اوگانسیان
Александр Пуштов	الکساندر پوشتوف
Тараскони	تراسکونی
Филип Макадо	فیلیپه ماچادو
Саралеги	سارالگی
Хавйер Дел Пино	خاویر دل پینو
Эдуардо Асеведо	ادواردو اسودو
Фил Паркинсон	فیل پارکینسون
Лейтон	لیتون
Мугерса	موگورزا
Родриго Баррера	رودریگو باررا
Леандро Макадо	لیناردو ماچادو
Мойа	مویا
Самюэл	ساموئل
Миранда	میراندا
Питер Симпсон	پیتر سیمپسون
Вашингтон	واشنگتن
Вагнер	واگنر
Ричард Никсон	ریچارد نیکسون
Гевин Махон	گاوین ماهون
Эктор Вердес	هکتور وردس
Денис Маркес	دنیس مارکز
Рафаэл Дус Сантос	رافائل دوس سانتوس
Хуанми	خوانمی
Маҷдуддавла	مجدالدوله
Майкл Кипинг	مایکل کیپینگ
Мурхаус	مورهاوس
Георгий Бабакин	گئورگی باباخین
Да Силва	دا سیلوا
Брэдли Орр	بردلی اور
Эдвин Тенорио	ادوین تنوریو
Оскар	اسکار
Сергей Шойгу	سرگئی شویگو
Энди Кинг	اندی کینگ
Оскар Вирт	اسکار ویرت
Энди Синтон	اندی سینتون
Дмитри Харине	دمیتری خارین
Хавйер Кампора	خاویر کامپورا
Да Коста Жуниор	دا کوستا جونیور
Вонг	ونگ
Даниэл	دانیل
Мартин Астудило	مارتین استودیلو
Андерсон	اندرسون
Мартинес	مارتینس
Натан Эллингтон	نیتن الینگتون
Карлос Ибанйес	کارلوس ایبانیس
Мануэл Фернандес Мунйис	مانوئل فرناندز مونیز
Эктор Эчеверри	اکتور اچوری
Кларк	کلارک
Гиулиано Де Паула	جولیانو دی پائولا
Марк Бернаус	مارک برنوس
Ҳамодӣ Ҷаболӣ	حمادی جبالی
Марина	مارینا
Брайан Кидд	برایان کید
Фуэнтес	فوئنتس
Аҳмад ибни Асад	احمد بن اسد
Хурхе Серону	خورخه سرانو
Баутиста	بوتیستا
Уолтер	والتر
Унай Эспосито	اونای اکوسیتو
Рон Гринвуд	ران گیرین‌وود
Арукку	اروکو
Бетан	بیتائو
Марсело Гэдес Филю	مارسلو گوئدس فیلیو
Гандӣ	گاندی
Алексис	الکسیس
Анатоли Порхунов	آناتولی پورخونوف
Тибор Нйиласи	تیبور نیلاسی
Ҳироюки Санада	هیرویوکی سانادا
Арсен Оганесян	آرسن اوهانسیان
Эдвардс	ادواردس
Да Гиа	دا گویا
Алехандро Алонсо	آلخاندرو آلونسو
Фабио Жуниор	فابیو جونیور
Хавйер Валехо	خاویر والخو
Варела	وارلا
Нандита Дас	ناندیتا داس
Дэвид Баррал	دیوید بارال
Вейл	ویل
Мирзо	میرزا
Эрни Адамс	ارنی آدامز
Де Лима Кампус Мария	دی لیما کامپوس ماریا
Хавито	یاویتو
Хави Герреро	خاوی گوئررو
Эктор Нунйес	هکتور نونز
Хави Фуэго	خاوی فوگو
Брайан Ти	برایان تی
Мейсон	میسون
Майкл Догерти	مایکل دووگرتی
Сесма	سسما
Перейра	پریرا
Руди Вaтa	رودی واتا
Пойриер	پویریر
Шеарер	شیرر
Ҳунтер	هانتر
Дарлей Рамон Торрес	دارلی رامون تورس
Хорхе Касерес	خورخه کاسرس
Боҳӣ Адғам	باهی ادغم
Фаридуни Муширӣ	فریدون مشیری
Роман Шишкин	رومن شیشکین
Хесус Мария Замора	خسوس ماریا زامورا
Маркус Динис	مارکوس دینیز
Кевин Битти	کوین بیتی
Педро Фуэнсалида	پدرو فوئنزالیدا
Cкумакер	اشماچر
Денис Попов	دنیس پوپف
Антонио Залдуа	آنتونیو سالدوا
Берт Муррай	برت مورای
Ориёбигна	آریابیگنه
Билл Ҷонс	بیل جونز
Байлон	بایلون
Ғиждувонӣ	غجدوانی
Хусто Руис	خوزتو رویز
Сантос	سانتوس
Арментерос	آرمنتروس
Алберту Нотуш	آلبرتو ناتوش
Амонуллоҳхон	امان‌الله
Алберт Бандура	آلبرت بندورا
Роман Павлюченко	رومن پافلیوچنکو
Содиқ	صادق
Диего Ригонато Родригес	دیه گو ریگوناتو رودریگز
Нилcон Жуниор	نیلسون جونیور
Хавйер Эскалса	خاویر اسکالزا
Хесус Гамес	خسوس گامز
Бағдодӣ	بغدادی
Иван Айвазовский	ایوان آیوازوفسکی
Уеас	اوسیس
Хуан Лопес	خوان لوپز
Гонсалес	گونسالس
Йвон Ле Роус	یوون له روکس
Ингмар Бергман	اینگمار برگمان
Том	بریتو
Уилсон Перес	ویلسون پرز
Дин Ликок	دین لیکاک
Маҳмуд Сулаймон Мағрибӣ	محمود سلیمان مغربی
Родригес	رودریگز
Дэвид Суасо	دیوید سوازو
Сандра Эчеварриа	ساندرا اچوریا
Бруно Каротти	برونو کاروتی
Хуан Орувалу	خوان آره‌بالو
Рифе	رایف
Исмоил Руис	اسمائیل روئیس
Усаин	هیوسایین
Алберт Серра	البرت سرا
Виктор Моралес	ویکتور مرالز
Кэрол Грейдер	کارول گریدر
Скотт Эдкинс	اسکات ادکینز
Хавйер Пинола	خاویر پینولا
Дробнý	دروبنی
Роверсио	روورسیو
Гуимаранес	گیمارائینس
Густаво Десотти	گوستاوو دتزوتی
Уорд	وارد
Хесус Лусендо	خسوس لوسندو
Баррантес	بارانتس
Манейро	مانیرو
Рафаэл Бастус	رافائل باستوس
Аткинсон	اتکینسون
Гарсия Леон	گارسیا لئون
Глен Морган	گلن مورگن
Беллетти	بلتی
Вестингҳаус	وستینگهاوس
Хуан Карлос Лоренсо	خوان کارلوس لورنزو
Натан Бейкер	نیتن بیکر
Андрей Назарио Афонcо	آندری نازاریو آفونسو
Иван Валенкяно	ایوان والنسیانو
Ричард Фланаган	ریچارد فلاناگان
Уилям Мартинес	ویلیام مارتینز
Теодор Рузвелт	تئودور روزولت
Бенҷамин Ҳаррисон	بنیامین هریسون
Кэтрин Зета-Ҷонс	کاترین زتا
Освалдо Вискаррондо	اسوالدو ویزکاروندو
Муртазо Раҳимов	مرتضی رحیموف
Жуэлcон Жозе Инакио	جوئلسون خوزه ایناسیو
Борбад	باربد
Авелар	آویلار
Алберто Марио Гонсалес	آلبرتو ماریو گونزالس
Лучано Бекчио	لوچانو بچو
Габриэл Поррас	گابریل پوراس
Хеффрен Суарес	جفرن سوارز
Карлос Гамарра	کارلوس گامارا
Уэнес Лемус	هونس لیموس
Ромуло	رومولو
Икромӣ	اکرامی
Содҷ	سوده
Хуан Карлос Виламайор	خوان کارلوس بییامایر
Дэвид Депетрис	دیوید دپتریس
Гарэт Саузгейт	گریت سوتگیت
Фарҳоди	فرهاد
Ибни Ҳазм	ابن حزم
Масъуд Мирзо Зиллисултон	مسعود میرزا ظل‌السلطان
Дориюши	داریوش
Нӯҳ ибни Асад	نوح بن اسد
Саҳли Тустарӣ	سهل تستری
Силва	سیلوا
Стефен Дерби	استفن دربی
Иван Саенко	ایوان سائنکو
Колдо	کولدو
Делани	دیلانی
Хашоёршои	خشایارشا
Крис Блэкбэрн	کریس بلکبرن
Де Андраде Сантос	دی آندراده سانتوس
Данрлей	دانرلی
Алехандро Дарио Гомес	آلخاندرو داریو گومز
Хуан Итурбе	خوان ایتوربه
Олазар	اولازار
Кэти Барбери	کتی باربری
Йейтс	یتس
Александр Бородин	الکساندر برودین
Пауло Асунcан	پائولو آسانسائو
Марк Рендал	مارک رندل
Кристиан Долберг	کریستین دولبرگ
Прадо	پرادو
Кристиан Лама	کریستین لاما
Лорена Рохас	لورنا روخاس
Хуан	خوان
Ибрагим Гасанбеков	ابراهیم حسن‌بیگوف
Ион Илиеску	آیون ایلیچسکو
Годой	گودوی
Сантяго Ладино	سانتیاگو لادینو
Д. Б. Вайс	دی. بی. وایس
Акшай Ханна	آکشای خانا
Бойдухон	بایدوخان
Клериси	کلیرسی
Малдонадо	مالدونادو
Владимир Татарчук	ولادیمیر تاتارچوک
Гордон Хилл	گوردون هیل
Апеллес	آپلس
Риос	ریوس
Стефен Смит	استیفن اسمیت
Маркинюс	مارکوس
Леандро Cиниони	لیناردو سیمیونی
Денни Дайчио	دنی دیچیو
Энрике Ларринага	انریکه لارریناگا
Диего Алварес	دیگو آلوارز
Алберт Крусат	البرت کراست
Виктор Бернардес	ویکتور برناردز
Дэмиан Исмодес	دامیان ایسمودس
Роберт Тэрнбулл	رابرت تورنبول
Даниэл Руис	دانیل رویز
Абусаид Мирзо	ابوسعید گورکان
Дин Кокс	دین کاکس
Энрике	انریکه
Эве Киви	اوه کیوی
Илия	ایلیای
Натан Экклестон	نیتن اسلستون
Ҳафса	حفصه
Хашоёршои	خشایارشای
Себастян Ариэл Ромеро	سباستین اریل رومرو
Морган	مورگن
Брейс	بریس
Хавйер Итурряга	خاویر ایتریاگا
Хара	خارا
Эктор Силва	اکتور سیلوا
Эдгар Бут	ادگار بوث
Стив Харпер	استیو هارپر
Хуан Пабло Франкия	خوان پابلو فرانسیا
Франко Наварро	فرانکو ناوارو
Дерик Оседе	دریک اوسده
Дани Абало	دنی آبالو
Родолфо Мансо	رودولفو مانسو
Лен Шэклетон	لن شکلتن
Грэҳам	گراهام
Павел Мамайев	پاول مامایف
Cидней	سیدنی
Мандакинӣ	مانداکینی
Диего Баррето	دیگو بارتو
Гибсон	گیبسون
Гарсия Торал	گارسیا تورال
Луиз Карлос Ферейра	لوئیز کارلوس فریرا
Ҷейсон Лау	جیسون لووی
Фернандо Клавихо	فرناندو کلاویخو
Стэн Пэрсон	استن پیرسون
Луис Антонио Морено	لوییس آنتونیو مورنو
Арнолд Уотсон Хаттон	آرنولد واتسون هاتون
Хуан Писсути	خوان پیزوتی
Дин Стурридҷ	دین استوریج
Соуза Силва	سوزا سیلوا
Ресио	رسیو
Александер Медина	الکساندر مدینا
Мартин Лигера	مارتین لیگا
Уелш	ولش
Кевин Блэквелл	کوین بلک ول
Кинтана	کینتانا
Риммер	ریمر
Хулио Мусимесси	خولیو موسیمی
Анатоли Исайев	آناتولی ایسایف
Хосе Киранте	خوسه کیرانته
Кассио Баррус	کاسیو باروس
Фуод Шиҳоб	فواد شهاب
Бумбел	بومبل
Ван Туйне	فان توین
Астон	آستون
Габриэл Дус Сантос	گابریل دوس سانتوس
Бен Хатчинсон	بن هاچینسون
Дави Силва Насименто	داوی سیلوا ناسیمنتو
Эдгар Ли Мастерс	ادگار لی مسترز
Тоҷуссалтана	تاج‌السلطنه
Адам Кей	آدام کی
Вержитон Калмон	ورگیتون کالمون
Ли Грант	لی گرانت
Маркус Писселли	مارکوس پیزلی
Рубен Лопес	روبن لوپز
Марсело Джиан	مارسلو جیان
Лара	لارا
Ато Нур	عطا نور
Хавйер Дорадо	خاویر دورادو
Риналдо Мартино	رینالدو مارتینو
Киел Рид	کایل رید
Педро	پدرینیو
Фернандес	فرناندس
Оли	اولیوریو
Сергей Родионов	سرگئی رودیونوف
Монтанйес	مونتانیس
Хуан Бесарес	خوانیو بزارس
Эрик Ла Сал	اریک لا سال
Пол Брейсвелл	پل بریسول
Хави Морено	خاوی مورنو
Ибни Тоҳири Бағдодӣ	ابن طاهر بغدادی
Грэй Дэймон	گری دیمون
Родней	رودنی
Мигел Ангел Санторо	میگل آنگل سانتورو
Антонио	تونینیو
Висенте Мир	ویسنته میر
Искандар Хатлонӣ	اسکندر ختلانی
Оскар Фаббяни	اسکار فابیانی
Паулиста	پائولیستا
Ян Уранга	یان اورانگا
Марк Фаррингтон	مارک فرینگتون
Андони Лакабег	اندونی لاکاباگ
Эскурса	اسکورزا
Фабиан Канселарик	فابیان کانسلاریچ
Луис Каррион	لوئیس کاریون
Сергей Тумасян	سرگئی توماسیان
Пол Линвуд	پل لینوود
Каррил	کارریل
Да Силва	دا سیلوا
Мендигурен	مندیگرن
Дандамаев	داندامایف
Мартин Да Cилвейра	مارتیم دا سیلویرا
Матиас	ماتیاس
Иван Мозжухин	ایوان موزژوخین
Марио Монхе	ماریو مونگه
Педро Забала	پدرو سابایا
Фариас	فاریاس
Комил Ёрматов	کامل یارماتوف
Хуан Карлос Корассо	خوان کارلوس کرازو
Эдгар Агилера	ادگار آگیلرا
Мелиса Сёзен	ملیسا سوزن
Эскудеро	اسکودرو
Имодуддавла	عمادالدوله
Жуниор Диас	جونیور دیاز
Беда	بیدا
Оруэ	اوروه
Родриго Карнейро	رودریگو کارنیرو
Маркус Оливейра	مارکوس اولیویرا
Ромеро	رومرو
Алоисио Да Силва	آلوئیسیو دا سیلوا
Эрнан Бернардело	هرنان برناردلو
Хуан Рамон Лопес Мунйис	خوان رامون لوپز مونیز
Баркас	برکاس
Сорондо	سراندو
Баракот Ҳамаду	برکت حمدو
Ян Стори Мур	ایان استوری-مور
Тӯсӣ	طوسی
Мануэл Семпере	مانوئل سمپر
Хуан Хилберто Фунес	خوان گیلبرتو فونز
Армандиню	ارماندینیو
Андерсон	اندرسون
Буэнавентура Ферейра	بوئناونتورا فریرا
Клаудио Бягхио	کلودیو بیاشیو
Александр Домогаров	الکساندر داماگارف
Элисео Риверо	الیسئو ریورو
Хуан Мухика	خوان موجیکا
Том Бромилау	تام برومیلو
Сезар Егрос	سزار جیگروس
Аристидес Рохас	آریستیدس روهاس
Паулиню	پائولو
Луис Трайд	لوئیز گارسیا ترید
Салмон ибни Ҳамад ал-Халифа	سلمان بن حمد آل‌خلیفه
Аллан	آلان
Педроза	پدروسا
Рубен Райос	روبن ریوس
Луис Фахардо	لوئیس فاخاردو
Салвадор Салгеро	سالوادور سالگرو
Хавйер Якусси	خاویر یکوزی
Брито	بریتو
Крис Басхэм	کریس باشام
Витор Перейра Жуниор	ویتور پریرا جونیور
Рук	روک
Борис Татушин	بوریس تاتوشین
Мора Пинйеро	مورا پینیرو
Андони Седрун	اندونی سدرون
Магно Мокелин	ماگنو موسلین
Фуккс	فاکس
Камполо	کامپولو
Даниэл Мариано Буэно	دانیل ماریانو بوئنو
Хусте	خوسته
Митт	میته
Ванден Вувер	فندن واور
Отасилио	اوکتاسیلیو
Иван Пилуд	ایوان پیلود
Қосими Анвор	قاسم انوار
Лопес	لوپس
Валтер Томас Жуниор	والتر توماس جونیور
Ли Смит	لی اسمیت
Сантос	سانتوس
Вампета	وامپتا
Майкл Уолш	مایکل والش
Тони Морал	تونی مورال
Андре Гарсия	آندره گارسیا
Кристиан Селай	کریستین سلی
Хуан Франсиско Ломбардо	خوان فرانسیسکو لومباردو
Мэтисон	ماتیسون
Купер	کوپر
Полосси	پولوزی
Дэвид Хенерело	دیوید جنلو
Паркинсон	پارکینسون
Алекс Сандро Де Оливейра	آلکس ساندرو دی اولیویرا
Себастян Сория	سباستین سوریا
Сан Хосе	سان خوزه
Вилф Макгиннесс	ویلف مک‌گینس
Кабреризо	کابرریزو
Амаранте	نیتو
Мирзо	میرزا
ибни Бурд	بن برد
Марсело Торрико	مارسلو توریکو
Дэвид Ломбан	دیوید لومبان
Мануэл Гутйеррес	مانوئل گوتیرس
Каэйро	کایرو
Фонсека	فونسکا
Алан Баиа	آلان بایا
Албубасир	البوبصر
Ибан Эспадас	ابن اسپاداس
Артур Роули	آرتور رالی
Том Ҳолланд	تام هالند
Кироми Бухороӣ	کرام بخارایی
Собреграу	سورگارو
Алберт Томас	آلبرت توماس
Эллам	الام
Моратала	مورتالالا
Оскар Баги	اسکار باگوی
Блейк	بلیک
Габриэл Амато	گابریل آماتو
Хуан Каняс	خوان کاناس
Андерсон Рибейро	آندرسون ریبریو
Маурисио Перуки	مائوریسیو پیروچی
Педроза	پدروزا
Мортон Беттс	مورتون بتس
Кубила	کوبیلا
Пабло Чинчила	پابلو چینچیا
Ричи Баркер	ریچی بارکر
Кури	کوری
Бартекско	پاتسکو
Вадим Евсеев	وادیم افسیف
Салим Ҳусс	سلیم الحص
Гайтан	گایتان
Ибарра	ایبارا
Ояс	هویاس
Карлос Апонте	کارلوس آپونته
Рамон Аряс	رامون آریاس
Сорбон	ساربان
Монсеррат	مونسرت
Дэвид Арелано	دیوید آریانو
Алберто	برتو
Амарал	آمارال
Парра	پارا
Мавзуна Чориева	موزونه چاریوا
Карлос Фронтини	کارلوس فرونتینی
Сэм Вадсуорт	سم ودسوورت
Энрике	هنریکه
Родриго	رودری
Ҷейми Клапхэм	جیمی کلفام
Олабе	اولابه
Рубен Палазуэлос	روبن پالازلوس
Лейвиня	لیوینیا
Клейтон Ферейра Круз	کلیتون فریرا کروز
Энтони Ҷеррард	آنتونی جرارد
Мигел Португал	میگل پرتغال
Армӣ Куусела	آرمی کوئیسلا
Доналд Макалпин	دونالد مک‌آلپاین
Портомоспат	پارتاماسپاتس
Бейли	بایلی
Форрестер	فورستر
Виктор Леоненко	ویکتور لئونکو
Анди	اندی
Андер Лопес	اندر لوپز
Эйдан Хейни	آیدان هینی
Алан Ҷонс	آلن جونز
Фонсека	فونسکا
Висенте Иборра	ویسنته ایبورا
Коста Силва	کستا سیلوا
Кабрера	کابررا
Агустин Пелетиэри	آگوستین پلتیری
Юрий Войнов	یوری ووینوف
Алексндре Голарт	آلکساندر گولارت
Сид Овен	سید اوون
Адриано Незавилла	آدریانو میزاویلا
Эрнане	ارنان
Гонсалито	گونسالیتو
Эрвин Санчес	اروین سانچس
Умми Кулсум бинти Муҳаммад	ام‌کلثوم بنت محمد
Феррон	فررون
Транкилино Гарсете	ترانکویلینو گاوسیت
Энди Бургин	اندی بورگین
Андраде	آندراده
Том Уилямсон	تام ویلیامسون
Александр Иванов	الکساندر ایوانف
Оскар Дертйкия	اسکار درتیکیا
Бач	بچ
Эдуардо Рикагни	ادواردو ریکانیی
Инйиго Перес	انیگو پرز
Клебер Алберти	کلیبر آلبرتی
Сезар Белли	سزار بلی
Мануэл Руэда	مانوئل رودا
Висенте Санчес	ویسنته سانچز
Майкон Перейра Де Оливейра	مایکون پریرا دی اولیویرا
Артур Бэмбридҷ	آرتور بامبریج
Артур Фрост	آرتور فراست
Эшли Истхэм	اشلی ایتام
Сокол Куштa	سوکول کوشتا
Луис Иссета	لوییز ایزتا
Уилям Рамало	ویلیام رامایو
Ландер Габилондо	لندر گابیلوندو
Хорхе Аравена	خورخه آراونا
Энрике Соуза Де Оливейра	هنریکه سوزا دی اولیویرا
Ли Хюз	لی هاگز
Кристиан Бенавенте	کریستین بناونته
Мануэл Галдамес	مانوئل گالداس
Батиста Нунес	باتیستا نونس
Владимир Сория	ولادیمیر سوریا
Эдгардо Бауза	ادگاردو بائوسا
Хавйер Амбройс	خاویر امبرویس
Владимир Кесарев	ولادیمیر کسارف
Фернандес	فرناندز
Оливейра Соуза Жуниор	اولیویرا سوزا جونیور
Алберто Галардо	آلبرتو گایاردو
Кауе Да Силва	کائو دا سیلوا
Кесада	کسادا
Берт Хэд	برت هد
Билли Бридҷвитер	بیلی بریج واتر
Мануэл Гато	مانوئل گاتو
Хосе Бустаманте	خوسه بوستامانته
Макар Ҳончаренко	ماکار هنچارنکو
Пол Хунтингтон	پال هانتینگتن
Луиз Лус	لوئیز لوز
Хуан Касерес	خوان کاسرس
Валентин Афонин	والنتین آفونین
Марсиано Насименто	مارسیانو ناسیمنتو
Граф	گراف
Луис Гарсия	لوئیس گارسیا
Кайке Родригес	کایکه رودریگز
Андраде	آندراده
Ана Милан	آنا میلان
Макголдрик	مک‌گولدریک
Мартин Кардетти	مارتین کاردتی
ибни Тоҳир	بن طاهر
Милиҷа Эйлксик	میلیجا الکسیچ
Ромариню	رومارینیو
Франсиско Портило	فرانسیسکو پورتیلو
Сантяго Бенитес	سانتیاگو بنیتز
Пол Холл	پل هال
Шайхи Муфид	شیخ مفید
Кортес	کورتس
Келвин Уилсон	کلوین ویلسون
Эрнан Диас	ارنان دیاس
Куртеней Велч	د کورتنی ولچ
Хуан Хосе Мунянте	خوان خوسه مونیانته
Рамон Аркас	رامون ارکاس
Лукас Перес	لوکاس پرز
Мануэл Сеоане	مانوئل سوانه
Вергара	اونای برگارا
Роман Торрес	رومن تورس
Симон Лекуэ	سیمون لکو
Эуклйдес	ژائو
Рамон Марадяга	رامون مارادیاگا
Артур Макадо	آرتور ماچادو
Мигел Римба	میگل ریمبا
Стив Харкнесс	استیو هارکنس
Иброҳими Адҳам	ابراهیم ادهم
Карлос Томас	کارلوس توماس
Кармело Хиуляно	کارملو جولیانو
Салвадор Кабесас	سالوادور فلامنکو
Лосада	لوسادا
Игор Ангуло	ایگور انگولو
Хосе Милтон Мелгар	خوسه میلتون ملگار
Стив Гуппи	استیو گاپی
Яздин	یزدین
Куня Валле	کونیا وال
Коннор	کونور
Андони Имас	اندونی ایمز
Абубакр Боқилонӣ	ابوبکر باقلانی
Салвадор Гарсия	سالوادور گارسیا
Гулшан Гровер	گلشن گروور
Игор Численко	ایگور چیلنسکو
Видал	ویدال
Ансорӣ	پیر
Чарли Хартфилд	چارلی هارتفیلد
Чарли Спенсер	چارلی اسپنسر
Колин Добсон	کالین دابسون
Аллон	آلون
Рикардо Верcари	ریکاردو ورساری
Энди Батлер	اندی باتلر
Бернардо Эспиноса	برناردو اسپینوزا
Эрик Торнтон	اریک تورنتون
Абулбаракоти	ابوالبرکات
Кикиню	آلکساندر
Браня	برانا
Мелиса Асли Памук	ملیسا آسلی پاموک
Кака	بولیویار
Адриано Мунйос	آدریانو مونز
Хосе Мария Минела	خوسه ماریا مینشا
Висенте Биуррун	ویسنته بیوررون
Лукас Вятри	لوکاس ویتری
Милтон Круз	میلتون کروز
Анӯшервон Манучеҳр	انوشیروان منوچهر
Даниэл Делфино	دنیل دلفینو
Гловер	گلاور
Силвио Гонсалес	سیلویو گونزالس
Эусебио Диас	یوسیبایو دایاز
Хон	خان
Эчебаррия	اکسبری
Абдулмуъминхон	عبدالمؤمن
Гарсия	گارسیا
Кевин Ҳектор	کوین هکتور
Фрэд Уорбэртон	فرد واربرتون
Давлатманд Холов	دولتمند خلف
Мигел Гарсия	میگل گارسیا
Ҳерберт Бэргесс	هربرت برجیس
Астясаран	استیادران
Олия бинти Алӣ	علیه بنت علی
Алберто Де Паула	آلبرتو دی پائولا
Найрезӣ	نیریزی
Стюарт	استوارت
Дэвид Гарсия	دیوید گارسیا
Августо Поросо	آگوستو پوروزو
Оргeс Шeҳи	اورگس شهی
Леонардо Борсани	لئوناردو برزانی
Даниэл Соуза Де Хесус	دانیل سوزا دی جسوس
Гулбаданбегим	گل‌بدن
Клаптон	کلپتون
Сантос Соуза	سانتوس سوزا
Роберто Антонелло	روبرتو آنتونیلو
Лайло Фуруҳар	لیلا فروهر
Родригес	رودریگز
Моран	مورن
Дейвид Cакcони	دیوید ساکونی
Меркадо	مرکادو
Мораис	مورایس
Гейл	گیل
Скотт Баррон	اسکات بارون
Неҳа Дҳупия	نیها دوپیا
Энтони Хоссэк	آنتونی هوساک
Дани Мало	دانی ملو
Тайнан	تاینن
Ян Бараклоф	ایان باراکلو
Крис Хусси	کریس هاسی
Хозинӣ	خازنی
Густаво Диас	گوستاوو دیاز
Мигел Лера	میگل ایلرا
Касар	کاسار
Замора	زامورا
Лес Эймес	لس امس
Гастон Силва	گاستون سیلوا
Пратола	پراتولا
Амир Кулол	امیر کلال
Да Силва Бразейро	دا سیلوا برازیرو
Акоран Баррера	اکوران باررا
Раҳим Муъинии Кирмоншоҳӣ	رحیم معینی کرمانشاهی
Ролдан	رولدان
Гари Котсуорт	گری کواتسوورث
Лоро	لارا
Гама Да Силва	گاما دا سیلوا
Карлос Касартели	کارلوس کازارتلی
Рубен Перес	روبن پرز
Эрнекто Гомес	ارنستو گومز
Анилтон Жуниор	آنیلتون جونیور
Браун	براون
Ли Ашкрофт	لی اشکرافت
Эктор Салва	هکتور سالوا
Антонио Палудо	آنتونیو پالودو
Тед Бургин	تد برگین
Диего Гауко	دیه گو گوچو
Таҳмхусрав	تم خسرو
Алфред Литтелтон	آلفرد لیتلتون
Вилана	وایلانا
Борис	بوریس
Аранда	آراندا
Юлиан Дайкс	جولیان دیکز
Агустин Алионе	آگوستین آلیونه
Фаррухзод Хусрави	فرخزاد خسرو
Оскар Лопес	اسکار لوپس
Франсуа Пйер-Алип	فرانسوا پییر آلیپه
Эделмиро Аревало	ادلمیرو آروالو
Диксон	دیکسون
Данер	دانر
Кампос	کامپوس
Хуан Охеда	خوان اوجدا
Мишел	مایچل
Хуан Карлос Тоуринйо	خوان کارلوس تورینیو
Виктор Браво	ویکتور براوو
Карлос Пита	کارلوس پیتا
Ангел Перес	آنخل پرز
Бен Мёрхэд	بن مویرهد
Виктор Троссеро	ویکتور تروسرو
Амарал Де Андраде	آمارال دی آندراده
Алекс Дайер	الکس دایر
Андерсон Луиз Cквейтсер	آندرسون لوئیز اشویتزر
Ҳерберт Эштон	هربرت اشتون
Кэн Грин	کن گرین
Кевин Бетси	کوین بتسی
Гормли	گورملی
Аҳмад Мирзо Аздуссалтана	احمد میرزا عضدالسلطنه
Файруз	فیروز
Фавзия	فوزیه
Бейкер	بیکر
Олга Краско	اولگا کراسکو
Армандо Алварес	ارماندو الوارز
Эрион Ҷaфa	اریون جافا
Ману Санчес	مانو سانچز
Кристиан Алварес	کریستین آلوارز
Андерсон Сантос Силва	آندرسون سانتوس سیلوا
Хуан Редондо	خوان ردوندو
Алберт Бордман	آلبرت بوردمن
Алек Милн	الک میلن
Александер Ҷонстон	الکساندر جانستون
Алексндре Галло	الکساندر گالو
Энди Кларк	اندی کلارک
Энди Гейл	اندی گیل
Ҳамзаи Исфаҳонӣ	حمزه اصفهانی
Арана	ارانا
Мирзо Мулкоро	میرزا ملک‌آرا
Тейксира	تکسیرا
Усуряга	اوسوریاگا
Ҳаролд Лосано	هارولد لوسانو
Карлос Германо	کارلوس ژرمانو
Хуан Айра	خوان آیرا
Антонио Гомес	انتونیو گومز
Андраде Силва	آندراده سیلوا
Салвадор	سالوا رویز
Дэвид Лопес	داوید لوپز سیلوا
Вивас	ویواس
Пил	پیل
Марк Бертран	مارک برتران
Эктор Веира	هکتور ویرا
Исҳоқ ибни Ҳунайн	اسحاق بن حنین
Эктор Боске	هکتور بوسک
Хавйер Коене	خاویر کوهن
Оскар Валеро	اسکار والرو
Пакито	پاکوئیتو
Фабан	فابائو
Алекс Мартинес	الکس مارتینز
Хуан Муссо	خوان موسو
Банйуэлос	بانیولوس
Дани Кинтана	دنی کینتانا
Крис Балдерстон	کریس بالدرستون
Муртиню Брага	مورتینیو براگا
Тоедтли	تودتلی
Эралдо Бесерра	هرالدو بزاررا
Апаресидо Да Силва	آپارسیدو دا سیلوا
Кеннер	کنر
Барри Ноулс	بری نولز
Дикенсон	دیکنسن
Аслӣ Тандоған	آصلی تاندوغان
Карен Оганян	کارن اوهانیان
Ян Бреннан	ایان برنان
Абулфазли Балъамӣ	ابوالفضل بلعمی
Арон Мосс Гарви	هارون موسی-گاروی
Адриан Пералта	آدریان پرالتا
Абулӯълӯ	ابولؤلؤ
Хуан Карлос Карденас	خوان کارلوس کاردناس
Боведа	بودا
Дэвид Коулинг	دیوید کاولینگ
Шуҳра Савлатӣ	شهره صولتی
Тед Берман	تد برمن
Коттерилл	کوتریل
Сэм	سام
Марселино Перес	مارسلینو پرز
Нелсон Тапия	نلسون تاپیا
Алфредо Ортунйо	الفردو اورتونیو
Стефенс	استفنز
Энди Майерс	اندی مایرز
Виейра	ویرا
Рафаэл Перейра Да Силва	رافائل پریرا دا سیلوا
Кампос	کامپوس
Феликс Уете	فلیکس هوته
Гаспар Рубио	گاسپار روبیو
Лоренте	یورنته
Исаяма	ایسایاما
Бакуззи	باکوزی
Хуан Керо	خوان کوئرو
Чели	خوزه
Карлос Аскуэс	کارلوس آسکوئس
Маркос	مارکوس
Дэвид Кабрера	داوید کابررا
Эрнандес	ارناندس
Македо	ماکیدو
Панйос	پاینوس
Дикенсон	دیکنسن
Оғобегими	آغاباجی
Сантос	سانتوس
Сезар Насименто	سزار ناسیمنتو
Хуаким Наварро	خواکین ناوارو
Раул Ганян	رائول گانیان
Эрисе	اریس
Луис	لوئیس
Мигел Гутйеррес	میگل گوتیرس
Марсиню Гэррейро	مارسینیو گوئیرو
Рикардо Буэно	ریکاردو بوئنو
Бруно Пауло	برونو پائولو
Фернандес	فرناندس
Айяла	ایالا
Антонио Морено	انتونیو مورنو
Мартин Девейни	مارتین دونی
Скотт	اسکات
Антонио Микелена	انتونیو میهلنا
Хуан Карлос Ксенторикй	خوان کارلوس کزنتروکی
Саргис Карапетян	سارگیس کاراپتیان
Аҷ Литч Смит	ای لیچ اسمیت
Адам Смит	آدام اسمیت
Антонио Санчес	تونی سانچز
Лейнг	لاینگ
Колин Франкс	کالین فرانکس
Леда	لیدا
Хавйер Варгас	خاویر وارگاس
Луис Де Ла Фуэнте	لوئیس د لا فوئنته
Мой Гомес	موا گومز
Алан Моррис	آلن موریس
Алекс Гилби	الکس گیلبی
Алф Бентли	آلف بنتلی
Алфредо Андерсон	آلفرد اندرسون
Родригуиню Мариню	رودریگینیو مارینیو
Кордоригон	کارداریگان
Алан Бирч	آلن برچ
Алан Хилл	آلن هیل
Алан Пирс	آلن پیرس
Алберт Гарднер	آلبرت گاردنر
Алекс Браун	الکس براون
Алекс Перейра	الکس پریرا
Энди Кук	اندی کوک
Аёз	ایاز
Хуанми Хелаберт	خوانمی گلابرت
Мендес	مندس
Раул Лопес	رائول لوپز
Педро Ларго	پدرو لارگو
Боксол	باکسال
Дэйв Смит	دیو اسمیت
Дэвид Бурнсид	دیوید برنزاید
Дэвид Найт	دیوید نایت
Дин Гловер	دین گلاور
Гудвин	گودوین
Андер Олайсола	اندر اولیزولا
Ванин	وانین
Аҳмади Мушируссалтана	احمد مشیرالسلطنه
Артур Эндрюс	آرتور اندروز
Артур Коули	آرتور کاولی
Артур Холлинс	آرتور هالینز
Қоонии Шерозӣ	قاآنی شیرازی
Батлер	باتلر
Шукур Бурхонов	شوکور بورخانف
Бен Клеверли	بن کلولی
Кабрера	کابررا
Билли Эванс	بیلی اوانز
Леонид Колтун	لئونید کلتون
Бауман	باومن
Рассел Бердсмор	راسل بیردزمور
Ли Батлер	لی باتلر
Люис Янг	لوئیس یانگ
Эллиотт Уайтхаус	الیوت وایتهاوس
Алексей Уверски	الکسی اورسکی
Элсон	السون
Роберт Холл	رابرت هال
Азиз	عزیز
Орифов	عارفف
Гоойнг	گویینگ
Робсон Да Силва	رابسون دا سیلوا
Ди Паола	دی پائولا
Канаверй	کانای
Оскар Плано	اسکار پلانو
Фирт	فیرت
Фрэд Чисмур	فرد چیزمر
Фредерик Гровс	فردریک گرووز
Маттиас Фанимо	ماتیاس فیانو
Алан Беннетт	آلن بنت
Фостер	فاستر
Алан Киркман	آلن کرکمن
Алан Мартин	آلن مارتین
Эндрю Моррис	اندرو موریس
Энди Мур	اندی مور
Энди Скотт	اندی اسکات
Реми Мозес	رمی موزس
Абулҳасани Табарӣ	ابوالحسن طبری
Алкантара	آلکانترا
Сондерс	ساندرز
Молинюкс	مولینوکس
Ҷералд Доббс	جرالد دوبس
Перес	پرس
Жоржиню	جورجینهو
Фернандиню	فرناندو
Антонио Касадо	انتونیو کاسادو
Аррон Фрей	آرون فرای
Артур Диксон	آرتور دیکسون
Артур Гровс	آرتور گرووز
Крис Вилдер	کریس ویلدر
Макрон	مکرون
Гулназар Келдӣ	گل‌نظر کلدی
Бустаманте	بوستانته
Витор Увус	ویتور هواس
Бен Смит	بن اسمیت
Берт Беннетт	برت بنت
Берт Ҷепсон	برت جپسون
Робинсон	رابینسون
Дейл Белфорд	دیل بلفورد
Дэррил Флахаван	داریل فلاوان
Домингес	دومینگز
Фрэнсис Спаркс	فرنسیس اسپارکس
Дик Холден	دیک هولدن
Нофеъ Азрақ	نافع ازرق
Стив Бэнкс	استیو بنکس
Боб Хюисон	باب هیویسون
Брайан Буш	برایان بوش
Грирсон	گریرسون
Дэвид Кордон	دیوید کوردون
Дик Эдмед	دیک ادمد
Калгаро	کالگارو
Дерек Дункан	درک دانکن
Диего Китсофф	دیگو چیتزوف
Даниэл Аҳмад	دنیل احمد
Адам Чемберс	آدام چمبرز
Адриано	آدریانو
Алан Муррай	آلن موری
Алберт Дей	آلبرت دی
Алехандро Круковски	الخاندرو کروچوفسکی
Моска	موسکا
Абел Молинеро	ابل مولینرو
Ади Майк	آدی مایک
Оскар Санчес	اسکار سانچس
Руслан Абазов	روسلان آبازوف
Гонсалес	گونسالس
Донован Броунинг	دونوان براونینگ
Пиколи	پیکولی
Эду Рамос	ادو راموس
Дэвид Рейвн	دیوید راوین
Алан Баро	الن بارو
Алберто Гомес	آلبرتو گومز
Андре Грей	آندره گری
Энди Дукрос	اندی دوکراس
Энди Гоак	اندی گوک
Артур Харди	آرتور هاردی
Артур Ривс	آرتور ریوز
Абдуллатиф Дайфуллоҳ	عبداللطیف ضیف الله
Адитя Капур	آدیتیا کاپور
Чарлз Грин	چارلز گرین
Эйдан Чиппендейл	ایدان چیپندیل
Алфред Браун	آلفرد براون
Амброс	امبروز هریس
Арон Грунди	آرون گراندی
Адам Кумминс	آدام کامینز
Эрик Андерсон	اریک اندرسون
Абеленда	آبلندا
Добуя	دابویه
Фернандо Макадо	فرناندو ماچادو
Фернандо Загарян	فرناندو زاغاریان
Шириншо Шотемур	شیرین‌شاه شاه‌تیمور
Энди Форд	اندی فورد
Арчи Бургон	آرچی بورگون
Брелсфорд	برلسفورد
Дэн Грей	دن گری
Андрес Реботтаро	آندرس ربوتارو
Алан Литтл	آلن لیتل
Алберт Ҳайнчли	آلبرت هینچلی
Франсиско Уррос	فرانسیسکو اوروس
Алекс Маранян	آلکساندرو کاروالیو
Пареш Равал	پارش راوال
Алан Даффи	آلن دافی
Алан Паутон	آلن پوتون
Алберт Ҷенкинс	آلبرت جنکینز
Алехандро Замбрано	الخاندرو زامبرانو
Алекс Кэрнс	الکس کنز
Алф Дин	الف دین
Фрэнк Клемпсон	فرانک کلمسون
Фрэд Фоксол	فرد فاکس
Де Соуза Лорейро	دی سوزا لوریرو
Де Оливейра Сантос	دی اولیویرا سانتوس
Адриан Ксорномас	آدریان چورنوماز
Алан Корк	آلن کورک
Алексис Веисеим	الکسیس وایشیم
Ибни Моҳон	ابن ماهان
Ян Чендлер	یان چندلر
Мартин Родригес	مارتین رودریگز
Бен Андервуд	بن آندروود
Озарбади Маҳраспандон	آذرباد مهراسپندان
Алан Бартон	آلن برتون
Алан Кравфорд	آلن کرافورد
Хесули	جشولی
Алекс Фернандес	آلکس فرناندز
Алия Бҳатт	آلیا بهات
Алик Ҷеффри	آلیک جفری
Адам Бейкер	آدام بیکر
Айтор Монрой	آیتور مونروی
Алф Кларк	الف کلارک
Литтл	لیتل
Берти Фостер	برتی فاستر
Мосфорт	موسفورت
Дэвид Колс	دیوید کولز
Хуан Карлос Морроне	خوان کارلوس مورون
Артур Арроусмит	آرتور اروسمیت
Артур Миллард	آرتور میلارد
Энди Томпсон	اندی تامپسون
Скотт	اسکات
Порвчиста	پوروچیستا
Энди Грей	اندی گری
Энди Рис	اندی ریس
Антонио Архилес	انتونیو ارگیلس
Петронилю Де Брито	پترونیلو دی برتو
Алберт Флюитт	آلبرت فلویت
Алексндре Да Силва	آلکساندر دا سیلوا
Фернандо	فرناندو
Наон	ناون
Хейнс	هاینس
Кларк	کلارک
Боб Аткинс	باب اتکینز
Брайан Гибсон	برایان گیبسون
Нкаму	نکومو
Арчи Хоуарт	آرچی هاوارث
Манни Эндрусзюски	مانی آندروشفسکی
Карлос Сантибанйес	کارلوس سانتیبانز
Абузайди Кошонӣ	ابوزید کاشانی
Эд Асафу Адҷей	اد اسفو ادجایه
Силвио Фохел	سیلویو فوگل
Брайан Дрисдейл	برایان دریسدیل
Брайан Спарроу	براون اسپارو
Артур Шэв	آرتور شاو
Эшли Карю	اشلی کارو
Овен	اوون
Мёрфи	مورفی
Билли	بیلی لیز
Молинюкс	مولینکس
Билли Ричардс	بیلی ریچاردز
Даниэл Перес	دانیل پرز
Бол	بال
Мегяс	مگیاس
Макконнелл	مک کانل
Бен Дэвис	بن دیویس
Агустин Ластагарай	آگوستین لاستاگارای
Алан Биумонт	آلن بومونت
Алан Флетчер	آلن فلچر
Алан Харт	آلن هارت
Алефе Сантос	الفه سانتوس
Алфи Стокс	آلفی استوکس
Карлос Антонио Де Оливейра	کارلوس آنتونیو دی اولیویرا
Карлос Клетникки	کارلوس کلتنیکی
Чарли Ричардс	چارلی ریچاردز
Лакин	لکین
Бен Хармисон	بن هارمیسون
Бен Уотсон	بن واتسون
Тадеу	تادیو
Берретт	برت
Гейчем	گاهیچم
Сантос Да Мата	سانتوس دا ماتا
Сенел	سنل
Карлос Сезар Матеус	کارلوس سزار ماتئوس
Ҳарри Бэрроус	هری باروز
Диёб	دیاب
Бернард Эванс	برنارد اوانز
Берт Флатли	برت فلاتلی
Смит	اسمیت
Билли Дар	بیلی جرات
Браян Родригес	برایان رودریگز
Борха Лопес	بورجا لوپز
Рикардо Эрнесто Гомес	ریکاردو ارنستو گومز
Ричард Бэргесс	ریچارد برگس
Ричард Флаш	ریچارد فلش
Крам	کرم
Арон Маклин	آرون مک لین
Андрес Йлана	آندرس یلانا
Берт Хокинс	برت هاوکینز
Лакетт	لوکت
Гриффитс	گریفیتس
Эшли Винсент	اشلی وینسنت
Клаудио Перес	کلودیو پرز
Фернандо Лоренте	فرناندو یورنته
Дэвисон	دیویسون
Батлер	باتلر
Торрес	تورس
Боттомли	باتملی
Фурби	فربی
Боб Ҷефферсон	باب جفرسون
Энрике	هنریکه
Чарлз Врефорд Броун	چارلز رفورد-برون
Миранда Де Карвалю	میراندا دی کاروالیو
Кэм Бэргесс	کم برگس
Ригони	ریگونی
Бернард Памфри	برنارد پامفری
Браун	براون
Соуден	سودن
Ҷепсон	جپسون
Манел	منال
Кристиан Мунйос	کریستین مونوز
Барри Дейнс	بری داینز
Бен Чорли	بن چورلی
Шопури Мешоншоҳ	شاپور میشانشاه
Дэйв Эванс	دیو اوانز
Дин Коулман	دین کلمن
Дерек Форстер	درک فورستر
Гавҳар Хон	گوهر خان
Дани Эренкия	دنی ارنسیا
Симон Фарнуорт	سایمون فارنورث
Чарли Баннистэр	چارلی بنیستر
Клемент Митчелл	کلمنت میچل
Зурора	زراره
Брайан Борроус	برایان باروز
Брайан Дуттон	برایان داتون
Даниэл Бродбент	دانیل برودبنت
Дэйв Бесвик	دیو بسویک
Дэвид Ирс	دیوید ایرز
Карл Фрэнсис	کارل فرانسیس
Иван Креспо	ایوان کرسپو
Дон Дикс	دان دایکس
Латерон	لاترون
Алкок	الکاک
Фрэд Харгривс	فرد هارگریوز
Клив Фриман	کلایو فریمن
Дэйв Кусэк	دیو کوساک
Жан Феррари	ژان فراری
Начо	ناچو
Тейксира	تیکسیرا
Дэмиан Акерман	دامیان آکرمن
Карлос Делгадо	کارلوس دلگادو
Сек Эди	سی‌ای‌دی
Балбинот	بالبینوت
Дэвсон	داوسون
Конор Макгрегор	کانر مک‌گرگور
Аднон Очeли	عدنان اوچلی
Абунасри Фароҳӣ	ابونصر فراهی
Эгон	هیگون
Карлос Френ	کارلوس فرن
Себастян Луна	سباستین لونا
Эрнест Коллинг	ارنست کولنیه
Дэвид Браун	دیوید براون
Дуглас Вернон	داگلاس ورنون
Соуза Рейс	سوزا رییس
Эвертон Кемпес Дус Сантос Гонсалвес	اورتون کمپس دوس سانتوس گونزالوس
Дэвид Фолкнер	دیوید فالکنر
Дэвид Сиерра	دیوید سیرا
Дик Эванс	دیک اوانس
Кароу	کارو
Даниэл Эллис	دانیل الیس
Дэйв Бэргесс	دیو برگس
Кампус Гонес	کامپوس گومز
Тед Болард	تد بالارد
Крис Адамсон	کریس آدامسون
Клинт Истон	کلینت ایستون
Алейс Коч	الک
Амари Морган Смит	آماری مورگان اسمیت
Энди Уилсон	اندی ویلسون
Крис Данн	کریس دان
Клод Бэрретт	کلود بارت
Ли Бойлан	لی بویلان
Мартин	مارتین
Балагер	بالاگیر
Набаскуэс	نباسکوس
Дарган	درگان
Фатҳулло Фатҳуллоев	فتح‌الله فتح‌الله‌یف
Дон Брэдли	دون بردلی
Шерозӣ	شیرازی
Даниэл Пеинадо	دنیل پینادو
Картер	کارتر
Дэйв Дури	دیو دوری
Дэвид Бретт	دیوید برت
Дин Макдоналд	دین مک‌دونالد
Осипян	هوسیپیان
Силва Да Ассис	سیلوا دا آسیس
Хуан Пабло Мино	خوان پابلو مینیو
Филип Мануэл Гонсалвес	فیلیپه مانوئل گونزالوس
Ойкю Челик	اویکو چلیک
Ҷааней Гордон	یانا گوردون
Кристиан Ариэл Моралес	کریستین آریل مورالس
Дэвид Брэдфорд	دیوید بردفورد
Дэвид Кларк	دیوید کلارک
Дэвид Коннор	دیوید کانر
Артур Бэрроус	آرتور باروز
Фергус Белл	فرگوس بل
Фрэнк Остин	فرانک آستین
Колин Фостер	کالین فاستر
Конал Платт	کنال پلت
Кристо Марреро	کریستو ماررو
Сезар Перейра Маркес	سزار پریرا مارکز
Вудгер	وودگر
Сантис	سانتیس
Фрэд Элс	فرد دی
Тротта	تروتا
Роберто Баттион	روبرتو باتیون
Дрисдейл	دریسدیل
Аллен	آلن
Бол	بال
Левент Улген	لونت اولگن
Дерек Гэмблин	درک گمبلین
Дик Данкс	دیک دانکس
Диего Хименес	دیگو خیمنز
Бир	بیر
Фитчфорд	فیچفورد
Фрэйзер Франкс	فریزر فرانکس
Фрэд Фаррингтон	فرد فرینگتون
Фрэд Юрмсон	فرد اورمسون
Адди	آدی
Фореман	فورمن
Дэвид Кабаркос	دیوید کابارکوس
Дерек Эштон	درک اشتون
Эрнест Блэкхэм	ارنست بلکهام
Эрни Волингтон	ارنی والینگتون
Элфик	الفیک
Бастоу	باستو
Алберто Хихена	آلبرتو ژیگنا
Дэйв Смит	دیو اسمیت
Диего Баррадо	دیگو بارادو
Ҳилолӣ	هلالی
Иэн Рамзи	ایان رمزی
Алберто Сифуэнтес	البرتو چیفوئنتس
Фрэд Гарднер	فرد گاردنر
Доррингтон	درینگتون
Бартон	بارتون
Рибейро Cикейра	ریبریو سیکوئرا
Дус Сантос Бранко	دوس سانتوس برانکو
Раул Молина	رائول مولینا
Фрэнк Грис	فرانک گرایس
Фрэд Тилсон	فرد تیلسون
Хорхе Касадо	خورخه کاسادو
Энрике Монтеро	انریکه مونترو
Эрни Бонд	ارنی باند
Валдеррама	والدراما
Хуан Имберт	خوان ایمببرت
Ян Кулверхаус	ایان کالورهاوس
Луис Арелано	لوئیس آریانو
Фостер	فاستر
Бесветерик	بسوتریک
Хорхе Вивалдо	خورخه ویوالدو
Cебастиан Пирес Нето	سباستیانو پیرس نیتو
Хуан Браун	خوان براون
Эдмунд Балдвин	ادموند بالدوین
Виейра Насименто	ویرا ناسیمنتو
Енион	آنیون
Абдулкарими Қушайрӣ	عبدالکریم قشیری
Чапман	چپمن
Боб Букер	باب بوکر
Боргес	بورگس
Фарид Диас	فرید دیاس
Патрик Силва	پاتریک سیلوا
Данн	دان
Глин Чемберлин	گلین چمبرلین
Виера	ویرا
Питер Добинг	پیتر دابین
Абубакр Атиқи Нишопурӣ	ابوبکر عتیق نیشابوری
Брофи	برفی
Хуан Лонгини	خوان لونگینی
Сезар Лаффатигуэ	سزار لافاتیگ
Фран Кортес	فران کورتس
Алекс	آلکس
Фрэд Купер	فرد کوپر
Аллон	آلون
Кэн Фолкнер	کن فالکنر
Ситрон	سیترون
Пабло Гомес	پابلو گومز
Микел Мартинс	میکل مارتینز
Индило	ایندیلا
Бесерра	بکره
Агустин Коусилас	آگوستین کوسیلاس
Эрик Ли	اریک لی
Габриэл Энрике Силва	گابریل هنریکه سیلوا
Браун	براون
Бэррелл	بورل
Браун	براون
Уорд	وارد
Бейкер	بیکر
Мики Эванс	میکی ایوانز
Кристиан Алберди	کریستین البردی
Браун	براون
Да Силва Барбоза	دا سیلوا باربوسا
Абдулвосеи Ҷабалӣ	عبدالواسع جبلی
Фрэнк Ҷефферис	فرانک جفریس
Гари Булл	گری بول
Пури Баҳои Ҷомӣ	پوربهای جامی
Сотим Улуғзода	ساتم الغ‌زاده
Бурден	باردن
Фрэнк Д'арси	فرانک دارسی
Фрэд Грегори	فرد گرگوری
Фредди Ҷи	فردی جی
Фабио Баiано	فابیو بایانو
Гари Роуетт	گری رووت
Кук	کوک
Крис Карран	کریس کران
Клаудио Морреси	کلودیو مورسی
Эдденбрук	آدنبروک
Ҷейми Гай	جیمی گای
Кристиан Алварес	کریستین آلوارز
Дани Салас	دانی سالاس
Диего Севилано	دیگو سویانو
Томас Карловик	توماس کارلوویچ
Фрэд Баснетт	فرد بسنت
Бала	بالا
Евгени Плотников	یوگنی پلوتنیکوف
Себастян Эррера	سباستین هررا
Карлос Гарсия	کارلوس گارسیا
Гойкурия	گویکوریا
Ларри Гейҷ	لری گیج
Чиппендейл	چیپندیل
Абунасри Мушкон	ابونصر مشکان
Хесус Кастеланос	خسوس کاستلانوس
Дэйв Бойлен	دیو بویلن
Франсиско Да Триндаде	فرانسیسکو دا ترینداد
Гари Блиссетт	گری بلیست
Блэкбэрн	بلکبرن
Фармер	فارمر
Вейнман	وینمن
Энрике Де Карвалю	هنریکه دی کاروالیو
Батти	باتی
Браун	براون
Кокерилл	کاکرایل
Демпси	دمپسی
Михаил Николаевич Смирнов	میخائیل نیکولایویچ اسمیرنوف
Баннистэр	بنیستر
Сергей Василевич	سرگئی ونسفسکی
Полина Гагарина	پولینا گاگارینا
Ли Холмс	لی هولمز
Лен Эндрюс	لن اندروز
Лионел Боуен	لیونل بوون
Хорхе Алмирон	خورخه آلمیرون
Дэвид Ҳамилтон	دیوید همیلتون
Денис Капуто	دنیس کاپوتو
Диего Коста Силва	دیه گو کوستا سیلوا
Уилям Карр	ویلیام کار
Морон	مورون
Дэмиан Салватиэрра	دامیان سالواتیرا
Элио	هلیو
Хорхе Саэс	خورخه سائز
Раул Иглесяс	رائول ایگلسیاس
Хоразмӣ	خوارزمی
Эрминио Тонянес	هرمینیو تونانز
Ботенг	بواتنگ
Александер Каленс	الکساندر کاینز
Пабло Родригес	پابلو رودریگز
Эдвард Алкок	ادوارد آلکاک
Карен Саргсян	کارن سارگسیان
Эрнан Сантана	هرنان سانتانا
Лукас Гатти	لوکاس گتی
Хулио Кярини	خولیو چیارینی
Ренан Силва	رینان سیلوا
Ҷеки Гиббонс	جکی گیبونز
Санти Хара	سانتی جارا
Ҳусайн Ирфонӣ	حسین عرفانی
Гулистонӣ	گلستان
Брукс	بروکس
Фил Брамвелл	فیل برومول
Фил Ҷевонс	فیل جوونس
Лукас Вилалба	لوکاس ویلالبا
Абутоҳири Хусравонӣ	ابوطاهر خسروانی
Ривас	ریواس
Картабия	کارتابیا
Аҳмад Гулчини Маъонӣ	احمد گلچین معانی
Лерда	لردا
Мария Кеведо	ماریا کودو
Мэтт Баррасс	مت باراس
Марсело Эррера	مارسلو اررا
Маркус Бигнот	مارکوس بیگنوت
Марк Купер	مارک کوپر
Мэтю Вҳайчелау	متیو ویچلو
Ян Брекин	یان برکین
Мануэл Висентини	مانوئل وینتینی
Чишолм	چیسهولم
Бэнкс	بنکس
Абдуллоҳ ибни Алӣ	عبدالله بن علی
Адриан Кория	آدریان کوریا
Алан Ашман	آلن اشمن
Алберт Вирхили	البرت ویرجیلی
Грамметт, Ҷр.	گرومت جونیور
Брайан	برایان
Педро Барранкос	پدرو بارانکوس
Бирч	برچ
Ян Бенҷамин	ایان بنجامین
Ли Уинстон Да Силва Оливейра	لی وینستون داسیلوا اولیویرا
Мики Гинн	میکی گین
Иосиф Оранский	یوسف ارانسکی
Каан Ӯрганҷиоғлу	کان اورگانجی اغلو
Фрэнк Бирченоф	فرانک بیرچناف
Франки Дэвсон	فرانکی داوسون
Эктор Симон	هکتور سیمون
Хуан Августо Гомес	خوان اگوستو گومز
Боуман	بومن
Долан	دولان
Тейт	تیت
Гурри	گوری
Путелас	پوتیاس
Энди Грейвр	اندی گراور
Раҳнавард Зарёб	رهنورد زریاب
Браун	براون
Ҷордан Роус	جردن رز
Кунди	کوندی
Хавйер Роблес	خاویر روبلس
Хоан Труйолс	خوان ترویول
Браун	براون
Тёрнер	ترنر
Роберт Игл	رابرت ایگل
Бирн	بیرن
Гриффитс	گریفیتس
Грэм Белл	گراهام بل
Хесус Гарсия Тена	خسوس گارسیا تنا
Холт	هولت
Сезар	سزار
Артур Эттвуд	آرتور آتوود
Артур Камберлидҷ	آرتور کومبرلیج
Артур Хавс	آرتور هاوز
Тоҷуддавла	تاج‌الدوله
Констабл	کانستبل
Хави Флорес	خاوی فلورس
Аски	آسکی
Сили	سلی
Хуан Доминго Рокчия	خوان دومینگو روکیا
Хавйер Росси	خاویر روسی
Нейл Кордис	نیل کوردیس
Пикок	پیکاک
Бирсфорд	برسفورد
Флеминг	فلمینگ
Гэннон	گنون
Такер	توکر
Грандисон	گراندیسون
Флетчер	فلچر
Ридер	ریدر
Ҷон Бурридҷ	جان بریج
Вейнскот	وینسکوت
Брукс	بروکس
Норман Ҷеймс	نورمن جیمز
Гурутсе Фернандес	گوروتسه فرناندز
Кирмонӣ	الکرمانی
Кӯҳистонӣ	کوهستانی
Кейт Баннистэр	کیت بنیستر
Кевин Диксон	کوین دیکسون
Кевин Маккурли	کوین مک‌کرولی
Лукио Бала	لوسندیله
Луиз Де Коза	لوئیز دی سوسا
Аткинсон	اتکینسون
Морган	مورگان
Финч	فینچ
Гарсия	گارسیا
Дикенсон	دیکنسن
Баркер	بارکر
Крейвен	کریون
Дайсон	دایسون
Биллингхэм	بیلینگهام
Эдвардс	ادواردز
Рикардо Коста	ریکاردو کوستا
Силвано	سیلوانو
Скотт Канхэм	اسکات کنهام
Скотт Гриффитс	اسکات گریفیث
Адам Гриффин	آدام گریفین
Доналдсон	دونالدسون
Смит	اسمیت
Купер	کوپر
Кленнелл	کلنل
Брейн	برین
Хуан Ди Паче	خوان دی پاس
Мик Харфорд	میک هارفورد
Лэнгли	لانگلی
Ли Гудвин	لی گودوین
Маҳдии Суҳайлӣ	مهدی سهیلی
Вон Лодг	ون لاج
Пол Биверс	پل بیورز
Стэнли Коуи	استنلی کووی
Стив Бартон	استیو برتون
Коллистер	کولیستر
Алехандро Родригес	الخاندرو رودریگز
Александр Смирнов	الکساندر اسمیرنوف
Алексис Данелон	الکسیس دانلون
Андрес Бертолотти	آندرس برتولوتی
Энди Кэмпбелл	اندی کمبل
Фоулер	فاولر
Хавйер Грбек	خاویر گربک
Леонард Томпсон	لئونارد تامپسون
Кевин Арнотт	کوین آرنوت
Кевин Кеннерли	کوین کنرلی
Пэт Фланаган	پت فلنگن
Пэт Ҷонс	پت جونز
Роберто	روبرتو
Ферейра	فریرا
Кевин Глендон	کوین گلندن
Карлос Скотт	کارلوس اسکات
Фернандес	فرناندز
Пауло Серхио	پائولو روخا
Педро	پدرو
Питер Валентин	پیتر ولنتاین
Лес Бэрретт	لس برت
Броди	برودی
Дэвис	دیویس
Кевин Деннис	کوین دنیس
Хуан Карлос Каррисо	خوان کارلوس کاریزو
Cержиню	سرجیو
Полстон	پولستون
Диого	دیاگو
Чарли Ҷолли	چارلی جولی
Крис Беттни	کریس بتنی
Адиби Пешоварӣ	ادیب پیشاوری
Карл Остин	کارل آستین
Кевин Эллисон	کوین الیسون
Шарвини	شروین
Моррис	موریس
Ҳэмпсон	همپسون
Сезар Андерсон	سزار اندرسون
Уолтер Беннетт	والتر بنت
Дэйв Бэмбер	دیو بامبر
Луис Рамос	لوئیس راموس
Марк Крук	مارک کروک
Кейт Баркер	کیت بارکر
Лукас Акоста	لوکاس آکوستا
Луис Кадихевик	لوئیس قدیویچ
Маннара	ماننارا
Мейнард	مینارد
Вик Меткалф	ویک متکالف
Ли Коулинг	لی کالینگ
Лен Барбэр	لن باربر
Кэн Виллингхэм	کن ویلینگهام
Абӯсалики Гургонӣ	ابوسلیک گرگانی
Миллер	میلر
Тон Алковер	تن الپوش
Тони Лормор	تونی لورمور
Брукс	بروکس
Маркус Крокер	مارکوس کراکر
Дэвид Фрейн	دیوید فرین
Бэрнетт	برنت
Дс Ланкастер	دس لنکستر
Дик Форшав	دیک فرشو
Виктор Монхил	ویکتور مونگیل
Самира Аҳмад	سمیره احمد
Марк Файор	مارک فیوره
Марк Сигрейвс	مارک سی‌گریوز
Вердираме	وردیرام
Лико	لیکو
Пол Басток	پل باستوک
Питер Биллинг	پیتر بیلینگ
Гамалю	گامالیو
Карл Мадрик	کارل مدریک
Фабио Гонес	فابیو گومز
Луиз Тяго	لوئیز تیاگو
Марк Хили	مارک هیلی
Блумфилд	بلومفیلد
Майк Форд	مایک فورد
Ибни Ҳоҷиб	ابن حاجب
Падиля Де Оливейра	پادیلا دی اولیویرا
Ли Белл	لی بل
Сид Сейвндиш	سید کاوندیش
Стир	استیر
Ҷим Энгелл	جیم آنجل
Сид	سید
Бурндред	برندرد
Дикин	دیکین
Мануэл Лансароте	مانوئل لانزاروته
Люк Гаррард	لوک گارارد
Карвалю Да Силва	کاروالیو دا سیلوا
Мартин Фоулер	مارتین فاولر
Рафаэл Да Силва	رافائل دا سیلوا
Андерсон	اندرسون
Стив Фолон	استیو فالون
Марк Бисли	مارک بیزلی
Марк Смит	مارک اسمیت
Иларио	هیلاریو
Дус Сантос Нессиас	دوس سانتوس مسیاس
Тейксира Виейра	تیکسیرا ویرا
Марк Эллис	مارک الیس
Бодкин	بودکین
Амарила	اماریا
Хуан Круз	خوان کروز
Хуан Мануэл Наваррете	خوان مانوئل ناوارته
Хулио Рико	خولیو ریکو
Мик Беттеридҷ	میک بتریج
Майк Сесер	مایک کسیر
Дэйв Томпсон	دیو تامسون
Мишел Уотерсон	میشل واترسون
Мик Вадсуорт	میک وادسورث
Нейл Кэмпбелл	نیل کمپل
Фрэнк Барлоу	فرانک بارلو
Фрэнк Браун	فرانک براون
Фрэнк Чиверс	فرانک چیورز
Гари Робертс	گری رابرتس
Сэм Коллинз	سام کالینز
Луис Карлос	لوئیس کارلوس
Карлос Макадо	کارلوس ماچادو
Мартин Бути	مارتین بوتی
Коста	کوستا
Муждаҳ	مژده
Нейл Бакли	نیل باکلی
Дон Кэмпбелл	دون کمپبل
Мустафо Бассас	مصطفی بصاص
Гленнон	گلنون
Блэр	بلر
Аллен	آلن
Акоста	آکوستا
Пик	پایک
Эдгар Блуфф	ادگار بلوف
Марӣ Читҳэм	ماری چیتم
Марк Голли	مارک گولی
Нейл Арндейл	نیل آرندیل
Пол Крикшанк	پل کروکشنک
Питер Булмер	پیتر بولمر
Питер Гротир	پیتر گروتیه
Майкл Коллинз	مایکل کالینز
Паулиню	پائولو
Питер Коннор	پیتر کانر
Сид Бишоп	سید بیشاپ
Том Батлер	تام باتلر
Томас Лансини	توماس لانزینی
Пол Коллинз	پل کالینز
Фил Гулливер	فیل گالیور
Норман Крик	نورمن کریک
Умар Монтерде	عمر مونترده
Пол Фусчилло	پل فوشیلو
Стив Блатервик	استیو بلثرویک
Саваш	ساواش
Ник Криттенден	نیک کریتندن
Басс	باس
Фрэнсис Грин	فرانسیس گرین
Фрэнк Гуттридҷ	فرانک گتریج
Ричард Уилсон	ریچارد ویلسون
Фрэд Куттинг	فرد برش
Рекс Готри	رکس گوتری
Де Бласис	دی بلاسیس
Кларк	کلارک
Рикардо Фернандес	ریکاردو فرناندز
Пауло Коста	پائولو کوستا
Гоулд	گولد
Пайрав Сулаймонӣ	پیرو سلیمانی
Питер Коллинз	پیتر کالینز
Дэниелс	دانیلز
Родолфо Cуарес	رودولفو سوارز
Валете	والیتی
Руйман Эрнандес	رویمان هرناندز
Перси Дэвсон	پرسی داوسون
Питер Фили	پیتر فیلی
Фил Григгс	فیل گریگز
Ланкашир	لانکاشر
Пол Эванс	پل ایوانز
Питер Чемберс	پیتر چمبرز
Фонсека	فونسکا
Карранса	کارانزا
Люк Доби	لوک دوبی
Браун	براون
Родриго Астудило	رودریگو استودیلو
Пэк	پاک
Руслан Эла	روسلان الا
Пэт Финли	پت فینلی
Пол Эннис	پال انیس
Пол Макколум	پاول مک کالوم
Броуелл	براول
Гусман Перейра	گوسمان پریرا
Диас	دیاس
Завқибеков	زاوقیبکوف
Самуэл Да Силва Виейра	ساموئل دا سیلوا ویرا
Рафаэл Роша	رافائل روخا
Алваро Мартинес	الوارو مارتینز
Роберт Кинг	رابرت کینگ
Роберто Брунетто	روبرتو برونتو
Пол Эдвардс	پل ادواردز
Пол Митчелл	پل میچل
Саркаш	سرکش
Ричард Браун	ریچارد براون
Мартин Фостер	مارتین فوستر
Алкала	الکالا
Рэй Колфар	ری کولفر
Сантамария	سانتاماریا
Браун	براون
Суниё Иронӣ	سانایا ایرانی
Сергей Чернишев	سرگئی چرنیشف
Перейра Филю	پریرا فیلو
Рэй Паркин	ری پارکین
Раул Морено	رائول مورنو
Рубен Дарио Хихена	روبن داریو گینگا
Рафаэл Де Ассис	رافائل دی آسیس
Род Арнолд	راد آرنولد
Мигел Баррето	میگل بارتو
Райан Боуман	رایان بومن
Самуэл Гунтон	ساموئل گونتون
Шон Клоуз	شان بست
Стефен Хеймс	استفن جیمز
Стив Бикнелл	استیو بیکنل
Стив Бэрк	استیو برک
Битанкорт	بیتانکورت
Браун	براون
Старлинг	استارلینگ
Астин	آستین
Батчелор	باتچلور
Раул Перес	رائول پرس
Анейн	آنان
Дартон	دارتون
Шон Макалистер	شان مک‌الیستر
Ширли Эбботт	شیرلی ابوت
Дэвидсон	دیویدسون
Станислос	استانیسولوس
Симон Хеслоп	سایمون هسلوپ
Симон Мур	سایمون مور
Фолкнер	فالکنر
Рубен Эпитие	روبن اپیتیه
Аллкок	آلکاک
Ричард Дайкс	ریچارد دیکس
Рон Гарленд	ران گارلند
Д'сейн	دوسان
Эдвардс	ادواردز
Блочел	بلوشل
Пейн	پین
Кулинг	کولینگ
Рубен Рамиро	روبن رمیرو
Cидрайлcон	سیدرایلسون
Арридҷ	ارج هوشمند
Стэн Куттинг	استن برینگ
Гринвуд	گرینوود
Булливант	بولیوانت
Дрейпер	دراپر
Скотт Дэниелс	اسکات دنیلز
Рибейро Дус Сантос	ریبریو دوس سانتوس
Забал	زابال
Мануэл Санчес	مانولو سانچز
Маурисио Куэро	مائوریسیو کوئرو
Ҷордан Бурроу	جردن بارو
Хорхе Пелегрини	خورخه پلگرینی
Стив Уолш	استیو والش
Симон Рамирес	سیمون رامرز
Стив Арнолд	استیو آرنولد
Трэвор Смит	تروور اسمیت
Стив Эллиотт	استیو الیوت
Хорнет	خرنت
Валдес	والدس
Стив Ҷеннингс	استیو جنینگز
Мария Понс	ماریا پونز
Томпсон	تامپسون
Сокоа Аскарате	سوکوآ آزکاراته
Стефен Брод	استفان برود
Стив Куксон	استیو کوکسون
Фил Чард	فیل چارد
Энрия	انریا
Кевин Ситт	کوین استیت
Коллинз	کالینز
Хавйер Баэна	خاویر بینا
Хавйер Веласкес	خاویر ولاسکز
Тадеу Терра	تادیو ترا
Висенте Лапатса	ویسنته لاپاتزا
Бэрнетт	برنت
Тош Баррелл	توش باریل
Круз Регжиани	کروز رجیانی
Томми Робертс	تامی رابرتز
Том Николс	تام نیکولز
Аткин	اتکین
Уилям Беннетт	ویلیام بنت
Эштон	اشتون
Эли	الی
Рон Бейнхэм	رون باینهام
Бэрк	برک
Висенте Пикер	ویسنته پیکور
Кейт Бол	کیت بال
Акбар Муҳсинӣ	اکبر محسنی
Уолтер Бойс	والتر بویز
Тоби Аҷала	توبی آجالا
Себастян Барклей	سباستین بارکلی
Оскар Марселино Алварес	اسکار مارسلینو الوارز
Уилям Адамс	ویلیام آدامز
Бирч	برچ
Велингтон Да Силва Пинто	ولینگتون دا سیلوا پینتو
Виктор Гомис	ویکتور گومیس
Алекс Менендес	الکس مندز
Дус Сантос Виейра Жуниор	دوس سانتوس ویرا جونیور
Стэн Бентхэм	استن بنتام
Стэн Хэнсон	استن هانسون
Стюарт Так	استوارت تاک
Вогтон	وتون
Трухило	تروخیو
Майк Дэвис	مایک دیویس
Юри Газински	یوری گازینسکی
Алекс Мунйос	الکس مونیوس
Луис Салмерон	لوئیس سالرون
Стюарт Янг	استوارت یانگ
Клуттон	کلوتن
Силаҳшӯр	سلحشور
Кристобал Марти	کریستوبال مارتی
Майк Диллон	مایک دیلون
Виктор Валусси	ویکتور والسی
Оскар Фокс,	اسکار فاکس
Вин Миин	وین میینت
Филип Фернс	فیلیپ فرنس
Ралф Барлоу	رالف بارلو
Рейналдо Да Силва	رینالدو دا سیلوا
Сантос	سانتوس
Ричард Чедвик	ریچارد چادویک
Ричард Эдгилл	ریچارد ادگل
Роберто Салватиэрра	روبرتو سالواتیرا
Пол Баррон	پل بارون
Питер Роейдс Броун	پیتر رودز-براون
Брэдли	بردلی
Себастян Саломон	سباستین سالومون
Лоренте	لورنت
Ралф Эванс	رالف اوانز
Шон Гудвин	شان گودوین
Луис Мануэл	لوئیس مانوئل
Эмилин	امیلین
Кампус Да Коста	کامپوس دا کوستا
Ричард Мартин	ریچارد مارتین
Райан Гоуард	رایان گووارد
Стюарт Барлоу	استوارت بارلو
Стэн Александер	استن الکساندر
Тонет	تونت
Тед Бассетт	تد باست
Уолтер Булл	والتر بول
Уилям Ҷенкинсон	ویلیام جکینسون
Сара	سارا
Эдер Луиз Лима Де Соуза	ادر لوئیز لیما دی سوزا
Арагоней Да Силва Сантос	اراگونی دا سیلوا سانتوس
Орас Бейкер	هوراس بیکر
Эрнест Гилл	ارنست گیل
Берт Кук	برت کوک
Виктор Куэста	ویکتور کوستا
Сулаймони Тоҷир	سلیمان تاجر
Бордман	بوردمن
Корбетт	کوربت
Луис Санчес	لوئیس سانچز
Баркер	بارکر
Грэм	گراهام
Алекс Фрейтас	آلکس فریتاس
Колин Кэмпбелл	کالین کمپبل
Анджей Дуда	آندژی دودا
Стив Купер	استیو کوپر
Исидро Диас	ایسیدرو دیاز
Брэдли Битти	بردلی بیتی
Кларк	کلارک
Эннерсон	آنرسون
Майк Д Пласидо	مایک دی پلاسیدو
Люис Купер	لوئیس کوپر
Риос	ریوس
Алексей Миранчук	الکسی میرانچوک
Фрэд Эллис	فرد الیس
Уолтер Адамс	والتر آدامز
Уилсон Морело	ویلسون مورلو
Фрэнсис Бэнкс	فرانسیس بنکس
Флавяно	فلاویانو
Фенлон	فنون
Эдгар Бадия	ادگار بادیا
Чарлз Данн	چارلز دان
Ҷон Бейнс	جان بینز
Клейтон Оливейра Пинто	کلیتون اولیویرا پینتو
Корреа	کوره‌آ
Жулиано Гонес	جولیانو گومز سوارز
Дэвид Бэрнс	دیوید برنز
Норман Брунскилл	نورمن برانسکیل
Хосеба Ахирре	خوزبا اگری
Симон Блэк	سیمون بلک
Бентос	بنتوس
Нил Ардли	نیل اردلی
Пол Мусселуайт	پاول موسلوایت
Крейг Добсон	کریگ دوبسون
Берт Хампиш	برت هومپیش
Алан Бак	آلن باک
Алонсо	آلونسو
Уолстенхолм	وولستنهولم
Эрни Голдторп	ارنی گلدتورپ
Хави Суарес	خاوی سوارز
Обри Скривен	اوبری اسکریون
Алвин Бубб	آلوین باب
Франко	فرانکو
Фран Сол	فران سول
Чапман	چپمن
Болтон	بولتون
Мартин Бейкс	مارتین بیکس
Ҷорҷ Дус Сантос	یورگی دوس سانتوس
Вилкер Перейра Дус Сантос	ویلکر پریرا دوس سانتوس
Эйдлакун	عادلکون
Берти Элкин	برت الکین
Ян Гиббонс	ایان گیبونز
Томас Юрвин	توماس اروین
Густаво Куэлар	گوستاوو کوئیار
Мигел Гарсия	میگو گارسیا
Тони Бурман	تونی برمن
Абдуллоҳи Марворид	عبدالله مروارید
Антонио	آنتونیو
Иняки Гармендия	اینیاکی گارمندیا
Рон Аллен	ران آلن
Фостер	فاستر
Ҳаролд Эндрюс	هارولد اندروز
Исаяс Санчес	ایسایس سانچز
Мик Бодли	میک بادلی
Гаралде	گارالده
Рекорд	رکرد
Сэм Белл	سام بل
Мики Блок	میکی بلوک
Коттл	کوتل
Пол Олдридҷ	پل آلدریج
Хосеба Итуарте	خوزیبا ایوته
Ҷейк Хайд	جیک هاید
Бакстэр	باکستر
Эрвяс	هرویاس
Пол Девлин	پل دولین
Кевин Барон	کوین بارون
Грег Доунс	گرگ داون
Виникиус Араужо	وینیسیوس آراخو
Баннистэр	بنیستر
Кэн Фенкотт	کن فنکات
Пере Валенти Мора	پیر والنتی مورا
Лен Гоулден	لن گوولدن
Арванд Гушнасп	اروند گشنسپ
Фрэнк Фоксол	فرانک فاکس
Рубен Примо	روبن پریمو
Ҷек Эванс	جک ایوانز
Сирели	سیرلی
Дейверcон	دیورسون
Оршом	آرشام
Чуба Акпом	چوبا آکپوم
Санабрия	سانابریا
Коп	کوپ
Гаршоспи	گرشاسب
Элиас Молина	الیاس مولینا
Абусолеҳ Мансур	ابوصالح منصور
Озараноҳид	آذرآناهید
Далкилич	دالکیلیچ
Мария Салмерон	ماریا سالمرن
Насиба Абдуллоева	نصیبه عبداللهوا
Аҳмади Хизрӯя	احمد خضرویه
Фрэд Аллен	فرد آلن
Алан Бартон	آلن برتون
Муҳаммадсаид Аттор	محمد سعید العطار
Леонард Хоуелл	لنرد هوول
Виюсо Усмонӣ	ویوسا عثمانی
Лоренте	یورنته
Дуглас Маия	داگلاس مایا
Кабирӣ	کبیری
Айча Айшин Турон	آیچا آیشین توران
Хофӣ	خوافی
Силва	سیلوا
Гонсалес	گونزالس
Луиз Карлос	لوییز کارلوس
Себастян Кардона	سباستین کاردونا
Бурги	خورخه
Томас Хименес	توماس خیمنز
Скотт	اسکات
Ғурак	غورک
Эндрю Бойс	اندرو بویس
Гутйеррес	گوتی
Бен Гладвин	بن گلدوین
Бовӣ	باوی
Луис Солер	لوئیس سولر
Маҳдӣ Ҷамаа	مهدی جمعه
Роберт Гилл	رابرت گیل
Калум Робинсон	کالوم روبینسون
Мэтю Армстронг	متیو آرمسترانگ
Боб Бурлисон	باب برلیسون
Наим Aлай	نعیم آلای
Бри	بری
Майк Диксон	مایک دیکسون
Энрике Алвес	هنریکه آلوز سوارز
Ик Бёрд	آیک برد
Мэтю Форд	متیو فورد
Антонио Каро	آنتونیو کارو
Бернард Менсах	برنارد منسا
Игнасио Эррера	ایگناسیو هررا
Кусенза	کوچنزا
Давотӣ	دواتی
Постиго	پاستیگو
Уилли	ویلی
Хулио Марихил	خولیو ماریگیل
Хуанма	یوانما
Даниэл Лопес	دانیل لوپز
Микел	میکل
Крис Дойл	کریس دویل
Элтон Фигуейредо	التون فیگوئردو
Плегесуэло	پلی‌گس‌ولو
Чарли Адамс	چارلی آدامز
Фишер	فیشر
Понсе	پونس
Рибейро Cуарес	ریبریو سوارز
Рифат Жемалетдинов	رفعت جمال‌الدینوف
Лукас Олаза	لوکاس اولازا
Томас	توماس
Залдуа	زلدوا
Боб Чарлз	باب چارلز
Голон	گالون
Мораэс	مورایس
Амир Тоҷик	امیر تاجیک
Демет Оздамир	دمت اوزدمیر
Эрик Бэргесс	اریک برگس
Брайан Юшер	برایان آشر
Ник Арнолд	نیک آرنولد
Фрэд Биван	فرد بیوان
Лен Ҷарвис	لن جارویس
Боб Отс	باب اوتس
Хосе	بوریا
Меҳрони Баҳроми Чӯбин	مهران بهرام چوبین
Иван Мендоса	ایوان مندوزا
Кристиан Бэргесс	کریستین برگس
Критӣ Санон	کریتی سانون
Крейг Роддан	کریگ رودن
Хесус Тамайо	خسوس تامایو
Ҷером Бинном Виллиэмс	جروم بینوم-ویلیامز
Насруллоҳ	نصرالله
Майк Десбороф	مایک دسبورو
Муто Дайламӣ	موتا دیلمی
Али Сесей	علی سیسای
Ичам Калоуа	هشام خلوه
Антонио Алдонса	انتونیو الدونزا
Перес	پرز
Валбер Ферейра	والبر فریرا
Луис Моралес	لوئیس مورالس
Дани Иглесяс	دنی ایگلسیاس
Зак Боейҷи	زک بوگی
Карлос Вигарай	کارلوس ویگاری
Хонатан Алвес	جاناتان آلوز
Пирес	پیرس
Элустондо	لوستوندو
Гари Куллинг	گری کوللینگ
Андрес Фернандес	آندرس فرناندز
Лиам Хоган	لیام هوگان
Адан Гурдиел	ادان گوردیل
Лауринас Куликас	لوریناس کولیکاس
Коли Вудроу	کولی وودرو
Дорофеева	دوروفیوا
Данило Cуарес	دانیلو سوارز
Серхио Диас	سرجیو دیاز
Гилермо Фернандес	گیلرمو فرناندز
Ҷон Ашдҷиан	جان اشجیان
Майкл Коглан	مایکل کاگلن
Алан Бассхэм	آلن بشام
Лейла Оуааби	لیلا اوهابی
Мэтт Ҷэй	مت جی
Медран	مدران
Шаҳриёри	شهریار
Ҳасан	حسن
Дэвид Голдар	دیوید گلدر
Теус	تئوس
Ниеблас	نیبلاس
Пласерес	لازارس
Люис Кларксон	لوئیس کلارکسون
Ричи Гриффитс	ریچی گریفیث
Лес Гор	لس گور
Тед Брофтон	تد بروتون
Ибни Ҳинду	عمادبن بن
Ники Кларк	نیکی کلارک
Нед Бромли	ند بروملی
Эбторп	ابتروپ
Берт Браун	برت براون
Иманол Идякес	ایمانول ایدیاکز
Делгадо	دلگادو
Дэвид Нарваэс	دیوید ناروز
Чарли Бэрнс	چارلی برنز
Кук	کوک
Лукас Кано	لوکاس کانو
Рассел Коттон	راسل کاتن
Блейк	بلیک
Мартос	مارتوس
Абел Суарес	ابل سوارز
Фенелон	فنلون
Тaулянт Сeфeри	تائولانت صفری
Ибни Хаммор	ابن خمار
Диего Суарес	دیگو سوارز
Энрике Кларамунт	انریکه کلارمانت
Ширини	رستم
Ҷонин Анис	جینین آنز
Брайстоу	بریستو
Даниэл Кадена	دانیل کادنا
Пэт Эгглестон	پت اگلستون
Алф Маршалл	آلف مارشال
Иван Агилар	ایوان اگیلار
Коллайр	کالیر
Ли Вон	لی وان
Гарсия	گارسیا
Аюб Эл Аррак	ایوب الهرک
Хуан Ди Алессио	خوان دی السیو
Оскар Лопес	اسکار لوپز
Рафа Галвес	رافع گالوز
Денис Кутин	دنیس کوتین
Рафаэл Мендилусе	رافائل مندیلوتسه
Сантяго Барбоса	سانتیاگو باربوزا
Оскар Фернандес	اسکار فرناندز
Ҳурмузи Ҷодуя	هرمز جادویه
Бурҷу Озбарқ	بورجو اوزبرک
Лазаро	لازارو
Роберт Ибанйес	رابرت ایبانز
Амая	امایا
Доминик Соланк	دومینیک سولانکه
Эрик Белл	اریک بل
Майкл Аллен	مایکل آلن
Чарли Раглан	چارلی راگلان
Чапман	چپمن
Фишер	فیشر
Мартин Батлер	مارتین باتلر
Лемос	لموس
Киран Доуелл	کیران دوول
Аллан Мансли	آلن منزلی
Эктор Фигуэро	هکتور فیگروا
Дуг Флетчер	داگ فلچر
Леон Бернал	لئون برنال
Алберт Виванкос	البرت ویوانکوس
Чарлз Коутс	چارلز کوتس
Хуан Мануэл Вяле	خوان مانوئل ویرا
Бойн	بوین
Эйнсли	اینسلی
Гаспар Панадеро	گاسپار پانادرو
Карлос Мартинес	کارلوس مارتینز
Коугилл	کوگل
Леонард Герд	لئونارد گارد
Ирфон Дагирманҷӣ	عرفان دگیرمنچی
Деннисон	دنیسون
Гелоншоҳ	گیلانشاه
Абунасри Сарроҷ	ابونصر سراج
Данклер	دانکلر
Грант	گرانت
Лаурен Эхеа	لورن اژه
Балеани	بالانی
Савори Корин	سوار کارن
Стефенс	استفنز
Буэно	بوئنو
Пласидо Билбао	پلاسیدو بیلبائو
Стив Бреннан	استیو برنان
Эндрюс	اندروز
Кларк	کلارک
Ричард Дэвсон	ریچارد داوسون
Сэм Брайддон	سام بریدون
Хавйер Эрасо	خاویر ارسو
Флетчер	فلچر
Рубен Дуарте	روبن دوآرته
Дик Скотт	دیک اسکات
Юри Удунян	یوری اودونیان
Адриан Марин	آدریان مارین
Алӣ ал-Ҳусӣ	علی حوثی
Алберт Пурди	آلبرت پردی
Робби Кэрролл	رابی کارول
Болеа	بولیا
Хасан Ахрийев	خاسان اخریف
Бэргесс	برگس
Ямил Асад	یامل اسد
Идалго	هیدالگو
Энди Фили	اندی فیلی
Алстон	آلستون
Рубен Арройо	روبن ارویو
Фран Карнисер	فرن کاربهتر
Аткинсон	اتکینسون
Хуан Мунйос	خوان مونیوس
Эдгар	ادگار
Умар Флейтас	عمر فلیتاس
Варгас	وارگاس
Чарли Дэвис	چارلی دیویس
Ҷек Коннорс	جک کانرز
Лес Коллинсон	لس کالینسون
Рафаэл Сантос Борре	رافائل سانتوس بوره
Фруд	فروده
Аха	آخا
Роман	رومان
Хуан Селайя	خوان سلایا
Алберт Карнелли	آلبرت کارنلی
Александр Александров	الکساندر الکساندروف
Акинтунд	آکینتوند
Саму Араухо	سامو اراخو
Месегер	مسیگر
Хуан Мануэл	یوانما
Айтор Сегин	ایتور سگین
Вернер	ورنر
Гоку	گوکو
Лоривал Жуниор Лопес	لوریوال جونیور لوپز
Арнау Сала	ارنو سالا
Энрике Да Силва	هنریکه داسیلوا
Дэвис	دیویس
Солеҳ Орурӣ	صالح العاروری
Фурр	فار
Фaтбaрд Йeрa	فاتبارد یرا
Ҷонсон	جانسون
Райт	رایت
Ҷо Ротвелл	جو راثول
Аллан	آلن
Кук	کوک
Абел Моралехо	آبل مورالخو
Михаил Савченко	میخائیل ساوچنکو
Родриго Дорадо	رودریگو دورادو
Садриддин Наҷмиддин	صدرالدین نجم‌الدین
Серкан Чайоғлу	سرکان چای‌اوغلو
Бимо Фaкя	بیمو فاکیا
Реган Кук	ریگان کوک
Маркел Эчеберрия	مارکل اتکسبرریا
Абдиел Арройо	ابدیل آرویو
Хуан Босели	خوان بوسلی
Питер Картврайт	پیتر کارترایت
Унай Билбао	یونی بیلبائو
Янхел Эррера	آنخل هررا
Горка Итурраспе	گورکا ایتورراسپ
Валентин	والنتین
Родриго	رودری
Крйcан	کرایزان
Форналс	فرنالس
Ерай Алварес	یرای الوارز
Кэмпбелл	کمپبل
Арнолд Чарлесуорт	آرنولد شارلسورث
Горка Гурусета	گورکا گوروتا
Селсо	سلسو
Ҷувонвеҳ	جوان‌وه
Умар Пердомо	عمر پردومو
Вилмар Барриос	ویلمار باریوس
Жовенел Моиз	جوونل مویس
Кэннон	کانن
Куп	کوپ
Дарио Фредерико	داریو جونیور
Пол Лонч	پل لونچ
Баутиста	باتیستا
Флетчер	فلچر
Мартинес	مارتینس
Канос	کانوس
Пиер	پیر
Ҳарри Дукс	هری دوگس
Маккензи Лил	مکنزی-لایل
Оскар Бенитес	اسکار بنیتز
Ҷон Лукуми	یون لوکومی
Серхио	مونو
Адриан Далмау	آدرین دالمائو
Себастян Мартели	سباستین مارتلی
Елко Пино	یلکو پینو
Маркос Курадо	مارکوس کورادو
Артур Cанкес	آرتور سانچس
Артур Батиста Де Соуза	آرتور باتیستا دی سوزا
Адемола Лукман	آدمولا لوکمن
Билли Айонс	بیلی یون
Маън Асъад	معن اسعد
Виана	ویانا
Але Гонсалес	الی گونزالس
Менди	مندی
Абарсом Шопур	ابرسام شاپور
Хуан Зарате	خوان زاراته
Калум Коннолли	کالوم کانلی
Ибни Муҳриз	ابن محرز
Шон Клэр	شان کلر
Мӯсо Ибрагимов	موسی ابراهیم‌اف
Эли	الی
Бетулар	بتولر
Даниэл Саппа	دنیل ساپا
Карлос Кордоба	کارلوس کوردوبا
Борха Лассо	بورجا لاسو
Агустин Хара	آگوستین خارا
Хуан Бетинотти	خوان بتینوتی
Шаҳриёр	شهریار
Тке Тке	شه شه
Пауло Отавио	پائولو اوتاویو
Эроншоҳ ибни Абулхайр	ایرانشاه بن ابی‌الخیر
Ҳайбатуллоҳ Охунзода	هیبت‌الله آخوندزاده
Алистэр Ашер	آلیستر آشر
Фран Карбиа	فرن کاربیا
Комил Бекзода	کامل بیکذاده
Травер	تراور
алӣ кофӣ	علی کافی
Оран Ҷексон	اوران جکسون
Монтиэл	مونتیل
Дэвид Майорал	دیوید مایور
Сэм Харт	سام هارت
Мартинес	مارتینز
Ашкон Раҳгузар	اشکان رهگذر
Роберто Боланйос	روبرتو بوالنیوس
Антонио Руис Лопес	پیرولو
Садри Зиё	صدر ضياء
Румен Радев	رومن رادف
Лукас Ди Йорио	لوکاس دی یوریو
Баиа	باهیا
Артур Грегио	آرتور گرجو
Артур Гонес	آرتور گومس
Эйунга	آیونگا
Дик Бэргесс	دیک بروکس
Родриго Коломбо	رودریگو کلمبو
Кристaл Aбaзaй	کریستال آبازای
Хуан Родригес	خوان رودریگز
Морука	موروکا
Хуанан Энтрена	خوانان انتروسنا
Брайан Шмидт	برایان اشمیت
Арон Мартин	آرون مارتین
Фабризио Анхилери	فابریزیو آنجیلیری
Пелисер	پلیسر
Грэм Кавторн	گراهام کاوتورن
Чарлз Рид	چارلز رید
Мануэл Гуанини	مانوئل گوانینی
Райко Родригес	ریکو رودریگز
Санчес	سانچز
Абуалии Байҳақӣ	ابوعلی بیهقی
Гордон Колс	گوردن کالس
Грегори	گرگوری
Чоризода	چاری‌زاده
Ҳасан Маҳмадзода	حسن محمدزاده
Ангойтия	انگویتیا
Айлиш	آیلیش
Авила	آویلا
Бири	آنتونیو
Висенте Паррас	ویسنته پاراس
Гуриди	گوریدی
Силва	سیلوا
Фран Мармолехо	فران مارمولجو
Лукас Себалос	لوکاس سیبالوس
Бадахш	بدخش
Лукас Себалос	لوکاس سیبالوس
Сантяго Криэхер	سانتیاگو کریگر
Эду Эспосито	ادو اچوسیتو
Галено	گالنو
Хаминтон Кампас	جیمینتون کمپاز
Артур	آرتور
Ферейра	فریرا
Боқизода	باقي‌زاده
Кристиано	کریستیانو
Каррило	کاریلو
Бобоев	بابایف
Салими Теҳронӣ	سلیم تهرانی
Таҳмина Раҷабова	تهمینه رجبوا
Фуот Уқтой	فوات اوکتای
Динаг	دینگ
Раҳон	رهان
Денаги	دینگ
Ошӯр	آشور
Рина Зарипова	رینا زاریپووا
Рейниер	رینییر
Чоршанбе Аловатов	چهارشنبه حلاوت
Абдулазиз Ҷарод	عبدالعزیز جراد
Мустафо ал-Коземӣ	مصطفی الکاظمی
Фарн-Сосон	فرن-ساسان
Фран Гарсиа	فرن گارسیا
Беҳрӯз Зеваров	بهروز زیورف
Абулқосими Самъонӣ	ابوالقاسم سمعانی
Баҳром Ғафурӣ	بهرام غفوری
Рустам Шоазимов	رستم شاه‌عظیم‌اف
Пошо Ҷамолӣ	پاشا جمالی
Будин	بودن
Алӣ Латифиён	علی لطیفیان
Некрӯз Сафарзода	نیکروز صفرزاده
Гронкӣ	گرونچی
Мэдисон	مدیسون
Эдуард Успенский	ادوارد اوسپینسکی
Бағавӣ	بن
Идрис Дебӣ	ادریس دبی
Беллинсгаузен	گوتلیب فن بلینگسهاوزن
Таниша Мукерҷӣ	تانیشا موکرجی
Франтс Абт	فرانتس آبت
Роҷер	روژر
Карлос Менем	کارلوس منعم
Бломберген	بلومبرگر
Абуҳанифа Нуъмон ибни Собит	ابوحنیفه نعمان بن ثابت
Чоудҳурӣ	چودری
Ҷамолуддини Афғонӣ	جمال‌الدین اسدآبادی
Киран Ричардсон	کیرن ریچاردسون
Лукас Мора	لوکاس مورا
Пабло Ибанйес	پابلو ایبانیز
Капур	کپور
Ники Шори	نیکی شوری
Луис Кабрера	لوئیس کابررا
Маурисио Алфаро	ماوریسیو آلفارو
Антипатр Этесий	آنتیپاتر مقدونی
Фавзӣ Селу	فوزی سلو
Сирилл Регис	سیریل ریجیس
Сезар Мартин	سزار مارتین
Ҳабибуллоҳи Калаконӣ	حبیب‌الله کلکانی
Дон-вон	دونگ-وون
Андер Гаритано	اندر گاریتانو
Паласиос	پالاسیوس
Креспо	کرسپو
Кенон Имирзалиоғлу	کنان ایمیرزالی اوغلو
Атилио Кремасчи	آتیلیو کرماسکی
Тони Бартон	تونی بارتون
Умар Каэтано	عمر کائتانو
Абҳарӣ	ابهری
Висенте Дел Боске	ویسنته دل بوسکه
Юри Гаврилов	یوری گاوریلوف
Муасир Клаудино Пинто	مائوسیر کلودینو پینتو
Юдаков	یوداکوف
Кристиан Пирс	کریستین پیرس
Кристиан Зурита	کریستین زوریتا
Питер Харрис	پیتر هریس
Вадуд Маҳмудӣ	ودود محمودی
Самуэл Сайс	ساموئل سیز
Ҳойнриш Любке	هاینریش لوبکه
Энерcон	امرسون
Форд	فورد
Мартин Шултс	مارتین شولتس
Александр Солженицын	آلکساندر سولژنیتسین
Ватслав Ҳавел	واتسلاو هاول
Луис Иносийу Луло до Силва	لوئیس ایناسیو لولا دا سیلوا
Робертз	رابرتز
Марсело Диас	مارسلو دیاز
Раул Ҷумкович	رائول خاجیمبا
Зе Роберто	زی روبرتو
Абдулҳалим Муазамшоҳ	عبدالحلیم معظم شاه
Дилейта Дилейта	دلیطه دلیطه
Адиб Шишаклӣ	ادیب شیشکلی
Соуза Амарал	سوزا آمارال
Ауас Видал	آئوس ویدال
Данилсон Кордоба	دنیلسون کوردوبا
Виталий Гинзбург	ویتالی گینزبرگ
Бартоломе	بارتولومه
Пётр Николаевич	پیتر ورانگل
Мадонна	مدونا
Мария Фёдоровна	ماریا فیودوروونا
Йозеф Ҳайдн	یوزف هایدن
Станлий Кубрик	استنلی کوبریک
Ибни Баттута	ابن بطوطه
Майкл Фарадей	مایکل فارادی
Линдон Ҷонсон	لیندون جانسون
Шер	شر
Бексински	بکینسکی
Жорж Клемансо	ژرژ کلمانسو
Шарл Гуно	شارل گونو
Леон Фуко	لئون فوکو
Игор Денисов	ایگور دنیسوف
Луис Рихо	لوییس ریخو
Милош Земан	میلوش زمان
Сисиню	سیسینیو
Марселен	مارسلین
Флуренс Гриффит-Ҷуйнер	فلورنس گریفیت-جوینر
Ҳуснӣ Муборак	حسنی مبارک
Липпӣ	لیپی
Моррисон	موریسون
Бенҷамин Томпсон	بنجامین تامسون
Бозе	بوز
Энрике Лима	هنریکه لیما
Рикардес	ریچاردس
Андрей Белый	آندری بلی
Тони Доблас	تونی دابلاس
Глэдвин Ҷебб	گلدوین جب
Чарлз Дикенс	چارلز دیکنز
Ҳема Малинӣ	هما مالینی
Ибни Рушд	ابن رشد
Силва Мартинс	سیلوا مارتینز
Бригӣ Рафинӣ	بریگی رافینی
Михаил Ломоносов	میخاییل لومونسف
Абуҳурайра	ابوهریره
Валтер Шил	والتر شیل
Клинтон	کلینتون
Элвис Пресли	الویس پریسلی
Гарибалди	گاریبالدی
Гандӣ	گاندی
Фрэнсис Форд Коппола	فرانسیس فورد کوپولا
Йеннарис	ییناریس
Крис Ҳемсворт	کریس همسورف
Адам Смит	آدام اسمیت
Сол	سال
Луиз Адриано	لوئیز آدریانو
Осуалд Ахенбах	اسوالد آخنباخ
Алек Чемберлин	الک چیمبرلن
Ҳипотиё	هیپاتیا
Мариано Рахой	ماریانا راخوی
Стивен Ҳокинг	استیون هاوکینگ
Лев Андреевич	لو آرتسیموویچ
Гринвелл	گرینول
Мария Мовила	ماریا موویلا
Рэй Брэдбери	ری بردبری
Нестор Махно	نستور ماخنو
Зарате	زاراته
Ф. Скот Фитзҷералд	اف. اسکات فیتزجرالد
Ренато	مازینیو
Энрике	هنریکه
Редмэйн	ردماین
Гарсиа Лорка	گارسیا لورکا
Яъқуб Лайс	یعقوب لیث
Карлос Куэлар	کارلوس کوئلار
Ланари	لاناری
Кэмерон	کامرون
Ҳусайн Тантовӣ	حسین طنطاوی
Вурст	ورست
Катарин Ҳепбурн	کاترین هپبورن
Безос	بزوس
Эймеоби	آمئوبی
Зинаида Гиппиус	زینائیدا گیپیوس
Массорӣ	ماساری
Хавйер Занетти	خاویر زانتی
Кристиан Тело	کریستین تیو
Тоомас Ҳендрик Илвес	توماس هندریک ایلوس
Янош Адер	یانوش آدر
Абраҳам Вернер	آبراهام ورنر
Габриэл Эинсе	گابریل هاینزه
Адам Ҷонсон	آدام جانسون
Вилҳелм Гейгер	ویلهلم گایگر
Эмил Крепелин	امیل کریپلین
Ҳерберт Ҳинрй Асқуит	هربرت هنری اسکویت
Ҳорнер	هورنر
Александр Гротендик	الکساندر گروتندیک
Пласенте	پلاسنت
Минтиимер Шаймиев	مینتیمر شایمییف
Селена Гомез	سلنا گومز
Фрэнсис Уилям	فرانسیس ویلیام
Эрик Бана	اریک بانا
Александр фон Ҳумболдт	الکساندر فون هومبولت
Димпл Кападия	دیمپل کاپادیا
Эмил Лубе	امیل لوبه
Нестор Киршнер	نستور کیرشنر
Жак Вилнёв	ژاک ویلنوو
Отакар	اوتاکار
Пол	پل
Дақёнус	دقیانوس
Кристиан Вулф	کریستیان وولف
Алун Эванс	آلون ایوانز
Вернер Арбер	ورنر آربر
Хосико	یوزیکو
Пол Амброси	پاول آمبروسی
Тарас Шевченко	تاراس شوچنکو
Оге Бор	آگه بوهر
Ардашери	اردشیر
Руслан Аушев	روسلان آئوشف
Тургут Озал	تورگوت اوزال
Абботт	ابوت
Акбари Бузург	اکبر کبیر
Николайи	نیکلای
Шашӣ Капур	شاشی کاپور
Қозӣ Муҳаммад	قاضی محمد
Аҳмад Билофриҷ	احمد بلافریج
Ламберту Динӣ	لامبرتو دینی
Екатеринаи	کاترین
Анӯша Ансорӣ	انوشه انصاری
Самуэл	ساموئل
Мэтю Тэйлор	ماتیو تیلور
Апулей	آپولیوس
Марл Матлин	مارلی مالتین
Рекоба	رکوبا
Пэрсон	پیرسون
Рианна	ریانا
Мориентес	مورینتس
Диего Климовикс	دیگو کلیموویچ
Фредерик Винслоу Тейлор	فردریک وینسلو تیلور
Филип Нело	فیلیپه ملو
Маҳмуд Дарвеш	محمود درویش
Густав Вигеланд	گوستاو ویگه لاند
Владимир Висотский	ولادیمیر ویسوتسکی
Фридерик Шопен	فردریک شوپن
Голвонӣ	گالوانی
Наталия Орейро	ناتالیا اوریرو
Ибни Арабӣ	ابن عربی
Леонардо Араужо	لئوناردو آراخو
Тануҷа	تانوجا
Ҳанс Бете	هانس بته
Стэн Коллимор	استن کالیمور
Леонид Слутски	لئونید اسلوتسکی
Роберт Годдард	رابرت گدارد
Раҷникант	راجینیکانت
Томпсон	تامسون
Рууд Гуллит	رود گولیت
Луис Камоэнс	لوئیس کاموس
Гримм	گریم
Юрий Гагарин	یوری گاگارین
Марко Этчеверри	مارکو اچوری
Адам Хэммилл	آدام همیل
Якоб Лнтс	یاکوب لنتس
Вилҳелм Гумболдт	ویلهلم هومبولت
Эсекйел Лавесси	ازکویل لاوتزی
Гленда Ҷаксон	گلندا جکسون
Колин Ирвин	کالین ایروین
Ким Кардашиян	کیم کارداشیان
Бернал	برنال
Донизете Оливейра	دونیزیته آلیویرا
Ҷармуш	جارموش
Эстебан Камбяссо	استبان کامبیاسو
Галилео	گالیله
Ҳомер	هومر
Сайид Аҳмадхон	سید احمد خان
Саъид Нурсӣ	سعید نورسی
Роберт Вентури	رابرت ونچوری
Дэвид Ҷеймс	دیوید جیمز
Серена Вилямс	سرنا ویلیامز
Ангел Лопес	آنخل لوپز
Жале Арикан	ژاله آریکان
Бӯрондухт	بوراندخت
Абуколиҷор	ابوکالیجار
Бускетс	بوسکتس
Депардё	دوپاردیو
Марк Хадсон	مارک هادسون
Валерия	والریا
Хави Гарсия	خاوی گارسیا
Пол Инс	پل اینس
Ардашери	اردشیر
Андраде	آندراده
Эден Азар	ادن آزار
Оскар Табарес	اسکار تابارس
Фредерик Базилле	فردریک بازیل
Эрнест Пейн	ارنست پاین
Крауфорд	کراوفورد
Хорхе Кларос	خورخه کلاروس
Зоран Миланович	زوران میلانوویچ
Савсоҳ	الصوصاع
Марк Бартра	مارک بارترا
Макс Лопес	ماکسی لوپز
Сузуки	سوزوکی
Руҳуллоҳ Мусавӣ Хумайнӣ	روح‌الله موسوی خمینی
Вулф	وولف
Зак Эфрон	زک افران
Пол Мориа	پل موریه
Паван	پاوائو
Антонио Лопес	آنتونیو لوپز
Баҳроми	بهرام
Роберт Ҷенкинсон	رابرت جنکینسون
Луис Переа	لوئیس پرئا
Флойд Мейвезер	فلوید مایودر
Гренвил	گرنویل
Пауэлл	پاول
Бонд	بوند
Ҳасани Саббоҳ	حسن صباح
Дуонг Вăн Мин	دووانگ ون مین
Олдридҷ	الدریج
Сусо	سوسو
Баз Лурман	باز لورمان
Марлон Харюуд	مارلون هیروود
Денис Черишев	دنیس چریشف
Азиз	عزیز
Лиам Ридҷвелл	لیام ریجول
Мику	نیکولاس فیدور
Имоу	ییمو
Карлос Бакка	کارلوس باکا
Рафаэл Бенитес	رافائل بنیتز
Де Гаспери	د گاسپری
Адриано	آدریانو
Бичер Стоу	بیچر استو
Деулофеу	دلوفئو
Гевин Макканн	گوین مک‌کن
Карл Гелднер	کارل گلدنر
Волф	ولف
Кевин Филлипс	کوین فیلیپس
София Ҳуяй	صفیه حیی
Пю	پیو
Карлос Павон	کارلوس پاوون
Муҳаммадалишоҳи	محمدعلی‌شاه
Аарон Стэнфорд	آرون استنفرد
Телмо Зарра	تلمو زارا
Мэри Маколис	مری مک‌آلیس
Карлан	کارلوس
Сет Макфарлейн	ست مک‌فارلن
Бордон	بردون
Акоста	آکوستا
Леополдо Луке	لئوپلدو لوگو
Адриан Эскудеро	آدریان اسکودرو
Фонтаин	فونتین
Маранйон	مارانیون
Педро Коле	پدرو سوله
Сеговия	سگوویا
Дуалде	دوالده
ибни Абдулмутталиб	بن عبدالمطلب
Пйер Вейс	پییر ویس
Грегори	گریگوری
Ип Ман	ییپ من
Сантяго Карпинтеро	سانتیاگو کارپیترو
Майкл Финк	مایکل فینک
Адолфо Зумелсу	آدولفو زوملزو
Соёти Наво	سایات‌نووا
Копа	کوپا
Габриэл Милито	گابریل میلیتو
Кевин Нолан	کوین نولان
Клемент Аттлӣ	کلمنت اتلی
Инфанте	اینفانته
Эргюс Кaчe	ارگیس کاچه
Шопур ибни Саҳл	شاپور بن سهل
Дон Ропер	دان رووپ
Аделардо Родригес	ادلاردو رودریگز
Стив Макквин	استیو مک‌کوئین
Арғунхон	ارغون‌خان
Элизабет Гаскелл	الیزابت گاسکل
Марта Кауффман	مارتا کافمن
Урҳон Помук	اورهان پاموک
Гилермо Франко	گیلرمو فرانکو
Фотима	فاطمه
Долф Лундгрен	دولف لاندگرن
Фёдори	فئودور
Ардашери	اردشیر
Милнер	میلنر
Марсело Морено	مارسلو مورنو
Франсиско Буйо	فرانسیسکو بویو
Вейсмюллер	ویسمولر
Пётри	پتر
Дивя Бҳартӣ	دیویا بهاراتی
Робиаи Балхӣ	رابعه بلخی
Нобоа	نوبوا
Питер Барнс	پیتر بارنز
Митҳун Чакрабортӣ	میتون چاکرابورتی
Муҳаммаду Бухорӣ	محمدو بوهاری
Клод Адриан Ҳелветиус	کلود آدرین هلوسیوس
Индер Кумар Гуҷрол	اندر کومار گجرال
Ахмадулина	آخمادولینا
Суарес	سوارز
Оскар Трехо	اسکار ترخو
Хорхе Перона	خورخه پرونا
Сезар Арсо	سزار آرزو
Садаф Овҷӣ	صدف آوجی
Рампал	رامپال
Игор Дяконов	ایگور دیاکونوف
Виктор Фернандес	ویکتور فرناندز
Нонато	نوناتو
Увини	یووینی
Андерсон	اندرسون
Анатолий Александров	آناتولی الکساندروف
Москера	مسکورا
Эскола	اسکولا
Маркус Гейл	مارکوس گیل
Дада Маравиля	دادا ماراویلیا
Тереза Мэй	ترزا می
Маздак	مزدک
Андрадина	آندریانا
Дода	دودا
Ҳекотиуси	هکاتئوس
Фрикксон Эрасо	فریکسون ارازو
Успенский	آسپنسکی
Ариэл Нунйес	آریل نونیز
Алвар Гулстранд	آلوار گالسترند
Мичел Салгадо	میچل سالگادو
Беннетт	بنت
Роберто Аббондансиэри	روبرتو آباندانژیری
Эрнан Дарио Гомес	ارنان داریو گومز
Роберто Фалкан	روبرتو فالکائو
Андрес Скотти	اندرس سکاتی
Роҷер Эспиноса	راجر اسپینوزا
Хулио Олартикоекеа	خولیو اولارتیکوئچیا
Роберто Керро	روبرتو چرو
Абубакри Караҷӣ	ابوبکر کرجی
Фирдавсӣ	فردوسی
Хуан Перейра	خوان پریرا
Мартин	مارتین
Валдемар Де Брито	ولادمیر دی بریتو
Бенасерраф	بن الصراف
Шопури	شاپور
Арлей Динас	آرلی دیناس
Алекс Агинага	الکس آگیناگا
Руни	رونی
Конкона Сен Шарма	کونکونا سن شارما
Эдер Бонфим	ادر یونفیم
Луис Кусиуффо	لوئیس کوسیفو
Олег Саленко	اولگ سالنکو
Алдайр	آلدایر
Армитеҷ	آرمیتیج
Залаета	زالایتا
Кристиан Запата	کریستین زاپاتا
Кавенаги	کاوناگی
Гурна	گورنه
Бернабе	برنبه
Камера	کامرا
Майк Уилямсон	میک ویلیامسون
Амиркабир	امیرکبیر
Симон Перротта	سیمونه پروتا
Винсент Д’Онофрио	وینسنت دن آفریو
Саша Гитрӣ	ساشا گیتری
Фирӯз Гандӣ	فیروز گاندی
Файзулло Хоҷаев	فیض‌الله خواجه‌اف
Хавйер Родригес Корреа	خاویر رودریگز کوریا
Фигуэро	فیگوروا
Синон Албайрақ	سینان آلبایراک
Шабана Азмӣ	شبانه عظمی
Суютӣ	سیوطی
Андре Рикардо Cуарес	آندره ریکاردو سوارز
Исмоил Азҳарӣ	اسماعیل ازهری
Милко Сингҳ	میلکا هانگ
ДеЛореан	دلورین
ибни Алӣ	بن علی
Чарлз	چارلز
Клайв Грейнҷер	کلیو گرینجر
Агустин Делгадо	آگوستین دلگادو
Кейрриcон	کیریسون
Дэвид Матеос	دیوید ماتئوس
Ян ван Гойен	یان فن خوین
Диас	دیاز
Роберто Эчебаррия	روبرتو اشباریا
Мариела Кастро	ماریلا کاسترو
Марк Лавренсон	مارک لارنسون
Адриано Кува	آدریانو چووا
Марио	مارینیو
Исмоили Ҷавҳарӣ	اسماعیل جوهری
Александр Дедюшко	الکساندر ددیوشکو
Таҳмосби	تهماسب
Вунуни	ونن
Рогерио Луиз	روجریو کوریا
Ангел Комиссо	آنخل کومیتزو
Ромиру ди Леун	رامیرو دی لئون
Иван Тихон	ایوان تیخان
Абузайди Балхӣ	ابوزید بلخی
Райан Шавкросс	رایان شاوکراس
Корнел Салата	کرنل سالاتا
Гонсалес	گونزالز
Барбара Брилска	باربارا بریسکا
Ренато Августо	ریناتو آگوستو
Оскар Сонеҷи	اسکار سونجی
Регейро	رگویرو
Мишел Авн	میشل عون
Дус Сантос	دوس سانتوس
Бодуэн Куртенэ,	بودوئن کورتنه
Абу Лаҳаб	ابولهب
Мазиню	جادسون
Меҳрдоди	مهرداد
Исмоил Урсайс	ایسمائل اورزایز
Ренан Брито Cуарес	رینان برتیو سوارز
Куруши	کوروش
Тони Адамс	تونی آدامز
Гулнора Каримова	گلناره کریموا
МакSим	ماکسیم
Матиас Делгадо	ماتیاس دلگادو
Ромуло Македо	روملو ماکیدو
Адриан Сардинеро	آدریان ساردینرو
Солабарриета	سولابوریتا
Ренато Ибарра	رناتو ایبارا
Файзии Даканӣ	فیضی دکنی
Салгадо	سالگادو
Варакка	واراکا
Айтор Рекарте	ایتور رکارت
Наш	نش
Родолфо Родригес	رودولفو رودریگز
Бенитес	بنیتس
Даниэл Мартин	دنیل مارتین
Қурбонов	قربانوف
Лукас Пароди	لوکاس پردی
Форсӣ	فارسی
Жозе Перакио	ژوزه پراسیو
Георге Замфир	گئورگ زامفیر
Фаган	فاگان
Инсуа	اینسوا
Ариэл Гарсе	اریل گارکی
Ҳелен Ҳунт	هلن هانت
Абдулқодир Боҷамол	عبدالقادر باجمال
Озга Борак	اوزگه براک
Пол Грингард	پائول گرینگارد
Баҳроми	بهرام
Кириакос Митсотакис	کیریاکوس میتسوتاکیس
Хойме Пас Самуро	خایمه پاس سامورا
Пернамбукиню	پرینامبوکینیو
Лоренсо	لورن
Хосе Пинтос	خوسه پینتوس
Виктор Мунйос	ویکتور مونیوز
Аҳмад Алӣ Мирғонӣ	احمد المیرغنی
Алан Хинтон	آلن هینتون
Аҳмад Усмон	احمد عصمان
Ризван Умаров	رضوان عمروف
Зайрус	زایرس
Леви	لوی
Сезар Батиста	سزار باتیستا
Ловати	لوواتی
Гари Кахелмачер	گری کاگلماخر
Нестор Горосито	نستور گوروسیتو
Комрон Мирзо	کامران میرزا
Сергей Викторович Рижиков	سرگی ویکتوروویچ ریژیکوف
Артур Мораэс	آرتور مواریس
Блохин	بلوخین
Скотт Данн	اسکات دان
Эстанислау Басора	استانیسلاو باسورا
Пйер Ҷумаййил	پیر جمیل
Луис Горсио Мезо	لوییس گارسیا مزا
Сону Нигам	سونو نیگام
Теодоро Фернандес	تئودور فرناندز
Лукас Нендес	لوکاس مندز
Хесус Васкес	یسوس واسکوئز
Дункан Маккензи	دانکن مک‌کنزی
Каю Рибейро	کایو ریبریو
Ҳамза писари Алӣ	حمزه پسر علی
Бобо	بوبو
Абусаид Абулхайр	ابوسعید ابوالخیر
Акино	اکینو
Гонсало Фиерро	گنزالو فیرو
Линден Эшби	لیندن اشبی
Карлос Морете	کارلوس مورته
Жуниор Баiано	جونیور بایانو
Гари Гарднер	گری گاردنر
Товар	توار
Чорй Кастро	چوری کاسترو
Де Педро	دا پدرو
Имборак Шомеҳ	امبارک شامخ
Шерозӣ	شیرازی
Рейналдо Де Лима	رینالدو دی لیما
Майкл Кларк Дункан	مایکل کلارک دانکن
Феликс Руис	فلیکس رویز
Борис Разински	بوریس رازینسکی
Томас Ларсен	توماس لارسن
Ингрида Шимоните	اینگریدا سیمونیت
Пинила	پینیلا
Хуан Форлин	خوان فورلین
Майкозуэл	مایکوسول
Ралф Райт	رالف رایت
Пабло Алварес	پابلو الوارز
Артур Хейлӣ	آرتور هیلی
Паес	پائس
Музо	موزا
Раул Геррон	رائول گوئرون
Анселмо Вендрековски Жуниор	آنسلمو وندریشوسکی جونیور
Микел Робусте	میکل روبوسته
Сергей Фокин	سرگی فوکین
Бен Гарант	بن گارانت
Райҳона Зайд Ъамр	ریحانه زید قرظی
Калум Дейвнпорт	کالوم دونپورت
Димас Филгуейрас	دیماس فیلگیراس
Педро Роша	پدرو روچا
Виктор Нунйес	ویکتور نانز
Бен Ҳайнчлифф	بن هینچلیف
Малдонадо	مالدونادو
Роберто Солосабал	روبرتو سولوزابال
Перегрино Анселмо	پرگرینو آنسلمو
Билли Уокер	بیلی واکر
Андре Да Силва	آندره دا سیلوا
Эндӣ Фикмен	اندی فیکمن
Галардо	گالاردو
Элис Бaкaй	الیس باکای
Сид Касл	سید کستل
Ферран Короминас	فران تلچیا
Аҳмад Закӣ Абушодӣ	احمد زکی ابو شادی
Габриэл Де Андраде	گابریل دی آندراده
Уилкинсон	ویلکینسون
Вивек Оберой	ویوک اوبروی
Моралес	مورالس
Кеара	سییرا
Лев Шрайбер	لیو شریبر
Роберт Кийосаки	رابرت کیوساکی
Энрике	هنریکه
Башир Ҷамил	بشیر جمیل
Бехиристайн	بگیریستین
Синотрук	سیناتروک
Антуан Галлан	آنتوان گالان
Гилюрне Гуснан	گیلرمی گوسمائو
Микел Лабака	میکل لاباکا
Маркус Де Мораис	مارکوس دی مورایس
Рафаэл Бракалли	رافائل براسالی
Эктор Санчес	هکتور سانچز
Понте	پونتی
Луис Родригес Диас	لوییس رودریگز دیاز
Фарҳан Ахтар	فرهان اختر
Филип Дал Бело	فیلیپه دل بیلو
Анибал Мателан	آنیبال ماتلان
Ибни Муқаффаъ	ابن مقفع
Фравартиш	فرورتیش
Запата	زاپاتا
Ли Сойер	لی سایر
Де Лос Сантос	د لوس سانتوس
Серж Саргсян	سرژ سرکیسیان
Ачили	آچیلی
Велингтон Силва	ولینگتون سیلوا
Филомено	فیلومنو
Зандӣ	زندی
Мартин	مارتین
Да Коста	دا کوستا
Ҳамадонӣ	همدانی
Аксл	آکسل
Алберто Кивидини	آلبرتو چیویدینی
Глаубер	گلاوبر
Фагнер Консерва Лемус	فاگنر کونسروا لیموس
Эрик Перейра	اریک پریرا
Макри	ماکری
Ричард Фрай	ریچارد فرای
Сперони	اسپرونی
Антонио Алварес	انتونیو الوارز
Де Ла Белла	د لا بلا
Эвералдо	اورالدو
Сет Ҷонсон	ست جانسون
Маъмун Кузбарӣ	مأمون الکزبری
Серхио Корино	سرخیو کورینو
Гордон Хоар	گوردون هور
Боб Кромптон	باب کرامپتون
Артур Виттй	آرتور ویتی
Федерико Фернандес	فدریکو فرناندز
Арсу	آرزو
Роберто Де Оливейра	روبرتو دی اولیویرا
Лоутон	لاوتون
Энрике	هنریکه
Раймундо Родригес	ریموندو رودریگز
Парана	پارانا
Андрес Риос	آندرس ریوس
Роберто Перфумо	روبرتو پرفومو
Хорхе Пардон	خورخه پادرون
Деваштич	دیواشتیچ
Дэвид Ҳайтер	دیوید هایتر
Роман Ҳертсог	رومان هرتسوگ
Сезар Cантин	سزار سانتین
Койкили	کویکیلی
Рукнуддавла	رکن‌الدوله
Шортхаус	شورت هاوس
Мариони	ماریونی
Стив Макмахон	استیو مک‌مهن
Роналд Рейган	رونالد ریگان
Фердинанд Соссюр	فردینان دو سوسور
Отамбоев	آتامبایف
Ҷон Атио	جان اتیو
Мэтт Хилл	مت هیل
Нодира	نادره
Саид Ҷаффрӣ	سعید جعفری
Ҷорҷ Холли	جرج هالی
Ричард Фейнман	ریچارد فاینمن
Керрӣ	کری
Румеу Лукос Горсио	رومئو لوکاس گارسیا
Вила	ویلا
Алӣ Тарҳунӣ	علی ترهونی
Рудолф Вирхов	رودولف فیرخو
Майк Дойл	مایک دویل
Виктор Диас	ویکتور دیاز
Маркос Агуирре	مارکوس آگیره
Фарравази	فَرنَه‌بازو
Рита Дус Мартирес	ریتا دوس مارتیرس
О'Нил	اونیل
Фабио Каннаваро	فابیو کاناوارو
Франсуаза Барре-Синусси	فرانسواز باره سینوسی
Ромел Киото	رومل کیوتو
Хулиу Сезар Мендез	خولیو سزار مندز
Дэвид Асеведо	داوید آسودو
Дэвид Ҷонсон	دیوید جانسون
Боб Гленденнинг	باب گلندنینگ
Босток	بوستوک
Гордон Коуанс	گوردون کووانز
Алексис Ролин	الکسیس رولین
Карла Петерсон	کارلا پترسون
Силвестре	سیلوستر
Гвалберту Биоруел	گوآلبرتو بیاروئل
Тейлор	تیلور
Дэвид Ҳиршфелдер	دیوید هیرشفلدر
Уилям Линдси	ویلیام لیندزی
Нето	نیتو
Фернандо Гиудикелли	فرناندو جیودچلی
Ариана Гранде	آریانا گرانده
Фриман Дайсон	فریمن دایسون
Тресейдрн	ترسادرن
Сулаймони	سلیمان
Майкон Маркес	مایکون مارکز
Табарӣ	طبری
Ҳуберт Ҳерон	هیوبرت هرن
Файе Дунауай	فی داناوی
Кркиć	کرکیچ
Кркиć	کرکیچ
Хуан Пирис	خوان پیریز
Рубен Корреа	روبن کورئا
Кокс	کوکس
Хуан Гомес	خوان گومس
Монсон	مونسون
Перинетти	پرینتی
Ҷефферсон	جفرسون
Эстебан	استبان
Рустам Минниханов	رستم مینیخانوف
Жадилcон	جادیلسون
Сергей Михалков	سرگئی میخالکوف
Араухо	اراخو
Жулиано Cпадакио	جولیانو اسپاداسیو
Алберт Селадес	آلبرت سلادس
Борис Кузнетсов	بوریس کوزنتسوف
Линч	لینچ
Федерико Вайро	فدریکو
Раул Марадона	رائول مارادونا
Алфредо Гиерра	آلفردو گیرا
Пагани	پاگانی
Брайан Хюз	برایان هاگز
Бейкер	بیکر
Лӣ	لی
Рудди	رودی
Надал	نادال
Хуан Карлос	خوان کارلوس
Алкантара	آلسانتارا
Ромеро	رومرو
Рустами Фаррухзод	رستم فرخزاد
Нейл Харрис	نیل هریس
Сукaй	سوکای
Ҷефферсон Дус Сантос	جفرسون دوس سانتوس
Макатир	مک‌آتیر
Хавйер Юберо	خاویر یوبرو
Артур Чендлер	آرتور چندلر
Врагел Да Силва	وراگل دا سیلوا
Крис Уит	کریس واید
Рудаков	روداکوف
Сартор	سارتور
Гаспар	گاسپار
Ҳорст Кёлер	هورست کوهلر
Гиппократ	بقراط
Амрита Арора	آمریتا ارورا
Фовру	فاورو
Пеннант	پنانت
Леонид Андреев	لئونید آندریف
Алф Рамзи	آلف رمزی
Куфре	کافره
Глиэр	گلیر
Абдуллоҳ бин Халифа Оли Танӣ	عبدالله بن خليفه آل ثانی
Бисвас	بیسواس
Пйер де Бразза	پیر د برازا
Пол Эллиотт	پائول الیوت
Иняки Гойтия	اینیاکی گویتیا
Роналд Бребнер	رونالد بربنر
Даҳяи Калбӣ	دحیه کلبی
Хесус Лакрус	خسوس لاکروس
Бол	بیلی
Карлос Аранда	کارلوس اراندا
Даниэл Карвалю	دانیل کاروالیو
Масантонио	ماسانتونیو
Берг	برگ
Иван Рамис	ایوان رامیس
Нейл Янг	نیل یانگ
Ибни Надим	ابن ندیم
Адам Фондр	آدام فوندر
Ричардс	ریچاردز
Амарал	دا سیلوا ماریانو
Себастян Таборда	سباستین تابوردا
Жонатас	لارلی
Клод Ане	کلود آنه
Иларион Осорио	ایلاریون اوسوریو
Хуан Элия	خوان الیا
Валенсия	والنسیا
Жан-Жак Ампер	ژان-ژاک آمپر
Кристиан Алфонко	کریستین آلفونسو
Калдерон	کالدرون
Шавкат Мирзиёев	شوکت میرضیایف
Лосада	لوسادا
Дэвид Фэрклоф	دیوید فیرکلاگ
Ҷозеф Н'до	جوزف ان‌دو
Аменхотепи	آخناتون
Диан Кеатон	دایان کیتن
Топ Обейдии	توپ اوبادی
Манека	مانکا
Сергей Андрейев	سرگی آندریف
Вайнберг	واینبرگ
Синагра	سیناگرا
Салустро	سالوسترو
Саноӣ	سنایی
Лопес	لوپز
Муборак Бикоӣ	مبارک البکای
Уокер	واکر
Калум Макманаман	کلوم مک‌منمن
Илёс Ҳаровӣ	الیاس هراوی
Неймар	نیمار
Бастин	باستین
Маркос Алонсо	مارکوس آلونسو
Денни Дус Сантос	دنی دوس سانتوس
Факундо Феррейра	فاکوندو فریرا
Холид Эрганч	خالد ارگنچ
Ҳалими Абу	حلیمه عبدالله
Жосимар	یوسیمار
Райан Шоттон	رایان شاتن
Леон Бриттон	لیون بریتن
Натан Дайер	نیتن دایر
Норберто Уесо	نوربرتو اوئسو
Ману Эрвас	مانو هرواس
Рубен Пулидо	روبن پولیدو
Шандан	ژاندائو
Лата Мангешкар	لتا منگیشکر
Жозэ Анунсиадо Де Оливейра	لوییز کاسماریسکی
Сергей Безруков	سرگئی بزروکوف
Андре Луиз Таварес	آندره لوئیز تاوارز
Ариэл Коссони	آریل کوزونی
Тирваз	تیریبازوس
Раул Руидяс	رائول رویدیاز
Фиора	فیوره
Эшли Барнс	اشلی بارنز
Довуд	داود
Дэвид Луиз	دیوید لوییز
Дарио Родригес	داریو راجریگز
Cиня	آنتونیو
Де Соуза	دی سوزا
Эллиотт	الیوت
Роберто Лаго	روبرتو لاگو
Тони Дейли	تونی دالی
Гари Уранга	گری اورانگا
Рубен Сория	روبن سوریا
Майкон Перейра Роке	مایکون پریرا روکه
Эктор Тапия	اکتور تاپیا
Хавйер Калеха	خاویر کایخا
Дуду	ادواردو
Дус Анжус Жуниор	جونینیو
Ритик Рошан	هریتک روشن
Элейн Пейҷ	الین پیگ
Фернандес	فرناندز
Элдер Маурилио	دی برتو
Родолфо Кардосо	رودولفو کاردوسو
Мисрӣ	مصری
Нейл Этеридҷ	نیل اتریج
Леомар Лейриа	لیومار لیریا
Шергил	شرگیل
Салоҳ	صلاح
Мэтт Муррай	مت مورای
Миро	میرو
Гледcон	جلادسون
Роландо Скяви	رولاندو شیاوی
Де Резенде	ده رزنده
Андиев	آندیف
Андерсон	اندرسون
Фазл ибни Саҳл	فضل بن سهل
Абубакри Байҳақӣ	ابوبکر بیهقی
Абдулилоҳ бин Киран	عبدالله بن کیران
Эду Гаспар	دی سوازا
Баптистан	باپتیستائو
Суқрот	سقراط
Найим	ناییم
Грэм Стэк	گراهام استاک
Луис Саритама	لوئیس ساریتاما
Антонио Солано	آنتونیو سولانو
Иля Векуа	ایلیا وکوآ
Станислаус Бергҳейм	استانیسلاوس برگهایم
Лаевская	لایوسکا
Пол Думер	پل دومر
Жан Енгр	ژان انگر
Ҷексон Мартинес	جکسون مارتینز
Рамон Нунйес	رامون نونز
Майлз Миллар	مایلز میلار
Чарли Атерсмит	چارلی اترسمیت
Буабид	بوعبید
Фаряс	فاریاس
Виктор Андреевич	ویکتور یوشچنکو
Алваро Рубио	آلوارو روبیو
Довуд	داوود
Витрувий	ویترویوس
Хави Варас	خاوی واراس
Лино	لینو
Адриан Калело	آدریان کاللو
Рубен Галван	روبن گالوان
Хави Руис	خاوی رویز
Родригес Мартинес	رودریگز مارتینز
Довуди Қимҳӣ	داوود قیمحی
Колин Тодд	کالین تاد
Ҳишам	هشام
Рафаэл Арансади	رافائل آرنزادی
Сергей Авагимян	سرگئی آواگیمیان
Пол Мерсон	پل مرسون
Васкес	باسکس
Белуски	بلوسکی
Тони Карри	تونی کوری
Ҳинрй Кампбел-Банерман	هنری کمپل-بانرمن
Сантос Да Виситаcан	سانتوس دا ویسیتیسائو
Дантас Биспо	دانتاس بیپو
Рафаэл Гордило	رافائل گوردیلو
Абдулҳалим Муҳаммад	عبدالحلیم محمد
Карлос Воланте	کارلوس ولانته
Шарл Перро	شارل پرو
Абе	آبه
Антонио Канядас	انتونیو کانیادا
Хосе Батиста	خوسه باتیستا
Зак Уорд	زاک وارد
Филол	فیلول
Михаил Фрадков	میخائیل فرادکوف
Александра Фёдоровна	آلکساندرا فیودوروفنا
Крис Хутчингс	کریس هاتچینگز
Капур	کاپور
Атайно	آتینو
Хосу Уррутия	یوسو اروشیا
Момирту Уриологуйтио	مامرتو یوریالاگویتیا
Торил	توریل
Эдмундо Пягхио	ادموندو پیاجیو
Трэвор Бейли	تره‌ور بیلی
Алберто Мариотти	آلبرتو ماریوتی
Бен Миллс	بن میلز
Боттинели	بوتینلی
Андрес Эскобар	آندرس اسکوبار
Литсӣ	لیتزی
ибни Авф	بن عوف
Доби	دوبی
Фарзона	فرزانه
Марсело Силва	مارسلو سیلوا
Даниэл Тилхер	دنیل تیلگر
Бурак Озчивит	بوراک اوزچویت
Натан Дойл	نیتن دویل
Пабло Руис	پابلو رویز
Матеу	ماتا
Питер Уиттингхем	پیتر ویتینگهام
Брайан Грин	برایان گرین
Гйлмар	ژیلمار
Омина бинти Ваҳоб	آمنه بنت وهب
Габриэл Пенялба	گابریل پنالبا
Рамон Де Ла Фуэнте	رامون ده لا فونته
Дэйв Клемент	دیو کلمنت
Чарлз Де Соуза Пинто	چارلز دی سوزا پینتو
Бую	بویو
Карлос Да Силва Нето	کارلوس دا سیلوا نیتو
Вашингтон Ортунйо	واشینگتن اورتونیو
Мануэл Оливарес	مانوئل اولیوارس
Адинолфи	آدینولفی
Карлос Даниэл Тапия	کارلوس دنیل تاپیا
Карлос Маринели	کارلوس مارینلی
Рейха	ریخا
Абдулраҳмон Ориф	عبدالرحمن عارف
Оқохони	آقاخان
Козим	کاظم
Прачанда	پراچاندا
Сезар Cампаю	سزار سامپایو
Рэтнер	راتنر
Колин Макдоналд	کالین مک‌دونالد
Апаресидо Де Азеведо	آپارسیدو دی آزودو
Рогерио Кени	روگریو سینی
Андрада	آندرادا
Эрик Кин	اریک کین
Абубакри	ابوبکر
Питер Бердсли	پیتر بیردزلی
Бойд	بوید
Фил Бирсма	فیل بورسما
Маркус Де Рибейро	مارکوس دی ریبریو
Лопес	لوپز
Эду Манга	ادو مانگا
Нилтон Де Cорди	نیلتون ده سوردی
Носков	ناسکوف
Пол Годдард	پل گادرد
Коттон Мейсер	کاتن ماتر
Нейл Адамс	نیل آدامز
Пол Харт	پال هارت
Фариа Да Силва	فاریا دا سیلوا
Шон Дерри	شان دری
Сезар Кортес	سزار کورتس
Аҳмад Динӣ Аҳмад	احمد دینی احمد
Дмитри Кириченко	دمیتری کیریچنکو
Луиз Пауло Иларио	لوئیز پائولو هیلاریو
Эдcон Да Силва	ادسون دا سیلوا
Андре Луиз Сантос	آندره لوئیز سانتوس
Гомес	گومس
Райч	رایچ
Иван Габрик	ایوان گابریچ
Де Оливейра Лима	دی اولیویرا لیما
Пол Дейли	پال دیلی
Гэвин Ҳуд	گوین هود
Амарилдо Да Cилвейра	آماریلدو دا سیلویرا
Маркус Камоссато	مارکوس کاموزاتا
Мануэл Руэда	مانوئل رودا
Алина Фернандес	آلینا فرناندز
Ибни Балхӣ	ابن بلخی
Игор Личновскй	ایگور لیشنوسکی
Лулиня	لوئیز
Карлос Алберто Эткеверрй	کارلوس آلبرتو اچوری
Элизеу	الیزئو
Мик Чаннон	میک چانون
Виктор Ворошилов	ویکتور ووراشیلوف
Леон Вила	لئون ویا
Леонардо Да Силва	لئوناردو دا سیلوا
Брагиэри	براگیری
Сергей Баласанян	سرگئی بالاسانیان
Родолфо Фискер	رودولفو فیشر
Велкоме	ولکام
Маркус Соуза Рибейро	مارکوس سوزا ریبریو
Соса	سوسا
Алан О́укс	آلن اواکس
Алийар Исмаилов	آلیار اسماعیلوف
Ортис	اورتیس
Алекс Нинейро	آلکس مینیرو
Арон Вержифкер	آرون ورگیفکر
Ҷексон	جکسون
Майкл Андерсон Перейра Да Силва	مایکل آندرسون پریرا دا سیلوا
Спенсер	اسپنسر
Дел Деббио	دل دیبیو
Қодир Ашпорӣ	قادر اشپاری
Викентини	ویسنتینی
Киеза	کیزا
Хара Сагиер	خارا ساگیر
Морера	موررا
Хосе Фернандес	خوسه فرناندس
Хорхе Домингес	خورخه دومینگز
Соса	سوسا
Сантин	سانتین
Хесус Гойсуэта	خسوس گویسوئتا
Луис Оруэсабал	لوئیس اوئزبال
Владимир Астаповски	ولادیمیر آستاپوفسکی
Карлос Галло	کارلوس گالو
Алексей Корнейев	آلکسی کورنیف
Нейл Янг	نیل یانگ
Говинда	گوویندا
Ноир	نیر
Да Силва Монтейро	دا سیلوا مونتیرو
Виктор Ибарбо	ویکتور ایباربو
Федерико Луссенофф	فردریک لوسنهوف
Кану	الیاس
Хосе Луис Ругамас	خوسه لوئیس روگاماس
Тaулянт Ҷaкa	تائولانت ژاکا
Рамон	رامون
Луис Гевара Мора	لوئیس گوارا مورا
Шоҳин Баҳманзодагон	شاهین وهمن زادگان
Рэй Барлоу	ری بارلوو
Спенсер	اسپنسر
Кристобал Паррало	کریستوبال پارالو
Кэн Шеллито	کن شلیتو
Алҷофри	آلجوفری
Алан Сили	آلن سیلی
Корбо	کوربو
Мирхонд	میرخواند
Серхио Де Оливейра	سرجیو دی اولیویرا
Федерико Аскарате	فدریکو آزکاراته
Ромарио	روماریو
Агустин Маркесин	آگوستین مارچسین
Мантейга	مانتیگا
Марко Да Силва	مارکو دا سیلوا
Верон	ورون
Маколи	مکاولی
Аристегиета	آریستگویتا
Сид Пю	سید پاوق
Алексей Ионов	الکسی یونوف
Ҳаққонӣ	حقانی
Луис Элгера	لوئیس هلگرا
Виктор Колотов	ویکتور کولوتوف
Валдониро Вас	والدومیرو
Вашингтон Луиз Перейра Дус Сантос	واشینگتون لوئیز پریرا دوس سانتوس
Максмиляно Калсада	ماکسیمیلیانو کالزادا
Фигуэро	فیگوئروآ
Раул Кордоба	رائول کوردوبا
Луис Гонес	سلسو گومز
Мора	مورا
Стив Вуддин	استیو وودین
Увалдо Де Баррус	اوسوالدو د باروس
Даниэл Бамберг	دانیل بامبرگ
Жозе	ژوزه
Сааведра	ساودرا
Паулиста	پوئالیستا
Дэмиан Алварес	دامیان آلوارز
Питер Свэн	پیتر سوان
Натан Кларк	ناتان کلارک
Хесус Кастро	خسوس کاسترو
Хуан Сенйор	خوان سنیور
Дилл	دیل
Хуанма	یوانما
Фиделефф	فیدلف
Луис Калдерон	لوئیس کالدرون
Виктор Эспасандин	ویکتور اسپاسانین
Леонардо Силауррен	لئوناردو سیلورر
Фонтес	فونتس
Кабрера	کابررا
Карлос Сантос	کارلوس سانتوس
Силва	سیلوا
Буавентура	بواونتورا
Эфан Экоку	افان اکوکو
Карлос Лапетра	کارلوس لاپترا
Хуан Карлос Франко	خوان کارلوس فرانکو
Шамита Шеттӣ	شامیتا شتی
Мигел Сола	میگل سولا
Уилсон Готтардо	ویلسون گوتاردو
Рамалю	رامالو
Асевал	اسوال
Тед Сагар	تد سگار
Франсиско	فرانسیسکو
Кристи	کریستی
Алекс Санчес	الکس سانچز
Марсело Отеро	مارسلو اوترو
Мориниго	مورینیگو
Де Кассио Алвес	دی کاسیو آلوز
Мигел Самудио	میگوئل سامودیو
Бетмид	بتمید
Феле Мартинез	فله مارتینس
Микел Кортина	میکل کورتینا
Ричард Чаплау	ریچارد چاپلو
Виера	ویرا
Эрнани Да Роза	هیرنانی دا روسا
Карлос Техас	کارلوس تهاس
Полента	پولنتا
Бэнкс	بنکس
Фрэд Пентленд	فرد پنتلاند
Накор Буэно	ناکور بوئنو
Игор Грабар	ایگور گرابار
Алексис Ферреро	الکسیس فررو
Алкорсе	الکرس
Ҷастин Кочрейн	جاستین کاکرین
Андре Букод	آندره بوکو
Зелан	زیلائو
Мануэл Нейра	مانوئل نیرا
Перейра Дус Сантос	پریرا دوس سانتوس
Фаряс	فاریاس
Поликарпо Де Оливейра	پلیکارپو دا آلیویرا
Хуан Алфонко Вале	خوان آلفونسو
Савда	سوده
Даниэл Торибио	دانیل توریبیو
Абдулазиз Абдулғанӣ	عبدالعزیز عبدالغنی
Ариэл Науелпан	آریل ناهولپان
Агустин Санчо	آگوستین سانچو
Освалдо Мартинес	اوسوالد مارتینز
Ранбир Капур	رانبیر کاپور
Кике Костас	کوئیک کاستاس
Кристиан Грабински	کریستین گرابینسکی
Карлос Калво	کارلوس کالوو
Хуаким	خواکین
Виктор Тсарёв	ویکتور تساریوف
Рофеъ ибни Ҳарсама	رافع بن هرثمه
Иброҳими Мавсилӣ	ابراهیم موصلی
Кисоии Марвазӣ	کسایی مروزی
Надайя	نادایا
Касяно Чаваррия	کاسیانو چاوریا
Томас Пина	توماس پینا
Станислас	ستانیسلاس
Фернандес	فرناندز
Луис Рис	لوئیس ریس
Сандовал	ساندووال
Лукас Кастроман	لوکاس کاسترومن
Юрий Соломин	یوری سولومین
Денис	دنیس
Самарқандӣ	سمرقندی
Лардин	لاردین
Буаро	بورو
Грегг Ҳоффман	گرگ هافمن
Берхес	برخس
Хуан Оливарес	خوان اولیوارس
Паулиню Каскавел	پائولینیو کاسکاول
Германо	ژرمانو
Хорхе Аскойтия	خورخه ازکویتیا
Алфред Чалкли	آلفرد کلکلی
Виктор Лоренсон	ویکتور لورنزون
Уралде	اورالده
Пол Коннолли	پال کانلی
Сасия	ساسیا
Каю Жуниор	کایو جونیور
Мауриню	مائورینیو
Комптон	کامپتون
Араня	ارانا
Люин Ниатэнга	لوین نیاتانگا
Фёдор Кудряшов	فدور کودریاشوف
Энтони Лосано	آنتونی لوزانو
Гарсия	گارسیا
Фрэнсис Бирли	فرنسیس برلی
Кастан	کاستان
Саолибии	ثعالبی
Мартос	مارتوس
Мануэл Алварес	مانوئل آلوارس
Раул Горрити	رائول گوریتی
Карлос Кармона	کارلوس کارمونا
Мария Магуреги	ماریا ماگوتری
Ғафуров	غفورف
Скопони	اسکوپونی
Крис Браун	کریس براون
Пой	پوی
Хуан Алонсо	خوان آلونسو
Лима	لیما
Франсиско Лянйо	فرانسیسکو لینیو
Мораис	مورایس
Ҳурмузи Сакистонӣ	هرمز سکستانی
Артур Де Оливейра	آرتور دی اولیویرا
Сантос	سانتوس
Чарли Уилямс	شارلی ویلیامز
Даниэл Акино	دنی اکینو
Адриан Лусеро	آدریان لوسرو
Денни	دانی هاینز
Андрес Ламас	آندرس برویجیلو
Ашот Хачатрян	آشوت خاچاتریان
Марангони	مارانگونی
Аугусте Ларайгнеэ	آگوست لارانیه
Эктор Ортис	اکتور اورتیس
Фелан	فیلن
Лиля	لیلا
Нестор Фаббри	نستور فابری
Рафаэл Пас	رافائل پاس
Хуан Оре	خوان اوره
Астрада	آسترادا
Фаузи Гоулам	فوزی غلام
Блумфилд	بلومفیلد
Хуан Карлос Летелиер	خوان کارلوس لتلیر
Феликс Салинас	فلیکس سالیناس
Рафаэл Гарсия Кортес	رافائل گارسیا کورتس
Пол Уолш	پل والش
Кендалл Ҷеннер	کندال جنر
Пинто	پینتو
Энрике Да Силва Гонес	هنریکه دا سیلوا گومز
Ҷамаал Ласселлс	جمال لسلز
Велтон Араужо Нело	ولتون آراخو میلو
Агустин Валидо	آگوستین ولیدو
Алан Нинейро	آلان مینیرو
Гаваторта	گاواتورتا
Алехандро Скяппарели	الخاندرو شیاپارلی
Алекс Притчард	الکس پریچارد
Алекс Смит	الکس اسمیت
Алексндре Гарсия Рибейро	آلکساندر گارسیا ریبریو
Андре Дус Сантос	آندره دوس سانتوس
Панчолӣ	پانچولی
Оливейра	اولیویرا
Марсело Моретто	مارسلو موریتو
Эзекиас	ازیکوئیس
Карлен Вартанян	کارلن وارطانیان
Перес	پرس
Ахтар Мансур	اختر منصور
Артур Ҷонсон	آرتور جانسون
Артур Латем	آرتور لاتام
Даниэл Бустос	دانیل بوستوس
Элтиню	التینو
Рикардо Банго	ریکاردو بانگو
Абӯабдуллоҳи Хоразмӣ	ابوعبدالله خوارزمی
Фрэнк Ҷидек	فرانک گیدک
Боб Робертс	باب رابرتس
Луис Мусрри	لوییس موسری
Кристиан Куэвас	کریستین کوئواس
Анри Массе	هانری ماسه
Дус Сантос Да Силва	دوس سانتوس دا سیلوا
Луис Акуня	لوئیس اکونیا
Блокли	بلوکلی
Тиуи	تیویی
Бигас	بیگاس
Луис Сезар Сампедро	لوئیس سزار سامپدرو
Мигел Гамбоа	میگل گامبوا
Бен Алгар	بن الگار
Бен Херд	بن هرد
Боб Резерфорд	باب رادرفورد
Сиддиқӣ	صدیقی
Раул Орменйо	رائول اورمنیو
Алӣ бин Абдуллоҳ Оли Сонӣ	علی بن عبدالله آل ثانی
Фаряс	فاریاس
Пелликсиари	پلیسیاری
Зарин Хон	زرین خان
Брайан Каролин	برایان کارولینا
Дерлис Гонсалес	درلیس گونزالس
Роб Хиер	راب ژیر
Хуан Херра	خوان گرا
Лиам Дикинсон	لیام دیکینسون
Мануэл Торрес	مانوئل تورس
Карлос Бурбано	کارلوس بوربانو
Севалос	سوالس
Ҳасан Фатҳӣ	حسن فتحی
Бранн	بران
Суреш Оберой	سورش اوبروی
Иброҳим ибни Илёс	ابراهیم بن الیاس
Бруно Корреа	برونو سزار
Ибни Ҳайтамӣ	ابن هیتمی
Эдвардс	ادواردز
Абдулқодир Бедил	عبدالقادر بیدل
Паркин	پارکین
Карлос Контрерас	کارلوس کونترراس
Корлус Квинтонило	کارلوس کوینتانیلا
Нэнси Линколн	نانسی لینکلن
Брайан Говард	برایان هاوارد
Рейч Картер	رایچ کارتر
Сэм Рейбоулд	سم ریبولد
Хорхе Сокяс	خورخه سوکیاس
Эктор Беренгел	هکتور برنگول
Мартинес	مارتینس
Андреа Дуро	آندرئا دورو
Владимир Ерохин	ولادیمیر یروخین
Кампос	کامپوس
Абдуллоҳ Ибни Сабаъ	عبدالله بن سبا
Насавӣ	نسوی
Карлос Гранеро	کارلوس گرانرو
Морейра	موریرا
Белфорти	بلفورتی
Рубен Инсуа	روبن اینسوا
Холиди Бармакӣ	خالد برمک
Чарли Сагар	چارلی ساگار
Хорхе Орти	خورخه اورتی
Кромптон	کرامپتون
Саид Назрулислом	سید نذرالاسلام
Тирапу	تیراپو
Себастян Торрико	سباستین تورریکو
Эдерcон Торнена	ادرسون ترومینا
Матиас Краневиттер	ماتیاس کرانویتر
Хуан Пиредо	خوآن پردا
Пикон	پیکون
Алвес Сантос	آلوز دوس سانتوس
Акоста	اکوستا
Хули	جولی
Нориега	نوریگا
Дэвид Мигелес	دیوید میگولز
Хуан Замора	خوان زامورا
Бейли	بیلی
Энрике Волфф	انریکه ولف
Хавйер Паэс	خاویر پایز
Гарсия Эрнандес	گارسیا هرناندز
Алберто Монтехо	البرتو منتجو
Артур Римович Юсупов	آرتور ریموویچ یوسوپوف
Дэвид Тимор	دیوید تیمور
Александр Бубнов	الکساندر بوبنوف
Юлайтт	اولیت
Ҳабиб Нурмагомедов	حبیب نورمحمدوف
Пол Маршалл	پل مارشال
Сезар	سزار
Бақлӣ	بقلي،
Эроншаҳрӣ	ایرانشهری
Мартин Велиска	مارتین ولیسکا
Шелтон	شلتون
Анибал Алсате	آنیبال آلساته
Клайтон	کلیتون
Антонио Салседо	آنتونیو سالدو
Эфрайн Гутйеррес	افراین گوتیرس
Дэвид Лауэри	دیوید لووری
Жан Акоста Cуарес	جیناکوستا سوارز
Тони Ваддингтон	تونی وادینگتون
Перси Д Парэвисини	پرسی د پاراویچینی
Адемар Таварес Жуниор	آدیمار تاوارز جونیور
Елтсин Техеда	یلتسین یخدا
Рамберт	رامبر
Хорхе Ларроса	خورخه لارسا
Дэвид Бардсли	دیوید باردسلی
Кристиан Фернандес	کریستیان فرناندز
Ҷантсен Деррик	یانتسن دریک
Фернандо Санчес	فرناندو سانچز
Сезар Вега	سزار وگا
Мoc	موس
Даниэл Астрайн	دانیل استروس
Даниэл Макбрин	دانیال مک‌برین
Дики Дорсетт	دیکی دورست
Эдуардо Крибари	ادواردو سریباری
Бобков	بوبکوف
Родриго	رودری
Пабло Пачеко	پابلو پاچکو
Адолфо Мачадо	آدولفو ماچادو
Ламбтон	لمبتون
Мигел Араухо	میگوئل آراجو
Инйиго Де Галаррета	انیگو د گالارتا
Гуидо Каррило	گیدو کاریشو
Кристиан Ла Гроттерия	کریستین لا گروتریا
Америко Руффино	آمریکو روفینو
Алф Хэнсон	آلف هانسون
Робин Фрайдей	روبن فرایدی
Эдуардо Домингес	ادواردو دومینگز
Фаустино Алонсо	فاوستینو آلونسو
Гари Борроудейл	گری بورودیل
Ледиaн Мeмушaй	لدیان مموشای
Маъруфи Кархӣ	معروف کرخی
Габриэл Алонсо	گابریل الونسو
Ибни Румӣ	ابن رومی
Мигел Дэвис	میگل دیویس
Николас Менчака	نیکولاس منتاکاکا
Игнасио Кале	ایگناسیو کایه
Хавйер Гонсалес	خاویر گونسالس
Хосе Луис Селае	خوزه لوئیز زالی
Маркес	مارکز
Хосе Мария Ривас	خوسه ماریا ریواس
Хэрст	هورست
Хосе	کورتا
Эммануэл Хиглиотти	ایمانوئل جیگلیوتی
Мануэл	مانلین
Кратика Сенгар	کراتیکا سینگار
Хуан Ламас	خوان لاماس
Мораэс Де Оливейра	مورایس دی اولیویرا
Сэм Миллингтон	سام میلینگتون
Горка Брит	گورکا بریت
Питер Макдоннелл	پیتر مک‌دونل
Зокиров	ذاکرف
Хондамир	خواندمیر
Умберто Осорио	هامبرتو اوسوریو
Медина	مدینا
Ибни Хузайма	محمد ابن خزیمه
Море	موره
Дино Cани	دیانو سانی
Абдулғанихон	عبدالغنی خان
Соуза Силва	سوزا سیلوا
Мигел Диас	میگل دیاس
Рафаэл Пирес	رافائل پیرس
Сувайба	ثویبه
Куки	کوکی
Рубен Фалкон	روبن فالکن
Инчаусти	اینچاوستی
Жосимар Соуза Роберто	یوسیمار سوزا روبرتو
Банйон	بانون
Тоню Гил	تونیو ژیل
Тони Гомес	تونی گومز
Жуарес	جوارز دی سوزا
Луис Мигел Родригес	لوئیس میگوئل رودریگز
Трехо	ترخو
Родриго Баттаглия	رودریگو باتگلیا
Сатурнино Арруа	ساتورنینو آروآ
Райан Диксон	رایان دیکسون
Гарсия Навахас	گارسیا ناوواس
Луис Да Силва Лемус	لوئیس دا سیلوا لموس
Пабло Пас	پابلو باس
Виктор Чоу	ویکتور چو
Федерико Сайс	فدریکو سایز
Ҳумоми Табрезӣ	همام تبریزی
Миллер	میلر
Бекназаров	بیک-نازاریان
Рон Ашман	ران اشمن
Бартон	بارتون
Рейна	رینا
Адриа Кармона	آدریا کارمونا
Вилалба	ویلالبا
Калими Кошонӣ	کلیم کاشانی
Энтони Торрес	آنتونی تورس
Виктор Хосе Поссо	ویکتور خوزه پوزو
Александр Василйев	الکساندر واسیلیف
Тононо	آنتونیو
Зарифа Алиева	ظریفه علیوا
Мур	مور
Хосе Карлос Чавес	خوسه کارلوس چاوس
Вискарра	ویزکاررا
Мануэл Хиудисе	مانوئل گیودیس
Марзбон ибни Муҳаммад	مرزبان بن محمد
Александр Балуев	الکساندر بالواو
Дик Рэй	دیک ری
Антон Коченков	آنتون کوچنکوف
Ибни Исфандиёр	ابن اسفندیار
Лукас Мугни	لوکاس موگنی
Сериони	سریونی
Алберт Стуббинс	آلبر استابینز
Дмитри Вязмикин	دمیتری ویازمیکین
Фрэнсис	فرانسیس
Индио	آنتونیو دی
Родриго Аррос	رودریگو آروز
Лоҳиҷӣ	لاهیجی
Салвадор Мариона	سالوادور ماریونا
Клаудио Верино	کلودیو ورینو
Андрей Прошин	اندری پروشین
Урибе	اوریب
Алишер Джалилов	علی‌شیر جلیلوف
Рикардо Невес	ریکاردو نیویس
Абраҳам Смит	آبراهام اسمیت
Майкон Силва Калижури	مایکون سیلوا کالیجوری
Морейра	موریرا
Касерес	کاسارس
Фран Морено	فرانی مورنو
Дус Сантос	دوس سانتوس
Тоҳир Собиров	طاهر صبیروف
Роберт Юллаторн	رابرت آلثورن
Алекс Смит	الکس اسمیت
Энди Голинаг	اندی گالیناگ
Адриан Кларк	آدریان کلارک
Алберт Бейтман	آلبرت بیتمن
Алберт Равсон	آلبرت راسون
Илёс Фахфох	الیاس فخفاخ
Перейра	پریرا
Ангел Мехяс	آنخل مییاس
Азиза Азимова	عزیزه عظیموا
Илдар Ахметзянов	ایلدار اخمتزیانف
Оскар Арпон	اسکار آرپون
Вилафанйе	ویلافینی
Артур Дэвсон	آرتور داوسون
Тадеу Моро Жуниор	تادیو مورو جونیور
Энтони Ормерод	آنتونی اورمرود
Артур Гриффитс	آرتور گریفیتس
Асиер Бараона	اسیر باراهونا
Маркелиню Родригес	مارسلینیو رودریگز
Пол Ҷеррард	پل گرارد
Ким Фомин	کیم فومین
Нозик Ҳарирӣ	نازک عوده
Одил Ибрагимов	عادل ابراهیم‌اف
Мэги	ماگی
Брокбанк	بروکبانک
Берт Дэвис	برت دیویس
Билли Нотт	بیلی نات
Носир Факӯҳӣ	ناصر فکوهی
Ҷек Хоу	جک هاو
Абдуссамад Изуддавла	عبدالصمد عزالدوله
Рафаэл	رافائل
Родриго Манка	رودریگو دیفندی
Фил Марш	فیل مارش
Абел Сеговия	ابل سگوویا
Адриан Форбс	ادریان فوربز
Фабио Лопес	فابیو لوپز
Билли Карр	بیلی کار
Даниэл Онега	دانیل اونگا
Брендан Гест	برندان مهمان
Адам Бигрейв	آدام بایگریو
Адам Робертс	آدام رابرتز
Ад Азиз	آده عزیز
Берт Фоулдс	برت فولدز
Филип Олтрамари	فیلیپه اولتراماری
Рибейро Да Силва	ریبریو دا سیلوا
Адиб Собири	ادیب صابر
Алекс Флетт	الکس فلت
Алекс Сауз	الکس ساوت
Алан Барнетт	آلن بارنت
Алберт Коллинз	آلبرت کالینز
Адам Куннингтон	آدام کانینگتون
Алберт Бартлетт	آلبرت بارتلت
Кули	چولی
Алан Уиттл	آلن ویتل
Александр Середа	الکساندر سردا
Алекс Фрага	آلکس فراگا
Адриан Вивиш	آدریان ویواش
Алберт Калленд	آلبرت کاللند
Алберт Скиннер	آلبرت اسکینر
Александр Шпаковски	الکساندر شپاکوفسکی
Педран	پدرائو
Андре Луиз	آندره لوئیز
Артуш Галстян	آرتوش گالستیان
Юри Берчиче	یوری برچیچه
Видодо	ویدودو
Кинтана	کینتانا
Артур Коутс	آرتور کوتز
Артур Годдард	آرتور گادارد
Энди Авфорд	اندی آفورد
Энди Уотсон	اندی واتسون
Энди Пул	اندی پول
Маҳендру	ماهندرو
Энтони Бриско	آنتونی بریسکو
Артур Гудайр	آرتور گودیر
Андерсон Перейра	آندرسون پریرا
Гари Баннистэр	گری بانیستر
Агустин Доменес	آگوستین دومنز
Алекс Рассел	الکس راسل
Алф О́укс	آلف اوکس
София Тӯйбоева	سوفیا تویبایوا
Алберт Гелдард	آلبرت گلدارد
Эндрю Келли	اندرو کلی
Андроник Карагезян	آندرانیک قاراگزیان
Валерио	والریو
Бернард Хаккетт	برنارد هکت
Берт Гадсден	برت گادزدن
Брэдшав	برادشاو
Пул	پول
Меҳрон Мудирӣ	مهران مدیری
Буэно	بوئنو
Родригес Гонкалвес	رودریگز گونزالوس
Фернандес	فرناندز
Хуан Домингес	خوان دومینگز
Каю	کایو
Райан Фроган	رایان فرغان
Балтасар Риго	بالتاسار ریگو
Дуркин	دورکین
Билли Харди	بیلی هاردی
Албан Ҳаррисон	آلبان هریسون
Форд	فورد
Брэдли Уолш	بردلی والش
Брайан Уайтхаус	برایان وایتهاوس
Силвани	سیلوانی
Роулингс	راولینگس
Боб Балмер	باب بالمر
Қосим ибни Ҳорун	قاسم بن هارون
Алф Бишоп	آلف بیشاپ
Билл Додгин Ҷр.	بیل داجین جونیور
Билли Бичерс	بیلی بیچرز
Тэйлор	تیلور
Брайан Албесон	برایان البسن
Грант	گرانت
Бен Холл	بن هال
Айспуруа	ایزپورا
Берт Морли	برت مرلی
Билли Барнс	بیلی بارنز
Билл Касар	بیل سزار
Бурникелл	برنیکل
Гудвин	گودوین
Арнолд Уоррен	آرنولد وارن
Иаго Бесейро	یاگو بیچیرو
Энди Лионс	اندی لیون
Бекетт	بکت
Доун	داون
Билли	بیلی لین
Брэдли Грей	بردلی گری
Морейра Силва	موریرا سیلوا
Антон Робинсон	آنتون رابینسون
Эдер Лима Дус Сантос	ادر لیما دوس سانتوس
Ламли	لاملی
Адан Годой	آدان گودوی
Боб Чатт	باب چت
Боб Фостер	باب فاستر
Бен Шерман	بن شیرمن
Бен Тозер	بن توزر
Роберто Перагон	روبرتو پراکن
Фабиано Пессуа	فابیانو پیسوا
Олни	اولنی
Берт Эрдли	برت اردلی
Берт Ллуэллин	برت لیولین
Берт Барлоу	برت بارلو
Адалберт Корпонаи	ادالبرت کورپونای
Алберт Фармер	آلبرت فارمر
Рафаэл Соса	رافائل سوسا
Оливер	الیور
Грин	گرین
Билли	بیلی کاول
Бобби Этеридҷ	بابی اترج
Силто	سیلتو
Энди Шанкленд	اندی شنکلند
Арнолд Бирч	آرنولد توس
Артур Топхэм	آرتور تافم
Артур Гримсделл	آرتور گریمسدل
Эскудеро	اسکودرو
Берт Бейврсток	برت باورستاک
Аллкок	بیل آلکاک
Браун	براون
Донкин	دونکین
Стюарт	استوارت
Кемал Иззет	کمال عزت
Луис Редер	لوئیس ردر
Салгеро	سالگرو
Агустин Ируста	آگوستین ایروستا
Алан Босвелл	آلن بوسول
Алан Гейн	آلن گانه
Алберт Флетчер	آلبرت فلچر
Боб Маунтфорд	باب مانتفورد
Санчес	سانچز
Крис Армстронг	کریس آرمسترانگ
Агустин Баттипиэди	آگوستین باتیپیدی
Александр Собко	الکساندر سوبکو
Александер Корро	الکساندر کورو
Алф Патрик	آلف پاتریک
Эндрю Маккаллох	اندرو مک کالوچ
Энди Милнер	اندی میلنر
Артур Боттом	آرتور باتم
Артур Локетт	آرتور لوکت
Самир Кэррезерс	سمیر کاروتر
Артур Уоли	آرتور والی
Инсфран	اینسفران
Энди Д Бонт	اندی د بون
Артур Арон	آرتور آرون
Хави Повес	خاوی پوز
Билли Коггинс	بیلی کوگینز
Сантос	سانتوس
Арон Браун	آرون براون
Родригес Да Силва	رودریگز دا سیلوا
Пантелеймон Ерхан	پنتلیمن ارهان
Брайан Конлон	برایان کونلون
Матарелла	ماتارلا
Алекс Смит	الکس اسمیت
Алмер Холл	آلمر هال
Уолтер Тайбо	والتر تایبو
Энди Аллен	اندی آلن
Энди Импи	اندی ایمپی
Энди Робинсон	اندی رابینسون
Антонио Муррай	آنتونیو موری
Сейран Осипов	سیران هوسپیان
Билли	بیلی آلن
Корнелиус	کورنلیوس
Боб Хэттон	باب هاتون
Сид Пуддефут	سید پودفوت
Даниэл Кинтерос	دنیل کوینتروس
Андрей Сергейевич Семёнов	آندری سرگیویچ سمیونوف
Арон Вилдиг	آرون ویلدیگ
Алан Дорни	آلن دورنی
Алексндре Фариас Де Лима Жуниор	آلکساندر فاریاس دی لیما جونیور
Алф Смит	آلف اسمیت
Эндрю Фотиадис	اندرو فوتیادیس
Энди Холдсуорт	اندی هولدسورث
Энди Митчелл	اندی میچل
Арон Стил	آرون استیل
Абигайл	ابیگیل
Адам Нюболд	آدام نیوبولد
Артур Лонгботтом	آرتور لانگ باتم
Дрейк	دریک
Энди Ли	اندی لی
Бифилд	بایفیلد
Филдинг	فیلدینگ
Артур Браун	آرتور براون
Артур Роули	آرتور رولی
Берт Гудман	برت گودمن
Дерден	دیردن
Билли Дайнсдейл	بیلی دینزدیل
Боб Адамс	باب آدامز
Боб Райдли	باب ریدلی
Камерон Белфорд	کامرون بلفورد
Карлос Перейра Да Силва	کارلوس پریرا دا سیلوا
Буртон	بورتون
Колин Корбишли	کالین کوربیزلی
Кадамартери	کآدامارتری
Дерек Ҷонс	درک جونز
Фредерик Чалкли	فردریک کلکلی
Хавйер Ледо	خاویر لدو
Фрэнк Коултон	فرانک کولتون
Форд	فورد
Чарлз Эйнсвэрт	چارلز آینزورث
Крис Бирн	کریس برن
Гуэразар	گوئرازار
Хуан Габриэл Ривас	خوان گابریل ریواس
Диего Мартинес	دیگو مارتینز
Крейг Клей	کریگ کلی
Коннор Эссам	کانر ایسام
Крейг Дудли	کریگ دادلی
Сантос Ромеро	سانتوس رومرو
Дэвид Батлер	دیوید باتلر
Оливейра	اولیویرا
Дин Брайлл	دین بریل
Деннис Ҷексон	دنیس جکسون
Дориелтон	دوریلتون
Эдмунд Курри	ادموند کوری
Педро Санчес	پدرو سانچز
Рене Роман	رنه رومان
Дайер	دایر
Грэм	گراهام
Энеко Ромо	انکو رومو
Фаридун Қоҷор	فریدون قاجار
Эвелин Линтотт	اولین لینتوت
Карл Бистон	کارل بیستون
Виктор Ибанйес	ویکتور ایبانز
Бонсон	بونسون
Фернандо Бехар	فرناندو بیجار
Пере Мартинес	پیر مارتینس
Фрэнк Гилл	فرانک گیل
Фрэд Оуэр	فرد ایور
Луис	جوزلو
Хуан Поведано	خوان پوودانو
Чарли Браун	چارلی براون
Чарли Макдоналд	چارلی مک دونالد
Клавли	کلی
Дэвис	دیویس
Смит	اسمیت
Гордон Гунсон	گوردون گونسون
Жилмак	گیلماک
Глен Доуни	گلن داونی
Келвин Кларк	کلوین کلارک
Чарлз Добсон	چارلز دابسون
Капи	کاپی
Марклай	مارکلی
Кевин Гейҷ	کوین گیج
Киран Адамс	کیرن آدامز
Кристиан Деннис	کریستین دنیس
Крейг Фарли	کریگ فارلی
Дани Боррегеро	دانی بوررگرو
Даниэл Пигин	دنیل پیگین
Кроу	کرو
Дэйв Брутон	دیو بروتون
Дэвид Дистефано	دیوید دیستفانو
Ср.	سر
Отурфарнбағ	روایات آذرفرنبغ
Дани Лопес	دنی لوپز
Данило Де Фрейтас	دانیلو دی فریتاس
Дикс	دایکس
Дин Крейвен	دین کریون
Крис Билли	کریس بیلی
Крис Корнс	کریس کورنس
Сис Бейкер	سیس بیکر
Рафаэл Соуза Силва Новаис	رافائل سوزا سیلوا نوایس
Сэвилл	ساویل
Белмар	بلمار
Эрвин Фaкaй	اروین فاکای
Бобак Занҷонӣ	بابک زنجانی
Луис Антонио Амукастегуи	لوییس انتونیو اموچاستگویی
Мактаби Шерозӣ	مکتبی شیرازی
Алиризо Зарриндаст	علی‌رضا زرین‌دست
Хуан Мануэл Кобо	خوان مانوئل کوبو
Браун	براون
Грин	گرین
Романо	رومانو
Фернандо Алкантара	فرناندو آلسانتارا
Франки Артус	فرانکی آرتوس
Фрэд Чендлер	فرد چندلر
Чарли Флетчер	چارلی فلچر
Мануэл Меса	مانوئل مسا
Марсело Каррера	مارسلو کاررا
Мэтт Ҷозеф	مت جوزف
Фрэд Финни	فرد فینی
Кристиан Тароко	کریستین تاروکو
Бивон	بیون
Даниэл Бэрретт	دنیل بارت
Бю	بیو
Дулсон	دولسون
Фишер	فیشر
Майрон Сезар Рейс	مایرون سزار رییس
Мартин Буллок	مارتین بولاک
Гарсия Роса	گارسیا روزا
Даниэл Закканти	دنیل زاکانتی
Мартин Гомес	مارتین گومز
Андерсон	اندرسون
Гилберт Годсмарк	گیلبرت گادمارک
Дэйв Метчик	دیو متچیک
Дэвид Кован	دیوید کوان
Дик Коннер	دیک کانر
Кастанйо	کاستانیو
Иван Гомес	ایوان گومز
Саравия	ساراویا
Браун	براون
Фитчетт	فیچت
Даррен Блюитт	دارن بلوویت
Дэвид Боксли	دیوید باکسلی
Дэвид Брайтвелл	دیوید برایتول
Деннис Эдвардс	دنیس ادواردز
Фарроу	فارو
Карлос Бясутто	کارلوس بیسوتو
Чарли Рис	چارلی ریس
Крис Кэррезерс	کریس کاروترز
Пилар	پیلار
Франсиско Перес	فرن پرز
Фрэнк Костелло	فرانک کاستلو
Фрэнк Эверист	فرانک اورست
Байрон Гласгоу	بایرون گلاسکو
Доналд Симпсон Белл	دونالد سیمپسون بل
Эрс	آیرس
Тэйлор	تیلور
Сэм Бирам	سام بیرام
Дянфрес Дуглас	دیانفرس داگلاس
Эдвин Холлидей	ادوین هالیدی
Хавйер Балестерос	خاویر بالستروس
Дэвис	دیویس
Калверт	کالورت
Крейвен	کریون
Муррелл	مورل
Браун	براون
Кутбэрт Каундон	کاتبرت کوندون
Карлос Трулет	کارلوس ترولت
Карлос Кесада	کارلوس کوسادا
Валенте	والنته
Кристиан Ҷолли	کریستین جولی
Вакас	واکاس
Алберто	تته
Хуан Матиас Богадо	خوان ماتیاس بوگادو
Ҷордан Чейплл	جردن چپل
Хиовагноли	جواگنولی
Крис Тёрнер	کریس ترنر
Чарлз Коттон	چارلز کاتن
Ли Коллинз	لی کالینز
Мануэл Алдай	مانوئل دی
Данило Тосело	دنیلو توسلو
Кори Барнс	کوری بارنز
Луиз Карлос Де Соуза Пинто	لوئیز کارلوس دی سوزا پینتو
Карлос Кастро	کارلوس کاسترو
Карлос Эдуардо Лопес	کارلوس ادواردو لوپز
Пол Брэдшав	پل برادشاو
Пол Коллингс	پل کالینگز
Пол Робинсон	پائول رابینسون
Фрэнсис Коули	فرانسیس کاولی
Фрэнк Аллен	فرانک آلن
Фрэд Делл	فرد دل
Габриэл Cкакт	گابریل شاشات
Франклин Твист	فرانکلین تویست
Фрэд Дунмор	فرد دانمور
Сеговия	سگوویا
Португал	پورتوگال
Ге	گی
Жувенал Да Силва	جووینال دا سیلوا
Кейт Фурфи	کیت فورفی
Хуан Армет	خوان آرمت
Хуан Карлос Ибанйес	خوان کارلوس ایبانز
Хуан Мануэл Орта	خوان مانوئل هورتا
Гарсия	گارسیا
Эд Юпсон	اد آپسون
Эдвард Бретон	ادوارد بروتون
Сезар Де Ла Ос	سزار د لا هوز
Дэмиан Факсиуто	دامیان فاچیوتو
Илс	الس
Крейг Ҳайгнетт	کریگ هیگنت
Кристиан Да Силва	کریستیان داسیلوا
Спенсер	اسپنسر
Дэвис	دیویس
Ҳерберт Дейл	هربرت دیل
Катриэл Орселет	کاتریل اورسلت
Иэн Бруннсчвилер	آیین برونشوایلر
Чолинор	چالینور
Магуфулӣ	ماگوفولی
Карлос Ссиукатти	کارلوس سیوکاتی
Карлос Сантос Де Хесус	کارلوس سانتوس دی جسوس
Гослинг	گاسلینگ
Ҷейми Хоуелл	جیمی هاول
Карри	کوری
Беннетт	بنت
Карлос Соса	کارلوس سوسا
Айкарт	ایکارت
Пепе Палау	پپه پالائو
Перси Доунс	پرسی داونز
Питер Форд	پیتر فورد
Чарли Барнетт	چارلی بارنت
Данило Диас	دانیلو دیاز
Эдмондсон	ادموندسون
Дик Холл	دیک هال
Крис Браун	کریس براون
Дин Кромби	دین کرامبی
Дон Дорман	دان دورمان
Чарли Бирмингхэм	چارلی بیرمنگام
Крис Фристон	کریس فرستون
Коллинсон	کالینسون
Денни Колс	دنی کولز
Дэвид Корбетт	دیوید کوربت
Эрнан Моралес	هرنان مورالس
Эмилио Санчес	امیلیو سانچز
Эрнест Харт	ارنست هارت
Себак	بن یحیی سیبک
Куннингхем	کنی کانینگهام
ибни Нуфайл	بن نفیل
Колин Бразир	کالین برازیر
Энрик Рибелес	انریک ریبلس
Чарлз Беннетт	چارلز بنت
Крис Тэйлор	کریس تیلور
Блэкбэрн	بلکبرن
Эдмунд Берри	ادموند بری
Эрик Дэвис	اریک دیویس
Эрни Эддс	ارنی اددز
Кристиан Хеандет	کریستین ژانت
Голдсон	گلدسون
Кристиан Рами	کریستین رامی
Даниэл Чиллингуорт	دانیل چیلینگورث
Дэвид Бейлисс	دیوید بیلیس
Чарли Коладин	چارلی کالالدین
Крис Гленнон	کریس گلنون
Фрэд Барбэр	فرد باربر
Себастян Родригес	سباستین رودریگز
Даниэл Бланко	دنیل بلانکو
Денни Роус	دنی رز
Даррен Буллок	دارن بولاک
Валден	والدن
Хави Кастелано	خاوی کاستلانو
Фрэд Эйви	فرد آوی
Фрэд Блинхорн	فرد بلین هورن
Лен Астилл	لن استیل
Да Силва Коста	دا سیلوا کوستا
Дайкер	دیکر
Лионел Эйнсвэрт	لیونل اینسورث
Энрике Карренйо	انریکه کارنیو
Эрни Коквет	ارنی کوکه
Карвалю	کاروالیو
Филип Вакериса	فیلیپه ویریزا
Искиердо	ایزکیردو
Рег Бартон	رگ بارتون
Рекс Адамс	رکس آدامز
Дики Бог, Ҷр	دیکی باگ جونیور
Дритaн Бaбaмустa	دریتان باباموستا
Годиню Филип	گودینیو فیلیپه
Дейл Бантон	دیل بانتون
Дик Спенс	دیک اسپنس
Дэйв Брэммер	دیو برامر
Дэвид Артелл	دیوید آرتل
Дэвид Кросс	دیوید کراس
Конрад Уорнер	کانرد وارنر
Виейра Cуарес	ویرا سوارز
Дэвид Браун	دیوید براون
Дин Григус	دین گریگوس
Дик Эбдон	دیک ابدون
Диего Жиаретта	دیه گو جیاریتا
Гари Уилямс	گری ویلیامز
Крудгингтон	کرودینگتون
Бил	بیل
Гровс	گروز
Морено	مورنو
Какурян	چاکوریان
Фернандо Де Мора	فرناندو دی مورا
Фрэнк Каспер	فرانک کاسپر
Фариас Де Мора	فاریاس دی مورا
Браохос	براوخوس
Роке Меркурй	روکه مرکوری
Маркинюс Кариока	مارکینوس کاریوکا
Дэвис	دیویس
Дмитри Зюганов	دمیتری زوگانوف
Эдгар Филд	ادگار فیلد
Эдмар	ادمار
Дэйв Беннетт	دیو بنت
Мануэл Жозе Диас	مانوئل خوزه دیاز
Фрэнсис Суарес	فرانسیس سوارز
Фрэнк Брум	فرانک بروم
Фрэд Фейерс	فرد فایرز
Фрэд Приест	فرد پریست
Эдон Ҳaсaни	ادون حسنی
Гаделя	گادیلا
Фрэнсис Чекленд	فرانسیس چکلند
Фрэд Пелли	فرد پلی
Гари Уоррен	گری وارن
Вудхол	وودهال
Да Силва Моро	دا سیلوا مورو
Луиз Камарго	لوئیز کامارگو
Миранда Да Силва	میراندا دا سیلوا
Болагер	بالاگر
Каприс	کابریس
Ҷейк Ривс	جیک ریوز
Стюарт	استورت
Грам Карр	گرم کار
Элтон Кочa	التون کوچا
Эмилио	امیلیو
Фрагапане	فراگاپانه
Мэтт Гровс	مت گرووز
Мел Каплетон	مل کاپلتون
Мики Сейв	میکی کیو
Филип Беневидес	فیلیپه بنویدس
Марк Матеу	مارک ماتوو
Балтазар	بالتازار
Маркус Бин	مارکوس بین
Марк Уорд	مارک وارد
Мэтю Гардинер	متیو گاردینر
Фрэд Моррис	فرد موریس
Антонио	آنتونیو
Лобато Да Роша	لوباتو دا روخا
Ян Фэрбротер	یان فیربرادر
Ҳаролд Белл	هارولد بل
Кей	کی
Фрэнк Клэк	فرانک کلون
Маркус Миранда	مارکوس میراندا
Марк Кузинс	مارک کازین
Мэрӣ Пэт Глисон	مری پت گلیسون
Форстер	فورستر
Эрнест Блэкбэрн	ارنست بلکبرن
Эрни Калаган	ارنی کلاگهان
Фрэнк Драббл	فرانک دریبل
Фрэд Корбетт	فرد کوربت
Фрэд Тунстол	فرد تونستال
Фабио Силва	فابیو سیلوا
Лиллис	لیلیس
Бурлай	بورلی
Фрэнк Бреттелл	فرانک برتل
Твентиман	تونتیمان
Браун	براون
Бродхид	برادهد
Дорни	دورنی
Видлер	ویدلر
Данн	دان
Чендлер	چندلر
Аткинсон	اتکینسون
Стоетен	استوتن
Фарҳод Тоҳиров	فرهاد طاهرف
Де Кастро Гонсалвес	دی کاسترو گونزالوس
Тед Брейтвайт	تد بریثویت
Гари Барнетт	گری بارنت
Аллман	آلمن
Гордон Харрис	گوردون هریس
Карл Роус	کارل رز
Кейт Беббингтон	کیت ببینگتون
Ҳаролд Фитспатрик	هارولد فیتزپاتریک
Торнюелл	تورنول
Ибни Амид	ابن عمید
Бедфорд	بدفورد
Наргис Бандишоева	نرگس بندی‌شاهوا
Армстронг	آرمسترانگ
Кросленд	کراسلند
Насафӣ	نسفی
Орас Гловер	هوراس گلاور
Хавйер Сонйер	خاویر سونیر
Абдулмалик Бурҳонӣ	عبدالملک برهانی
Коллин	کالین
Алсоп	السپ
Иран Де Оливейра	ایران ده الیویرا
Эрмир Леняни	ارمیر لنیانی
Баннистэр	بانیستر
Мансисидор	مانسیدور
Густаво Алфаро	گوستاوو آلفارو
Ҳаролд Пэрсон	هارلد پیرسن
Белл	بل
Николас Морено	نیکلاس مورنو
Деннис	دنیس
Хуан Мануэл Кеведо	خوان مانوئل کودو
Френч	فرنچ
Хуан Рамон Флеита	خوان رامون فلیتا
Шамсуддин ибни Қайси Розӣ	شمس قیس رازی
Фаррухҳурмуз	فرخ‌هرمز
Энрике Андраде Силва	هنریکه آندراده سیلوا
Имоди Қирмонӣ	عماد فقیه کرمانی
Ник Давс	نیک داوز
Николас Кеолин	نیکولاس سئولین
Хоан Голобарт	خوان گولوبرت
Биром	بایرم
Мария	ماری
Абутуроби Исфаҳонӣ	ابوتراب اصفهانی
Ян Далзил	ایان دلازل
Генри Хиллесс	هنری هیلس
Матиас Родригес	ماتیاس رودریگز
Яғмои Ҷандақӣ	یغمای جندقی
Абуҳамзаи Хуросонӣ	ابوحمزه خراسانی
Хорхе Тройтейро	خورخه تروینیرو
Маҳдӣ Султонӣ	مهدی سلطانی
Ян Гор	ایان گور
Гринхалг	گرینهالگ
Ҳерберт Ливи	هربرت لیوئی
Ли Кановилл	لی کنوویل
Лю Чаттерли	لو چترلی
Лиам Серкомб	لیم سرکومبه
Пол Блэк	پل بلک
Перси Гросвенор	پرسی گروسونور
Фил Гилкрист	فیل گیلکریست
Дэмиан Перес	دامیان پرز
Ирвин Букок	ایروین بوکوک
Абрахамс	آبراهام
Ушӯс	اوخوس
Марсел Cакраненто	مارسل ساکرامنتو
Уилямс	ویلیامز
Кевин Бёрд	کوین برد
Ян Бишоп	ایان بیشاپ
Бобошоҳи Исфаҳонӣ	باباشاه اصفهانی
Ян Купер	ایان کوپر
Мариано Биттоло	ماریانو بیتولو
Пол Ҷонс	پل جونز
Пол Лодг	پل لاج
Исиерте	ایسیرت
Рубио	روبیو
Мариано Да Силва	ماریانو دا سیلوا
Ли Коллинз	لی کالینز
Питер Роналд	پیتر رونالد
Карлос Сантос Да Силва	کارلوس سانتوس دا سیلوا
Галван	گالوان
Хуан Матиас Фискер	خوان ماتیاس فیشر
Хуанпе	یوانپ
Бартлетт	بارتلت
Уилям Боссонс	ویلیام بوسونز
Митчелл	میچل
Батиста Де Франcа	باتیستا دی فرانسا
Гиллиган	گیلیگان
Ҷои Уилямс	ویلیامز
Хорхе Перейра Диас	خورخه پریرا دیاز
Умберто	اومبرتو
Таркоуски	تارکووسکی
Баррон	برون
Хано	جانو
Роҳит Шеттӣ	روهیت شتی
Питер Карр	پیتر کار
Питер Фокс	پیتر فاکس
Сюелл	سول
Исидро Диас	ایسیدرو دیاز
Роке Авалай	روکه اوالی
Фэрбротер	فیربرادر
Роберто Бланко	روبرتو بلانکو
Роберто Санчес	روبرتو سانچز
Иван Кандела	ایوان کاندلا
Иняки Бергара	انیاکی برگارا
Элкс	الکس
Сантяго Давио	سانتیاگو داویو
Атэртон	آترتون
Гарсид	گارساید
Аҳмад Мирмуншӣ	احمد منشی
Хант	هانت
Ралф Бэнкс	رالف بنکس
Ралф Годи	رالف گادی
Рамон Перейра	رامون پریرا
Рег Мэтюз	رگ متیوز
Рег Форестер	رگ فارستر
Хуан Сара	خوان سرا
Ян Боҷи	ایان بوگی
Ян Дерден	ایان دوردن
Лиам Коулман	لیام کلمن
Ибни Ямини	ابن یمین
Ян Блэкстон	ایان بلکستون
Ян Кларксон	یان کلارکسون
Алтуна	التونا
Ҷек Биерс	جک بایرز
Марк Андерсон	مارک اندرسون
Марк Бернард	مارک بارنارد
Марк Картер	مارک کارتر
Лукас Онтиверо	لوکاس اونورو
Рассел Аллен	راسل آلن
Горман	گورمن
Майкл О'гради	مایکل اوگریدی
Ричард Борн	ریچارد بورن
Райан Колклоф	رایان کلاف
Фрэнсис	فرانسیس
Маҳмуд Киёнӯш	محمود کیانوش
Мануэл Паломеке	مانوئل پالمکه
Ризо Коҷаоғлу	رضا کجااوغلو
Манселл	منسل
Доллинс	دولین
Готеридҷ	گوتریج
Хосе Диас	خوزه دیاز
Юлиан Рубио	خولیان روبیو
Мик Дохерти	میک دوشری
ибни Алӣ	بن علی
Браун	براون
Хорхе Казуло	خورخه کازولو
Маргарет Ҳефернан	مارگارت هِفرنان
Cеба	سابا
Данби	دانبی
Аллан	آلن
Ли Харпер	لی هارپر
Лен Ҷулианс	لن جولیانز
Алкайде	الساید
Амарал	آمارال
Кобб	کاب
Армстронг	آرمسترانگ
Сэм Рассел	سم راسل
Скотт Фитсгералд	اسکات فیتزجرالد
Шон Ригг	شان ریگ
Де Оливейра Баррус	دی اولیویرا باروس
Ҷон Эбботтс	جان ابتز
Мэтт	مت دوتی
Иригойтия	ایریگوییا
Калви	کلوی
Хуан Рамон	خوان رامون
Роблес	روبلس
Белл	بل
Гадстон	گدستون
Мария Кабо	کابو
Кевин Кэрнс	کوین کیرنز
Симнонӣ	سمنانی
Додмеҳр	دادمهر
Антонио Коладо	کلادو
Алваро Арройо	الوارو ارویو
Нейл Дохерти	نیل دوهرتی
Крeнaр Aлимeҳмeти	کرنار علی‌محمدی
Маннинг	منینگ
Арнолд	آرنولد
Годдард	گادارد
Гарсия	گارسیا
Сантос Де Оливейра Гонес	سانتوس دی اولیویرا گومز
Хорхе Бартуал	خورخه بارنال
Ҷозеф Депледҷ	جوزف دیگرو
Хуан Эскудеро	خوان اسکودرو
Хуан Сабия	خوان سابیا
Мареня	مارینیا
Лусини	لوسینی
Стив Бушелл	استیو بوشل
Стив Ҷонс	استیو جونز
Стюарт Уиттакер	استوارت ویتاکر
Халсол	هالسل
Кортни Хос	کورتنی هاوز
Лаура Рафолс	لورا روفولز
Падовани Келин	پادوانی سلین
Лен Карни	لن کارنی
Ферейра	فریرا
Лес Девоншир	لس دونشایر
Жуниор Бент	جونیور خم
Гейл	گیل
Диксон	دیکسون
Хорхе Палатси	خورخه فالسی
Мхитарян	مختیاریان
Стефен Белл	استفان بل
Стив Боутелл	استیو بوتل
Кваме Адҷеман Пэмби	کوامه ادجمن-پامبو
Киксда	کویسادا
Верон	ورون
Маркус Дус Сантос	مارکوس دوس سانتوس
Марк Бакленд	مارک باکلند
Кевин Бэргесс	کوین برگس
Кевин Стид	کوین استید
Карвалю	کاروالیو
Ли Чарлз	لی چارلز
Ли Филдвик	لی فیلدویک
Люис Дунк	لوئیس دانک
Лиам Чилверс	لیام چیلرز
Жобcон	جابسون
Алекс Де Соуза Силва	آلکس دی سوزا سیلوا
Оскар Брусон	اسکار بروزن
Роберто Мораис Жуниор	روبرتو مورایس جونیور
Бадри Ҷоҷармӣ	بدر جاجرمی
Лейре Ланда	لیر لاندا
Люис Гай	لوئیس گای
Абуҳотими Сиҷистонӣ	ابوحاتم سجستانی
Нилдесон	نیلدسون
Миках Эванс	مایکل اوانز
Мишел Алвес	مایکل آلوز
Жуниор	جونیور
Линдон Райв	لیندون رایو
Питер Буллок	پیتر بولاک
Питер Коупер	پیتر کوپر
Фил Бил	فیل بیل
Лукас Фернандес	لوکاس فرناندز
Кайли Фрейср Аллен	کایل فریزر-الن
Лори Каллауэй	لوری کالووی
Рафаэл Де Соуза	رافائل دیه سوزا
Люис Чристон	لوئیس کریستون
Вароз Тирдод	وراز تیرداد
Ли Эндрюс	لی اندروز
Ли Дэррант	لی دورانت
Ли Ричардсон	لی ریچاردسون
Батиста Да Силва	باتیستا داسیلوا
Марсело Де Соуза	مارسلو دی سوزا
Марк Друс	مارک دروز
Бернарди Силва	برناردی سیلوا
Алмейда	آلمیدا
Питер Годфри	پیتر گادفری
Фил Кларксон	فیل کلارکسون
Лоуренс Оссоли	لارنس آزبورن
Мэтт Кингсли	مت کینگزلی
Рудкин	ردکین
Тони Адкок	تونی ادکاک
Марселу Ребелу де Соуза	مارسلو ربلو دی سوسا
Эстебан	استبان
Рэй Ханкин	ری هانکین
Робби Деверюкс	رابی دورو
Род Братваайт	راد براتویت
Андраде	آندراده
Перейра Баррус	پریرا باروس
Уолтер Перассо	والتر پراتزو
Пента	پنتا
Буллимор	بولیمور
Бэкон	بیکن
Сэм Хоскинс	سام هوسکینز
Скотт Форбс	اسکات فوربز
Уолтер Гиллиат	والتر گیلیات
Гарро	گررو
Лукас Да Силва	لوکاس دا سیلوا
Лучано	اسیس
Силва	سیلوا
Тэйлор	تیلور
Абуалӣ Маъмун ибни Муҳаммад	ابوعلی مأمون بن محمد
Маркос Маркес	مارکوس مارکز
Луиз Де Соуза Cуарес	لوئیز دی سوزا سوارز
Майк Бэрретт	مایک برت
Раул Дел Кампо	رائول دل کامپو
Майдер Кастило	میدر کاستیلو
Майк Пиннер	مایک پینر
Серхио Суарес	سرخیو سوارز
Симон Брайант	سایمون برایانت
Эллисон	آلیسون
Александр Погорелов	الکساندر پوگوریلف
Лука Колеман Карр	لوکا کلمن-کار
Луис Тонелотто	لوئیس تونلوتو
Матиас Корухо	ماتیاس کروخو
Провербс	پروربز
Шакурӣ	شکوری
Андерсон	اندرسون
Абулфатҳи Бустӣ	ابوالفتح بستی
Майкл Колсон	مایکل کولسن
Марк Колсон	مارک کولسن
Мэтю Боуман	متیو بومن
Ричард Аллсебрук	ریچارد آلزبروک
Роберт Коднер	رابرت کودنر
Майкл Блэквуд	مایکل بلک وود
Майкл Кол	مایکل کول
Натан Смит	نیتن اسمیت
Стив Браун	استیو براون
Де Кянсио	ده سیانسیو
Марк Гардинер	مارک گاردینر
Нестор Албяч	نستر البیاچ
Мигел Арасил	میگل اراسیل
Биумонт	بومونت
Монти Гарленд	مانتی گارلند-ولز
Пол Боугетт	پل بوگت
Пол Ҷонсон	پل جانسون
Мики Беннетт	میکی بنت
Оливер Браун	الیور براون
Натан Адамс	ناتان آدامز
Туртон	ترتون
Нейл Остин	نیل آستین
Нейл Грейстон	نیل گریستون
Ричард Купер	ریچارد کوپر
Зарриндаст	زرین‌دست
Натан Арнолд	ناتان آرنولد
Энрике Мартинс	هنریکه مارتینز
Леонид Смирнов	لئوندی اسمیرنوف
Патрик Пембертон	پاتریک پمبرتون
Пол Эдмундс	پل ادموندز
Бейкер	بیکر
Пол Дайер	پل دایر
Стэн Фоксол	استن فاکس
Перси Черретт	پرسی چررت
Уилям Роша Алвес	ویلیام روخا آلوز
Умар Гарсия	عمر گارسیا
Пол Рид	پل رید
Фил Греатвич	فیل گریویچ
Коуан Хол	کوان هال
Перси Эндрюс	پرسی اندروز
Питер Андерсон	پیتر اندرسون
Питер Бейкер	پیتر بیکر
Энрике Гонсалвес	هنریکه گونزالوس
Кампус Сантос	کامپوس سانتوس
Питер Ҷонсон	پیتر جانسون
Мари	ماری
Пол Доннелли	پل دانلی
Муҳаммадалихон Таҷришӣ	محمدعلی‌خان تجریشی
Рэй Годдард	ری گادارد
Рэй Кинг	ری کینگ
Рита Баҳодурӣ	ریتا بهادری
Роб Боуман	راب بومن
Пол Кросс	پل کراس
Педро Вега	پدرو ویگا
Перси Аллен	پرسی آلن
Алдертон	آلدرتون
Лузардо	لوزاردو
Рамон Монтесинос	رامون مونتینوس
Рис Беннетт	ریس بنت
Рикардо Пинто	ریکاردو پینتو
Шон Гарнетт	شان گارنت
Отон	اوتون
Питер Браун	پیتر براون
Том Бэмфорд	تام بامفورد
Рафаэл Куэлю	رافائل کوئلیو
Рис Грей	ریس گری
Реймонд Бейли	ریموند بیلی
Роберто Жуниор	روبرتو جونیور
Грайэб	گریب
Блейк	بلیک
Род Флетчер	راد فلچر
Роке Бурела	روکه بورلا
Рон Феррир	ران فریر
Рубен Феррер	روبن فرر
Рэй Гилл	ری گیل
Раул Домингес	رائول دومینگز
Фил Келли	فیل کلی
Роберт Эванс	رابرت اونز
Сид Бинкс	سید بینکس
Сидни Блунт	سیدنی بلانت
Рубен Хурадо	روبن جورادو
Сэм Багнол	سام بگنال
Сэм Кокс	سام کاکس
Гоулден	گودن
Тай Гуден	تی گودن
Себастян Пол	سباستین پل
Ризо Волӣ	رضا والی
Ричард Фенвик	ریچارد فنویک
Фагундес	فاگوندس
Филдинг	فیلدینگ
Раимундо Жуниор	رایموندو جونیور
Константин	کونستانتین
Стив Кугги	استیو کوگی
Стюарт Барроуклоф	استوارت باروکلاف
Уолтер Буссе	والتر بوس
Шаҳло Риёҳӣ	شهلا ریاحی
Себастян Бласкес	سباستین بلاسکز
Вагнер Кариока	واگنر کوریا
Вилар	ویلار
Ричард Кэхилл	ریچارد کیهیل
Ричард Гарсия Миранда	ریچارد گارسیا میراندا
Спенсер Уелан	اسپنسر ولان
Рубен Ануарбе	روبن اناواربه
Сэм Эллис	سام الیس
Родриго Эсекйел Диас	رودریگو زکوئیل دیاز
Скотт Бэрретт	اسکات بارت
Себастян Асет	سباستین است
Рафаэл Да Коста	رافائل دا کوستا
Шарат Саксена	شارات ساکسنا
Стив Агню	استیو اگنو
Сэм Диринг	سم دیرینگ
Самуэл Добсон	ساموئل دابسون
Колкомб	کولکام
Себастян Беккасесе	سباستین بکاکس
Аҳмад	احمد
Стив Бартон	استیو برتون
Стив Ҷонс	استیو جونز
Сэм Вивер	سم ویور
Самуэл Элиас Кармо Cуарес	ساموئل الیاس کارمو سوارز
Стюарт Алдэрсон	استوارت آلدرسون
Шейн Брэдли	شاین بردلی
Стив Дэвис	استیو دیویس
Тяго Гентил	تیاگو جنتیل
Томас Аллин	توماس آلین
Блай	بلی
Иглесяс	ایگلسیاس
Стив Томпсон	استیو تامسون
Стюарт Бивон	استوارت بیون
Стив Дейли	استیو دیلی
Стив Эмери	استیو امری
Стюарт Ли	استوارت لی
Тони Бентли	تونی بنتلی
Стюарт Мейсон	استوارت میسون
Маноло Эрреро	مانولو هررو
Тикан	تیکائو
Бойл	بویل
Трэвор Берри	ترور بری
Вагнер Да Силва Морейра	واگنر دا سیلوا موریرا
Басавилбасо	باساویلباسو
Бектон	بکتون
Том Холфорд	تام هولفورد
Тони Бонесси	تونی بنزی
Тайрон Берри	تایرون بری
Пеня	پنیا
Томас Воланс	توماس والیس
Константинов	کنستانتینوف
Аркесден	آرکسدن
Тони Арроусмит	تونی اروسمیت
Томас	توماس
Уейн Биггинс	وین بیگینز
Виктор Аматти	ویکتور اماتی
Бэррелл	بورل
Ланкастер	لنکستر
Том Бакстэр	تام باکستر
Ландер	لندر
Устод Сис	استادسیس
Оскар Гарсия	اسکار گارسیا
Велингтон Гонсалвес	ولینگتون گونزالوس
Уилсон Антонио	ویلسون آنتونیو
Эйвиард	آویارد
Уес Фогден	وس فوجن
Уилям Войси	ویلیام وویزی
Торрес	تورس
Санъонӣ	صنعانی
Фрэд Барнетт	فرد بارنت
Карлин	کارلین
Монтеагудо	مونتاگودو
Ингрэм	اینگرام
Антонио Лекуга	تونی لچوگا
Дел Морал	دل مورال
Роб Эдвардс	راب ادواردز
Ҷек Хилл	جک هیل
Cержиню	سرجینیو
Мария	ماریا
Берт Рингрос	برت رینگروس
Ромеро Хименес	رومرو خیمنز
Иван Торрес	ایوان تورس
Пейн	پاین
Мэтю Фокс	متیو فاکس
Фрэнсис Павсон	فرانسیس پاوسون
Иманол Алгуасил	ایمانول آلگواسیل
Нейл Гоф	نیل گوو
Эйтчисон	آیچیسون
Мартин Грейнгер	مارتین گرینگر
Акройд	اکروید
Иван Пеняранда	ایوان پنیاراندا
Алберто	البرتو
Пабло Родригес	پابلو رودریگز
Сантяго Экеверрия	سانتیاگو اچوریا
Витор Ҳюго	ویتور هوگو
Ҷавоншер	جوانشیر
Ҷереми Ганн	جرمی گان
Николас Горосито	نیکلاس گوروسیتو
Смит	اسمیت
Фил Иствуд	فیل ایستوود
Браун	براون
Крис Чарсли	کریس چارسلی
Том Барнетт	تام بارنت
Хуанито	خوانیتو
Пепен	پپین
Педро Акино	پدرو آکوینو
Рафаэл	آلمائو
Стив Бейкер	استیو بیکر
Ари Клененте	اری کلمنته
Сид Корфилд	سید کورفیلد
Шоҳэй Уну	شاهی اونو
Тоунроу	تاونرو
Арман Товмасян	آرمان توماسیان
Сушант Сингҳ Раҷпут	سوشانت سینگ راجپوت
Оливер Уители	الیور واتلی
Гатри	گاتری
Ҷон Эванс	جان ایوانز
Ҳаролд Бодл	هارولد بادل
Серхио Тамайо	سرخیو تامایو
Ли Эллингтон	لی الینگتون
Хавйер Клаут	خاویر کلوت
Жовино Виана Жуниор	جوینو ویانا جونیور
Дакуорт	داکورث
Мигел Д Соуза	میگل د سوزا
Урселай	اورزلای
Маҳмуд	محمود
Баннистэр	بنیستر
Фуллер	فولر
Эшли Уествуд	اشلی وستوود
Марк Моррис	مارک موریس
Скарз	اسکارز
Резерфорд	رادرفورد
Хуан Карселен	خوان کارسلین
Мехия	مخییا
Алекс Гибсон	الکس گیبسون
Мёрфи	مورفی
Бол	بال
Майкл Броф	مایکل برو
Марк Аллотт	مارک آلوت
Мунета	مونتا
Артер	آرتر
Висенте Симон	ویسنته سیمون
Скотт	اسکات
Мервин Гилл	مروین گیل
Алф Ҷефферис	آلف جفریز
Клейтон	کلیتون
Иняки Эраня	اینیاکی ارنیا
Ҳайсам ибни Ториқ Оли Саъид	هیثم بن طارق آل سعيد
Эррасти	اراستی
Пирони Гушнасп	پیران گشنسپ
Майк Хеллавелл	مایک هلاول
Муллинс	مالینز
Сэмми Армс	سامی آرمز
Силва Дус Сантос	سیلوا دوس سانتوس
Мануэл Редондо	مانوئل ردوندو
Рафаэл Гуссо	رافائل گوزو
Марк Ангел	مارک آنجل
Антонио Нето	آنتونیو نیتو
Саҳл ибни Ҳорун	سهل بن هارون
Озод Пирӯз	آزاد پیروز
Рамон	رامون
Керстӣ Калюлайд	کرستی کالیولاید
Клим Чурюмов	کلیم چوریوموف
Ҳотами Асам	حاتم اصم
Гарсия	گارسیا
Антонио	ژوانین
ибни Масъуди Айёшӣ	بن مسعود سمرقندی
Алайн Эйсменди	الن ایزمندی
Диккулҷинн	عبدالسلام بن رغبان
Леандро Cена	لئاندرو سنا
Исфандиёз	اسفندیاذ
Иброҳим ибни Таҳмон	ابراهیم بن طهمان
Рубен Бланко	روبن بلانکو
Аделина Тоҳирӣ	آدلینا طاهیری
Марвон Кензорӣ	مروان کنزاری
Исроил Пуэрто	اسرائیل پورتو
Хесус Алваро	خسوس الوارو
Сайидои Насафӣ	سیدای نسفی
Даниэл Де Оливейра	دانیل دی اولیویرا
Маҷнун	بن
Эктор Белерин	هکتور بلرین
Де Оливейра Рамиро	دی اولیویرا رامیرو
Алекс Энрике Да Силва	الکس انریکه دا سیلوا
Габриэл Кармо	گابریل کارمو
Эдерcон	ادیرسن
Хуан	خوانین
Абдуллоҳи Паҳанг	عبدالله پاهانگ
Айсен Николаев	آیسن نیکولایف
Александр Головин	الکاسندر گولووین
Аспод Гушнасп	اسپد گشنسپ
Луис Гайа	لوییس گایا
Хуан Маркариэ	خوان مارکاری
Алф Грей	آلف گری
Эрик Барнс	اریک بارنز
Кесада	کسادا
Коултирст	کولتشنه
Лукас Куэлю	لوکاس کوئلیو
Бен Ҳарди	بن هاردی
Ҷимми Асхол	جیمی اشال
Аллен	آلن
Рис Чарлс Кук	ری‌یایس چالز-کوک
Антонио Сеоане	تونی سوان
Мартин	مارتین
Элиас Силва	الیاس سیلوا
Петролина	پترولینا
Кимберлӣ Куинн	کیمبرلی کوئین
Алиризо Аскари Човарзи	علیرضا عسکری چاوردی
ибни Аббос	بن عباس
Хуан Мануэл	یوانما
Майк Фостер	مایک فاستر
Марч	مارچ
Фабрисио Баiано	فابریسیو بایانو
Лучано Гуайкокеа	لوچیانو گوایکوچا
Адама Траоре	آداما ترائوره
Марсело Галеасси	مارسلو گالاتزی
Херард Мунйос	جرارد مونیز
Рэй Телфорд	ری تلفورد
Дерек Брайан	درک برایان
Бармби	بارمبی
Дорлинг	دورلینگ
Хави Кабесас	خاوی کابزاس
Мас	ماس
Муртазо Пошоӣ	مرتضی پاشایی
Николас Милеси	نیکولاس میلسی
Виктор Афонсо	ویکتور افونسو
Эвертон Cуарес	اورتون سوارس
Нарсе	نرسه
Эктор	پاچا
Пабло Суарес	پابلو سوارز
Эдгар Эрнандес	ادگار هرناندز
Райан Тафазолли	رایان تفضلی
Фабио Барбоза	فابیو باربوسا
Род Адамс	راد آدامز
Мануэл Гарсия	مانوئل گارسیا
Женерcон	ژمرسون
Антонио Гомес	انتونیو گومز
Крейг Брахэм Барретт	کریگ براهام بارت
Хорхе Эрреро	خورخه هررو
Дэвид Мартин	دیوید مارتین
Дэвид Коулман	دیوید کلمن
Луис Сааведра	لوئیس ساودرا
Патрик Кессиди	پاتریک کسیدی
Вейнврайт	وین رایت
Саму Кастилехо	سامو کاستیه‌خو
Хесус Аяла	خسوس ایالا
Гил	گیل
Кике Де Ла Мата	کیکه د لا موتا
Роке Меса	روکه مسا
Иван Хименес	ایوان خیمنز
Билл Харт	بیل هارت
Дэйв Адамсон	دیو آدامسون
Пэт Куфф	پت کاف
Гари Гермейн	گری گرمین
Хуан Мануэл Лобато	خوان مانوئل لوباتو
Пол Брюс	پل بروس
Ковус ибни Хорохуруҳ	کاووس بن خاراخره
Дарбайшир	داربیشر
Кэн Бауэр	کن باور
Кабрал	کابرال
Дэвид Бучанан	دیوید بوکانان
Майкл Картер	مایکل کارتر
Али Утуш	علی اوتوش
Лукан	لوسائو
Эдисон Билбао	ادیسون بیلبائو
Сито Қосимӣ	سیتا قاسمی
Эрнандес	هرناندز
Акоста	آکوستا
Пэт Карран	پت کران
Ли Грегори	لی گرگوری
Меҳрони Розӣ	مهران رازی
Амари'и	آماری
Хуан Мартин Лусеро	خوان مارتین لوسرو
Даниэл Эспехо	دانی اسپجو
Маркос Акуня	مارکوس آکونیا
Ҳерберт Браун	هربرت براون
Лукас Албертенго	لوکاس البرتنگو
Бартрам	بارتام
Феде Сан Эметерио	فده سان امترزیو
Даниэл Денот	دنیل دنو
Рустами	رستم
Хуан Эснайдер	خوان اسنایدر
Энрик Пи	انریک پی
Алфред Болтон	آلفرد بولتون
Марк Фрэнсис	مارک فرانسیس
Франко	راینو
Алессандро	الساندرو
Фран Родригес	فران رودریگز
Филип Да Круз	فیلیپه دا کروز
Бидун	بیندو
Моили Ҳиравӣ	مایل هروی
Антон	انتون
Гумбау	گامبائو
Дэвид Симон	داوید سیمون
Эбиню	ابینیو
Мусалов	موسالوف
Стивен Блейни	استیون بلنی
Хуан Круз Реал	خوان کروز رئال
Хуан Лескано	خوان لسکانو
Рис Ҷеймс	ریس جیمز
Добсон	دوبسون
Дус Сантос Ферейра	دوس سانتوس فریرا
Рендал	رندل
Фигал	فیگال
Бобоназарова	بوبونازارووا
Диего Агирре	دیگو اگیره
Григорян	گریگوریان
Кэн Бэрретт	کن بارت
Андерсон Лопес	اندرسون لوپز
Шаҳриваш	شهریوش
Адам Марриотт	آدام ماریوت
Исмоил Барраган	اسماعیل باراگان
Блумфилд	بلومفیلد
Эдипо Родригес	ادیپو رودریگز
Берт Спридбури	برت اسپردبری
Унай Албисуа	اونای البیزوا
Волкс	واولکس
Луисми	لویمی
Алекс Беренгер	الکس برنگر
Кармона	کارمونا
Гуиле Лопес	ژیل اندرس
Саму Мартинес	سامو مارتینز
Хесус	چخو
Антонио Домингес	انتونیو دومینگز
Карлос Кастро	کارلوس کاسترو
Аймар Моратала	ایمار موراتالا
Алекс Босомуорт	الکس بوسومورث
Серхио Ламас	سرخیو لماز
Купер	کوپر
Забала	زابالا
Бен Фремпах	بن فرمگاه
Бруно Гонсалес	برونو گونزالس
Мато	ماتو
Кейт Финч	کیت فینچ
Дамайан	دومگان
Уолтер Гонсалес	والتر گونزالز
Адерлан Силва	آدرلان سیلوا
Маҳбӯд	مهبود
Габриэл Боскилиа	گابریل بوشیلیا
Кристиан Эспиноса	کریستین اسپینوزا
Алекс Лейси	الکس لیسی
Конор Чаплин	کانر چاپلین
Алекс Аряс	الکس اریاس
Саъдиев	سعدیف
Артур Буттери	آرتور باتری
Морилас	موریلاس
Ҳайвула	هیوولا
Молина	مولینا
Финч	فینچ
Луис Сенобуа	سنا
Астли	استلی
Мануэл Рохас	مانوئل روخاس
Колин Коллиндридҷ	کالین کالیندریج
Сэм Эйдкугб	سم آدکوگبی
Даниэл Пелаэс	دانی پلاز
Ола Эйдаймо	اولا آدیمو
Гленн Эллис	گلن الیس
Фоулер	فاولر
Эду Гил	ادو گیل
Александр Ташайев	الکساندر تاشایف
Доминик Гейп	دومینیک گوپه
Лукас Куарта	لوکاس کوارتا
Раул Торрес	رائول تورس
Питер Дикин	پیتر دیکین
Эдигар Жунио	ادیگار جونیو
Пол Гарсия	پل گارسیا
Бухороӣ	بخاري
Педро Астрай	پدرو اوارد
Фаррухмард	فرخ‌مرد
Куллен	کالن
Кевин Барри	کوین بری
Пассус	پسوس
Хонатан Бенитес	جاناتان بنیتز
Фабиан Пеня	فابیان پنیا
Филип Нунес	فیلیپه نونس
Ономах	اونوما
Ҳалима хотун	حلیمه خاتون
Сэм Эрл	سام ارل
Том Андерсон	تام اندرسون
Иван Санчес	ایوان سانچز
Эрик	اریک
Пелегри	پلگری
Боб Рамзи	باب رمزی
Чемберс	چمبرز
Анатоли Катрич	آناتولی کاتریچ
Ориол Алсина	آوریل السینا
Дэк	داک
Алан Кокс	آلن کوکز
Билл Эдмундс	بیل ادموندز
Дэйв Крэмптон	دیو کرامپتون
Гордон Ферри	گوردون فری
Кобос	کبوس
Блэкшав	بلک شاو
Аркес	ارکوئس
Ҷордан Лусси	جردن لوسی
Бобби Доддс	بابی دودز
Индио	ایندیو
Луан Перес	لوان پرس
Чарлз	چارلز
Эрдeнис Гуриштa	اردنیس گوریشتا
Артур Резенде	آرتور رزنده
Росситер	روسیتر
Микел Сантамария	میکل سانتاماریا
Капила	کاپیلا
Андерсон	اندرسون
Мануэл	مانلین
Алф Долфин	آلف دالفین
Маркос	مارکوس
Антонио Райло	انتونیو ریلو
Хорхе Мирамон	خورخه میرامون
Николас Карека	نیکلاس کارکا
Марк Ровирола	مارک رؤیا
Алекс Кастро	الکس کاسترو
Хорхе Эдуардо Бянко	خورخه ادواردو بیانکو
Рафаэл Силва Дус Сантос	رافائل سیلوا دوس سانتوس
Рикарлиcон	ریچارلیسون
Ойос	هویوس
Мануэл Руис Карраско	کاراسکو
Гуардиола	گواردیولا
Калавера	کالاورا
Камба	کامبا
Ҳарри	هری فار
Айтор Бунйуэл	آیتور بونوئل
Гарсия	گارسیا
Иван Касадо	ایوان کاسادو
Игор Энгонга	ایگور انگنگا
Алекс Фелип	الکس فلیپ
Марк Кабале	مارک کابله
Райан Кент	ریان کنت
Хон Ируаррисага	جان ایرو
Гитс	گیتس
Алекс Кортел	الکس کورتل
Нозияи Кароматуллоҳ	نازیه کرامت‌الله
Хоан Састре	خوان ساستر
Грэм Коллиер	گراهام کولیر
Фрэд Коннелли	فرد کانلی
Асиер Эчабуру	اسیر اتکبرو
Алберт Честер	آلبرت چستر
Евгений Пригожин	یوگنی پریگوژین
Монтеро	مونترو
Валеро Серер	والرو سر
Нестор Диас	نستر دیاز
Ману Гарсия	مانو گارسیا
Соҳиб Табаров	صاحب تبراف
Симон Колина	سیمون کولینا
Диего Хоаннессон	دیه‌گو یوهانه‌سون
Иняки Олаортуа	انیاکی الائورتوا
Аткинсон	اتکینسون
Кантилана	کانتیانا
Игнасио Лопес Санхуан	سانخوان
Юлиан Кардосо	خولیان کاردوزو
Алберт Фарроу	آلبرت فارو
Фернандо	فرناندو
Сергей Козлов	سرگئی کوزلوف
Флоренс Пю	فلورانس پیو
Йоран	هیوران
Хосе Санчес	سانچز
Айман Ҳарирӣ	ایمان حریری
Аленде	النده
Пол Клаус	پل کلوس
Луис Гарсия Вая	لوئیس گارسیا وایا
Тейлор Ҳиксон	تیلور هیکسون
Иманол Коррал	ایمانول کرال
Клейтон	کلیتون
Кинг	کینگ
Лукас Дярте	لوکاس دیارت
Андреа Перейра	آندریا پریرا
Тапия	تاپیا
Алексис Ферранте	الکسیس فرانته
Гуднӣ Йоҳаннессон	گونی یوهانسن
Рустами Эмомалӣ	رستم امامعلی
Серхио Эррера	سرخیو هررا
Лана Кондор	لانا کاندر
Хуан	خوانیو
Ким Сокчин	کیم سوک جین
Дуа Липа	دوآ لیپا
Файлакон	فیلکان
Фрэд Бартоломей	فرد بارتولومی
Фазл ибни Қорини Табарӣ	فضل بن قارن طبری
Вбеймар Москера	وبیمار موسکئرا
Кака	کاکا
Усмон Жуниор	عثمان جونیور
Азизмоҳ Асадуллоева	عزیزما اسدالله‌یوا
Бохарзӣ	باخرزی
Абубакри Тӯсӣ	ابوبکر طوسی
Мустағфирӣ	مستغفری
Дамирбек Олимов	دمیربیک عالمف
Габриэл Дус Сантос	گابریل دوس سانتوس
Содир Ҷабборов	صدر جباروف
Раҳим Мусулмониёни Қубодиёнӣ	رحیم مسلمانیان قبادیانی
Алекс Иаковитти	الکس یاکوویتی
Эривелто	ارنولیت
Эйдниран	آدنیران
Витиню	ویتینیو
Абдуллоҳ Ҳамдук	عبدالله حمدوک
Хуан Кассини	خوان کاسینی
Бурак Дениз	بوراک دنیز
Родригес Дус Сантос	سانتوس
Юлема Коррес	یولما کورس
Кирус Cтанллей Феррас	کیروس استنلی فراز
Чейплхоу	چاپلو
Рафа Наварро	رافع ناوارو
Агустин Коския	آگوستین کوشیا
Хуан	خوانخه
Бенито Рамирес	بنیتو رامیرز
Дуран	دورن
Эрондухт	ایراندخت
Корбетт	کوربت
Олабе	اولابه
Маркус Тейксира	مارکوس تکسیرا
Далберт Энрике	دالبرت هنریکه
Фрай	فرای
Мария Амо	ماریا آمو
Артур Хурдман	آرتور هردمن
Дафни Кин	دافنه کین
Алберт Ирвин	آلبرت ایروین
Ҳайсам ибни Адӣ	هیثم بن عدی
Эдиcон	ادینیو
Ана Брнабич	آنا برنابیچ
Хави Чино	خاوی چینو
Рафаэл Вейга	رافائل ویگا
Дэвид Нерес	داوید نرس
Аҳмад Масъуд	احمد مسعود
Бибии Ҳиравӣ	بی‌بی هروی
Кaстрaти	کاستراتی
Густаво Кесада	گوستاوو کویزادا
Варела	وارلا
Сях	سیاخ
Лукас Блондел	لوکاس بلوندل
Салвадор Кампело	سالوادور کمپلو
Алекс Басс	الکس باس
Лукас Пруссо	لوکاس پروزو
Родриго Родригес	رودریگو فاروفا
Сегура	سگورا
Антонио Кабалеро	انتونیو کابایرو
Франко Феррари	فرانکو فراری
Энерcон	امرسون
Гонгора	گونگورا
Рассказов	راسکازوف
Абад	آبد
Иван Вилар	ایوان ویار
Андигон	اندیگان
Ламар Ҷонсон	لامار جانسون
Ашрафи Мароғаӣ	اشرف مراغه‌ای
Ашрафи Мароғаӣ	اشرف مراغه‌ای
Пирӯзи Кушоншоҳ	پیروز کوشانشاه
Тигрон	تیگران
Вандоди Ҳурмуз	ونداد هرمزد
Ника Мелиа	نیکا ملیا
Номдор Гушнасп	نامدار گشناسپ
Бурак Ӯздамир	بوراک اوزدمیر
Мумшод Динаварӣ	ممشاد دینوری
Савлатӣ	صولتی
Лука Аттанасио	لوکا آتاناسیو
Эзгӣ Шенлер	ازگی شنلر
Бону	بانو
Румӣ Шоазимов	رومی شاه‌عظیم‌اف
Пӯё Латифиён	پویا لطیفیان
Нисор Муҳаммад	نثار محمد
Шаян Ҷаводӣ	شایان جوادی
Ғуломова	غلام
Шукурзода	شکورزاده
Муҳаббат Сатторӣ	محبت ستاری
Асадулло Мардонӣ Раҳимӣ	اسدالله مردانی رحیمی
Юрий Петрович	یوری ولاسوف
Салва Севила	سالوا سویا
Майкл Ҳиггинс	مایکل هیگینز
Гулбаҳор Шокирова	گلبهار شاکروا
Скотт Гленн	اسکات گلن
Игор Тамм	ایگور تام
Сарагат	ساراگات
Лорд Байрон	لرد بایرون
Кук	کوک
Некрӯз Ниёзов	نیکروز نیازف
Аҳмад Баҳнинӣ	احمد بحنینی
Силва	سیلوا
Мур	مور
Скарлетт Йохансон	اسکارلت جوهانسون
Силвестер Сталлоне	سیلوستر استالونه
Едуардо дос Сантос	ادوآردو دوس سانتوس
Александр Ван дер Беллен	الکساندر فن در بلن
Владимир Ленин	ولادیمیر لنین
Фердинан Магелан	فردیناند ماژلان
Беркли,	برکلی
Голсуорси	گلسورتی
Шелдон Лӣ Глэшоу	شلدون لی گلاشو
Грей Делайл	گری دلیسل
Александр Грибоедов	الکساندر گریبایدوف
Вилшер	ویلشر
Роберт Милликен	رابرت میلیکان
Оскар Серрано	اسکار سرانو
Суламии	سلمی
Талол ибни Абдуллоҳ	طلال بن عبدالله
Бастус	باستوس
Бен Амос	بن آموس
Алексис	الکسیس
Абулҳасан	ابوالحسن
Сезар	سزار
Сатяҷит Рай	ساتیاجیت رای
Макс Вебер	ماکس وبر
Леонардо ДиКаприо	لئوناردو دی‌کاپریو
Дӯстум	دوستم
Ибни Байтор	ابن بیطار
Васил Владимирович	واسیل بیکوف
Шаҳрбароз	شهربراز
Камот	چاموت
Агустин Торасса	آگوستین توراسا
Томас Грин	تامس گرین
Жан Мишел Баскеат	ژان میشل باسکیت
Майкл Кэймен	مایکل کیمن
Франсиско Варало	فرانسیسکو وارایو
Пике	پیکه
Василий Белов	واسیلی بلوف
Каррагер	کاراگر
Хара	خارا
Дус Сантос Филю	دوس سانتوس فیلو
Сезар Карпежиани	سزار کارپجیانی
Ҳомид Карзай	حامد کرزی
Патрик Стюарт	پاتریک استوارت
Дин Барроу	دین بارو
Катарина Витт	کارتارینا ویت
Борис Франс	بوریس بکر
Флориди	فلوریدی
Антолин Алкарас	آنتونی الکاراز
Депп	دپ
Румӣ	مولوی
Ласт	لست
Нода	نودا
Жозе Алтафини	ژوزه آلتافینی
Вилштеттер	ویلشتتر
Зиё Гёкалп	ضیا گوک آلپ
Ҷаҳонгиршоҳ	جهانگیرشاه
Давид Чокарро	دیوید چوکارو
Родригес	رودریگس
ибни Муҳаммад	بن محمد
Майкл Кейн	مایکل کین
Вайда	وایدا
Нене	آندرسون
Тубо Бюйюкюстюн	طوبا بویوک‌اوستون
Шаҳноз Паҳлавӣ	شهناز پهلوی
Людмила Улицкая	لیودمیلا اولیتسکایا
Абулъалои Мааррӣ	ابوالعلاء معری
Андони Муруа	اندونی موروا
Даниэл Парехо	دانیل پاره‌جو
Роман Неустäдтер	رومان نئوشتتر
Муслим ибни Ҳаҷҷоҷ	مسلم بن حجاج
Радхакришнан	رادهاکرشنن
Бернини,	برنینی
Мариано	ماریانو
Таиcон	تایسون
Леонел Санчес	لئونل سانچز
Грей	گری
Брайан Руис	برایان رویز
Дентиню	دنتینیو
Рейна	رینا
Андреа Веррокко	آندرئا وروکو
Сулаймон Франҷиеҳ	سلیمان فرنجیه
Рубен Дел Мармол	روبن دل مارمل
Феогнид	تئوگنیس
Филип Маттиони	فیلیپه ماتیونی
Насриддин	نصرالدین
Эли Лартер	الی لارتر
Роберт Граббс	رابرت گرابز
Жозеф Луи	ژوزف لویی
Имрон Хон	عمران خان
Пер Эвинд Свинҳувуд	پر اویند سوینهوفوود
Миках Ричардс	میکا ریچاردز
Остин	آستین
Луис Чилаверт	لوئیس چیلاورت
Томсун	تامسون
Мишел Бачелет	میشل باشله
Энрику Фермӣ	انریکو فرمی
Волней Каю	وولنی کایو
Алии Қушчӣ	علی سمرقندی
Трэвор Синклэр	تروور سینکلر
Хорди Гомес	جوردی گومز
Сулаймон	سلیمان
Аҳмад ибни Шуъайби Насоӣ	احمد بن شعیب نسائی
Ҳусайн	حسین
Яш Чопра	یاش چوپرا
Рамон Эредия	رامون اردیا
Мадлен Кэрролл	مادلین کارول
Анкетин	آنکوتن
Артеага	آرتاگا
Бигноне	بیگنون
Рейвл Моррисон	راول موریسون
Наварро	ناوارو
Роман Абрамович	رومن آبراموویچ
Чарлтон	چارلتون
Смит	اسمیت
Вейн	وین
Андони Ираола	آندونی ایرائولا
Роберт Лурентс	رابرت لورنتس
Николсон	نیکلسون
Иди Амин	عیدی امین
Ҷонстон	جانستون
Исмоил Умар Гелле	اسماعیل عمر غیله
Оқил Оқилов	عاقل عاقلف
Карлос Буэно	کارلوس بوئنو
Абдулмалики	عبدالملک
Асиер Дел Орно	اسیر دل هرنو
Дорси	دورسی
Андерсон Карвалю	آندرسون کاروالیو
Фарғонӣ	فرغانی
Нейсмит	نای‌اسمیت
Ахматова	آخماتووا
Эрни Бленкинсоп	ارنی بلنکینسوپ
Матиас Алмейда	ماتیاس آلمیدا
Нолберто Солано	نولبرتو سولانو
Хуан Мануэл Асенси	خوان مانوئل آسنسی
Кевин Голачер	کوین گالاکر
Орас Бейли	هریس بیلی
Роберт Ричардсон	رابرت ریچاردسون
Коста Хетагуров	کستا ختاگوروف
Кёрби	کربی
Вячеслав Василевич	ویاچسلاو تیخونوف
Сурайё Исфандиёрӣ	ثریا اسفندیاری
Армстронг	آرمسترانگ
Вилтон Фигуейредо	ویلتون فیگوئردو
Хармон Буш	خرمان بوش
Хосе Кинтанила	خوسه کینتانیا
Хуан Иларио Марреро	خوان هیلاریو ماررو
Эктор Балей	اکتور بالی
Всеволод Гаршин	وسوالاد گارشین
Адам Фарли	آدام فارلی
Дус Сантос Силва	دوس سانتوس سیلوا
Генри	هنری
Бобаки Хуррамдин	بابک خرمدین
Георги	جرج
Дмитри Торбински	دمیتری توربینسکی
Суне	سونه
Идуорду Родригиз	ادواردو رودریگز
Идуорду Родригиз	ادواردو رودریگز
Франко Ди Санто	فرانکو دی‌سانتو
Петре Роман	پتر رومن
Беноис	بنوآ
Стив Коппелл	استیو کوپل
Амадео Каррисо	آمادئو کاریزو
Мигел Рейна	میگل رینا
Бернардо Да Силва	برناردو دا سیلوا
Макэвой	مک‌آووی
Деборра-Ли Фернесс	دبورا-لی فرنس
Ҳодия Тоҷик	هادیه تاجیک
Клодуалдо Де Лима	کلودولدو دی لیما
Роберт Корнтваайт	رابرت کورنویت
Хоан Верду	خوان وردو
Энди Дорман	اندی دورمن
Лурентсу Гибертӣ	لورنتسو گیبرتی
Коста Миранда Мораэс	کوستا میراندا مورایس
Гобрия	گئوبروه
Шер Баҳодур Диуба	شیر بهادر دیوبا
Саъд ибни Абиваққос	سعد بن ابی‌وقاص
Муллер	مولر
Борис Громов	بوریس گروموف
Виктор Бонила	ویکتور بونیلا
Рейс	رییس
Фернандо Фернандес	فرناندو فرناندز
Борсина	بارسینه
Луиз Майор Де Акино	لوئیز مایور دی آکوئینو
Таҳина Тоззи	تاهینا مک‌مانوس
Вия Артмане	ویا آرتمانه
Фусте	فوسته
Раул Албиол	رائول آلبیول
Дуайт Айзенҳоуер	دوایت آیزنهاور
Феликс Керо	فلیکس کورو
Исмоил Бланко	اسماعیل بلانکو
Уртадо	هورتادو
Юри Семин	یوری سمین
Айлтон	آیلتون
Арон Вилбрахэм	آرون ویلبرهام
Оливейра	اولیویرا
Луиз Фирнино	لوئیز فیرمینو
Маҳастии Ганҷавӣ	مهستی گنجه‌ای
Низомулмулк	نظام‌الملک
Алан Кардеc	آلان کاردک
Рудолф Дизел	رودلف دیزل
Ҳироҳито	هیروهیتو
Хорхе Комас	خورخه کاماس
Сидни Дус Сантос	سیدنی دوس سانتوس
Ҷек Бутвей	جک بوثوی
Леонардо Понсио	لئوناردو پونزیو
Луис Арагонес	لوییس آراگونز
Паулиню	پائولو
Сэм Чедгзой	ساموئل چگزوی
Эскалада	اسکالادا
Нестор Ортигоса	نستور اورتیگوزا
Лудолф Бахуйсен	لودولف باکایزن
Диего Алвес	دیگو آلوز
Лус	لوکس
Симпсон	سیمپسون
Буонанотте	بونانوتی
Тед Дрейк	تد دریک
Рийс Уитерспоон	ریس ویترسپون
Мариано Гонсалво	ماریانو گونزالو
Анселмо	آنسلمو
Редин	ردین
Родригес Нето	رودریگز نیتو
Акира Куросава	آکیرا کوروساوا
Жозе Алвес	خوزه آلوز
Майкл Дэвсон	مایکل داوسون
Обрегон	اوبرگون
Улуғбек	الغ‌بیگ
Вагуиню	واگوئینو
Даймлер	دایملر
Ом Пурӣ	اوم پوری
Рон Харрис	رون هریس
Луис Арконада	لوییس آرکونادا
Танзан Ишибаши	تانزان ایشی‌باشی
Дэвид Ҷек	دیوید جک
Дойли	دویلی
Антонио Муҳаммад	آنتونیو محمد
Жан Пол	ژان‌پل
Георг Ретик	گئورگ رتیکوس
Боб Грегг	باب گرگ
Ботелю	بتلهو
Умм Салама	ام‌سلمه
Аменхотепи	آمنهوتپ
Миллс	میلز
Рашид Бейбутов	رشید بهبودوف
Рафаэл Cкнитс	رافائل اشمیتس
Меҳрубон Алиева	مهربان علیوا
Давид Кроненберг	دیوید کراننبرگ
Леандро Сомоса	لئاندرو سوموزا
Мигел Гонсалес Суарес	میگل گونزالس سوارز
Кулапа	چولاپا
Ҷек Хоббс	جک هابز
Олга Аросева	اولگا آروسوا
Самир Лима Де Араужо	سمیر لیما دی آراخو
Ли Нейлор	لی نیلور
Ранвир Сингҳ	رانویر سینگ
Мануэл Хименес	مانوئل خیمنز
Даниэл Алфаро	دنیل آلفارو
Шамсуддавла	شمس‌الدوله
Анушка Шарма	انوشکا شرما
Кристиан Нобоа	کریستین نوبوا
Ҳаққонӣ	حقانی
Маниша Коирала	مانیشا کویرالا
Маҳмуди Ғазнавӣ	محمود غزنوی
Паулиню Макларен	پائولینیو مک‌لارن
Вивиан Вудвард	ویویان وودورد
Франсис Фукуяма	فرانسیس فوکویاما
Пйер Гассенди	پیر گاسندی
Раул Алфонсин	رائول آلفونسین
Ларс вон Триер	لارس فون تریر
Балестерос	بالستروس
Висенте Пиера	ویسنته پیرا
Улоа	اولوا
Деол	دئول
Витор Баррето	ویتور باریتو
Фиделис	فیدلیس
Эдвард Уайт	ادوارد ویت
Елинор Остром	الینور اوستروم
Лукио	لوسیو
Чарлз Томсон Рис Вилсон	چارلز تامسون ریس ویلسون
Ортемис	آرتمیس
Cомалиа	سومالیا
Воқиф	واقف
Диего Колотто	دیگو کولوتو
Карамзин	کارامزین
Элфман	الفمن
Самуэл	ساموئل
Ибай Гомес	ایبای گومز
Дурандал	دوراندل
Комил Çöрекçи	کمیل چورکچی
Кадфиз	کادفیز
Чарли Чаплин	چارلی چاپلین
Оруэлл	اورول
Парайба	پارایبا
Эдит Уортон	ادیت وارتون
Алпарслон	آلپ ارسلان
Чарлз Гудйир	چارلز گودیر
Гари Брин	گری برین
Моррис	موریس
Роберт Мугабе	رابرت موگابه
Ҷинпин	چینپینگ
Оскар Мигес	اسکار میکوئز
Муҳаммади Фазорӣ	محمد فزاری
Бентли	بنتلی
Бониек Гарсия	بونیک گارسیا
Алӣ Ариз	علی العریض
Абдулло Букарам	عبدالله بوکرم
Даниэл Да Силва	دانیل دا سیلوا
Исмоили Сомонӣ	اسماعیل سامانی
Сисигомбис	سیسیگامبیس
Георги Шченников	گئورگی شنیکوف
Мартин Монтоя	مارتین مونتویا
Елизавета Ивановна	الیزاوتا بایکووا
Желику Комишич	ژلیکو کومشیچ
Волберг	والبرگ
Алберт Хоркера	البرت جورکرا
Эктор Купер	هکتور کوپر
Дэн Гослинг	دن گوسلینگ
Сергей Собянин	سرگئی سابیانین
Патрик Бэмфорд	پاتریک بامفورد
Матиас Леки	ماتیاس لکی
Корбин Блу	کوربین بلو
Зардушт	زرتشت
Александр Дюма	الکساندر دوما
Хосе Сапатеро	خوزه زاپاترو
Смит	اسمیت
Нил Армстронг	نیل آرمسترانگ
Родригес	رودریگز
Дев Ананд	دو آناند
Тетсу Катаяма	تتسو کاتایاما
Невес Cуарес	نیویس سوارز
Эдер Лучано	ادینیو
Алӣ ибни Мусо Алризо	علی ابن موسی الرضا
Горка Ирайсос	گورکا ایراوز
Дэвид Бетти	دیوید بتی
Эндертон	اندرتون
Бернард Буффет	برنار بوفه
Ориол Лосано	اوریول لوزانو
Грегори	گرگوری
Стив Гаттинг	استیو گاتینگ
Райнер	راینر
Майкл Ҷонсон	مایکل جانسون
Баҳмани Қубодӣ	بهمن قبادی
Клинт Иствуд	کلینت ایستوود
Нирандиня	میراندینیا
Роберто Мартинес	روبرتو مارتینز
Дик Аллман	دیک آلمن
Ферейра Да Силва	فریرا دا سیلوا
Крейг Линдфилд	کریگ لیندفیلد
Ортега	اورتگا
Абдуллоҳ Иброҳим	عبدالله ابراهیم
Клод Луи Бертолле	کلود لویی برتوله
Абдурраҳмони Судайс	عبدالرحمن السدیس
Алексей Дикий	الکسی دیکی
Калум Чемберс	کالوم چمبرز
Вашингтон Роберто Да Силва	واشینگتون روبرتو دا سیلوا
Ангел Медиси	آنخل مدیچی
Прим	پریم
Мишол Сулаймон	میشل سلیمان
Николас Мадуро	نیکلاس مادورو
Ариел Шарон	آریل شارون
Билли Бондс	بیلی باندز
Перч	پرچ
Атомалики Ҷувайнӣ	عطاملک جوینی
Фрэнк Бектон	فرانک بکتون
Спайк Ли	اسپایک لی
Алӣ Зейдан	علی زیدان
Анас ибни Молик	انس بن مالک
Амриш Пурӣ	آمریش پاری
Габриэл Палетта	گابریل پالتا
Мануэл Тена	مانوئل تنا
Коразун Акину	کرازون آکینو
Чинг Ҳа	چنگ هه
Данте	دانته
Раул Паэс	رائول پائس
Габриэл Кабалеро	گابریل کابایرو
Мартин Патерсон	مارتین پترسون
Фридриш Ҳерборт	فردریش هربارت
Пауло Гассанига	پائولو گازانیگا
Гиглийоти	گیگلیوتی
Андерсон Да Силва	آندرسون دا سیلوا
Гари Ҷонсон	گری جانسون
Гаритано	گاریتانو
Дэвид Рокасл	دیوید روکسل
Сино	سینا
Мартел	مارتل
Кардосо	کاردوسو
Ҳенри Лонгфелло	هنری لانگ‌فلو
Истотейро	استاتیرای
Блаттер	بلاتر
Абраҳам Минеро	آبراهام مینرو
Крис Смолинг	کریس اسمالینگ
Сала	سالا
Паноҳӣ	پناهی
Сабуктегин	سبکتگین
Хайём	خیام
Сандра Баллок	ساندرا بولاک
Ҳесиудус	هزیود
Луис Эррера	لوئیس اررا
Маттос	ماتس
Алексис Мендоса	الکسیس موندوسا
Басков	باسکف
Омитис	آمی تیس
Ноел Валадарес	نوئل وایادارس
Дэвид Коннолли	دیوید کانولی
Луис Мила	لوئیس میلا
Чилида	چیلیدا
Салва Киир	سالوا کی‌یر
Кайли Уокер	کایل وکر
Виктор Вазарели	ویکتور وازارلی
Марк Тирни	مارک تیرنی
Хувон Турес	خوان تورس
Зиёулҳақ	ضیاءالحق
Андраде Антунес	آندراده آنتونس
Форуқи	فاروق
Максвелл	مکسول
Калмон Феликс	کالمون فلیکس
Саркози	سارکوزی
Юлияи Августи	ژولیای بزرگ
Куруши Бузург	کوروش بزرگ
Стивен Спилберг	استیون اسپیلبرگ
Да Силва	دا سیلوا
Мануэл Лусена	مانوئل لوسینا
Капур	کاپور
Кристиан Мора	کریستین مورا
Эктор Энрике	هکتور انریکه
Кака	کاکا
Рис Мёрфи	ریس مورفی
Песаола	پساولا
Клифф Мартинес	کلیف مارتینز
Люк Фриман	لوک فریمن
Билол	بیلال
Алду Моро	آلدو مورو
Ҳовард Ҳюз	هوارد هیوز
Фил Бабб	فیل باب
Антисфен	آنتیستینس
Дудаев	دودایف
Фашану	فاشانو
Гилберт	گیلبرت
Лейди Гага	لیدی گاگا
Де Лука	د لوکا
Савелий Крамаров	ساولی کراماروف
Уэсли Да Силва	ویسلی دا سیلوا
Ҷордон Мутч	جوردن ماچ
Уилкинсон	ویلکینسون
Мишел	میشل
Андрей Бабаев	آندری بابایف
Домèнек Балманя	دومینک بالمانیا
Игор Симутенков	ایگور سیموتنکوف
Миролим Сулаймонӣ	میرالم سلیمانی
Силва	سیلوا
Эмил Лаҳуд	امیل لحود
Алфред	آلفرد
Алекс	الکس
Кол	کول
Асад	اسد
Дэмиан Петкофф	دامیان پتکاف
Андрес Каревик	آندرس کارویچ
Мардуния	مردونیه
Айлтон	آیلتون
Марсело Ларрондо	مارسلو لاروندو
Крис Коҳен	کریس کوئن
Ладислао Мазуркиевикс	لادیسلائو مازورکیویش
Дмитри Радченко	دمیتری رادچنکو
Хуан Дамас	خوان داماس
Мигел Эррера	میگل هررا
Рикардо Каналес	ریکاردو کانالز
Вентолра	ونتولرا
Стив Стон	استیو استون
Виктор Файзулин	ویکتور فایزولین
Сэмюэл Абраҳам	ساموئل گودسمیت
Элизабет Бишоп	الیزابت بیشاپ
Алан Райт	آلن رایت
Гарсия	گارسیا
Себастиан Рулӣ	سباستین رولی
Томиичи Мураяма	تومیچی مورایاما
Ашида	آشیدا
Марк Уолберг	مارک والبرگ
Ро Кокер	رئوکوکر
Ян Армстронг	یان آرمسترانگ
Фернандо Корнехо	فرناندو کورنخو
Ортега	اورتگا
Карлос Алексндре Кардозо	کارلوس آلکساندر کاردوسو
Монтиел	مونتیل
Де Фариа	دی فاریا
Ибни Қутайба	ابن قتیبه
Боккаччо	بوکاچیو
Карл Карстенс	کارل کارستنس
Шопури Розӣ	شاپور رازی
Крейг Гарднер	کریگ گاردنر
Оскар Гарсия Хунент	اسکار گارسیا جونینت
Қубоди	قباد
Владимир Вернадский	ولادیمیر ورنادسکی
Форлан	فورلان
Фёдор Сологуб	فیودور سالاگوب
Шарлота Рамплинг	شارلوت رمپلینگ
Исла	ایسلا
Антанас Сметона	آنتاناس اسمتونا
Ҳасан Гулед	حسن گولید
Иброҳим Пошо	ابراهیم پاشا
Вилям Ҳаррисон	ویلیام هنری هریسون
Доналд Трамп	دونالد ترامپ
Эдуардо Дус Сантос	ادواردو دوس سانتوس
Артур Берри	آرتور بری
Абусайид Чоудҳурӣ	ابوسعید چودری
Мику	میچو
Александр Меншиков	الکساندر منشیکوف
Исмоил	اسماعیل
Элиша Отис	الیشا اوتیس
Рег Люис	رگ لوئیس
Мануэл Очоторена	مانوئل اوچوتورنا
Босил Асад	باسل اسد
Урретавиская	اورتاویسکیا
Анхел Ди Мария	آنخل دی‌ماریا
Жозе	پینگا
Орҷоникидзе	ارژنیکیدزه
Банкрофт	بنکرافت
Хесус Мендоса	خسوس مندوزا
Карлос	کارلوس
Лонгин	لونجينوس
Бруно	برونو
Авогадро	آووگادرو
Юри Андропов	یوری آندروپوف
Адемар	آدمار
Пйер Гамарра	پیر گامارا
Камол Ҳасан	کمال حسن
Касто	کاستو
Карлос Фредерико	کارلوس فردریکو
Кристиан Лопес	کریستین لوپز
Абулфазли Алломӣ	ابوالفضل علامی
Денис	دنیس
Куртис	کورتیس
Виктор Вержбитский	ویکتور ورژبیتسکی
Осиф Алӣ Зардорӣ	آصف‌علی زرداری
Халифа ибни Салмон ал-Халифа	خلیفه بن سلمان آل خلیفه
Ҳанс-Георг	هانس-گئورگ
Мансини	مانسینی
Рютаро Хасимото	ریوتارو هاشیموتو
Гилем Марти	گیلم مارتی
Леонид Леонов	لئونید لئونوف
Аврангзеб	اورنگ‌زیب
Виктор Cинõес	ویکتور سیموئز
Эрвити	اروتی
Спенсер Персевал	اسپنسر پرسوال
Серхио Асенхо	سرجیو آسنجو
Батиста	باتیستا
Ҳенрӣ Роллинз	هنری رالینز
Луиз Густаво	لوئیز گوستاوو
Алварес	آلوارز
Алтин Ляля	آلتین لالا
Эдуардо Де Оливейра	ادواردو دی اولیویرا
Боргес	جفرسون
Рамасвами Венкатараман	رمسومی ونکترمن
Лев Гумилёв	لف گومیلیف
Рассел Малкэхи	راسل مالکهی
Эрйон Богдaни	اریون بوگدانی
Херард Лопес	جرارد لوپز
Ардавази	آرتاباز
Майрата	مایراتا
Тапавитса	تاپاویتسا
Адриан Хит	آدریان هیث
Виктор Местре	ویکتور مستره
Кастро	کاسترو
Гари Хупер	گری هوپر
Сарабия	سارابیا
Алберто Рендо	آلبرتو رندو
Алексей Навалний	آلکسی ناوالنی
Пачеко	پاچکو
Фарҳоди	فرهاد
Арташеси	آرتاشس
Ник Пауэлл	نیک پاول
Грин	گرین
Натан Редмонд	نیتن ردمند
Александер Ҳаҳн	الکساندر هان
Фрэнк Черчилл	فرانک چرچیل
Ибни Моҷа	ابن ماجه
Пaнaйот Пaно	پانایوت پانو
Пaнaйот Пaно	پانایوت پانو
Дэвид Аму	دیوید آمو
Виктор Васкес	ویکتور واتزکز
Теодор Драйзер	تئودور درایزر
Матиас Гонсалес	ماتیاس گونزالس
Моран	مورن
Линколн	لینکلن
Никколу Мокиовеллӣ	نیکولو ماکیاولی
Фронсис Голтун	فرانسیس گالتون
Иван Заморано	ایوان زامورانو
Ҳабибуллоҳхон	حبیب‌الله خان
Хавйер Акуня	خاویر آکونا
Анс Мартинес	هانس مارتینز
Селсу Турелиу	سلسو تورلیو
Оливер Норвуд	الیور نوروود
Ройл	رویل
Луис Ислас	لوئیس ایسلاس
Салмони Форсӣ	سلمان فارسی
Руй Рамос	روی راموس
Денис Волф	دنیس ولف
Сулаймони	سلیمان
Тарта	تاترا
Да Роза Пинто	دا روزا پینتو
Лионел Месси	لیونل مسی
Эдит Пиаф	ادیت پیاف
Амирхон	عامر خان
Кеннеди	کندی
Матузалем	ماتوزالیم
Лунд	لوند
Ортис	اورتیز
Тите	تیته
Фостер	فاستر
Эша Деол	ایشا دئول
Милтон Виера	میلتون ویرا
Хуан Карлос Калво	خوان کارلوس کالوو
Шон О'дрисколл	شان اودریسکول
Анварӣ	انوری
Дмитрий Медведев	دمیتری مدودف
Антонио Алсаменди	آنتونیو آلزامندی
Жан Полҳан	ژان پولان
Дмитри Хохлов	دیمیتری خخلف
Катзенберг	کاتزنبرگ
Капоне	کاپونه
Карлос Роа	کارلوس روآ
Мануэл Баденес	مانوئل بدنس
Элена	النا
Мартинес	مارتینس
Иван Силаев	ایوان سیلایف
Луис Браун	لوئیس براون
Гари Лок	گری لوک
Абдулмалик ибни Марвон	عبدالملک بن مروان
Борис Пастернак	بوریس پاسترناک
Дмитри Комбаров	دیمیتری کومباروف
Сергей Герасимов	سرگئی گراسیموف
Пабло Эрнандес	پابلو هرناندز
Ренан Фогуиню	رینان فوگوئینیو
Сезар Энсисо	سزار انسیسو
Новаретти	نووارتی
Эндрю Тэйлор	اندرو تیلور
Яъқуб ибни Ториқ	یعقوب بن طارق
Шарлийз Терон	شارلیز ترون
Фонсека	فونسکا
Риналдо Дус Сантос	رینالدو دوس سانتوس
Кристиан Сантос	کریستین سانتوس
Габриэл Де Пауло Линейра	گابریل دی پائولو لیمیرا
Линколн Мартинс	لینکلن مارتینز
Замора	زامورا
Мораис	مورایس
Гатри	گوتری
Абдулҳамид Чӯлпон	عبدالحمید چولپان
Римӣ Сен	ریمی سن
Уррутия	اوروتیا
Форноки	فرناک
Аттила	آتیلا
Коред Эйиегбуси	کورده آیگبوسی
Бранко	برانکو
Капаррос	کاپاروس
Бипаша Басу	بیپاشا باسو
Ведлок	ودلاک
Тони Хители	تونی هاتلی
Энрикес	هنریکز
Евгени Макейев	یوگنی ماکیف
Эррерин	هررین
Пабло Алфаро	پابلو آلفارو
Мигел Бритос	میگل بریتوس
Хосе Уррусменди	خوسه اوروسمندی
Гимаранес	گیمارائینش
Карлос Дус Сантос	کارلوس دوس سانتوس
Рами Малек	رامی ملک
Антонио Эрранс	انتونیو هررانز
Хуан Рамон Роша	خوان رامون روخا
Станлей Балдуин	استنلی بالدوین
Норберт Винер	نوربرت وینر
Авлиё Чалабӣ	اولیا چلبی
Порфирий	فورفوریوس
Луисан	لوئیسائو
Дэвид Мартин	دیوید مارتین
Трэвор Брукинг	تروور بروکینگ
Сантос	سانتوس
Хуан Родригес	خوان رودریگز
Чарлз Фрэнсис Рихтер	چارلز فرانسیس ریشتر
Лоуренс	لارنس
Патриша Неал	پاتریشیا نئال
Роман Широков	رومن شیروکوف
Палиашвили	پالیاشویلی
Рикардо Де Забалса Гойтре	ریکاردو گویتر
Денни Холмс	دنی هولمز
Донизете Кандидо	دونیزیته کاندیدو
Антон	انتون
Иван Кордоба	ایوان کوردوبا
Эртуғрул	ارطغرل
Ангел Боссио	آنجل بوسیو
Ибни Асқалонӣ	ابن عسقلانی
Рогериню	روجرینیو
Хуан Бургенйо	خوان بورخوئنو
Сэм Вокс	سم ووکز
Хулио Перес	خولیو پرز
Карлос Варела	کارلوس وارلا
Браун	براون
Ҳамди Сaлиҳи	حمدی صالحی
Фонсека	فونسکا
Горка Аскорра	گورکا ازکورا
Арсе	آرسه
Фрэнсис Ҷефферс	فرانسیس جفرز
Навас	ناواس
Матеус Парана	ماتئوس پرانا
Эркулес Руас	هرکولس رواس
Карлос Дус Сантос Силва	کارلوس دوس سانتوس سیلوا
Эктор	هکتور
Муҳаммадалӣ Раҷоӣ	محمدعلی رجایی
Элиас Фигуэро	الیاس فیگوروا
Абулфидо	ابوالفدا
Фуоди	فؤاد
Балоши	بلاش
Балош	بلاش
Абелардо Фернандес	آبلاردو فرناندز
Чарлз Диллон Перрайн	چارلز دیلون پرین
Оскар Гонсалес	اسکار گونزالس
Ринат Дасайев	رینات داسایف
Камбуҷияи	کمبوجیه
Эдкарлус	ادکارلوس
Вилалобос	ویلالوباس
Эдивалдо Эрмоса	ادیوالدو هرموزا
Хуан Туняс	خوان تونیاس
Андре Винхолд	آندره وینکولد
Роберто Динаните	روبرتو دینامیتی
Гарт Крукс	گارت کروکس
Сабоҳ Фахрӣ	صباح فخری
Себастян Виера	سباستین ویرا
Ричард Д. Занук	ریچارد دی زانوک
Делгадо	دلگادو
Диего Перес	دیه‌گو پرز
Марат Измаилов	مارات اسماعیلوف
Стив Маккларен	استیو مک‌کلارن
Ҳерберт Чапман	هربرت چپمن
Стивен Рид	ستیون رید
Мишел	مایچل
Мики Роке	میکی روکه
Корбисиро	کوربیسیرو
Оливейра	اولیویرا
Кристиан Фернандес	کریستیان فرناندز
Филлипс	فیلیپس
Феликс Гуен	فلیکس گوین
Симон Грейсон	سیمون گریسون
Педро Делака	پدرو دلاچا
Назаре	نازاره
Марвин Чавес	ماروین چاوز
Убалдо Круче	اوبالدو کروش
Карлос Кайле	کارلوس شایل
Томас Мехяс	توماس مییاس
Амависка	آماویسکا
Эскудеро	اسکودرو
Иоҳан Волфганг Гёте	یوهان ولفگانگ گوته
Леонард Эйлер	لئونارد اویلر
Айюбӣ	ایوبی
Мариню Кагас	مارینیو شاگاس
Гари Аблетт	گری ابلت
Жувенал	ژوونال
Ҳумайро	حمیرا
Капур	کاپور
Тонг	تونگ
Алексндре Линдо	آلکساندر لیندو
Конор Коди	کونر کودی
Пол Робинсон	پائول رابینسون
Лэнгли	لانگلی
Оноре Балзак	انوره بالزاک
Форестиэри	فارستیری
Друян	درایان
Аҳмад ибни Исмоил	احمد بن اسماعیل
Сандро Ироси	ساندرو هیروشی
Хуан Ботассо	خوان بوتاسو
Хуан Мануэл Пеня	خوان مانوئل پنیا
Хорхе Родригес	خورخه رودریگس
Сантяго Вернасса	سانتیاگو ورناتزا
Перейра Родригес	پریرا رودریگز
Андре Филип Де Соуза	آندره فیلیپه دی سوزا
Вендел Гералдо	وندل گرالدو
Михаил Бакунин	میخائیل باکونین
Гэрри Ҳайтченс	گری هیتچنز
Ян Ботхэм	ایان بوتهام
Форсит	فورسایت
Киёрустамӣ	کیارستمی
Саул Каландра	سائول کالاندرا
Седрун	سدرون
Карлос Родригес Корреа	کارلوس رودریگز کوریا
Марио Калду	ماریو چالدو
Деко	دکو
Константин Раусч	کنستانتین راوش
Крис Лавлер	کریس لاولر
Юҷиниу Лоюгеруд Горсио	یوجینیو لایوگرود گارسیا
Акоста	آکوستا
Купри	چوپری
Борис Андреев	بوریس آندریف
Карл Адолф Гйеллеруп	کارل آدولف گیلروپ
Ватвот	وطواط
Делорте	دلورته
Ма	ما
Салва Балеста	سالوا بالستا
Карлос Агилера	کارلوس آگویلرا
Табу	تابو
Наргис	نرگس
Aрян Ҷумбa	آرین جومبا
Абубакр ибни Арабӣ	ابوبکر بن العربی
Градин	گرادین
Стив Фостер	استیو فاستر
Роберт Дювал	رابرت دووال
Карина Капур	کرینا کاپور
Торрес	تورس
Мартин Вадделл	مارتین وادل
Тулио Маравиля	تولیو کاستا
Эктор Эрнандес	اکتور ارناندس
Валентин Бубукин	والنتین بوبوکین
Эктор Круз	اکتور کروس
Монӣ	مانیئ
Райт	رایت
Габриэл Гомес	گابریل گومز
Карл Корт	کارل کرت
Элизеу Ферейра Марсиано	الیزو فریرا مارسیانو
Абдулотӣ Убайдӣ	عبدالعاطی العبیدی
Пандяни	پاندیانی
Владимир Гранат	ولادیمیر گرانات
Ферейра	فریرا
Делфин Касерес	دلفین کاسارس
Тони Тодд	تونی تاد
Фарид Мондрагон	فرید موندراگون
Рэй Ҷонс	ری جونز
Роко	روکو
Мартин Маркулета	مارتین مارکولتا
Ариэл Монтенегро	آریل مونته‌نگرو
Хоан Ориол	خوان اوریول
Еврюжихин	یوریوژیخین
Франсиско Хенто	فرانسیسکو گنتو
Маия Дус Сантос	مایا دوس سانتوس
Исмоил Фалкон	اسماعیل فالکن
Кристуф Бек	کریستوف بک
Кристиан Рамирес	کریستین رامیرس
Дензонгпа	دنزونگپا
Шарафуддавла	شرف‌الدوله
Фолан	فولان
Санчес Санчес	سانچز سانچز
Брэдлӣ	بردلی
Фабиано Cантакроке	فابیانو سانتاکروسه
Гари Маббутт	گری مابوت
Ҷон Сэммелс	جان ساملز
Дейл	دیل
Лучано Легуисамон	لوچیانو لگایزن
Эусебио Бехарано	اویسبیو بیارانو
Гонсалво	گونزالوو
Роке Олсен	روکه اولسن
Фрэнк Робертс	فرانک رابرتز
Хуан Баптиста	خوان باپتیستا
Дэвид Отео	داوید اوتئو
Виегас	ویگاس
Эрнан Кирога	هرنان کیروگا
Муин	معین
Рубен Гарсия	روبن گارسیا
Хорхе Сан Эстебан	خورخه سن استبان
Сезар	سزار
Мики Дрой	میکی دروی
Висенте Миера	ویسنته میرا
Хуан Рамон Верон	خوان رامون ورون
Рубен Наварро	روبن ناوارو
Бэддели	بادلی
Арбоз Хон	ارباز خان
Йилдирим	ییلدیریم
Ян Эватт	ایان اوت
Маркел Бергара	مارکل برگارا
Ҳаролд Хардман	هارولد هاردمن
Уилфред Ҷексон	ویلفرد جکسون
Анҷело	آنژلو
Гиббс	گیبس
Томас Охеда	توماس اوجدا
Фардин	فردین
Лал Ҳайлдитч	لل هیلدیتچ
Амалфи	آمالفی
Де Cантана	دی سانتانا
Монкада	مونکادا
Вера Каралли	ویرا کارالی
Рубен Кано	روبن کانو
Николас Бертоло	نیکلاس برتولو
Де Паула Рибейро Инграсиа	دی پائولا ریبریو ایگنارسیا
Василий Абаев	واسیلی آبایف
Оскар Росси	اسکار روسی
Ҳарри Бэргесс	هری برجیس
Қаҳҳор Маҳкамов	قهار محکموف
Ричардс	ریچاردز
Кике Риверо	کوییک ریورو
Эрнандес	ارناندز
Баркин	بارکین
Винялс	وینالز
Освалдо Уртадо	اسوالدو هورتادو
Сэм Балдок	سام بالداک
Дэвид Ниш	دیوید نیش
Клинт Хилл	کلینت هیل
Денни Уо́ллес	دنی والاس
Боровикс Кардозо Cквегер	بروویکز کاردوسو شواگر
Грал	گرال
Луис Майдана	لوئیس مایدانا
Хуан Пабло Каффа	خوان پابلو کافا
Лондон	لندن
Арилcон	آریلسون
Родриго Пимпан	رودریگو پیمپائو
Андерсон Гонсага	آندرسون گونزاگا
Хуан Круз Сол	خوان کروز سول
Биоска	بیوسکا
Питер Дейвнпорт	پیتر دیونپورت
Рулф Лувлонд	رولف لولاند
Перси Остин	پرسی آستین
Дэвид Агансо	دیوید آگانزو
Мэки	مکی
Рафаэл Гонсалес	رافائل گونزالس
Қозизодаи Румӣ	قاضی‌زاده رومی
Брито Нолето	بریتو نولیتو
Элиз Нил	الیز نئال
Хуан Мануэл Мартинес	خوان مانوئل مارتینز
Эрни Тэйлор	ارنی تیلور
Стив Уилямс	استیو ویلیامز
Карр	کار
Рудней Да Роза	رودنی دا روسا
Августо Де Соуза	آگوستو دی سوزا
Марко Антонио	مارکو آنتونیو
Фернандо	فرناندو
Эйткен	آیتکن
Пауло Ҷр.	پائولو جر
Ли Чапман	لی چپمن
Данило Фернандес	دانیلو فرناندز
Иняки Астис	اینیاکی استیز
Адриана Кампос	آدریانا کامپوس
Алан Ходҷкинсон	آلن هودگکینسون
Фернандо	فرانکا
Луис Перлаза	لویس پرلازا
Хорхе Карраскоса	خورخه کاراسکوسا
Луис Эйсагирре	لوئیس ایساگیره
Сезар Арсу	سزار آرزو
Нано	نانو
Гоша Кутсенко	گوشا کوتسنکو
Сезар Августо Рамирес	سیزار آگوستو رامیرز
Константин фон	کنستانتین فن
Филип Гонес	فیلیپه گومز
Запирайн	زپیرین
Гевин Грант	گوین گرانت
Андраде	آندراده
Ласкано	لازکانو
Хосечо	یوستکسو
Силва	سیلوا
Вячеслав Кебич	ویاچسلاف کبیچ
Cандриню	آلساندرو
Дэвид Ранхел	داوید رانخل
Олег Лобов	اولگ لوبوف
Хавйер Умбидес	خاویر اومبیدس
Майкл Браун	مایکل براون
Моратон	موراتون
Паулиста	پائولیستا
Йорди	یوردی
Рубен Руис Диас	روبن روییز دیاز
Габриэл Меркадо	گابریل مرکادو
Мануэл Пелегрина	مانوئل پلگرینا
Алан Харпер	آلن هارپر
Борн	بورن
Жажа	جاجا
Филип Вентура Дус Сантос	فیلیپه ونتورا دوس سانتوس
Нерео	نرئوس
Фернандес	فرناندز
Рубен Сунйе	روبن سونیه
Вилшав	ویلشاو
Момо	مومو
Олаво	ننا
Дэн Ҳаррис	دن هریس
Кабрал	کابرال
Сезар Урибе	سزار اوریبه
Валентим	والنتیم
Роналд Ут	رونالد هوت
Яанус Сирел	یانوس سیرل
Эктор Селада	اکتور سلادا
Оливейра	اولیویرا
ибни Абдуллоҳи	حبش حاسب
Анатолий Иванович	آناتولی بوگدانوف
Абусаъид Ҷурҷонӣ	ابوسعید جرجانی
Григорий Гамбурсев	گریگوری گامبورتسف
Колдо Агирре	کلدو اگیره
Карлес Комамала	کارلس کامامالا
Даниэл Росси	دانیل روسی
Эривалдо Антонио Cарайва	اریوالدو آنتونیو سارایوا
Карлос Де Оливейра Жуниор	کارلوس دی اولیویرا جونیور
Дайер	دایر
Коллинз	کولینز
Сонам Капур	سونام کاپور
Рис Уестон	رئیس وستون
Сезар Диас	سزار دیاز
Хуаким Богоссян	خواکین بوغوسیان
Мануэл	مانوئل
Арташеси	آرتاشز سوم
Мартин Эррера	مارتین هررا
Мисаэл Эскути	میسائل اسکوتی
Диего Анҷело	دیه گو آنجلو
Шерингхэм	شرینگهام
Аспинол	آسپینال
Томкинс	تامکینز
Кейт Лау	کیت لوو
Росиней	روسینی
Энрике Диас	هنریکه دیاز
Нендонcа	مندونسا
Аргениро	ارجمیرو
Леонел Ганседо	لئونل گانسدو
Cквенкк	اشوانک
Наср Аҳмад	نصر یکم
Кевин Купер	کوین کوپر
Рэй Кларк	ری کلارک
Иван Шарп	ایوان شارپ
Гласс	گلس
Москосо	موسکوسو
Канито	کانیتو
Володимир Веремейев	وولودیمیر ورمیف
Хуан Педевила	خوان پدویا
Рашид Харкук	رشید حرکوک
Алберто Лопес	البرتو لوپز
Силва Дорнеллас	سیلوا دورنیلاس
Маурис Сеттерс	موریس سترز
Хуан Карлос Мартинес	خوان کارلوس مارتینز
Юлиан Беннетт	جولیان بنت
Эдуардо Бонвалет	ادواردو بونوایت
Мосоро	موسورو
Расти Ҷонер	راستی جوینر
Серхио Алварес	سرخیو الوارز
Минда	میندا
Кумар	کومار
Мирта Диас-Баларт	میرتا دیاز-بالارت
Де Оливейра	دی اولیویرا
Баiано	بایانو
Да Силва Родригес	دا سیلوا رودریگز
Максмиляно Эстевес	ماکسیمیلیانو استوز
Пратс	پرتس
Апаресидо Хавйер Жуниор	آپارسیدو خاویر جونیور
Эдуардо Коммиссо	ادواردو کمیسو
Рамон Забало	رامون زابالو
Гелонӣ	گیلانی
Лопес	لوپس
Клоф	کلو
Марсело Карраседо	مارسلو کرادو
Уртадо	هارتادو
Тони Бук	تونی بوک
Мартин Идалго	مارتین هیدالگو
Энрике Да Силва	هنریکه دا سیلوا
Клаудесир Де Агиар	کلادسیر دی آگوئیار
Виктор Янукович	ویکتور یانوکویچ
Луис Пухол	لوئیس پوجول
Роберто Торрес	روبرتو ترس
Карлос Де Оливейра	کارلوس دی اولیویرا
Рег Эттвелл	رگ اتول
Астл	استل
Марко Брито	مارکو بریتو
Рон Люин	ران لوین
Родриго Моледо	رودریگو مولیدو
Люис Букстон	لوئیس بوکستون
Себастян Таглябуэ	سباستین تاگلیابوه
Рубен Баренйо	روبن بارنو
Фарида	فریده
Боттинели	بوتینلی
Ткач	تکاچ
Мигел Нейра	میگل نیرا
Ная	نایا
Ренато Рибейро	ریناتو ریبریو
Феликс Сарриугарте	فلیکس ساریوگارت
Перейра	پریرا
Кеко	ککو
Куртис	کورتیس
Сегура	سگورا
Рамос Ферейра	آموریم دوس سانتوس
Рис	ریس
Исма Пинйера	ایسما پینیرا
Алехандро Фрессотти	الخاندرو فرزوتی
Дюхурст	دوهورست
Талҳа ибни Тоҳир	طلحه بن طاهر
Бенито Диас	بنیتو دیاز
Пини	پینی
Фазли Бармакӣ	فضل برمکی
Франсиско Антунес	فرانسیسکو انتونز
Юрий Лобанов	یوری لوبانوف
Лима Родригес	لیما رودریگز
Мурод Эрдоған	مراد اردوغان
Пабло Роткен	پابلو روچن
Мендоса	مندوسا
Ибан Иянга	ایبان ایانگا
Исмоил Родригес	اسماعیل رودریگس
Хуан Мерино	خوان مرینو
Карвалю	کاروالیو
Ҷефф Уайтфут	وایتفوت
Лучано Завагно	لوچیانو زاواگنو
Риос	ریوس
Томас	توماس
Горка Пинтадо	گورکا پینتادو
Каняс	کاناس
Галимзян Хусаинов	گالیمزیان خوساینوف
Симон Давкинс	سیمون داوکینز
Мигел Луке	میگل لوک
Фернандо Маркес	فرناندو مارکز
Алан Стин	آلن استین
Алмейда	آلمیدا
Сантос	سانتوس
Берри	بری
Хулиан Хил	جولیان گیل
Хуан Маглио	خوان ماگلیو
Гулзор	گلزار
Александр Филимонов	الکساندر فیلیمنوو
Серна	سرنا
Касали Йинка Касал	کاسالی یینکا کاسال
Де Нело	دی میلو
Хорхе Себастян Нунйес	خورخه سباستین نونز
Кеван Хэрст	کوان هورست
Вест	وست
Карлос Галван	کارلوس گالوان
Кинтана	کوئینتانا
Трэвор Уаймарк	تره‌ور وایمارک
Мена	منا
Нейл Меллор	نیل ملور
Сезар Лопес Фретес	سزار لوپس فرتس
Хозин	خازن
Самуэл Алмейда Камассола	ساموئل آلمیدا کامازولا
Гарсия	گارسیا
Билли Ҷонс	بیلی جونز
Мена	منا
Волфганг Мюллер	ولفگانگ مولر
Эфрайн Санчес	افراین سانچس
Ник Кулкин	نیک کالکین
Баллестерус	بالستیروس
Бенегас	بنگاس
Москера	موسکرا
Дэвид Смит	دیوید اسمیت
Пинто	پینتو
Сория	سوریا
Балъами	بلعمی
Ҷимми Хилл	جیمی هیل
Хавйер Толедо	خاویر تولدو
Витор	ویتور
Эйнер Мора	هینر مورا
Aлбaн Ҳоҷa	آلبان هوجا
Алберт Адомах	آلبرت آدوما
Хавиер Калво	خاویر کالبو
Гастон Касас	گاستون کاساس
Карл Тоуренне	کارل تورن
Манучеҳр Ҷалилов	منوچهر جلیلوف
Крабтри	کرابتری
Эктор Сокорро	اکتور سوکورو
Асиер Гойрия	اسیر گوییرا
Хуан Акуня	خوان اکونیا
Марвин Обандо	ماروین اوباندو
Шайх Кулайнӣ	شیخ کلینی
Лисерансу	لیسرانزو
Хуан Арготе	خوان آرگوته
Бранданзиню	برانداوزینیو
Оскар Арисага	اسکار آریساگا
Акоста	آکوستا
Карлос Лампе	کارلوس لمپی
Билл Берри	بیل بری
Луиз Карлос Перейра	لوئیز کارلوس پریرا
Хауреги	خاورگی
Мария Басанта	ماریا باسانتا
Хавйер Лопес	خاوی لوپز
Сандаза	ساندازا
Том Брэдшав	تام برادشاو
Карвало	کاروایو
Планас	پلاناس
Луис Рамос	لوئیس راموس
Мануэл Гавилан	مانوئل گاویلان
Пол Вассен	پل واسن
Педро	پدرو
Карлос Карбонеро	کارلوس کاربونرو
Виллиан Де Лима	ویلیان دی لیما
Дэвид Кубило	دیوید کوبیلو
Хосе Гомес	خوسه گومس
Эндерс	اندرس
Кристиан Лобато	کریستین لاباتو
Дэвид Гаскелл	دیوید گسکل
Луиз Энрике Де Соуза Сантос	لوئیز هنریکه دی سوزا سانتوس
Валберто	تیاگو کالوانو
Айтор Рамос	ایتور راموس
Уолтер Харрис	والتر هریس
Асмаҳон	اسمهان
Лукас Нания	لوکاس نانیا
Монтеро	مونترو
Фантони	فانتونی
Руис	رویس
Хотун	خاتون
Хорхе Ромеро	خورخه رومرو
Хосе Хайкел	خوسه خایکل
Игор Хаурехи	ایگور جورگی
Алберт Пуигдолерс	البرت پویندلرز
Фелисберто Мазарим	فلیسبرتو ماساریم
Зубикарай	زوبیکارای
Карвахалес	کارواخالس
Амаия Олабарриета	آمیا اولاباریتا
Клебер Де Соуза Фрейтас	کلیبر دی سوزا فریتاس
Томас Ренйонес	توماس رنیونس
Абдулқодири Мароғӣ	عبدالقادر مراغه‌ای
Энрике Алмейда	هنریکه آلمیدا
Хуан Неира	خوان نیرا
Дэррил Пауэлл	دریل پاول
Ренан Оливейра	رینان اولیویرا
Ричард Вуд	ریچارد وود
Сид Боусер	سیدنی باوزر
Стивен Розенблум	استیون روزنبلوم
Элбио Алварес	البیو آلوارز
Виктор Фигуэро	ویکتور فیگروا
Лудовико Авио	لودویکو
Белсуэ	بلسوئه
Сезар Серрано	سزار سرانو
Рубен Эрнандес	روبن ارناندس
Ронни	رونی هنری
Роналд Лангон	رونالد لانگون
Томми Куммингс	تامی کامینگز
Луиза Глюк	لوئیز گلیک
Дики Доунс	دیکی داونز
Элиас Да Силва	الیاس دا سیلوا
Рис	ریس
Энрике Де Соуза	هنریکه دی سوزا
Эндика Бордас	اندیکا بورداس
Абусулаймони Мантиқӣ	ابوسلیمان سجستانی
Йоел Родригес	یول رودریگز
Андрес Мадрид	آندرس مادرید
Руқая Муҳаммад	رقیه محمد
Робертиню	روبرتو
Карлос Летт	کارلوس لت
Игнасио	ایگناسیو
Де Лассари	دی لازاری
Марк Биркхэм	مارک بیرچام
Де Фрейтас Нороня	نورونیا
Навас	ناواس
Брисуэла	بریزوئلا
Делгадо	دلگادو
Луис Даэр	لوئیس داهر
Роберто Мартинес	روبرتو مارتینز
Васили Бутусов	واسیلی بوتوسوف
Ҷек Холл	جک هال
Карлос Кастеглионе	کارلوس کاستگلیونه
Берти	برتی
Де Гералдо	دی گرالدو
Купер	کوپر
Перейра	پریرا
Ли Кларк	لی کلارک
Гарсия	گارسیا
Лео	لئوناردو
Маласкес	مالاسکس
Александр Самедов	الکساندر صمدوف
Хорхе Сармиенто	خورخه سارمینتو
Билл Юлиан	بیل جولیان
Йонасиро	یوناشیرو
Ашкрофт	اشکرافت
Раймонди	ریموندی
Ҷек Бауэрс	جک باورز
Борис Плотников	بوریس پلوتنیکوف
Оскар Де Паула	اسکار د پائولا
Тинтин Маркес	تینتین مارکز
Хуан Карлос Морено	خوان کارلوس مورنو
Энрике Ормазабал	انریکه هورمازابال
Кануто	کانوتو
Точе	توچه
Ромилдо Этчеверрй	رومایلدو اچوری
Пабло Веласкес	پابلو ولاسکز
Малдонадо	مالدونادو
Марсело Охеда	مارسلو اویدا
Наина Елтсина	نینا یلتسین
Скип Вудс	اسکیپ وودز
Крисант Босч	کریسانت بوش
Масейрас	ماسیراس
Ҳайдар Ҷамол	حیدر جمال
Дмитри Хлестов	دمیتری خلستوف
Хуан Сантистебан	خوان سانتاستبان
Виктор Лагуардия	ویکتور لاگواردیا
Алексис Макука	الکسیس ماچوکا
Хуан Пабло	خوان پابلو
Райт	رایت
Мигел Брито	میگال بریتو
Белис	بلیس
Хорхе Гонгора	خورخه گونگورا
Энди Лонерган	اندی لونرگان
Франсиско Агирре	فرانسیسکو آگیره
Каталино Риварола	کاتالینو ریبارولا
Серхио Фернандес	سرخیو فرناندز
Баҳманӣ	بهمنی
Муҳсин Алӣ	محسن علی
Йошимар Йотун	یوشیمار یوتون
Порфирио Армандо Бетанкоурт	پورفیریو آرماندو بتاتکورت
Доглан	دوگلائو
Дэвид Келли	دیوید کلی
Инса	اینسا
Ненгалвио	منگالویو
Гулрухсор Сафиева	گلرخسار صفی
Начо Касес	ناچو کیس
Кесада	کسادا
Еарвоод	یروود
Пепен	پپین
Баргас	بارگاس
Ричард Ҳуго	ریچارد هوگو
Галего	فرانسیسکو
Антонио Лопес	آنتونیو لوپز
Кагна	کاگنا
Луна	لونا
Хорхе Запарайн	خورخه زاپارین
Китерио Олмедо	کوتیریو المدو
Чарлз Адкок	چارلز ادکاک
Флорентин	فلورتین
Самуэл Галиндо	ساموئل گالیندو
Родриго Посо	رودریگو پوسو
Қобус ибни Вушмагир	قابوس بن وشمگیر
Уорд	وارد
Пердукка	پردوکا
Шоиста Муллоҷонова	شایسته ملاجانوا
Мори Нунес	موری نونس
Стив Пауэлл	استیو پاول
Эндрю Хюз	اندرو هاگز
Лоло	لولو
Грэм Тёрнер	گراهام ترنر
Леон	لئون
Антони Торрес	انتونی تورس
Лема	لما
Аҳмад	احمد
Диего Гомес	دیگو گومز
Абусаҳли Масеҳӣ	ابوسهل مسیحی
Рафаэл Да Силва	رافائل دا سیلوا
Алекс Перейра Лопес	آلکس پریرا لوپز
Алф Янг	الف یانگ
Уоррен Ҷойс	وارن جویس
Роке Каэфер	راکه کائفر
Хосе Перес	خوسه پرس
Офтоб Шивдасонӣ	آفتاب شیودسانی
Лев Фаворски	لف فاوورسکی
Алф Фарман	آلف فرمن
Пауло Пессолано	پائولو پزولانو
Мурило	موریلو
Хуан Круз Мурило	خوان کروس موریو
Рафита	رفیتا
Лайонел	لیونل
Наталя Лисенко	ناتالیا لیسنکو
Мардовиҷ	مرداویج
Ито	آنتونیو
Валери	والری
Клементе Рохас	کلمنته روخاس
Алдо Осорио	آلدو اوسوریو
Левир Кулпи	لویر کولپی
Сезар	سزار
Ҷувайра	جویریه
Алексей Есков	آلکسی یسکوف
Энди Пап	اندی پیپ
Ашли Пол Робинсон	اشلی پل رابینسون
Ирина	ایرینا
Карлос Хулио Мартинес	کارلوس خولیو مارتینز
Алекс Кропли	الکس کروپلی
Исмоили Ҷурҷонӣ	اسماعیل گرگانی
Мануэл Сервантес	مانوئل سروانتس
Кристиан Вела	کریستین ولا
Уолтер Коетте	والتر کویته
Акоста	آکوستا
Аряс	آریاس
Виктор Голас	ویکتور گولاس
Стэн Андерсон	استن اندرسون
Рупер	روپر
Серҳий Кандауров	سرهی کانداوروف
Албукерке Дус Анжус	آلبوکوریکه دوس آنجوس
Барклей	بارکلی
Берни Ҷеймс	برنی جیمز
Берт Блисс	برت بلیس
Мадин	مدین
Питер Горинг	پیتر گورینگ
Питерс Маркес	پیترس مارکز
Адемар Хавйер	آدمار خاویر
Агустин Гонсалес	آگوستین گونزالس
Кикан	شیکائو
Демпси	دمپسی
Мозёр	مازیار
Флорес	فلورس
Сумбоди	سنباد
Султон Валад	سلطان ولد
Алекс Бассо	الکس باسو
Алекс Смит	الکس اسمیت
Андре Скарлетт	آندره اسکارلت
Франко Васкес	فرانکو وازکز
Сендоа Ахирре	سندوا اگره
Бобби Доунс	بابی داونز
Иван Амая	ایبان آمایو
Луис Элкачо	لوییس الکچو
Мэтт Ритчи	مت ریچی
Хорхе Алонсо	خورخه الونسو
Кабрера	کابررا
Санхурхо	سنجوجو
Карлос Мартинес	کارلوس مارتینز
Да Силва	دا سیلوا
Алик Робинсон	آلیک رابینسون
Дин Геркен	دین گرکن
Дебомарше	دبومارشه
Арнолд Хеймер	آرنولد هامر
Артур Браун	آرتور براون
Асиер Гаритано	اسیر گاریتانو
Боргес	بروگس
Карлос Каскеро	کارلوس کاسکورو
Рико	ریکو
Куретон	کورتن
Мик Райт	میک رایت
Кова Гулистон	کاوه گلستان
Симон Чурч	سیمون چرچ
Рафаэл Мендес	رافائل میندز
Роберто Нанни	روبرتو نانی
Яҳёи Бармакӣ	یحیی برمکی
Гари Ваддок	گری وادوک
Вела Жуниор	ویلا جونیور
Иқбол	اقبال
Ричард Йорк	ریچارد یورک
Рубен Каприя	روبن کاپریا
Гоулд	گولد
Хавйер Матила	خاویر ماتیا
Гари Мадин	گری ماداین
Пауло	پائولو
Крис Боден	کریس بودن
Бернард Порт	برنارد پورت
Билл Эдвардс	بیل ادواردز
Боб Браун	باب براون
Каландрия	کالاندریا
Миер	مایر
Леенда	لیندا
Берт Миддлемисс	برت میدلمیس
Корбетт Крессвелл	کوربت کرسول
Мануэл Да Силва Филю	مانوئل دا سیلوا فیلو
Дивид Туру	دیوید تورو
Сезар Леонардо	سزار لئوناردو
Рубен Браво	روبن براوو
Боб Нютон	باب نیوتن
Боб Томсон	باب تامسون
Вилде	ویلد
Даниэл Билос	دنیل بیلوس
Габриэл Макадо	گابریل ماچادو
Борис Маршак	بوریس مارشاک
Хеммингфилд	همینگفیلد
Баннистэр	بنستر
Серхио Алварес	سرخیو الوارز
Бордас	بورداس
Шақиқи Балхӣ	شقیق بلخی
Оливейра Вале	اولیویرا والی
Дэвид Кларк	دیوید کلارک
Дин Кроу	دین کرو
Мариано Эррон	ماریانو هرون
Рубен Роскете	روبن روکوئته
Нунес Де Оливейра	نونس دی اولیویرا
Диего Бермудес	دیگو برمودز
Раул Гарсия	رائول گارسیا
Денис Тумасян	دنیس توماسیان
Да Коста Араужо	دا کوستا آراخو
Себастян Гонсалес	سباستین گونزالس
Бужика	بوجیکا
Алан Ҷонсон	آلن جانسون
Алберто Гонсалес	البرتو گونزالس
Энди Кузенс	اندی کوزنس
Даниэл Балди	دنیل بالدی
Куртис Бут	کرتیس بوث
Даниэл Солсона	دانیل سوسولا
Колин Витч	کالین ویتچ
Луис Деус	لوئیس دوس
Агустин Вулетик	آگوستین وولتیچ
Текиндор	تکیندر
Хуанпа	یوانپا
Франсиско Пагазауртундуа	فرانسیسکو پاگاسائورتوندوآ
Роберт Яшaри	روبرت یاشاری
Том Эйдайми	تام آدیمی
Энди Прудлоув	اندی پرادلاو
Артур Кей	آرتور کی
Артур Уоррол	آرتور وورال
Бруно Дас Невес	برونو داس نیویس
Сезар	سزار
Восил ибни Ато	واصل بن عطا
Чйп Кйд	چیپ کید
Кингдон	کینگدون
Кристиан Менендес	کریستین منندز
Даниэл Гарнеро	دنیل گارنرو
Даниэл Вега	دنیل وگا
Клейтон Макдоналд	کلیتون مک دونالد
Клив Грин	کلایو گرین
Де Оливейра	دی اولیویرا
Бен Кокер	بن کر
Салвадор Капин	سالوادور کاپین
Берт Дайер	برت دایر
Билли Кэрнс	بیلی کنز
Падиля Насименто	پادیلا ناسیمنتو
Билл	بیل
Франсиско Боррего	فرانسیسکو بورگو
Мейкпис	میکپیس
Луиз Эдуардо Брито	لوئیز ادواردو بریتو
Дерек Крейг	درک کریگ
Дик Ҷонсон	دیک جانسون
Дэвид Фернандес	دیوید فرناندز
Брайан Сейн	برایان کین
Брайан Кинг	برایان کینگ
Яздӣ	یزدی
Рохас	روخاس
Де Алмейда Ферейра	دی آلمیدا فریرا
Ҳюго Хиорхи	هوگو گیورگی
Партингтон	پارتینگتون
Хуан Карлос Сокорро	خوان کارلوس سوکورو
Банданавози Гесӯдароз	بنده نواز گیسو دراز
Хардинг	هاردینگ
Адам Болдер	آدام بولدر
Мидоус	میدوز
Калвин Эндрю	کالوین اندرو
Хуан Мартинес Мартинес	خوان مارتینز مارتینز
Сенар	سنار
Дайнни	دینی هنن
Доминго Лехона	دومینگو لژونا
Кирмонӣ	کرمانی
Майкл Моррисон	مایکل موریسون
Пол Чилд	پال چایلد
Албаррасин	البراسین
Адриан Хейз	آدریان هیز
Алан Ҳэмпсон	آلن همپسون
Алберт Франкс	آلبرت فرانک
Алекс Инглеторп	الکس اینگلتورپ
Алф Ридиард	آلف ریدیارد
Эрик Моран	اریک مورن
Эрни Адамс	ارنی آدامز
Гуарда	گاردا
Гитй	گویتی
Эли Ашэрст	الی آشورست
Элвис Комри	الویس کوری
Эрандир	اراندیر
Эрнест Болтон	ارنست بولتون
Кристофер Каррик	کریستوفر کریک
Клаудио Пронетто	کلودیو پرونتو
Агустин Абадия	اگوستین ابادیا
Дэвид Катала	دیوید کاتالان
Крисосто	کریسوستو
Хуанхо	خوانیو
Бергара	برگارا
Ибон Гутйеррес	ابن گوتیرز
Евгени Кабаев	اوگنی کابائف
Хуан Карлос Осорио	خوان کارلوس اوسوریو
Маймӯна	میمونه
Маноло Санчес	مانولو سانچز
Энди Робинсон	اندی رابینسون
Арчибалд Бартон	آرچیبالد بارتون
Артур Бентли	آرتور بنتلی
Армани	آرمانی
Максим Зюзин	ماکسیم زیوزین
Эскобар	اسکوبار
Дэн Аллсопп	دن آلسوپ
Ману Молина	مانو مولینا
Монтоя	مونتویا
Мануэл Гонсалес	گونزالس
Рамон	رامون
Луис Абрамовик	لوئیس ابراموویچ
Исроил Делгадо	اسرائیل دلگادو
Лукас Корреа	لوکاس کوریا
Лес Картер	لس کارتر
Фернандо Маэстро	فرناندو مایسترو
Адам Бойс	آدام بویز
Нетто	نتو
Алан Били	آلن بیلی
Алберто Морено	آلبرتو مورنو
Алан Келли	آلن کلی
Алан Томпсон	آلن تامپسون
Алекс Дус Сантос Гонсалвес	آلکس دوس سانتوس گونزالوس
Фрэнк Худспет	فرانک هودسپت
Дайсон	دایسون
Гонсалес	گونزالس
Бернард Морри	برنارد موری
Маркес Cуарес	مارکز سوارز
Грант	گرانت
Гудман	گودمن
Голдсмит	گلداسمیت
Кинан	کینان
Верити	وریتی
Дэйв Гриффитс	دیو گریفیتس
Фрэд Корбетт	فرد کوربت
Гудвин	گودوین
Гари Феликс	گری فلیکس
Бут	بوت
Картер	کارتر
Лори Фишлок	لوری فیشللاک
Марк Говард	مارک هاوارد
Сантос Де Оливейра	سانتوس دی اولیویرا
Дени Гаисумов	دنی گایسوموف
Роналд Марин	رونالد مارین
Кениг	کنیگ
Алекс Ҷонс	الکس جونز
Алексндре Оливейра	آلکساندر اولیویرا
Ани Варданян	آنی وارطانیان
Дейл Беннетт	دیل بنت
Энди Робертс	اندی رابرتس
Франсиско Герреро	فرانسیسکو گوئررو
Фрэд Биддлестон	فرد بیدل استون
Моя	مویا
Албури	آلبری
Доменико Геновс	دومنیکو جنووزه
Бейкер	بیکر
Энди Моррелл	اندی مورل
Пина Гонсалвес	پینا گونزالوس
Алваро Хименес	الوارو خیمنز
Ариэл Рис	آریل ریس
Асвад Томас	اسود توماس
Дмитри Зинович	دمیتری زینوویچ
Хонатан Фаббро	جاناتان فابرو
Линдси Бури	لیندسی بری
Эшли Фуллер	اشلی فولر
Гевин Макгоуан	گاوین مک‌گاون
Фокс	فاکس
Рамон Мотта	رامون موتا
Руби Роуз	روبی رز
Дуглас	داگلاس
Рамон Маерегхер	رامون مایرگر
Акинфенва	آکینفنوا
Симон Дэвис	سایمون دیویس
Бунни Белл	بانی بل
Карлос Кеоссеян	کارلوس کئوسیان
Пиовезан	پیوویزان
Рене Жуниор	رنه جونیور
Сэм Бартрам	سام بارترام
Клейтон	کلیتون
Михаил Николаевич	میخاییل باگالوبوف
Руслан Агаларов	روسلان آگالاروف
Чарли Флуд	چارلی فلود
Чарли И'ансон	چارلی آنسون
Крис Бердсли	کریس بیردزلی
Крис Кливер	کریس کلاور
Паскуал	پاشکوال
Бевис	بیویس
Бленди Нaлбaни	بلندی نالبانی
Билли Эдвардс	بیلی ادواردز
Дэвсон	داوسون
Роман Григорян	رومان گریگوریان
Андерсон Педро	آندرسون پدرو
Гордон Ашкрофт	گوردون اشکرافت
Грэм Купер	گراهام کوپر
Грэм Хорн	گراهام هورن
Фрэд Баррон	فرد بارون
Том Манли	تام منلی
Барисоне	باریسونه
Гарратли	گارتلی
Клаудио Вакка	کلودیو واکا
Клейтон Фортун	کلیتون فورچون
Биркетт	بیرکت
Колин Гарвуд	کالین گاروود
Мервин Дей	مروین دی
Фредерик Чапман	فردریک چپمن
Саккарди	ساکاردی
Ферейра Триндаде	فریرا ترینداد
Гайбор	گایبور
Бустингорри	بواستینوری
Диого Родригес Cистон	دیاگو رودریگز سیستون
Де Соуза Жуниор	دی سوزا جونیور
Туғроӣ	طغرایی
Грэм Аллен	گراهام آلن
Лучано Сипряни	لوچیانو چیپریانی
Карлос Агуяр	کارلوس آگوییار
Карлос Веглио	کارلوس وگلیو
Мӯъмин Қаноат	مومن قناعت
Акоста	آکوستا
Бирсфорд	برسفورد
Лафория	لافوریا
Ниэто	نیتو
Денни Адамс	دنی آدامز
Адриан Тринидад	آدریان ترینیداد
Адриано Феликио	آدریانو فلیسیو
Мерино	مرینو
Дэн Поттс	دان پوتس
Хуаким	کویینی
Оберг	اوبرگ
Браун	براون
Гослин	گوسلین
Милтон Каско	میلتون کاسکو
Ҷонсон	جانسون
Абдулбоқии Табрезӣ	عبدالباقی تبریزی
Спонтон	اسپونتون
Клифф Биркс	کلیف بیرکز
Дуг Кол	داگ کول
Дуг Райт	داگ رایت
Бруно Донингус	برونو دومینگوئز
Алберто Гонес	پینتینیو
Эйден Махер	آیدن ماهر
Алан Нелмс	آلن نلمز
Алберт Алдерман	آلبرت الدرمن
Алберт Эллис	آلبرت الیس
Алехандро Васкес	الخاندرو وازکوئز
Алиризо Бейронванд	علیرضا بیرانوند
Энди Эллиотт	اندی الیوت
Соуза Да Силва	سوزا دا سیلوا
Айвор Гай	ایور گای
Фоулер	فاولر
Ҷек Истхэм	جک ایتام
Кирил	سیریل
Артур Гарднер	آرتور گاردنر
Артур Уиллис	آرتور ویلیس
Айлтон Феррас	آیلتون فراز
Ҳэмпсон	هامپسون
Абдуллоҳ бин Носир Халифа Танӣ	عبدالله بن ناصر آل ثانی
Фазл Навбахт	فضل نوبخت
Ҷейсон Харрис	جیسون هریس
Хави Лара	خاوی لارا
Кунлифф	کونلیف
Лукас Валдемарин	لوکاس والدمین
Кохэм	کوهام
Кук	کوک
Бекфорд	بکفورد
Дидо	دیدو
Рис	ریس
Тёрнер	ترنر
Ваҳшии Бофқӣ	وحشی بافقی
Озари Бегдилӣ	آذر بیگدلی
Ронит Рой	رونیت روی
Калил	کالیل
Карлос Луке	کارلوس لوکه
Брайан Адамс	بریان آدامز
Энрике Да Силва Соуза	هنریکه دا سیلوا سوزا
Гриффитс	گریفیث
Алберт Кери	آلبرت کیاری
Сеонг Дже-Ги	سونگ ژائه-کی
Алун Армстронг	آلون آرمسترانگ
Тулио Соф	تولیو
Турсун Ӯлҷабоев	ترسون اولجبایف
Хант	هانت
Ҷон Харрис	جان هریس
Хуанма	یوانما
Эд Буллинг	اد بولینگ
Эдер Пакеко	ادر پاچیکو
Эдcон Cитта	ادسون سیتا
Бенҷамин	بنجامین
Ҷонсон	جانسن
Бишоп	بیشاپ
Адилcон	ادیلسون
Рӯзбеҳ Бимонӣ	روزبه بمانی
Чече Видал	چچه ویدال
Блоше	بلوشه
Артур Ҷонсон	آرتور جانسون
Нетиню	نیتینو
Боб Китон	باب کیتون
Боб Смит	باب اسمیت
Брайан Гэрви	برایان گاروی
Энди Карр	اندی کار
Симон Хант	سیمون هانت
Алан Алборов	آلن آلبوروف
Алберт Уотсон	آلبرت واتسون
Алехандро Санчес	الخاندرو سانچز
Нунес	نونس
Иб	آیب
Габриэл Да Силва	گابریل دا سیلوا
Кэн Гаррити	کن گریتی
Кевин Лэмпкин	کوین لامپکین
Лестер	لستر
Аҳмад	احمد
Бунди	باندی
Миллер	میلر
Несбитт	نسبیت
Портило	پورتیو
Бернард Фишер	برنارد فیشر
Берт Спростон	برت اسپروستون
Нагоре	ناگور
Гари Беннетт	گری بنت
Коффин	کافین
Клиффорд	کلیفورد
Энтони Хюз	آنتونی هاگز
Антонио	چوزو
Ариэл Перейра	آریل پریرا
Артур Мастерс	آرتور مسترز
Даниэл Хуарес	دنیل خوارز
Мартин	مارتین
Араменди	ارمندی
Хорхе Карранса	خورخه کارانزا
Адам Бакли	آدام باکلی
Алберт Малам	آلبرت مالام
Перейра	پریرا
Браун	براون
Комли	کلی
Брайан Клифтон	برایان کلیفتون
Сафия Зағлул	صفیه زغلول
Григори Пинаичев	گریگوری پینایچف
Адонис Иларио	آدونیس هیلاریو
Чарлз Аллан	چارلز آلن
Билли Эннис	بیلی انیس
Бравн	براون
Брайн Эллиотт	برین الیوت
Лукас Рогжиа	لوکاس روجیا
Алйсcон Марендас Маринс	ایلایسون مارندز مارینز
Амарал	آندرسون
Энди Арнотт	اندی آرنوت
Антониню	آنتونینیو
Антонио Регеро	انتونیو ریسرو
Гордон Кларк	گوردون کلارک
Спилсбури	اسپیلسبری
Адриано	آدریانو
Алан Холдер	آلن هولدر
Алберт Китинг	آلبرت کیتینگ
Алекс Бейли	آلکس بیلی
Амос Адамс	آموس آدامز
Энди Сэвилл	اندی ساویل
Артур Чедвик	آرتور چدویک
Алан Николлс	آلن نیکولز
Алберт Клоф	آلبرت کلوگ
Алберт Эмптейҷ	آلبرت امفیتینگ
Алфред Никол	آلفرد نیکول
Энди Кофлин	اندی کوکلین
Купер	کوپر
Ваҳиди Дастгирдӣ	وحید دستگردی
Карлос Ферейра Де Коза	کارلوس فریرا دی سوسا
Чарли Гриффин	چارلی گریفین
Александр Смирнов	الکساندر اسمیرنوف
Сантяго Верхини	سانتیاگو ورجینی
Лейлтон	لیلتون
Боб Карри	باب کوری
Бобби Барнс	بابی بارنز
Брайан Фрер	برایان فری
Хорди Гонсалво	جوردی گنزالو
Дуайт Гейл	دوایت گیل
Ли Блэкбэрн	لی بلکبرن
Лес Хенли	لس هنلی
Лиам Дейш	لیام دایش
Андерсон Родригес	آندرسون رودریگز
Артур Брэдфорд	آرتور بردفورد
Асад Гулзодаи Бухороӣ	اسد گلزاده بخارایی
Клеменс	کلمنس
Антон Отулакоуски	آنتون اوتولاکوفسکی
Арден Маддисон	آردن مدیسون
Дэвис	دیویس
Дерек Сондерс	درک ساندرز
Кристиан Браво	کریستین براوو
Ҷош Гоулинг	جاش گویل
Начо	ناچو
Хуан Форкетти	خوان فورچتی
Фентон	فنتون
Брей	بری
Ферейра	فریرا
Себастян Алабанда	سباستین الاباندا
Карл Пирҷианни	کارل پیرجیانی
Алан Агуирре	آلن آگویر
Саломон	سالومون
Фергус Хант	فرگوس هانت
Делф	دلف
Басил Акрс	باسیل اکرز
Хорди Шуметра	یوردی زومترا
Даниэл Монлор	دنیل مونلور
Серверо	سرورو
Косме	کسیمه
Даниэл Алберто Кафер	دنیل آلبرتو چافر
Крэддок	کرادوک
Эдиню	ادون
Бен Ҷонс	بن جونز
Рустами	رستم
Билл Бут	بیل بوث
Грин	گرین
Бернард Шэв	برنارد شاو
Виктори	ویکتوری
Ҷо Фрейл	جو فلاین
Крис Томпсон	کریس تامپسون
Клаудио Акино	کلودیو آکوینو
Лукас Акинс	لوکاس اکین
Гонсалвес	گونزالوس
Малколм Баррасс	مالکوم باراس
Абӯ Огого	ابو اوگوو
Мигел Борха	میگل بورخا
Абдулҳусайни Зарринкӯб	عبدالحسین زرین‌کوب
Рикардо	ریکاردو
Фрэнк Бартон	فرانک بارتون
Фрэд Доналдсон	فرد دونالدسون
Деннис Эванс	دنیس ایوانز
Дон Клегг	دان کلگ
Брендон Томас	براندون توماس
Брайан Гейл	برایان گیل
Жоннес	جونس
Матиас Бритос	ماتیاس بریتوس
Палниери	پالمیری
Эрнандес	ارناندس
Нелсон Агреста	نلسون آگرستا
Денни О'доннелл	دنی اودونل
Клементс	کلمنتس
Дэн Гарднер	دن گاردنر
Бейли	بیلی
Марк Картврайт	مارک کارترایت
Марк Ли	مارک لی
Мартин Брэдли	مارتین بردلی
Мэтт Уикс	مت ویکس
Вебстер	وبستر
Марк Грю	مارک گرو
Адриан Рендал	آدریان رندال
Алан Бирченол	آلن بیرچنال
Алберт Хатчинсон	آلبرت هاچینسون
Алф Андервуд	الف آندروود
Шералӣ Ҷӯраев	شیرعلی جورایف
Ли Мартин	لی مارتین
Леон Дрисдейл	لئون دریسدیل
Аккерли	اکرلی
Грэм Бранч	گراهام برنچ
Карл Асаба	کارل آسابا
Чарли Ҷоуитт	چارلی جاویت
Гари Стэнли	گری استانلی
Гари Уилямс	گری ویلیامز
Франсиско Манйус	فرانسیسکو مانوز
Ҷимми Ҷонс	جیمی جونز
Ян Вон	ایان وان
Арам Айрапетян	آرام هایراپتیان
Ли Барретт	لی بارت
Роденак	رودناک
Эрдал Бешикчиоғлу	اردال بشیکچی‌اوغلو
Дэвид Касс	دیوید کاس
Дэвид Грегори	دیوید گریگوری
Дик Дакуорт	دیک دوکوورث
Диего Корпаке	دیگو کورپاچه
Маркус Коза	مارکوس سوسا
Артур Бэкон	آرتور بیکن
Эшли Хоскин	اشلی هاسکین
Чарли Буртеншав	چارلی برتنشاو
Колин Грегсон	کالین گرگسون
Кирил	سیریل
Сезар Таборда	سزار تابوردا
Дейл Тонг	دیل تونگ
Даниэл Мигелес	دنی میگوئلز
Дэйв Томас	دیو توماس
Дэвид Бехарол	دیوید بهارال
Эрни Эдвардс	ارنی ادواردز
Натан Бирн	ناتان برن
Эдгардо Диас	ادگاردو دیاز
Эдуардо Куэлю Лакерда	ادواردو کوئلیو لاکردا
Баркер	بارکر
Бен Люис	بن لوئیس
Берт Бадгер	برد بجر
Берт Хойл	برت هویل
Берт Скривен	برت اسکریون
Блейк	بلیک
Хорхе Айэло	خورخه ایلو
Мигел Нунйес	میگل نونز
Кеко	ککو
Григг	گریگ
Лилли	لیلی
Картер	کارتر
Гилберт Глидден	گیلبرت گلیدن
Бен Мортон	بن مورتون
Кристиан Гарсия	کریستیان گارسیا
Дэйв Гилберт	دیو گیلبرت
Дэвид Фретвелл	دیوید فرتول
Фрэнк Бартон	فرانک بارتون
Уилямсон Барнс	ویلیامسون بارنز
Ҷофф	جف گای
Баркер	بارکر
Сезар Перейра	سزار پریرا
Дани Санчес	دانی سانچز
Фрэд Блэкбэрн	فرد بلکبرن
Д'анхело	دی‌انجلو
Куэста	کوستا
Фазлуллоҳ	فضل
Маркос Гондра	مارکوس گوندرا
Билл Додг	بیل دوج
Макнотон	مک ناتون
Мун	مون
Иняки Гойкоечеа	اینیاکی گویکوتکسا
Буркетт	برکت
Ҷек Харроу	جک هارو
Дэвид Фрит	دیوید فریت
Малик Мансур Мирзо Шуъоуссалтана	ملک منصور میرزا شعاع‌السلطنه
Агиар Куартероле	آگوئیار کارترول
Марк Бреннан	مارک برنان
Дик Эдвардс	دیک ادواردز
Дон Беннетт	دون بنت
Берри	بری
Луна Эслава	لونا اساوا
Белл	بل
Друри	دوری
Дин Беннетт	دین بنت
Ли Колкин	لی کولکین
Поршеноздод	پارشنازداد
Карли Де Мурга	کارلی د مورگا
Такон	تاکون
Фрэд Белфилд	فرد بلفیلد
Баиа	بایا
Гари Боус	گری بووز
Кевин Дринкелл	کوین درینکل
Алберт Холмс	آلبرت هلمز
Аллан Боттрайлл	آلن بوتریل
Андрес Имперяле	آندرس امپریال
Гэннон	گانون
Бэртли	بارتلی
Микел Арсе	میکل ارسه
Ник Ҳаммонд	نیک هاموند
Норман Кристи	نورمن کریستی
Эрик Парсонс	اریک پارسون
Соуза Дус Сантос	سوزا دوس سانتوس
Дуглас Силва	داگلاس سیلوا
Элизеу Де Батиста	الیزو دی باتیستا
Меҳрони	مهران
Антонио Видал	انتونی ویدال
Чарлз Монсалво	چارلز مونسالو
Пол Бейкер	پل بیکر
Бруш	براش
Паулиню Кобаяси	پائولینیو کوبایاشی
Грин	گرین
Чарли Бриттен	چارلی بریتانیا
Эралдо	ارالدو
Пэрсон	پیرسون
Хуан Батала	خوان باتارالا
Алсфорд	آلسفورد
Жилбер Лазар	ژیلبر لازار
Кук	کوک
Флауэрс	فلاورز
Луис Алберто Боннет	لوئیس البرتو بونه
Силва	سیلوا
Ли Арчер	لی آرچر
Нюман	نیومن
Анстисс	آنستیس
Клифф Карр	کلیف کار
Колин Грейнгер	کالین گرینجر
Хуан Нарваэс	خوانجو ناروائز
Крейг Бентхэм	کریگ بنتام
Силкман	سیلکمن
Хавйер Торрес Гомес	خاویر تورس گومز
Эден	ایدن
Питер Фрейн	پیتر فرین
Карл Бродхэрст	کارل برودهرست
Виллис	ویلیس
Таррес	تارس
Майк Пеҷик	مایک پییک
Алкок	الکاک
Даррен Канн	دارن کان
Дэвид Бридҷс	دیوید بریجز
Ҳузайма бинти Носир	حزیمه بنت ناصر
Дали	دیلی
Голимор	گالیمور
Боб Биркетт	باب بیرکت
Алан Росс	آلن راس
Алберт Фэрклоф	آلبرت فرکلاف
Эредия	هردیا
Алекс Колорадо	الکس کلرادو
Алекс Элй	الکس الی
Алексндре Файоли	آلکساندر فایولی
Андерсон Дус Сантос	آندرسون دوس سانتوس
Гилем Бауса	گیلم بوژا
Лукас Трехо	لوکاس ترخو
Кроссли	کراسلی
Арлиндо	ارلیندو
Эдмар Да Силва	ادمار دا سیلوا
Мик Бакстэр	میک باکستر
Майк Флинн	مایک فلین
Милтон Грэм	میلتون گراهام
Бэддели	بدلی
Диего Кокас	دیگو کوچاس
Иван Морено	ایوان مورنو
Брукс	بروکس
Томеу Надал	تومونادال
Дабирсиёқӣ	دبیرسیاقی
Ян Эндрюс	ایان اندروز
Ралф Гатри	رالف گوتری
Роберт Баркер	رابرت بارکر
Луис Лагрутта	لوئیس لاگروتا
Артур Маунтени	آرتور مونتنی
Дэвис	دیویس
Мануэл Эчесаррета	مانوئل اچوزارتا
Самуэл Читхэм	ساموئل چیتم
Сантяго Биглиэри	سانتیاگو بیگلی
Карлос Фондакаро	کارلوس فونداکارو
Сантос	سانتوس
Перси Адамс	پرسی آدامز
Питер Глижер	پیتر گلاسور
Бартоломей	بارتولومئو
Браун	براون
Руфус Бреветт	روفوس بروت
Райан Чарлз	رایان چارلز
Сэм Кокс	سام کاکس
Самуэл Доунинг	ساموئل داونینگ
Хавйер Капели	خاویر کاپلی
Ламсден	لمسدن
Брукс	بروکس
Чарли Радфорд	چارلی ردفورد
Колин Карр Лавтон	کالین کار-لاوتون
Ҳамид Мусаддиқ	حمید مصدق
Хуан Карлос Алварес	خوان کارلوس الوارز
Роуэн	روون
Басил Хейвард	باسیل هیوارد
Рочфорд	راچفورد
Кравфорд	کرفورد
Салвадор Мехяс	سالوادور مییاس
Клементе Вилаверде	کلمنته ویلاورده
Мики Белл	میکی بل
Сид Кроул	سید کرول
Ненем	نانم
Арчер	آرچر
Хуан Карлос Сиснерос	خوان کارلوس سیسنروس
Молина	مولینا
Бруно Фогаcа	برونو فوگاسا
Да Силва Барбоза	دا سیلوا باربوسا
Карр	کار
Фелисиано Дамасио	فلیسیانو داماسیو
Дэвис	دیویس
Чота	خوتا
Гари Бойер	گری بویر
Рафаэл Таржино	رافائل تارگینو
Смолвуд	اسمالوود
Орас Бриндли	هوراس بریندلی
Абулмаолӣ	ابولمعالی
Балдок	بالدوک
Симон Кокс	سیمون کاکس
Луис Санчес	لوئیس سانچز
Эргашев	ارگاشف
Купер	کوپر
Моҳуйи	ماهوی
Мико	میکو
Хавйер Менгини	خاویر منجینی
Макглашан	مک گلاشان
Брэдшав	برادشاو
Ҷефферсон Фейжан	جفرسون فیژائو
Логан	لوگان
Лундстрам	لوندسترام
Рамон Сауто	رامون سائوتو
Пол Кричтон	پل کرایکتون
Роберт Томпсон	رابرت تامپسون
Райан Ашингтон	رایان اشینگتون
Сэм Ҷонсон	سام جانسون
Ҷек Абрахамс	جک آبراهامز
Стивен Мендоса	استیون مندوزا
Мария Касес	ماریا کیس
Амир Маҳмуд Анвар	امیرمحمود انوار
Эктор Скандоли	هکتور اسکاندولی
Ибни Абилашъас	ابن ابی الاشعث
Грег Браун	گرگ براون
Иринеу Калисто Кото	ایرینو کالیستو کوتو
Эдди Глидол	ادی جیدال
Эдивалдо	ادیوالدو
Хуан Аранда	خوان اراندا
Ибни Бобак	ابن بابک
Стив Энтробус	استیو آنتروبوس
Сидни Эйструп	سیدنی ایستروپ
Чарли Аксселл	چارلی اکسل
Чарли Вон	چارلی وان
Крис Чилтон	کریس چیلتون
Крис Дэвсон	کریس داوسون
Мартин Викертон	مارتین ویکرتون
Мик Даррелл	میک دارل
Хуан Монхардин	خوان مونخاردین
Грегсон	گرگسون
Ҷон Холл	جان هال
Кейт Эдвардс	کیت ادواردز
Скотт	اسکات گویت
Хавйер Карпио	خاویر کارپیو
Хименес	خیمنز
Андерсон	اندرسون
Бек	بک
Доуд	دوود
Ҳерберт Буттеруорт	هربرت باترورث
Ли Новак	لی نواک
Хюз	هیوز
Батиста	باتیستا
Ибон Бегоня	ایبون بگونیا
Саид Ғанем	سعید غانم
Брайзелл	بریزل
Ламас	لاماس
Хуан Абаурре	خوان ابریره
Пол Комптон	پل کامپتون
Пол Дэвис	پل دیویس
Ҷон Боуэрс	جان بیورز
Бун	بون
Эмери	امری
Феррер	فرر
Ҷефферсон Де Оливейра	جفرسون دی اولیویرا
Эдер Виларчао	ادر ویلارشو
Абулнаҷб Амъақи Бухороӣ	عمعق بخاری
Толиби Омулӣ	طالب آملی
Харроп	هارپر
Чара	چاریا
Алекс Кинтанила	الکس کینتانیلا
Соуза Ненезес	سوزا مندز
Дик Грэм	دیک گراهام
Хосе Фернандес	فرناندز
Фрэнк Эри	فرانک آیری
Натаниэл Найт Персивал	ناتانیل نایت پرسیوال
Дикин	دیکین
Ҷейми Эттвелл	جیمی اتول
Питер Бейкер	پیتر بیکر
Ричард Дайкси	ریچارد دیکسی
Роберт Бланторн	رابرت بلانتورن
Роберто Гонсалес	روبرتو گونزالس
Бейкер	بیکر
Ли	لی
Бантон	بنتون
Хави Коста	خاوی کوستا
Табрезӣ	تبریزی
Тяго Да Силва	تیاگو دا سیلوا
Стэнли Даймблеби	استنلی دیمبلبی
Фозил Назарӣ	فاضل نظری
Ашраф Мозандаронӣ	اشرف مازندرانی
Вега	وگا
Николас Мартинес	نیکولاس مارتینز
Баптиста Макадо	باپاتیستا ماچادو
Доминик Шиммин	دومینیک شیممین
Дуглас Да Коста Соуза	داگلاس دا کوستا سوزا
Фуллер	فولر
Эдмунд Гиблин	ادموند گیبلین
Куксон	کوکسون
Луис Покеттино	لوئیس پوچتینو
Вилалба	ویلالبا
Хуан Даниэл Галеано	خوان دانیل گالیانو
Ли Фоулер	لی فاولر
Рэй Бункелл	ری بانکل
Гастон Перейро	گاستون پریرو
Руби Сериони	روبی سروینی
Арранс	آرانز
Бродхэрст	برودهرست
Кевин Грокотт	کوین گروکات
Гурген Хачатрян	گورگن خاچاتریان
Хуанито	خوانیتو
Исмоил ибни Ясори Нисоӣ	اسماعیل بن یسار نسایی
Лукас Васкес	لوکاس وازکوئز
Хорхе Рохас	خورخه روخاس
Мария Пас	ماریا پاز
Ли Барроу	لی بارو
Зулолии Хонсорӣ	زلالی خوانساری
Ли Коулишав	لی کولیشاو
Деннис	دنیس
Озан Гювен	اوزان گوئن
Чисюрайт	چیزاورایت
Рон Бретт	ران برت
Ҷефферс	جفرس
Моррисси	موریسی
Иборра	ایبارا
Хуан Мануэл Перило	خوان مانوئل پریلو
Де Сантос	دی سانتوس
Томми Ҷасзкзун	تامی یاشچون
Моррен	مورن
Марк Моррис	مارک موریس
Корбо	کوربو
Карбон	کربن
Мэтю Кларк	متیو کلارک
Маурисио Фернандес	مائوریسیو فرناندز
Уолтер Хименес	والتر خیمنز
Фран Миранда	فرن میراندا
Лукас Абраҳам	لوکاس ابراهام
Куадрус	کادروس
Кейт Бертсчин	کیت برتشین
Кевин Эшли	کوین اشلی
Хил Рагми	خیل رگمی
Бейли	بیلی
Бестол	بستال
Лима Де Ненезес	لیما دی مندز
Сэм Брайттлетон	سام بریتلتون
Себастян Пенко	سباستین پنکو
Кевин Барнс	کوین بارنز
Халифа ал-Халифа	خلیفه سلمان آل خلیفه
Лучано	لچزه
Ли Картврайт	لی کارترایت
Леонардо Пинента	لئوناردو پیمنتا
Алекс Паскуал	الکس پاسکوال
Кларк	کلارک
Шэв	شاو
Маъмун	مأمون
Мануэла Ларео	مانوئلا لارئو
Квуэйл	کوئیل
Ҷейсон Масси	جیسون ماسی
Константин	کنستانتین
Хосе Павес	خوسه پاوس
Андерсон	اندرسون
Луис Мануэл Бланко	لوئیس مانوئل بلانکو
Ҳаролд Фишвик	هارولد فیش‌ویک
Салма Умайс	سلمی عمیس
Мик Коди	میک کودی
Ли Биверс	لی بیورز
Марк Фернандес	مارک فرناندز
Гордон	گوردون
Хорхе Луис Гисо	خورخه لوئیس گیسو
Стефен Перс	استفان پیرز
Стив Бейнс	استیو باینز
Ир	ایر
Брэдли	بردلی
Марсело Македо	مارسلو ماکیدو
Маркус Лима Силва	مارکوس لیما سیلوا
Дус Сантос Конкеикан	دوس سانتوس کونسیسائو
Самуэл Банйос	ساموئل بانوس
Александер Мехия	الکساندر مخیا
Люис	لوئیس
Мэтю Гилл	متیو گیل
Майкл Бранч	مایکل برانچ
Мики Буллок	میکی بولاک
Леандро Де Македо	لیناردو دی ماکیدو
Лесли Грэм	لسلی گراهام
Хуан Мануэл Асконсабал	خوان مانوئل ازکانزابال
Люк Вебб	لوک وب
Майте Лисасо	مایت لیزاسو
Ллойд Эллэмс	لوید المز
Мирзо	میرزا
Мик Фармер	میک فارمر
Лоло	لولو
Нед Лайдделл	ند لیدل
Сайида Маликхотун	سیده ملک خاتون
Пол Бакстэр	پل باکستر
Пол Коннор	پل کانر
Пол Гарнер	پل گارنر
Питер	پیتر
Низории Кӯҳистонӣ	نزاری قهستانی
Бобо Кӯҳӣ	باباکوهی
Мэтю Кессиди	متیو کسیدی
Майк Барри	مایک بری
Милан Бaчи	میلان باچی
Юҳано Бухтишӯъ	یوحنا بختیشوع
Луис Алберто	لوئیس البرتو
Лукас Охеда	لوکاس اوجدا
Бода Ишчил	باده ایشچیل
Артур	آرتور
Тозин	توزین
Дардер	داردر
Марк Доби	مارک دوبی
Донн	دان
Хорхе Корреа	خورخه کوره
Томми Бриггс	تامی بریگز
Мартин Беннетт	مارتین بنت
Батиста Де Соуза	باتیستا دی سوزا
Рег Флюин	رگ فلوین
Стив Крейн	استیو کرین
Хавйер Эррерос	خاویر هررس
Элсби	السبی
Маркио Cенна	مارسیو سینا
Махфии Бадахшӣ	مخفی بدخشی
Матиас Дитуро	ماتیاس دیتورو
Рикардо Да Силва	ریکاردو دا سیلوا
Мик Куп	میک کوپ
Роберто Доветта	روبرتو دوتا
Рассел Фрай	راسل فرای
Аткинсон	اتکینسون
Алмонд	الاموند
Пол Браун	پل براون
Сезар	سزار
Биван	بیوان
Себастян Саэс	سباستین سائز
Серхио Эхеа	سرجیو اگا
Брирклифф	برییرکلیف
Сантамария	سانتاماریا
Рубен Грис	روبن گرایس
Робби Бэрнс	رابی برنز
Рафаэл Толедо	رافائل تولدو
Марк Гудлад	مارک گودلاد
Марк Робертс	مارک رابرتس
Маурис Вебстер	موریس وبستر
Хавйер Велайос	خاویر ولایوس
Бентли	بنتلی
Марк Бейли	مارک بیلی
Нейл Брайско	نیل بریسکو
Робби	رابی بوث
Тайлер Ҳарви	تایلر هاروی
Кэн Флетчер	کن فلچر
Рон Крутчли	ران کروچلی
Салима Султонбегим	سلیمه سلطان بیگم
Пабло Родригес	پابلو رودریگز
Меҳрдод	مهرداد
Майк Бисли	مایک بیزلی
Баадоран	بهادران
Гривс	گریس
Мартин Ланкастер	مارتین لنکستر
Матеус Умберто Максниано	ماتئوس هومبرتو ماکسیمیانو
Станислав Бучнев	استانیسلاو بوچنف
Боден	بودن
Роуэн	روان
Себастян Васкес	سباستین واسکوز
Уолтер Беттридҷ	والتر بتریج
Фил Гваткин	فیل گوتکین
Вагстафф	واگستاف
Пелегрин	پلگرین
Гитер	گتر
Сэм Фоли	سام فولی
Дэвис	دیویس
Лейн	لین
Брэнд	برند
Рикардо Лобо	ریکاردو لوبو
Тедди Беннетт	تدی بنت
Телмо Да Силва	تلمو دا سیلوا
Хуан Пабло Компагнукси	خوان پابلو کامچونوچی
Алваро	الوریتو
Санчес	سانچز
Шейн Блаккетт	شین بلکت
Симон Коулман	سیمون کلمن
Кессиди	کسیدی
Сегар Бастард	سگار بسترد
Рафаэл Мид	رافائل مید
Пол Тэрри	پل تری
Том Бэрретт	تام بارت
Кевин Ривс	کوین ریوز
Рила Фукусима	ریلا فوکوشیما
Роберт Брюис	رابرت برویس
Нестор Манфреди	نستور مانفردی
Симон Ройс	سایمون رویس
Бейли	بیلی
Бёрд	برد
Раул Ибанйес	رائول ایبانز
Де Мораэс	دی مورایس
Ричард Фуллер	ریچارد فولر
Овен Уилямс	اوون ویلیامز
Ли Кокс	لی کاکس
Иманол Ириберри	ایمانول ایربری
Уолтер Капосукчи	والتر کاپوچی
Питер Каванаг	پیتر کوانگ
Стив Арнолд	استیو آرنولد
Нараҷи	نراقی
Симон Эйнг	سایمون آینه
Бернардо	برناردو
Майкл Боулдинг	مایکل بولدینگ
Майкл Гордон	مایکل گوردون
Майк Бэмбер	مایک بامبر
Смритӣ Иронӣ	اسمریتی ایرانی
Стэн Крибб	استن کریب
Мендоса	مورنو
Лукас Калвинйо	لوکاس کالوینیو
Дус Сантос Ферейра	دوس سانتوس فریرا
Грэм	گراهام
Ричард Бартон	ریچارد برتون
Роберто Гархини	روبرتو گارجینی
Алмейда	آلمیدا
Оскар Ортега	اسکار اورتگا
Нейл Кэрролл	نیل کارول
Стив Коллис	استیو کالیس
Марселино Бритапаха	مارسلینو بریتپاجا
Броли	برولی
Марк Гол	مارک گال
Рубен Пягхио	روبن پیاجیو
Да Силва	دا سیلوا
Родриго Алонсо	رودریگو الونسو
Рори Блис	روری بلیز
Лосада	لوسادا
Брито	بریتو
Том Бейли	تام بیلی
Оли Ҷонсон	اولی جانسون
Шейн Гор	شین گور
Адриано Жиаконели	آدریانو جیاکوملی
Тониню Дус Сантос	تونینیو دوس سانتوس
Уилям Хюз	ویلیام هیوز
Фелинес	فلاینز
Симоне Рота	سیمون روتا
Питер Браун	پیتر براون
Питер Девин	پیتر دیواین
Питер Дурбер	پیتر دوربر
Тяго Ниракема	تیاگو میراسیما
Тяго Илори	تیاگو ایوری
Том Биндер	تام بایندر
Тони Блэк	تونی بلک
Тони Янг	تونی یانگ
Никол Пашинян	نیکول پاشینیان
Стив Адамс	استیو آدامز
Зуҳур Ҳабибуллоев	ظهور حبیب‌الله‌اف‎
Тони Гранде	تونی گرانده
Бернунсио	برنسیو
Карлес Мартинес	کارل مارتینز
Мартинс Да Силва	مارتینز دا سیلوا
Ивайр Ферейра	ایوایر فریرا
Эндертон	اندرتون
Бури	بوری
Де Мора Жуниор	دی مورا جونیور
Уолтер Отта	والتر اوتا
Тони Бак	تونی باک
Питер Дерден	پیتر دوردن
Эмблер	امبلر
Силва Де Соуза	سیلوا دی سوزا
Уилям Эбботт	ویلیام ابوت
Роберто Боннано	روبرتو بونانو
Рубен Дундо	روبن دوندو
Кейт Касселлс	کیت کاسل
Эддикон Алвес	ادیسون آلوز
Симон Уормулл	سیمون وورمول
Соро Хон	سارا خان
Юстейс	اوستاس
Себастян Эрерос	سباستین اررس
Серхио Родригес	سرخیو رودریگز
Стив Эрл	استیو ارل
Брукс	بروکس
Дуглас Сантос	داگلاس سانتوس
Тед Адамс	تد آدامز
Адлингтон	آدلینگتون
Стив Коу	استیو کو
Ян Крейни	یان کرنی
Брод	برود
Алберт Кинси	آلبرت کینزی
Сидни Биумонт	سیدنی بومونت
Кака	کاکا
Уилям Ҷонс	ویلیام جونز
Дикинсон	دیکینسون
Энрике Кастанйо	انریکه کاستانو
Стюарт Брайт	استوارت برایت
Кевин Бонд	کوین باند
Сиряко Кано	سیریاکو کانو
Дс Коллинз	دس کالینز
Коулман	کلمن
Люк Фостер	لوک فاستر
Коттерилл	کوتریل
Ҳаролд Хассол	هرلد هاسال
Луис Круз	لوییس کروز
Сетвалс	ستولز
Пералта	پرالتا
Том Платт	تام پلات
Исроил Кастро Франко	اسرائیل کاسترو فرانکو
Витоло	ویتولو
Луис Мингела	لوئیس مک‌اینگلا
Ники Иден	نیکی ادین
Фрэд Хопкин	فرد هاپکین
Брэмвелл	برامول
Луиз Перейра	لوئیز پریرا
Смит Фейтоза	اسمیت فیتوسا
Энтви	آنتوی
Хорхе Мартин Де Сан Пабло	خورخه مارتین د سان پابلو
Ҷордан Фитспатрик	جردن فیتزپاتریک
Ли Гловер	لی گلاور
Стюарт Бивон	استوارت بیون
Бонд	باند
Трэнтер	ترانتر
Эдвардс	ادواردز
Трэвор Аткинсон	تروور اتکینسون
Раул Мартин	رائول مارتین
Диего Тонетто	دیگو تونتو
Брайан Абри	برین ابری
Фрэд Холидей	فرد هالیدی
Багг	بگ
Кук	کوک
Фифилд	ففیلد
Криппс	کریپس
Да Силва Гонес	دا سیلوا گومز
Билли	بیلی لگ
Стив Крудсон	استیو کرسون
Брэмхол	برامهال
Майкл Браун	مایکل براون
Гоф	گاف
Голагер	گلگر
Эрни Брайнтон	ارنی برینتون
Габриэл Пирес	گابریل پیرس
Кевин Карр	کوین کار
Айтор Бланко	ایتور بلانکو
Ирвин Гернон	اروین گرنون
Ник Андерсон	نیک اندرسون
Барри Шаттлюорт	بری شاتلورث
Питер Донаги	پیتر دونگی
Симон Гранд	سایمون گرند
Морде	موردو
Эллерингтон	بیل الرینگتون
Симон Ҷонсон	سایمون جانسون
Берт Смит	برت اسمیت
Перейра	پریرا
Гилберг	گیلبرگ
Акинд	آکینده
Рубято	روبیاتو
Рой Бейнс	روی بینز
Фаҳд Ҳарирӣ	فهد حریری
Ралф Бэркиншоу	رالف بورکینشاو
Крейг	کریگ
Рангел	رانگل
Бурч	برچ
Берти Боулер	برتی بولر
Буллок	بولاک
Пэрсон	پیرسون
Пулпо Ромеро	پولپو رومرو
Роналдо Конкеикан	رونالدو کونسیسائو
Дэвис	دیویس
Мариано Пулидо	ماریانو پولیدو
Мануэл Бланко	مانوئل بلانکو
Перейра Нендес	پریرا مندز
Фокс	فاکس
Бэйн	بین
Видес	ویدس
Агустин Вилар	اگوستین ویلار
Алиев	علی اف
Коул Спраус	کول اسپراوس
Кая Каллас	کایا کالاس
Карлос Арболеда	کارلوس آربولدا
Абусаъди Самъонӣ	ابوسعد سمعانی
Хавйер Допико	خاویر دوپیکو
Эснаола	اسناولا
Мария Села	ماریا سلا
Опомо	آپاما
Хуан Карлос Балагер	خوان کارلوس بالاگیر
Гарсия Висосо	گارسیا ویزوسو
Баҳром ибни	بهرام باوندی
Эдуардо Белса	ادواردو بلزا
Светлана Герасименко	سوتلانا گراسیمنکو
Андони Элисондо	اندونی الیزوندو
Ҳарсама ибни Аъян	هرثمه بن اعین
Алберто Лопес	البرتو لوپز
Қубовӣ	قباوى‎
Манучеҳри	منوچهر
ибни	ابوعون
Юнуси Котиб	یونس بن
Кэмпбелл	کمبل
Акмал Сабуров	اکمل صابروف
Теодоро Матус Cантана	تودور ماتوس سانتانا
Камерон Окасио	کامرون اوکاسیو
Аррасате	آراساته
Тӯҳфа Фозилова	تحفه فاضلوا
Абутуроби Нахшабӣ	ابوتراب نخشبی
Қосим ибни Салом	قاسم بن سلام
Карлос Акапо	کارلوس اکاپو
Алӣ ибни Фаромурз	علی بن فرامرز
Диего Рико	دیگو ریکو
Форстер	فورستر
Томас Бейт	توماس بیت
Мануэл Да Силва	مانوئل دا سیلوا
Марч	مارچ
Риос	ریوس
Александр Алексейев	الکساندر آلکسیف
Рэй Дрейк	ری دریک
Артур Банкрофт	آرتور بنکرافت
Боб Коннор	باب کانر
Грэм	گراهام
Хави Бонила	خاوی بونیلا
Карлос Лима	کارلوس لیما
Даниэл Карр	دانیل کار
Леонардо Суарес	لئوناردو سوارز
Хуан Мануэл Бордаберрй	خوان مانوئل بوردابری
Фернандо Мартинес	فرناندو مارتینز
Энрике	انریکه
Хосе Мануэл Кирога	خوسه مانوئل کیروگا
Эривелто	ارنولیت
Лонкон	لانکون
Герман Парренйо	خرمن پارنیو
Тайиас Броунинг	تیاس برونینگ
Алекс Серрано	الکس سرانو
Рйдер Матус	رایدر ماتوس
Эскаланте	اسکالانته
Бэрнс	برنز
Тирдоз	تیرداد
Карлос Кристето	کارلوس کریستتو
Деҳотӣ	دهاتی
Алберто Хименес	البرتو خیمنز
Грэм	گراهام
Скотт	اسکات
Лукас Торро	لوکاس تورو
Бартон	بارتون
Аденир	ادمیر
Роберт Коста	رابرت کوستا
Ҷозеф Кэмпбелл	جوزف کمپل
Алф Хейл	آلف هیل
Алан Хардинг	آلن هاردینگ
Карлос	کارلوس
Ферейра	فریرا
Марк Редл	مارک ردل
Лукас Акоста	لوکاس اکوستا
Шаҳрварози Ҷодуя	شهروراز جادویه
Андер Капа	اندر کاپا
Дани Ромера	دنی رومرا
Карбонел	کاربونل
Турегано	تورگانو
Маури	مائوری
Адриан Кубас	آدریان کوباس
Билл Хитон	بیل هیتون
Луис Фернандес	لوییس فرناندز
Крис Фут	کریس فوت
Cаса	لوئیز
Дон Адамс	دان آدامز
Райан Броббел	رایان بروبل
Антонио Гарсия	تونی گارسیا
Стив Адамс	استیو آدامز
Жан Деретти	ژان درتی
Домини	دومینی
Мур	مور
Икер Эрнандес	ایکر هرناندز
Рубен Григини	روبن گریگینی
Марк Питерс	مارک پیترز
Иван Диас	ایوان دیاز
Мануэл Моралес	مانوئل مورالس
Пол Бэрретт	پل بارت
Гушнаспдод	گشنسپ‌داد
Ангел Эрреро	آنخل هررو
Андрес Прието	اندرس پریتو
Гибсон	گیبسون
Мартин	مارتین
Норман Бек	نورمن بک
Глисон	گلیسون
Клаудио Дайас	کلودیو دیاز
Бен Пуррингтон	بن پورینگتون
Картер	کارتر
Аридани Арбело	اریدانی اربلو
Бреннан	برنان
Берт Лонгстафф	برت لانگستاف
Ариэл Дэмиан Грана	آریل دامیان گرانا
Диего Росси	دیه‌گو روسی
Стив Юзелак	استیو اوزلاک
Шопур	شاپور
Алекс Кенйон	الکس کنیون
Райан Огер	رایان اوگر
Майкл Кин	مایکل کین
Бекрам	بکرام
Шон Кэмпбелл	شان کمپل
Карлос Пифарре	کارلوس پیفارره
Ашби	اشبی
Рон Сейпвелл	ران کپول
Питер Касл	پیتر کاستل
Пасини	پاچینی
Чема Мато	چما ماتو
Хосе Николас	گونزالس
Энтони Бардон	آنتونی باردون
Белфорд	بلفورد
Бен Гарратт	بن گرت
Ҳюго Алварес	هوگو الوارز
Оскар Форнес	اسکار فورنس
Мартинес	مارتینس
Хуан Герра	خوان گوئرا
Варела	وارلا
Айртон Прекядо	آیرتون پرسیادو
Энрике Да Конкеикан	هنریکه دا کونسیسائو
Питер Эллсон	پیتر السون
Хуан Филип	خوان فلیپه
Макбурни	مک‌برنی
Виласа	ویلاسا
Карлос Селфа	کارلوس سلفا
Кристиан Павон	کریستین پاوون
Артура	ارتورا
Эдуардо Дус Сантос Бауэрманн	ادواردو بائرمان
Гордон	گوردون
Форстер	فورستر
Койл	کویل
Абусаламаи Ҳамадонӣ	ابوسلمه همدانی
Кларк	کلارک
Крейген	کریگین
Ҳарри Уилямс	هری ویلیامز
Сидни Картврайт	سیدنی کارترایت
Фил Барлоу	فیل بارلو
Умар Алварес	عمر الوارز
Александр Бородай	الکساندر بورودای
Энди Келлетт	اندی کلت
Алберт Гровс	آلبرت گرووز
Марк Вал	مارک وال
Рамон Поло	رامون پولو
Лукас Гамба	لوکاس گامبا
Баррил	بارریل
Кэн Фелтон	کن فلتون
Алф Хорн	آلف هورنای
Тиерно	تیرنو
Пол Эдвардс	پل ادواردز
Клоф	کلاف
Орсомес	ارشام
Мануэл де Ириондо	مانوئل دی ایروندو
Висенте Гонсалес Виламил	ویسنته گونزالس-ویلمیل
Пулгар	پولگار
Мораэс	مورایس
Энди Комайн	اندی کومین
Марк Флеминг	مارک فلمینگ
Луис Беваккуа	لوئیس بواکوا
Гитсхэм	گیتشام
Бен Хирст	بن هرست
Рис Тёрнер	ریس ترنر
Стэн Эдвардс	استن ادواردز
Бейкер	بیکر
Стэн Чарлесуорт	استن چارلزوورث
Мики Булл	میکی بول
Алӣ Занд Вакилӣ	علی زند وکیلی
Грунди	گراندی
Гонсало	گونزالو
Пол Купер	پل کوپر
Мартин Чалк	مارتین چالک
Бен Доейн	بن دوان
Сэм Лонг	سم لانگ
Коннелли	کانلی
Алекс Дейви	الکس دیوی
Томас Триго	توماس تریگو
Сэм Бисант	سام بیسنت
Брэдли Фюстер	بردلی فاستر
Антонио Ангуло	آنتونیو آنگولو
Эрик	اریک
Андрей Батютин	آندری باتیوتین
Озга Гюрел	اوزگه گورل
Эгуарас	اگواراس
Доминик Макхейл	دومینیک مک هیل
Буэндия	بوئندیا
Ахер Акече	ایگر ایکتکسی
Арон Чапман	آرون چپمن
Билли Имс	بیلی ایمز
Пурсаттор	پورستار
Кабако	کاباکو
Пагнусат	پاگنوسات
Мирзо	میرزا
Павон	پاوان
Дэвид Конча	دیوید کانچا
Карлос Индяно	کارلوس ایندیانو
Бен Томпсон	بن تامپسون
Шопур	شاپور
Гил	گیل
Саму Делгадо	سامو دلگادو
Гилермо Кастро	گیلرمو کاسترو
Илзат Ахметов	ایلزاد احمدوف
Маурисио Аффонсо	موریسیو آفونسو
Борха Иглесяс	بورخا ایگلسیاس
Дамиа Сабатер	دمیا ساباتر
Унай Лопес	یونی لوپز
Вега	وگا
Ричардсон	ریچاردسون
Диас	دیاز
Форстер Алкок	فورستر آلکاک
Ч Адамс	چه آدامز
Фентон	فنتون
Брайан Ситерер	برایان کاتر
Далер Хонзода	دلیر خان‌زاده
Филдинг	فیلدینگ
Ҷермейн Хилтон	جرمن هایلتون
Горка Сантамария	گورکا سانتاماریا
Алекс Родригес	الکس رودریگز
Исмоил Диас	اسماعیل دیاس
Энди Роллингс	اندی رولینگ
Ситора Песёнӣ	ستاره پسیانی
Мэтт Мейси	مت مکی
Бен Бейтман	بن بیتمن
Дэвсон	داوسون
Зуҳурии Туршезӣ	ظهوری ترشیزی
Кодлинг	کودلینگ
Алан Акяр	آلن آکیار
Иван Перес	ایوان پرز
Бейли	بیلی
Хуан Делгадо	خوان دلگادو
Эсекиэл Паласиос	اسکیل پالاسیوس
Дэйв Кларк	دیو کلارک
Густаво Cкарпа	گوستاوو اسکارپا
Паленкия	پالنسیا
Роберт Дэвис	رابرت دیویس
Педраза	پدراسا
Пере Мила	پیر میلا
Анвар Тӯраев	انور تورائف
Боу	بو
Габриэл Искиер	گبری ایزکیه
Пуэнте	پوتونی
Кейин Вулери	کاینه وولری
Иберико	ایبریکو
Серви	سروی
Кон Салливан	کان سالیوان
Норман Эш	نورمن اش
Маганто	ماگانتو
Лен Чоулс	لن چولس
Эшли Картер	اشلی کارتر
Вивиан Роу	ویویان رووه
Зелимхан Бакайев	سلیم‌خان بقایف
Сиди Бушаки	سیدی ابو
Лукас Ойос	لوکاس هویوس
Василий Небензя	واسیلی نبنزیا
Эшли Хантер	اشلی هانتر
Лекуэ	لکوئه
Хуан Диос Сервян	خوان سرویان
Уилсон	ویلسون
Шералӣ Абдулқайсов	شیرعلی عبدالقیس
Фрэнк Карр	فرانک کار
Роналд Матаррита	رونالد ماتاریتا
Ян Гонсалес	ایان گونزالس
Ҷимми Лодг	جیمی لاج
Фран Мартинес	فران مارتینز
Эммануэл	امانوئل
Томас Спинели	توماس اسپینلی
Эрчел	ارچل
Клаудио Салто	کلودیو سالتو
Фэрчилд	فیرچایلد
Дэйв Чемберс	دیو چمبرز
Анхелинйо	آنجلینیو
Крис Дейл	کریس دیل
Дус Сантос Де Соуза	دوس سانتوس د سوزا
Крис Галвин	کریس گالوین
Алан Смит	آلن اسمیت
Патрик Де Оливейра Виейра	پاتریک د اولیویرا ویرا
Самир Юсифов	سمیر یوسف‌اف
Антонио Овиедо	انتونیو اویدو
Хуан Роман	خوان رامون
Гарсия	گارسیا
Эммерсон	امرسون
Даниэл Кроули	دانیل کرولی
Кларк	کلارک
Кампило	کامپیلو
Костелло	کاستلو
Риппон	رپیون
Амалузор	آمالوزور
Чарли Бейли	چارلی بیلی
Эрик Гарсия	اریک گارسیا
Кларк	کلارک
Эктор Писана	هکتور پیزانا
Каролина Ферес	کارولینا فرز
Леандриню	لئاندرینیو
Банде	بنده
Мендес	مندز
Браян Мансила	برایان مانسیلا
Александер Маккуин	الکساندر مک کوئین
Диксон	دیکسون
Энрике Оливейра	هنریکه اولیویرا
Доналд Лав	دونالد لاو
Макрон	مکرون
Ана Мичелена	آنا میتکسلنا
Родриго Алиэндро	رودریگو بیگاندرو
Бен Чилвелл	بن چیلول
Луис Чавес	لوییس چاوز
Отеги	اوتگویی
Килян Грант	کیلیان گرانت
Инсолера	اینسولرا
Серхио Буэнакаса	سرخیو بوئناکازا
Ҷексон	جکسون
Эндрю Рушбури	اندرو راشبری
Спиттл	اسپیتل
Диего Гонсалес	دیگو گونزالس
Убайдуллоҳ ибни Абдуллоҳ ибни Тоҳир	عبیدالله بن عبدالله بن طاهر
Монтиел	مونتیل
Роберт Арболеда	روبرت آربولدا
Фрэд Коллинсон	فرد کالینسون
Рикардо Маренго	ریکاردو مارنگو
Игор Коронадо	ایگور کورونادو
Фернандес	فرناندس
Даниэл Имперяле	دنیل امپریال
Эспига	اسپیگا
Питер Чисвик	پیتر کیسویک
Форд	فورد
Исро Билгич	اسرا بیلگیچ
Эдвин Мунйос	ادوین مونوز
Алберт Холмс	آلبرت هلمز
Маркос Сенеси	مارکوس سنسی
Андер Гайосо	اندر گاوسو
Алберто Варо	البرتو
Франсиско	فرن
Майлс Ҷудд	مایلس جود
Лукас Кауфманн	لوکاس کافمن
Ориол Кортес	آوریل کورتس
Родригес Жуниор	رودریگز جونیور
Аллинсон	لوید الینسون
Улисес Паскуа	اولیسس پاسکوا
Исмоил Атуман	اسماعیل اتومن
Перейра	پریرا
Кристиан Тиссоне	کریستین تیسون
Левников	لونیکوف
Маккароне	ماکارونه
Томас Патрик Мур	توماس پاتریک مور
Дик Фосс	دیک فاوس
Имодии Ғазнавӣ	عمادی غزنوی
Дэвид Касаму	دیوید کاسومو
Коррейа Де Араужо	کوریا د اراخو
Ратон	راتون
Акими	حکیمی
Рамон Фолч	رامون فولچ
Марк Рока	مارک روکا
Руис	وگاس
Карлос Куэста	کارلوس کوئستا
Пабло Васкес	پابلو واسکوئز
Алберт Илс	آلبرت ایلز
Розэ	رزی
Артур Бейли	آرتور بیلی
Зази Битз	زازی بیتز
Кокшатт	کوک‌شوت
Энea Миҳaй	اینیا میهای
Бен Стивенсон	بن استیونسون
Роберто Нунйес	روبرتو نونیز
Ҷису	جیسو
Агустин Кардосо	آگوستین کاردوزو
Хорхе Куэнка	خورخه کوئنکا
Эмилио Гомес	امیلیو گومز
Боран Кузум	بوران کوزوم
Карлос Гарридо	کارلوس گاریدو
Доррио	دوریو
Дуглас Луиз	دوگلاس لوییز
Эдней	ادنی
Ян Виктор	یان ویکتور
Кошонӣ	کاشانی
Лучано Гомес	لوچیانو گومز
Марко Боргнино	مارکو بورجینو
Арчи Линг	آرچی لینگ
Оскар Мартин	اسکار مارتین
Хименес	خیمنز
Агустин Фонтана	آگوستین فونتانا
Матеус Фернандес	ماتئوس فرناندز
Эрик Эспосито	اریک اشاوسیتو
Абдураҳим Ҳоҷибоев	عبدالرحیم حاجی‌بایف
Адриан Спорле	آدریان اسپورل
Эдер Нилитан	ادر میلیتائو
Лукас Алгосино	لوکاس الگوزینو
Антонио Навас	انتونیو ناواس
Эдуардо	ادواردو
Даниил Лесовой	دانیل لسووی
Бойсон Вйнней	بویسون وینی
Колин Дункан	کالین دانکن
Науел Омиляни	ناهوئل امیلانی
Сомбика	سامبیکه
Мэй	می
Орзу Исоев	آرزو عیسی
Яман	یامان
Томас Барони	توماس بارونی
Беҳном Бонӣ	بهنام بانی
Беҳрӯз Хоҷазода	بهروز خواجه‌زاده
Урелён Чуамени	اورلین شوامنی
Ҳамид Ҳирод	حمید هیراد
Шаҳриёр	شهریار
Хусрави	خسرو
Грета Тунберг	گرتا تونبرگ
Воҳид Сайёди Носирӣ	وحید صیادی نصیری
Баҳроми Сиёвушон	بهرام سیاوشان
Новаес	نوواس
Рустам Ятимов	رستم یتیموف
Муин Ғафуров	موین غفوروف
Камавинга	کاماوینگا
Камавинга	کاماوینگا
Олга Любимова	اولگا لیوبیموا
Ҳишом Машишӣ	هشام مشیشی
Абулҳасани Симҷурӣ	ابوالحسن سیمجور
Манфӣ	منفی
Лейм	لیم
Фотима Паймон	فاطمه پیمان
Маҳсо Аминӣ	مهسا امینی
Меҳршод Шаҳидӣ	مهرشاد شهیدی
Аҳмадшоҳ Азҳари Файзёр	احمدشاه ازهر فیضیار
Карим Девона	کریم دیوانه
Мустамлии Бухорӣ	مستملی بخاری
Ангела Меркел	آنگلا مرکل
Карл Линней	کارل لینه
Мэрилин Монро	مریلین مونرو
Бернар	برنارد
Манмоҳан Сингҳ	مانموهان سینگ
Шон Пенн	شان پن
Карлос Валдес	کارلوس والدز
Ҳонс Зиммер	هانس زیمر
Виктор Зубков	ویکتور زابکوف
Бҳатия	باتیا
Лев Яшин	لو یاشین
Ода Набунага	اودا نوبوناگا
Уилсон	ویلسون
Жорес Иванович	ژورس آلفروف
Франсуа Виет	فرانسوا ویت
Уле-Эйнар Бёрндален	اوله اینار بیورندالن
Изабел Перон	ایزابل پرون
Абдуллоҳи	عبدالله
Мерфи	مورفی
Брайан Клоф	برایان کلاف
Скарсгард	اسکارسگوارد
Рене Игита	رنه هیگیتا
Мартин Келли	مارتین کلی
Муқаннаъ	المقنع
Хавйер Гарридо	خاویر گاریدو
Саҷҷод	سجاد
Иван Кампо	ایوان کمپو
Эмил Гилелс	امیل گیللس
Гварини,	گوارینی
Роберто Фернандес	روبرت فرناندز
Дилип Кумар	دیلیپ کومار
Муҳаммад Ғаннушӣ	محمد الغنوشی
Мэнголд	منگولد
Георгий Гречко	گئورگی گرچکو
Сантос Ирярте	سانتوس ایریاته
Мигел Лотина	میگل لوتینا
Дорива	دوریوا
Босели	بوسلی
Дэвид майи	دیوید می
Хуан Куэвас	خوان کوئواس
Браун	براون
Игор Алвес	ایگور آلوز
Ларривей	لاریوی
Да Коста	دا کوستا
Домингес	دومینگز
Браулио Муссо	برائولیو موسو
Ибни Дурайд	ابن درید
Бен Тотчер	بن تاچر
Эзгӣ Асароғлу	ازگی آذراوغلو
Луйис Адулфу Силес Солинос	لوییس آدولفو سیلس سالیناس
Маурисио Очманн	موریسیو اوچمن
Гонсало Берхессио	گونزالو برگسیو
Ибни Муқла	ابن مقله
Крис Фэрклоф	کریس فرکلاف
Да Силва Нендонcа	دا سیلوا مندونسا
Дуарте Де Македо	دوراتی دی ماکیدو
Пералта	پرالتا
Пеня	پنا
Грэм	گراهام
Поп Робсон	پاپ رابسون
Марям	مریم
Ким Уайлд	کیم وایلد
Эворист Голуо	اواریست گالوا
Эвклид	اقلیدس
Том Круз	تام کروز
Бауэр	باور
Марсело Плетск	مارسلو پلیتچ
Винод Ханна	وینود خانا
Тони Морли	تونی مورلی
Лембо	لمبو
Карлос Мерино	کارلوس مرینو
Энерcон Тоне	امرسون تومی
Бардиё	بردیا
Симеоне	سیمئونه
Леонидас	لئونیداس
Колин Казим Ричардс	کالین کاظم ریچاردز
Феликс	فلیکس
Капур	کاپور
Эстибарис	اسیباریس
Карлос Скео	کارلوس اسکئو
Хавйер Малагуэнйо	خاویر مالاگونیو
Брайан Тёрнер	برایان ترنر
Сталлоне	استالونه
Устаритс Алдекоаоталора	اوستاریتس الدکوئوتالورا
Хуан Зунйига	خوان زونیگا
Хавйер Камуняс	خاویر کاموناس
Хорхе Браун	خورخه براون
Гилонӣ Шакибӣ	گیلانی شکیبی
Амруллоҳ Солеҳ	امرالله صالح
Амруллоҳ Солеҳ	امرالله صالح
Андерсон Силва Де Франcа	آندرسون سیلوا دی فرانسا
Вилмер Лопес	ویلمر لوپز
Ричарт Баэс	ریچرت بایز
Роули	رولی
Клэренс Акуня	کلارنس آکونا
Айнӣ	عینی
Хосе Даниэл Валенсия	خوسه دانیل بالنسیا
Намрата Широдкар	نامراتا شیرودکار
Карлос Лазаро	کارلوس لازارو
Сентурион	سنتوریون
Гастуло	گاستولو
Мишел	میچل
Фрагосо	فراگوسو
Фёдор Достоевский	فیودور داستایفسکی
Трюгве Ли	تریگوه لی
Том Инс	تام اینس
Родриго Да Коста	رودریگو دا کوستا
Д’Алема	دالما
Андреоттӣ	آندریوتی
Сергей Брин	سرگئی برین
Аня Ниедрингҳаус	آنیا نیدرینگ‌هاوس
Никита Симонян	نیکیتا سیمونیان
Натаниэл Клин	ناتانیل کلاین
Феррер	فرر
Гринхофф	گرینهوف
Доминго Сисма	دومینگو سیس
Арасту	ارسطو
Шарл Азнавур	شارل آزناوور
Борис Акунин	بوریس آکونین
Сен-Жон Перс	سن-ژان پرس
Хавйер Паредес	خاویر پاردس
Илан	ایلان
Давид Алаба	دیوید آلابا
Эрнан Креспо	هرنان کرسپو
Лионел Смит	لایونل اسمیت
Бор	بور
Александр Пушкин	الکساندر پوشکین
Калаҳан	کالاهان
Ариабҳата	آریابهاتا
Россини	روسینی
Капур	کاپور
Зиллур Раҳмон	ظل‌الرحمن
Жан-Батист Био	جین-بپتیست بایو
Макконахи	مک‌کانهی
Филип Гутйеррес	فلیپه گوتیرز
Андрес Гуардадо	آندرس گواردادو
Неруда	نرودا
Франческо Тоттӣ	فرانچسکو توتی
Франсиско Франко	فرانسیسکو فرانکو
Крис Гринакр	کریس گریناکر
Ли Мин Хо	لی مین هو
Алберт Риера	آلبرت ریرا
Энерcон	امرسون
Тито	تیتو
Деде	دیدی
Парвиз Мушарраф	پرویز مشرف
Анвар Содот	انور سادات
Ингрид Бергман	اینگرید برگمن
Мишел Мартеллу	میشل مارتلی
Лоч	لوچ
Питер Шилтон	پیتر شیلتون
Вунуни	ونون
Сэмюэл Ҳантингтон	ساموئل هانتینگتون
Радиярд Киплинг	رودیارد کیپلینگ
Улк	هالک
Дисқуридус	دیوسکوریدس
Кнут Ҳомсун	کنوت هامسون
Курт Гӯдел	کورت گودل
Бронте	برونته
Феликс Менделсон	فلیکس مندلسون
Чуброн Халил Чуброн	جبران خلیل جبران
Дэвид Уорк Гриффит	دیوید وارک گریفیث
Ҳонс	هانس
Кристиан Анфинсен	کریستین آنفینزن
Бартоломмео	بارتولومئو
Нопулитану	ناپولیتانو
Герҳард Шрёдер	گرهارد شرودر
Сезар	سزر
Виктор Понеделник	ویکتور پوندلنیک
Клебер Лаубе Пинйеро	کلبیر لوبه پینیرو
Фахрия Эвҷан	فحریه اوجن
Стивен Сигал	استیون سیگال
Юсуфи Балосоғунӣ	یوسف بلاساغونی
Алан Да Коста Силва	آلان دا کوستا سیلوا
Марк Аврелий	مارکوس اورلیوس
Эгон Кренз	اگون کرنتس
Марко Поло	مارکو پولو
Адриан Мариаппа	آدریان ماریاپا
Исои	عیسی
Мигел де Сервантес	میگل د سروانتس
Олег Константинович	اولگ آنتونوف
Мигел Ангел	میگل آنگولو
Мик Бейтс	میک بیتس
Асиер Иларраменди	آسیر ایارامندی
Айяла	آیالا
Сергей Горлукович	سرگی گورلوکویچ
Волней Cпиндлер	وولنی اسپیندلر
Андрей Нелидов	آندره نلیدوف
Либкнехт	لیبکنشت
Элисон	الیسون
Вилям Лассел	ویلیام لاسل
Николай	نیکلای
Киран Гиббс	کیران گیبز
Гогол	گوگول
Сергей Прокофев	سرگئی پروکفیف
Рам Баран Ядав	رام باران یاداو
Ориёрамна	آریارمنه
Мануэл Хурадо	مانوئل خورادو
Ҳилмии	حلمی
Сиуфростус	ثئوفراستوس
Лаура Препон	لورا پرپون
Питер Осгуд	پیتر آسگود
Буброндо	بوبراندا
Парк Ёо	پارک جو-هو
Аҳмадшоҳи Дурронӣ	احمدشاه درانی
Ричард Гир	ریچارد گی‌یر
Морис Жозеф	موریس راول
Фридрих	فریدریش
Роберт Бёрнс	رابرت برنز
Александри	الکساندر
Саул Мартинес	ساول مارتینز
Девган	دیوگن
Моррис	موریس
Хоан Капдевила	خوان کاپدویلا
Забалета	زابلتا
Ширлей Боот	شرلی بوت
Бил	بیل
Форлан	فورلان
Софя Ковалевская	سوفیا کووالوسکایا
Мариано Гонсалес	ماریانو گونزالس
Мартинес	مارتینز
Андре Висдом	آندره ویزدم
Якоб Бёме	یاکوب بوهمه
Фейлябер	فیلهابر
Алехандро Посуэло	آلخاندرو پوزوئلو
Карлос Лара	کارلوس لارا
Кевин Киган	کوین کیگان
Энг Ли	انگ لی
Эрик Шмидт	اریک اشمیت
Силва Дус Сантос	سیلوا دوس سانتوس
Марко Силва Бусиняни	مارکو سیلوا بوسینانی
Валдир Лукас Перейра	والدیر لوکاس پریرا
Андони Зубисаррета	آندونی زوبیزارتا
Пол Волфовитс	پال ولفوویتز
Тэнди Нютон	تانیدا نیوتون
Марта	مارت
Тико	تیکو
Кошонӣ	کاشانی
Иву Муралес	اوو مورالس
Робиню	روبینیو
Мэри Бойс	مری بویس
Гатти	گاتی
Бенедито Да Силва	بندیتو دا سیلوا
Фернандо Лоренте	فرناندو یورنته
Феликс Кривин	فلیکس کریوین
Ҷавонтари	جوان‌تر
Муртазо Аламулҳудо	مرتضی علم‌الهدی
Виктор Пелевин	ویکتور پلوین
Робин Гивенс	رابین گیونز
Кико	فرانسیسکو
Берен Саат	برن ساعات
Нил Тайсон	نیل تایسون
Микел Сан Хосе	میکل سن خوزه
Андре Белеза	آندره اولیویرا
Искандар Қаҳрамонович	اسکندر قهرمانویچ
Брак	براک
Алберто Фоуилоус	آلبرتو فویلیو
Бернардо Беллотто	برناردو بلوتو
Аҳмад	احمد
Фил Нил	فیل نیل
Аубакиров	آوباکیروف
Анатолий Александрович	آناتولی ولاسوف
Рассел	راسل
Албер Лебрен	آلبر لوبرن
Эдер	ادر
Аҳмед Бен Белла	احمد بن بلا
Оскар Мас	اسکار ماز
Стив Макманаман	استیو مک‌منمن
Шон Ст Ледҷр	شان سنت‌لجر
Худобанда	خدابنده
Майкл Клегг	مایکل کلگ
Гленн Муррай	گلن مورای
Ричард Френсис Бёртон	ریچارد فرانسیس برتون
Дюбуа	دوبوآ
Карлтон Кол	کارلتون کول
Мериме	مریمه
Чарлз Гловер	چارلز گلوور
Лев Семёнович	لو ویگوتسکی
Айман аз-Завоҳирӣ	ایمن الظواهری
Кит Саймонс	کیت سایمونس
Луис Алберто	لوئیس آلبرتو
Страдивари	استرادیواری
Мауро Каморанеси	مائورو کامرونزی
Райан Рейнолдс	رایان رینولدز
Андерсон Дус Сантос	آندرسون دوس سانتوس
Артур Бернардес	آرتور برنادس
Карлос Салданҳа	کارلوس سالدانها
Фланаган	فلاناگن
Мария Гонсалес	ماریا گونزالس
Энтони Грант	آنتونی گرانت
Абдуссаттор	عبدالستار
Пабло Пятти	پابلو پیاتی
Бердяев	بردیایف
Марина Ивановна	مارینا ایوانوونا
Умар	عمر
Нилмар	نیلمار
Варлам Шаламов	وارلام شالاموف
Ҳерберт Спенсер	هربرت اسپنسر
Пинто Де Соуза	پینتو دی سوزا
Аврам Гершко	افرام هرشکو
Ҷонсон	جانسن
Брага	براگا
Сотибарзан	ساتی‌برزن
Гарате	گاراته
Хулен Герреро	خولن گوئررو
Кир Булычёв	کیر بولیچف
Ҳарт Крейн	هارت کرین
Антон Чехов	آنتون چخوف
Умар ибни Хаттоб	عمر بن خطاب
Виктория Абрил	ویکتوریا آبریل
Ричардс	ریچاردز
Ринкон	رینکون
Филип Кайседо	فیلیپه کایکدو
Норман Бейли	نورمن بیلی
Мигел Ангел Лосано	میگل آنخل لوزانو
Артистуна	آرتیستون
Артюр Гобино	آرتور گوبینو
Алексей Парамонов	الکسی پارامونوف
Покури	پاکور
Луис Уолтер	لوئیس والتر
Ник Блэкман	نیک بلکمن
Роксана Мескида	روکسان مسکیدا
Носир Хусрав	ناصرخسرو
Сон Алуко	سونه آلوکو
Саломон	سالومون
Туни	تونی
Перейра Дус Сантос	پریرا دوس سانتوس
Маурис Кук	موریس کوک
Алфред Нобел	آلفرد نوبل
Модар Тереза	مادر ترزا
Райан Балдакчино	رایان بالداچینو
Рохас	روخاس
Геованни	جیوانی
Мануэл	مانوئل
Тарона Алидӯстӣ	ترانه علیدوستی
Мур	مور
Сивор Даҳаб	سوار الذهب
Абдуллоҳ ибни Зубайр	عبدالله بن زبیر
Роберт Хоукс	رابرت هکس
Ян Аллинсон	این آلنسون
Ад Акинбиии	آده آکینبی
Мореа	مورئا
Иштувегу	ایشتوویگو
Ҷоҳиз	جاحظ
Салас	سالاس
Лайло Алиева	لیلا علی‌اف
Вертинская	ورتینسکایا
ибни Фирнос	بن فرناس
Ҳовард Тафт	هووارد تافت
Бандерас	باندراس
Иван Тургенев	ایوان تورگنیف
Карлос Тевес	کارلوس توس
Луай Атосӣ	لوی الاتاسی
Питер Вит	پیتر ویت
Пабло Диас	پابلو دیاز
Хуан Вискайно	خوان ویزکینو
Атом Егоян	آتوم اگویان
Кэмпион	کمپیون
Элизабет Мосс	الیزابت ماس
Сантос Урдинаран	سانتوس اوردینوران
Филип Де Соуза Кампус	فیلیپه دی سوزا کامپوس
Рекҳа	رخا
Рамон Алекснко	رامون الکسانکو
Айзея Осбурн	آیزایا آزبورن
Сурёш	اسوروش
Симонсон	سیمونسون
Гюнтер	گونتر
Алберт Биерстадт	آلبرت بیرشتات
Виштосп	ویشتاسپ
Абдулмуталлиб	عبدالمطلب
Ҳахоманиш	هخامنش
Умберто Суасо	هومبرتو سوازو
Грималди	گریمالدی
Оскар Айзек	اسکار آیزاک
Линс Да Гама Жуниор	لینس دا گاما جونیور
Диган	مارکوس
Атирcон	آنتونیو
Гор Вербинскӣ	گور وربینسکی
Родриго Таддей	رودریگو تادی
Мабиус	میبیس
Владимир Сорокин	ولادیمیر سوروکین
Луиз Энрике Да Силва Алвес	لوئیز هنریکه دا سیلوا آلوز
Перейра	پریرا
Колбэк	کولبک
Кани	روبن
Иэн Глен	ایان گلن
Деннис Ходгеттс	دنیس هاجتس
Августо Фернандес	آگوستو فرناندز
Кендол	کندال
Ривалдо Де Соуза	ریوالدو دی سوزا
Алексей Еременко	آلکسی ارمنکو
Хамес Родригес	خامس رودریگز
Пол Дэвис	پل دیویس
Хуан Ногес	خوان نوگوس
Есте	یسته
Пасиегито	پاسیگویتو
Муҳтадӣ	مهتدی
Лароқӣ	العراقی
Нето Баiано	نیتو بایانو
Фёдор Черенков	فیودور چرنکوف
Рэй Боуден	ری بوودن
Пол Маринер	پل مارینر
Велдон	ولدون
Скелотто	سکلوتو
Хорхе Отеро	خورخه اوترو
Энди Нелсон	اندی نلسون
Курникова	کورنیکوا
Юлиус Фучик	یولیوس فوچیک
Антонио Олмо	آنتونیو اولمو
Айтор Осио	ایتور اوسیو
Дуван Запата	دائوان زاپاتا
Исмоил Рохас	ایسمائیل روهاس
Сергей Горшков	سرگئی گورسکوف
Фрэд Форд	فرد فورد
Таҳмосби	تهماسب
Рене Китрал	رنه کیترال
Луиз Гервазони	لوئیز جروازونی
Серхио	سرجیو
Битруҷӣ	بطروجی
Марио Жардел	ماریو جاردل
Кодина	کودینا
Агутин	آگوتین
Девид Кемерон	دیوید کامرون
Вилям Шекспир	ویلیام شکسپیر
Виктория	ویکتوریای
Гундуфар	گندفر
Салинас	سالیناس
Усмон Чавес	عثمان چاوز
Клинтон Моррисон	کلینتون موریسن
Хабйер Эчейта	زبیر اتشیتا
Рене Котӣ	رنه کوتی
Еуарт Гладстон	اوارت گلدستون
Горгий	گرگیاس
Маранян	فرانکنیلسون
Ричард Нунйес	ریچارد نونز
Анатолий Соловяненко	آناتولی سولوویاننکو
Оливейра	اولیویرا
Карлос Замбрано	کارلوس زامبرانو
Дэвид Нагент	دیوید ناجنت
Ардавони	اردوان
Оскар Ругхери	اسکار روگخری
Луис Састре	لوییس ساستر
Стэн Куллис	استن کالیس
Глен Ҷонсон	گلن جانسون
Холид Ҳусайнӣ	خالد حسینی
Карл Сендберг	کارل سندبرگ
Арнолд Рюйтел	آرنولد روتل
Челентано	چلنتانو
Клем Стефенсон	کلم استیفنسن
Артуро Коддоу	آرتورو کودا
Владимир Дядюн	ولادیمیر دیادیون
Эрнер	هرنر
Бинду	بیندو
Ҳелиокл	هلی‌اکل
Пауло Жанелли	پائولو جاملی
Андрей Громико	آندری گرومیکو
Деалберт	دیلبرت
Тим Коулман	تیم کولمن
Ҳойпл	هویپل
Эстигаррибия	استیگاریبیا
Николаевич	نیکولای جه
Фрэнк Лэмпард	فرانک لامپارد
Умед Ҷалилӣ	امید جلیلی
Марио Симарро	ماریو سیمارو
Фабиан Кабалеро	فابین کابایرو
Ҳунайн ибни Исҳоқ	حنین بن اسحاق
Виктор Лопес	ویکتور لوپز
Эвертон Котиню Алвес	هورتون کوتینیو آلوز
Де Карвалю Cуарес	ده کاروالیو سوآرز
Карлос Кастилю	کارلوس کاستیلیو
Аҳмад	احمد
Нандо	ناندو
Паганини	پاگانینی
Мур	مور
Эвер Паласиос	ایور پالاسیوس
Уиллиам Питти Калонӣ	ویلیام پورتلند
Паркер	پارکر
Арчиболд Примрос	آرچیبالد پریمروز
Саборио	سبوریا
Денис	دنیس
Фрунзик Мушегович	فرونزیک مکرتچیان
Фернандо Тиссоне	فرناندو تیسون
Виола	ویولا
Родни Уо́ллес	رودنی والاس
Пауло Сантос Жуниор	پائولو سانتوس جونیور
Энрике Ромеро	انریکه رومرو
Пол Робинсон	پل رابینسون
Энрику Летта	انریکو لتا
Муасир Барбоза	مواسیر باربوسا
Зарате	زارات
Дарио Квитаник	داریو کویتانیچ
Дэвид Ҷонс	دیوید جونز
Лэнгтон	لنگتون
Юлиан Лопес	خولیان لوپز
Энрике Мартин	انریکه مارتین
Хуан Мунйис	خوان مونیز
Дэвид Гарсия	دیوید گارسیا
Томас	توماس
Арбенз	آربنز
Аҳмад Ҳасан ал-Бакр	احمد حسن البکر
Меҳрдоди	مهرداد
Абдулфаттоҳ Сисӣ	عبدالفتاح السیسی
Мигел Паланка	میگل پالانکا
Аббос Маҷусии Аҳвозӣ	مجوسی اهوازی
Мануэл Морено	مانوئل مورنو
Пауло Кезар Кажу	پائولو سزار کاجو
Картир	کرتیر
Алан Сундерленд	آلن ساندرلند
Родригес Сантос	رودریگز دوس سانتوس
Хуан Карлос Оленяк	خوان کارلوس اولنیک
Валери Воронин	والری ورونین
Энрике Порта	انریکه پورتا
Деол	دیول
Габриэл Бадила	گابریل بادیلا
Вивиен Леи	ویوین لی
Питер Стори	پیتر استوری
Марсело Буэкк	مارسلو بویک
Ашок Кумар	آشوک کومار
Темплтон	تمپلتون
Артертон	آرترتون
Иван Де Ла Пеня	ایوان د لا پنیا
Маргарет Татчер	مارگارت تاچر
Карл Маркс	کارل مارکس
Бен Фостер	بن فستر
Карлос Бланко	کارلوس بلانکو
Дюк	دوک
Сивиски	سیویسکی
Флорес	فلورس
Леонардо Гонсалес	لئوناردو گنزالز
Плинийи Хурд	پلینی کوچک
Саъдӣ	سعدی
Вейд Эллиотт	واد الیوت
Элдис Фернандо Дамасио	الدیس فرناندو داماسیو
Рамиро Наварро	رامیرو ناوارو
Лиам Купер	لیام کوپر
Валерий Леонтьев	والری لئونتیف
Лисандро Лопес	لیساندرو لوپز
Томас Морт	توماس مرت
Танака	تاناکا
Фуоди	فؤاد
Роберто Cантана	روبرتو سانتانا
Казис Гринюс	کازیس گرینیوس
Артур Фриеденрейк	آرتور فریدنریش
Чэн	چن
Эузебио	اوزه‌بیو
Хорхе Делй Валдес	خورخه دلی والدس
Феликс Дзержинский	فلیکس ژرژینسکی
Гуайре	گوایر
Табрезӣ	تبریزی
Карл Икем	کارل ایکیمی
Боботоҳир	باباطاهر
Кастило	کاستیلو
Петролина	پترولینا
Алеманди	المندی
Сэм Бартон	سام برتون
Ким Сен	کیم ایل-سونگ
Вилҳелм Вин	ویلهلم وین
Нурсултон Назарбоев	نورسلطان نظربایف
Кристиан Куэва	کریستین کوا
Ллойд	لری لوید
Эдвард Бэйкер Линколн	ادوارد بیکر لینکلن
Хуан Пабло Каррисо	خوان پابلو کاریزو
Грант Холт	گرانت هالت
Бирн	بایرن
Филю Дуарте	فیلو دوراتی
Андре Луиз Силва Насименто	آندره لوئیز سیلوا ناسیمنتو
Айртон Сантос	آیرتون سانتوس
Анӯшервон	انوشیروان
Лесков	لسکوف
Вилсон	ویلسون
Фабио Лучано	فابیو لوسیانو
Марио Алварес	ماریو آبرته
Томас Доолей	توماس دولی
Игуаран	ایگواران
Ашока	آشوکا
Хорхе Рафаэл Видела	خورخه رافائل ویدلا
Гобриело Мистрол	گابریلا میسترال
Георгий	گرگین‌خان
Винисиу Серсу	وینسیو سرزو
Рйкелй	رایشیلای
Мартин Нунйес	مارتین نونز
Алберто Саинс	آلبرتو ساینز
Дивид Подйо	دیوید پادیا
Иэн Макшейн	یان مک‌شین
Коста	کوستا
Филис Уитли	فیلیس ویتلی
Пол Счолс	پل اسکولز
Рентси	رنتسی
Алмадовар	آلمودوار
Эстрада	استرادا
Cавио	ساویو
Алваро Хестидо	آلوارو جستیدو
Колдервуд	کالدروود
Хуан Алонсо	خوان آلونسو
Марлон Кинг	مارلون کینگ
Адибулмамолики Фароҳонӣ	ادیب‌الممالک فراهانی
Маноло	مانول
Лисандро Лопес	لیساندرو لوپز
Кико Касила	کیکو کاسیا
Билика	بیلیکا
Афшор	افشار
Карлос Эрнандес	کارلوس هرماندز
Истхэм	استهام
Абуубайди Ҷузҷонӣ	ابوعبید جوزجانی
Дэвид Албелда	داوید آلبلدا
Саъд Ҳарирӣ	سعد حریری
Хавйер Маргас	خاویر مارگاس
Фигередо	فیگردو
Карлос Насименто	کارلوس ناسیمنتو
Энрик Валèс	انریک والس
Сезар Монтезине	سزار موتزینی
Карлос Де Ла Вега	کارلوس د لا وگا
Владимир Набоков	ولادیمیر ناباکوف
Фишер	فیشر
Андре Моритс	آندره مورتیز
Хатояма	هاتویاما
Фалкан	فالکائو
Касерес	کاسرس
Майк Терранова	مایک ترانووا
Карлос Луна	کارلوس لونا
Фриенд	فرند
Кэтрин Эштон	کاترین اشتون
Роура	رورا
Васим Саҷод	وسیم سجاد
Молик ибни Анас	مالک بن انس
Набабкин	نابابکین
Лорен	لورن
Валери Газзаев	والری گازائف
Илия Чавчавадзе	ایلیا چاوچاوادزه
Август Мюллер	آگوست مولر
Давис	دیویس
Силвестре Игоа	سیلوستره ایگوا
Корнес	کورنس
Генрих Федосов	گنریخ فدوسوف
Прадо	پرادو
Чарлз Алкок	چارلز الکوک
Александр Дрозденко	الکساندر دروزدنکو
Зеки Фрайрс	زکی فرایرز
Аспас	اسپاس
Энди Смайлли	اندی اسمیلی
Начо Ново	ناچو نوو
Луис Дел Сол	لوئیس دل سول
Замора	زامورا
Томас Пейн	توماس پین
Константин Черненко	کنستانتین چرننکو
Виктор Кабрера	ویکتور کاباررا
Барбоса	باربوسا
Хесус Мендес	خسوس مندز
Владимир Галактионович Короленко	ولادیمیر گالاکیتونویچ کارولنکو
Ҳюстон	هوستون
Элай Рот	الی روت
Фабиан Орелана	فابیان اورلانا
Леополд Семенович	لئوپولد آئر
Тони Крейг	تونی کریگ
Винтербурн	وینتربورن
Бен Ривс	بن ریوس
Моралес	مورالس
Лори Хюз	لوری هیوز
Карлес Планас	کارلوس پلانا
Гути	گوتی
Токугава	توکوگاوا
Тяго Онорио	تیاگو هونوریو
Ренато Нето	ریناتو نیتو
Рикарлйcон	ریچارلیسون
Дэвид Геддис	دیوید گدیس
Ишикава	ایشیکاوا
Карлос Эрреро	کارلوس رویز هررو
Ҳасан ибни Саҳл	حسن بن سهل
Голдбах	گلدباخ
ле Карре	لوکاره
Эднилcон Алвес	ادمیلسون آلوز
Стэнли Мэтюз	استنلی ماتیوس
Кемпес	کمپس
Роберт Грин	رابرت گرین
Дэвид Ходҷсон	دیوید هاجسون
Нейл Варнок	نیل وارناک
Фернандес	فرناندز
Пурисели	پوریچلی
Фернандиню	فرناندینیو
Тэрнбулл	ترنبال
Пётр Болотников	پیوتر بولوتنیکوف
Аспри	آسپری
Вардони	وردان
Леонардо Перейра Насименто	لئوناردو پریرا ناسیمنتو
Ҳендрик Аверкамп	هندریک آورکامپ
Рагнар Гранит	راگنار گرنیت
Даниэл Стурридҷ	دنیل استاریج
Асмо Асад	اسما اسد
Леон	لئون
Гудол	گودال
Иван Перес	ایوان پرز
Сезар Эспиноса	سزار اسپینوزا
Де Матус Перейра	دی ماتوس پریرا
Теодор Ҳойсс	تئودور هویس
Мануэл Алмуния	مانوئل آلمونیا
Америко Галего	آمریکو گایگو
Микел Рико	میکل ریکو
Том Тейуо	تام تایوو
Никола Аврамов	نیکولا آوراموف
Дефенди	فرناندو
Александр Глазунов	الکساندر گلازونف
Эктор Кастро	هکتور کاسترو
Бред Пит	برد پیت
Паскули	پاسکولی
Иняки Мунйос	انیاکی مونیوس
Дэвид Беленгер	دیوید بلنگور
Алсидес Де Соуза Фариа Жуниор	السیدس دسوزا فاریا جونیور
Шон Макгинти	شان مک جینتای
Исаак Дунаевский	ایساک دونایوسکی
Франсиско Молинеро	فرانسیسکو مولینرو
Арготе	ارگوت
Нодири Нодирпур	نادر نادرپور
Хоусон	هاسن
Тостан	توستائو
Канишка	کانیشکا
Вилям Сидис	ویلیام سیدیس
Абдулло Тангриев	عبدالله تانگریف
Ҳеллоник	هلانیکوس
Иняки Лафуэнте	انیاکی لافونته
Андрес Фернандес	اندرس فرناندز
Рэй Кеннеди	ری کندی
Иброҳими Наззом	إبراهيم بن
Абуҳанифаи Динаварӣ	ابوحنیفه دینوری
Вермеер	فرمیر
Бёлл	بل
Ҳамза Ниёзӣ	حمزه نيازى‎
Исаак Куэнка	ایساک کوئنسا
Бергман-Пол	برگمان-پول
Санчес	سانچز
Палиня	پالینا
Фариас	فاریاس
Рафаэл Cкейдт	رافائل شیدت
Элинтон Андраде	الینتون آندراده
Армандо Лосано	آرماندو لوزانو
Беҳзод	بهزاد
Андрей Ярмоленко	آندری یارمولنکو
Санҷай Датт	سانجی دات
Антониу Гутерриш	آنتونیو گوترس
Эфрайн Хуарес	افرین جورز
Асадии Тӯсӣ	اسدی طوسی
Перейра	پریرا
Диего Руис	دیگو رویز
Николас Каналес	نیکولز کانالز
Шаҳиди Балхӣ	شهید بلخی
Рохас	روخاس
Варгас	وارگاس
Дуглас Марадона Кампус Данги	داگلاس مارادونا کامپوس دانگوی
Дус Сантос Оливейра	دوس سانتوس اولیویرا
Майкл Бридҷс	مایکل بریجز
Стэнли Харрис	استنلی هریس
Оливиа Ҳавилланд	الیویا هاویلند
Серхио Агуэро	سرخیو آگوئرو
Фоулк	فولک
Гударзи	گودرز
Галетти	گالتی
Микел Алонсо	میکل آلونسو
Херардо Мартино	خراردو مارتینو
Лугано	لوگانو
Гевин Хойт	گوین هویته
Хосе Мари	خوسه ماری
Стюарт Пэрсон	استیوارت پیرسون
Луис Маянес	لوئیس مایانس
Ян Ашби	ایان اشبی
Силва	سیلوا
Рафаэл Кабрал	رافائل کابرال
Каҷол	کاجول
Мик Ҷонс	میک جونز
Фахруддавла	فخرالدوله
Велингтон Санчес	ولینگتون سانچز
Герман Апухтин	گرمان آپوختین
Виктор	ویکتور
Дэвид Ҳарви	دیوید هاروی
Хорхе Сампаоли	خورخه سامپائولی
Хесус Мартинес	خسوس مارتینس
Арка	آرکا
Маҳеш Бабу	ماهش بابو
Ҳусайн	حسین
Абдуллоҳ Усмон	عبدالله عصمان
Нелсон Валдес	نلسون والدز
Гӯкча Баҳодур	گوکچه بهادر
Рогерио Гауко	روجریو گوچو
Cилас	سیلاس
Аманда Пит	آماندا پیت
Робинсон	رابینسون
Сасот	ساسوت
Остин Батлер	آستین باتلر
Ҷейми О'хара	جمی اوهارا
Андрей Соломатин	آندری سولوماتین
Хулио Аббадие	خولیو آبادی
Даниэл Ҷонс	دانیال جونز
Велингтон Да Силва Де Соуза	ولینگتون دا سیلوا دی سوزا
Фрэнк Лобос	فرانک لوبوس
Роберто	روبرتو
Аҳмад Мангуш	احمد المنقوش
Хувенал Эдхого	جووینال ادجوگو-اووو
Робсон	رابسون
Тейлор Момсен	تیلور مومسن
Аттор	عطار
Хуан	خوان
Яздгирди	یزدگرد
Дэвид Серрахерия	دیوید سرریا
Луис Мендилибар	لوئیس مندیلیبار
Фурӯғи Фаррухзод	فروغ فرخزاد
Иля Глазунов	ایلیا گلازنف
Ревер	ریور
Ҳонекер	هونکر
Нагамура	ناگامورا
Арисменди	آریسمندی
Cантана	سانتانا
Оскар	اسکار
Карл Флетчер	کارل فلچر
Даниэл Карневали	دنیل کارنوالی
Трэвор Стортон	تراوور استورتون
Сезар Каригнано	سزار کاریگنانو
Дэвид Кастедо	دیوید کاستدو
Боб Келли	باب کلی
Рафаэл Корреа	رافائل کورئا
Эдилcон	ایلر
Мартинелли	مارتینلی
Леоне	لیون
Нарсе	نرسه
Розӣ	رازی
Хоакин Феникс	خواکین فینیکس
Дилшод Назаров	دلشاد نظروف
Эрик Гитс	اریک گیتس
Сергей Лавров	سرگئی لاوروف
Адам Бойд	آدام بوید
Адам Рич	آدام ریچ
Қосим ибни Муҳаммад	قاسم بن محمد
Мария Заррага	ماریا زارگا
Де Соуза	دی سوزا
Себастян Сетти	سباستین ستی
Йонас Стаугайтис	یوناس استاگایتیس
Хуанде	خوان
Хуан Боррели	خوان بورلی
Стивен Ирвин	استیون ایروین
Меҳди Ихван Солис	مهدی اخوان ثالث
Алекс Окслейд Чэмберлейн	الکس اکسلاد-چمبرلین
Эдвин Уэара	ادوین اوهارا
Михаил Салтиков-Шедрин	میخائیل سالتیکوف‌-‌شچدرین
Оскар Кардосо	اسکار کاردوزو
Дэвид Лопес	دیوید لوپز
Антонио Идалго	انتونیو هیدالگو
Данило Де Оливейра	دانیلو دی اولیویرا
Алан Блэкбэрн	آلن بلکبرن
Нелсон Абейхон	نلسون آبیخون
Моралес	مورالس
Брайан Макдермотт	برایان مک‌درموت
Паулиста	پائولیستا
Хуан Валера	خوان والرا
Абусаҳли Кӯҳӣ	ابوسهل کوهی
Энди Фрэмптон	اندی فرمپتون
Антонио Лао	انتونیو لائو
Фернандо Соряно	فرناندو سوریانو
Луис Сиерра	لوئیس سیرا
Рейналдо	رینالدو
Хосу Сарриехи	یوسو ساریگی
Энерcон	امرسون
Майкл Насименто	مایکل ناسیمنتو
Мехия	مخیا
Кларк	کلارک
Ҳюго Зарик	اوگو ساریچ
Рон Флауэрс	رون فلاور
Филип Оливарес	فلیپه الیوارز
Ҷейсон Юелл	جیسون یوئل
Муҳаммад Заруқ Раҷаб	محمد الزروق رجب
Томас	توماس
Том Финни	تام فینی
Мишел Афлақ	میشل عفلق
Чапарро	چاپاررو
Хуан Круз Очоа	خوان کروز اوچوا
Камил Шамъун	کمیل شمعون
Аполлинер	آپولینر
Алф Бейкер	الف بیکر
Колман	کولمن
Николсон	نیکلسون
Станислав Ростотский	استانیسلاو راستوتسکی
Луис Кристалдо	لوئیس کریستالدو
Элдуаен	الدواین
Ариэл Герниниани	اریل گرمینیانی
Артур Данн	آرتور دون
Атул Агниҳотрӣ	آتول آگنیهوتری
Авун Ҷефкотт	آوون جفکات
Дэвид Уайт	دیوید وایت
Томас Пелҳам-Ҳоллес	توماس گلهام-هالز
Дэвид Абраҳам	داوید آبراهام
Нунес	نونس
Жонилcон	جونیلسون
Солер	سولر
Себастян Саха	سباستین ساجا
Андрей Власов	آندری ولاسوف
Ҷеан-Бедел Бокасса	ژان-بدل بکاسا
Гарет Бейл	گرت بیل
Аҳмад Лароқӣ	احمد العراقی
Канйете	کانیته
Кларамунт	کلارامونت
Лунари	لونار
Cержиню	سرجیو
Ҳодӣ Баккуш	هادی بکوش
Кейт Александер	کیت الکساندر
Перейра	پریرا
Адайлтон	آدایلتون
Поли	پلی
Иняки Дескарга	اینیاکی دکارگا
Гривс	گریوس
Родриго Паласио	رودریگو پالاسیو
Андрес Бонифасио	آندرس بونیفاسیو
Крис Киркленд	کریس کیرکلند
Аҳмади Ғазолӣ	احمد غزالی
Раҳмон	رحمان
Батиста Де Абреу	باتیستا دی آبرئو
Пол Райан	پل رایان
Евгений Замятин	یوگنی زامیاتین
Мигел Тендило	میگول تندییو
Павоне	پاون
Люк Гарбутт	لوک گاربت
Луиз Карлос Насименто Жуниор	لوئیز کارلوس ناسیمنتو جونیور
Дэвид Санчес	داوید سانچز
Дэмиан Мансо	دامیان مانسو
Фабиан Монсон	فابیان مونسون
Леон Кларк	لئون کلارک
Рубен Айяла	روبن آیالا
Cержан	سرجیو
Майк Дуксбури	مایک داکسبری
Адиел Де Оливейра Аморим	آدیل دی اولیویرا آموریم
Евгени Ловчев	یوگنی لووچف
Флако	فلاکو
Брайант	برایانت
Ҳерберт Бирченоф	هربرت بیرچناف
Дей	دی
Аггарвал	آگاروال
Саъд Зағлул	سعد زغلول
Абулғозихон	أبو الغازى
Питер Бонетти	پیتر بونتی
Ларионов	لاریونوف
Оберман	اوبرمن
Набарзан	نبرزن
Бейтс	بیتس
Хейтер	هایتر
Луис Муриел	لوئیس موریل
Карлос Спадаро	کارلوس اسپیدرو
Эрнани Перейра	ارنانی پریرا
Адрианиню	آدریانینیو
Ромита	رومیتا،
Маркио Сантос	مارسیو سانتوس
Сантяго Мореро	سانتیاگو مورو
Умберто Круз	اومبرتو کروس
Нана Патекар	نانا پاتیکار
Оливер Торрес	الیور تورس
Брайан Робсон	برایان رابسون
Фредриксон	فردریکسون
Клебер Монтейро	کلیبر مونتریو
Крейг Дэвсон	کریگ داوسون
Хорхе Нунес	خورخه نونس
Мигел Рубио	میگل روبیو
Диас	دیاس
Виктор Кузнетсов	ویکتور کوزنتسوف
Блас Перес	بلاس پرس
Роберт Вуд	رابرت وود
Виторино Хилтон	ویتورینو هیلتون
Кабир Бедӣ	کبیر بدی
Идрис Ҷету	ادریس جطو
Содиқ Хон	صادق خان
Гордон Астол	گوردون استال
Боқӣ	باکی
Карлос Энрике Де Оливейра	کارلوس هنریکه دی اولیویرا
Чарлз Эмблер	چارلز آمبلر
Дмитри Буликин	دمیتری بولیکین
Фабиан Каноббио	فابین کانوبیو
Ники Каримӣ	نیکی کریمی
Cикейра Де Оливейра	سیکوئرا دی اولیویرا
Эдуард Маркаров	ادوارد مارکاروف
Бернабе Феррейра	برنابه فریرا
Карлос Кармона	کارلوس کارمونا
Байрон Вебстер	بایرون وبستر
Амат	امت
Ге	گی
Леонел Галеано	لئونل گالیانو
Куэрда	کوردا
Дэвид Бениофф	دیوید بنیاف
Андре Баиа	آندره بایا
Пеп Клотет	پپ کلوت
Луиз Коза	لوئیز سوسا
Даниэл Ҷaфa	دنیل جافای
Крис Кларк	کریس کلارک
Дин Гордон	دین گوردون
Дэвид Вебб	دیوید وب
Александр Александров	الکساندر الکساندر
Диего Лопес	دیگو لوپز
Андре Рамалю	آندره رامالیو
Лейте	لیته
Мошоллоҳ ибни Асарӣ	ماشاالله بن اطهری
Тониню Гэррейро	تونینهو گوئریرو
Веселовский	وسلفسکی
Энрике Филю	هنریکه فیلو
Сантос	سانتوس
Раул Кастроново	رائول کاسترونوو
Деннис Виоллет	دنیس ویولت
Карлос Да Силва	کارلوس دا سیلوا
Эспинола	اسپینولا
Дэвид Феррейро	داوید فریرو
Насри Аҳмад	نصر دوم
Алан Смит	آلن اسمیت
Адкок	ادکوک
Расул Боқиев	رسول بوکیف
Алфредо Перес	آلفردو پرز
Смит	اسمیت
Де Ассис	دی آسیس روسا
Олеҳ Матвейев	اوله ماتویف
Элиас Да Коста	الیاس دا کوستا
Камило Cанвессо	کامیلو سانویزو
Марсело Делгадо	مارسلو دلگادو
Крис Зилка	کریس زیلکا
Поло	پولیو
Патрик	پاتریک
Карлос Соуза	کارلوس سوزا
Бенгоечеа	بنگوچیا
Солис	سالیس
Касениро	کاسمیرو
Алвес	آلوز دا سیلوا
Деннис Аллен	دنیس آلن
Дерек Армстронг	درک آرمسترانگ
Дик Уокер	دیک واکر
Леон Бест	لیون بست
Хуан Рамон Руано	خوان رامون روانو
Крукс	کروکس
Аллан	لالان
Даниэл Ревелес	دنیل راوالس
Энрике Авалос	انریکه آوالوس
Алсидес Силвейра	آلسیدس سیلویرا
Эдуардо Маркес	ادواردو مارکز
Манзур	منزور
Кевин Пул	کوین پول
Рейналдо Алагуано	رینالدو آلاگانو
Кинесиню	سینسیو
Хоан Сегарра	خوان سگاررا
Эдвард Литтелтон	ادوارد لیتلتون
Ферреро	فررو
Эрни Форрест	ارنی فورست
Пэт Бисли	پت بیسلی
Бен Староста	بن استاروستا
Ҳюго Мало	هوگو مایو
Мануэл Веласкес	مانوئل ولاسکز
Том Суарес	تام سوارز
Амарал	آمارال
Морел	مورل
Муртазо Мутаҳҳарӣ	مرتضی مطهری
Хуан Колантес	خوان کالیانتس
Франсуа Клюзе	فرانسوا کلوزه
Ангел Ортис	آنخل اورتیز
Солим Мавло Абиҳузайфа	سالم مولی أبی حذیفة
Даршил Сафарӣ	دارشیل سفری
Неру	نرو
Жан Карлос	جینکارلوس
Гонсалес	گونزالس
Кристиан Мейер	کریستین مایر
Майкл Робинсон	مایکل رابینسون
Николас Амодио	نیکلاس آمودیو
Глэдстон	گلیدستون
Сидни Нюман	سیدنی نیومن
Рамон Калдере	رامون کالدره
Фабио	فابیو
Армандо Рибейро	ارماندو ریبیرو
Боб Хофтон	باب هوتون
Розӣ	رازی
Александр Градский	الکساندر گرادسکی
Уокер	واکر
Кристиан Траверсо	کریستین تراورسو
Андре Фелиппе Cейксс Диас	آندره فیلیپه سیکساس دیاز
Виана	ویانا
Гари Клейтон	گری کلیتون
Смарт	اسمارت
Мартин Бенка	مارتین بنکا
Матеус Лейте Насименто	ماتئوس لیته ناسیمنتو
Мигел Капуксини	میگل کاپچینی
Норалес	نورالس
Ҷоэл	ژوئل
Манучеҳр Оташӣ	منوچهر آتشی
Сатосп	ساتاسپ
Франсиско Зулуага	فرانسیسکو سولواگا
Алберто Марсико	آلبرتو مارسیکو
Дон Кармоди	دان کارمودی
Зайдон	زیدان
Мануэл Айра	مانوئل ایرا
Мур	مور
Саъид ибни Таймур	سعید بن سلطان
Виктор Меса	ویکتور مزه
Энрике	هنریکه
Русселот	روسلوت
Солдевила	سولدویلا
Тим Шервуд	تیم شروود
Ломбарди	لومباردی
Кабрал	کابرال
Ваҳрез	وهریز
Усмонӣ	العثمانی
Эдиню Баiано	ادنیو بایانو
Хесус Руэда	خسوس روئدا
Аскаргорта	ازکرگورتا
Аутет	اوتت
Отсемобор	اوتسموبور
Барҳам Аҳмад Солеҳ	برهم احمد صالح
Элиас Мунйос	الیاس مونیوس
Филип Минямбрес	فیلیپه مینامبرس
ибни Салама	بن سلمه
Марсело Кинтерос	مارسلو کونتیوس
Кайораш	آرش
Аурелио Домингес	آئورلیو دومینگز
Викейра	ویکویرا
Иранилдо	ایرانیلدو
Чукс Эйнк	چاکس آنکه
Михаил Товаровски	میخائیل توواروسکی
Эхайогу	اوگو
Марсело Тривисонно	مارسلو تریویونو
Соуза Сантос	سوزا سانتوس
Карденйоса	کاردنیوسا
Владислав Радимов	ولادیسلاو رادیموف
Нето	نیتو
Батрес	باترس
Арнау Риера	ارنو ریرا
Рафаэл Авалос	رافائل آوالوس
Владимир Рижкин	ولادیمیر ریژکین
Александр Горшков	الکساندر گورشکوف
Ориюбарзан	آریوبرزن
Себастиан Куртс	سباستین کورز
Франсиско Арруэ	فرانسیسکو آروئه
Чарлз Фабиан	چارلز فابیان
Дэвид Фернандес	دیوید فرناندز
Йосу	یوسو
Ашмор	اشمور
Калкӣ Кейклин	کالکی کوچلین
Алоуддин Ҳусейн	علاءالدین غوری
Скотт Вуттон	اسکات ووتون
Руффелл	رافل
Эмануэл Инсуа	امانوئل اینسوآ
Бартелт	بارتلت
Пётр Иванович	پیوتر سومین
Далер Назаров	دلیر نظراف
Фемения	فمنیا
Иван Балиу	ایوان بالو
Рэндӣ Вейн	رندی وین
Мигел Эрнандес	میگل هرناندز
Сатиш Шоҳ	ساتیش شاه
Эскудеро	اسکودرو
Ҷефф Холл	جف هال
Бишри Ҳофӣ	بشر حافی
Карлос Риос	کارلوس ریوس
Ник Чедвик	نیک چدویک
Багнуло	باگنولو
Хавйер Моралес	خاویر مورالس
Михаил Огонков	میخائیل اوگونکوف
Мариел Эвертон Да Силва	ماریل اورتون دا سیلوا
Мануэл Павон	مانوئل پاوان
Рон Кокерилл	ران کوکرهیل
Салвадор Мота	سالوادور موتا
Бивитер	بایواتر
Максӣ Иглесиас	ماکسی ایگلسیاس
Эррера	اررا
Фарҳод Саидҷонович	فرهاد واصیف
Кэн Браун	کن براون
Фрэнк Бакли	فرانک باکلی
Раул Руис	رائول رویز
Миранда	میراندا
Георги Джикийа	گئورگی ژیکیا
Бетанкорт	بتانکورت
Дэвид Вилабона	داوید ویابونا
Сид Кимптон	سید کیمپتون
Адриан Гонсалес	آدریان گونزالس
Пабло Рикчетти	پابلو ریچتی
Вистаҳм	ویستهم
Марк Ричардс	مارک ریچاردز
Хуан Карлос Кастила	خوان کارلوس کاستیا
Де Соуза Насименто	دی سوزا ناسیمنتو
Тесориэре	تسوریر
Родриго Галатто	رودریگو گالاتو
Кристиан Кастанйеда	کریستیان کاستانیدا
Макгарри	مکگاری
Рендал Бренес	راندال برنس
Владимир Басов	ولادیمیر باسوف
Робсон Кану	رابسون-کانو
Канарио	کاناریو
Кампанал И	کامپانال یکم
Оливейра	اولیویرا
Томас	توماس
Бароқхон	براق
Инфанте	اینفانته
Хорхе Борели	خورخه بورلی
Амая	امایا
Майк Поллитт	مایک پولیت
Бермудес	برمودز
Лоуренс Вигурукс	لارنس ویگوروکس
Велис	ولیس
Бойсунқур	بایسنقر
Салоҳ	صالح
Лоренсо	لورنسو
Урмила Матондкар	اورمیلا ماتوندکار
Юрий Шатунов	یوری شاتونف
Алека Ҳаммонд	آلکا هاموند
Стив Говард	استیو هاوارد
Бенитес	بنیتز
Прокопио Кардозо	پوروکوپیو کاردوسو
Стонс	استونز
Санчес	سانچز
Габриэл Видал	گابریل ویدال
Дмитри Галиамин	دمیتری گالیامین
Рохас	روخاس
Муҳаммад	محمد
Мигел Тена	میگل تنا
Эрнан Пелерано	هرنان پلانو
Мигел Герреро	میگل گوئررو
Мигел Бускетс	میگل بوسکتس
Абдуллоҳи Нурӣ	عبدالله نوری
Марк Аткинс	مارک اتکینز
Хавйер Брото	خاویر بروتو
Вера	ورا
Абдумалики Нӯҳ	عبدالملک سامانی
Абусаъиди Худрӣ	ابوسعید خدری
Фрайле	فریله
Антон Ариета	انتون اریتا
Феликяно Ривила	فلیکیانو ریوییا
Гаскон	گاسکون
Леон Барнетт	لیون بارنت
Хошуқчӣ	خاشقجی
Хесус Ландабуру	خسوس لاندارابورو
Хуан Круповиэса	خوان کروپوویسا
Пол Абасоло	پل اباسولو
Тоте	توتی
Кол	کول
Хуан Мануэл Инсаурралде	خوان مانوئل اینسورالده
Даррен Амброс	دارن آمبروز
Тиноко	تینوکو
Кристалдо	کریستالدو
Кирян Ледесма	کیریان لودسما
Даниэл Витери	دنیل ویتری
Мануэл Рохас	مانوئل روخاس
Де Кампус	دی کامپوس
Эвер Алмейда	اور آلمیدا
Бруно Лопес	برونو لوپز
Гари Стивенс	گری استیونز
Эмилио Сахи	امیلی ساگی
Мирзо Турсунзода	میرزا تورسون‌زاده
Агустин Элдуаен	اگوستین الداین
Сутил	سوتیل
Сантос	سانتوس
Чорлз Флинт	چارلز فلینت
Освалдо Гонсалес	اوسوالدو گونزالس
Алехандро Аррибас	الخاندرو اریباس
Рамон Кирога	رامون کیروگا
Карлос Хуарес	کارلوس خوارز
Карлос Дярте	کارلوس دیارته
Карлос Заго	کارلوس زاگو
Холиди Марврӯдӣ	خالد مرورودی
Филип Ненезес	فیلیپه مندز
Фернандо Замбрано	فرناندو زامبرانو
Федерико Домингес	فدریکو دومینگز
Алф Кирчен	الف کیرشن
Мартин Ласарте	مارتین لاسارته
Батиста	باتیستا
Олег Шатов	اولگ شاتوف
Виера	ویرا
Майкл Баррантес	مایکل بارانتس
Маранян	مارانائو
Сантяго Уртизбереа	سانتیاگو اورتیسبره
Эктор Сантос	اکتور سانتوس
Габриэл Силва	گابریل سیلوا
Абдуллоҳ ибни Умар	عبدالله بن عمر
Фернандес	فرناندز
Лукас Маркес	لوکاس مارکز
Софи Нелисс	سوفی نیلیس
Дин Боудитч	دین بودیچ
Биркетт	بیرکت
Тяго Сионек	تیاگو چیونک
Луис Каррерас	لوئیس کارراس
Да Силва Соуза	دا سیلوا سوزا
Болиндухт	بالین‌دخت
Евгени Рогов	اوگنی روگوف
Марвин Хинтон	ماروین هینتون
Серхио Наварро	سرخیو ناوارو
Берт Фриман	برت فریمن
Августо Уорио Ронан	آگوستو اوسوریو رومائو
Сентурион	سنتوریون
Вагнер Де Мораэс	واگنر دی مورایس
Хорхе Тресегуэт	خورخه ترزگه
Додо	لولینیا
Де Пол	د پل
Басфорд	باسفورد
Буттерфилд	باترفیلد
Доллин	دولین
Экклс	جک اکل
Беннетт	بنت
Салвадор Фарфан	سالوادور فارفان
Ҷо О'серилл	جو اوکریول
Эррера	هریرا
Ерни Барнес	ارنی بارنز
Илеана Де Круз	ایلیانا دی‌کروز
Чарли Робертс	چارلی رابرتز
Баiано	بایانو
Албела	آلبلا
Хуан Мануэл Маритал	خوان مانوئل ماریتال
Дэвид Белл	دیوید بل
Хавйер Санчес	خاویر سانچس
Дэвид Рочела	دیوید روچلا
Мигел Эскалона	میگل اسکالونا
Стив Дэвис	استیو دیویس
Нестор Видрио	نسترو ویدریو
Морейра	موریرا
Николас Асенсио	نیکولاس اسنسیو
Хуаким Урqуяга	خواکین اورکیاگا
Марвазӣ	مروزی
Луис Гарридо	لوئیس گاریدو
Луис Мигел Рамис	لوئیس میگوئل رمیس
Матиас Весино	ماتیاس وسینو
Рeнaто Aрaпи	رناتو آراپی
Горка Кихера	گورکا کییرا
Стивен Брайс	استیون برایس
Ироқӣ	عراقی
Перейро	پریرو
Адам Эл Эбд	آدم العبد
Агустин Эйсагирре	آگوستین ایساگیرره
Эмил Сетяла	امیل ستالا
Эдуардо Пакеко	ادواردو پاچیکو
Кампаня	کامپانیا
Амарал	آمارال
Жайр Мариню	ژایر مارینیو
Эдуардо Туссио	ادواردو توزیو
Монтеро Кастило	مونترو کاستیو
Эдуард Малофейев	ادوارد مالوفیف
Инсфран	اینسفران
Ойос	هویوس
Фабио Алвес	فابیو آلوز
ибни Ҳасани Бохарзӣ	باخرزی
Ҳерберт Смит	هربرت اسمیت
Хуан Пабло Авенданйо	خوان پابلو اوندانیو
Густаво Бенитес	گوستاوو بنیتز
Бобак	بابک
Пероне	پیرونه
Бен Хеймер	بن همر
Рене Валенсуэла	رنه والنسوئلا
Ҷордан	جوردان
Салседо	سالسدو
Ларраури	لاروری
Хуан Силва	خوان سیلوا
Себастян Мендес	سباستین مندز
Густаво Сивиэро	گوستاوو سیویرو
Эктор Касенаве	اکتور کازناو
Кармона	کارمونا
Алексис Норамбуэна	الکسیس نورامبوئنا
Гордон Брэдли	گوردون بردلی
Салвадор Флорес	سالوادور فلورس
Жилcон Нунес	ژیلسون نونز
Хуан Лосано	خوان لوزانو
Батиста Дус Сантос	باتیستا دوس سانتوس
Хуан Игнасио Мерсиэр	خوان ایگناسیو مرسیه
Маркиню	مارکینیو
Клид Пурнелл	کلاید پرونل
Мунтасир	منتصر
Рафаэл Кариока	رافائل کاریوکا
Хуан Сегуро	خوان سگورو
Алекс Лопес	الکس لوپز
Хорхе Бритес	خورخه بریتز
Рубенс	روبنس
Мария Булхубасик	ماریا بولخوبایچ
Николас Корветто	نیکولاس کوروتو
Хорхе Луис Сивиеро	خورخه لوئیس سیویرو
Хосе Оскар Флорес	خوسه اسکار فلورس
Алдо Корсо	الدو کرزو
Яҳё ибни Маъин	یحیی بن معین
Томас Линколн	توماس لینکلن
Грэм Доггарт	گراهام دوگارت
Алекс Оливейра	آلکس اولیویرا
Аҳрори Валӣ	احرار الله
Ричард Ортис	ریچارد اورتیز
Рафа Хорда	رفا یوردا
Ян Ҳамилтон	یان همیلتون
Келcо Мораэс	کاردوسو
Вирес Де Соуза	ویرس دی سوزا
Леандро	لیاندرو
Ҷувайнӣ	جوینی
Афшин	افشین
Клеберcон Маркес	کلبرسون مارکز
Эйтор Каналли	ایتور کانالی
Агустин Гисасола	اگوستین گیاسولا
Калпе	کالپ
Артур Белл	آرتور بل
Вилферд Маделунг	ویلفرد مادلونگ
Алберто Мартинес	آلبرتو مارتینز
Гурамишвили	گورامیشویلی
Камола Неҳру	کمالا نهرو
Бен Гибсон	بن گیبسون
Лесли Комптон	لسلی کامپتن
Хулио Барросо	خولیو باروسو
Педро Де Оливейра	پدرو دی اولیویرا
Карим Адиппе	کریم ادیپه
Колин Ли	کولین لی
Шопурдухтак	شاپور دختک
Силва	سیلوا
Стейси	استیسی
Фернандо Прасс	فرناندو پراس
Валкир Мота	والکوئیر موتا
Хавйер Эспиноса	خاویر اسپینوزا
Акоста	آکوستا
Ронни Булл	رونی بول
Серена	سرینا
Айтор Фернандес	ایتور فرناندز
Эвандро Да Силва	انوادرو دا سیلوا
Хесус Гарсия Санхуан	خسوس گارسیا سانخوان
Хуан Карлос Кабалеро	خوان کارلوس کابایرو
Дин	دیان
Абуисҳоқи Саълабӣ	ابواسحاق ثعلبی
Эрнандо	ارناندو
Гари Уолш	گری والش
Ҷон Холс	جان هالز
Негран	نگرائو
Александер Ланглитз	الکساندر لانگلیتز
Бузургмеҳр	بزرگمهر
Исмайлй Дус Сантос	ایسمایلی دوس سانتوس
Хуан Рамон Мартинес	خوان رامون مارتینس
Хорхе Родригес	خورخه رودریگز
Энди Родс	اندی رودز
Бен Ми	بن می
Карлос Трукко	کارلوس تراکو
Моран	موران
Аллен	آلن
Адам Бэрретт	آدام برت
Хуан Элуканс	خوان الوکان
Аркадио Лопес	آرکادیو لوپز
Мануэл Арана	مانوئل ارانا
Дантас	دانتاس
Кампус	کامپوس
Дэвис	دیویس
Рамос	راموس
Доротео Мендес	دوروتئو مندز
Антонио	انتونیو
Анйор	انیور
Микел	میکی
Хендерсон	هندرسون
Рубен Рамирес	روبن رامیرز
Ромуло Тогни	رومولو تونگی
Гауко	گوچو
Иван Балан	ایوان بالان
Майкл Рикеттс	مایکل ریکتس
Борха Перес	بورجا پرز
Гумерсиндо Гомес	گومرسایندو گومز
Вентр	ونتر
Кевин Ҳайтчкок	کوین هیچکاک
Бергонси	برگونسی
Оливейра	اولیویرا
Фйодор Ҷaфa	فیودور جافا
Лукас Ромеро	لوکاس رومرو
Фернандо Да Силва	فرناندو دا سیلوا
Помпеи	پومپی
Любов Добржанская	لیوبوف دوبرژانسکایا
Блас Хиунта	بلاس گیونتا
Соса	سوسا
Рафаэл Гарсия Гарсия	رافائل گارسیا گارسیا
Виктор Салас	ویکتور سالاس
Риос	ریوس
Хорхе Пина	خورخه پینا
Педро	پدرو
Пинеда	پیندا
Канесин	کانسین
Лима	لیما
Ангел	گلی
Алекс Казумба	آلکس کازومبا
Фалакии Шервонӣ	فلکی شروانی
Сергей Кормилтсев	سرگئی کورمیلتسف
Ибарра	ایباررا
Рубен Гонсалес	روبن گونسالس
Мартин Аллен	مارتین آلن
Армен Гоарян	آرمن گواریان
Бордалас	بوردالاس
Адриано	آدریانو
Габриэл Скуррер	گابریل شورر
Кастило	کاستیو
Финклер	فینکلر
Коид	کد
Колин Андерсон	کالین اندرسون
Меҳёри Дайламӣ	مهیار دیلمی
Андрес Ромеро	آندرس رومرو
Хуан Карлос Облитас	خوان کارلوس اوبلیتاس
Соғонӣ	صاغانی
Рэй Пэрри	ری پری
Патритсио Араболаза	پاتریسیو آرابلاسا
Фрэнк Макферсон	فرانک مک‌فرسون
Байлақонӣ	بیلقانی
Евгений Бертелс	یوگنی برتلس
Камино	کامینو
Дональд	دونالد
Колинда Грабар-Китарович	کالیندا گرابار-کیتاروویچ
Дрипетис	دری‌په‌تیس
Рэй Кравфорд	ری کراوفورد
Висинтаинер	ویسینتینر
Фабиан Варгас	فابیان وارگاس
Батиста	باتیستا
Агустин Силва	آگوستین سیلوا
Алан Ҷексон	آلن جکسون
Алан Стюарт	آلن استوارت
Коке	کوکه
Испаҳбуд Хуршед	اسپهبد خورشید
Да Силва Невес Жуниор	دا سیلوا نیرس جونیور
Питер Брабрук	پیتر برابروک
Перейра	پریرا
Луиз Де Соуза	لوئیز دی سوزا
Пабло Эрнандес	پابلو هرناندز
Фиделис Дус Сантос	فیدلیس دوس سانتوس
Пласидо Галиндо	پلاسیدو گالیندو
Дон Гибсон	دان گیبسون
Котибии Туршезӣ	کاتبی ترشیزی
Олеҳ Ҳритсаи	اوله هریتسای
Маноло Мартинес	مانولو مارتینز
Алдо Баэс	آلدو بائز
Луиз Жеферcон Эскер	لوئیز جفرسون ایشر
Иброҳимбек	ابراهیم بک
Карлос Силонис	کارلوس سیلونایز
Сиетес	سیتس
Владимир Фёдоров	ولادیمیر فیودوروف
Ратайзер-Ротем	روتم
Ирулеги	اورلگویی
Кристиан Рамос	کریستین راموس
Нигина Амонқулова	نگینه امانقلوا
Ҳанифа Мавлонова	حنیفه محی‌الدیناوه
Клос	کلوس
Габриэл Моя	گابریل مویا
Робсон	رابسون
Лаурентино Дус Сантос	لورنتینو دوس سانتوس
Эстебан Виго	استبان ویگو
Димба	دیمبا
Энди Марриотт	اندی ماریوت
Хавйер Субиратс	خاویر سوریرات
Да Силва Нело	دا سیلوا میلو
Айтор Санс	ایتور سانز
Мануэл Абреу	مانوئل آبرئو
Нето	نیتو
Устон	اوستن
Элтон Дус Сантос Лира	التون دوس سانتوس لیرا
Алек Фаррол	الک فارال
Алф Бишоп	آلف بیشاپ
Алфред Гард	آلفرد گارد
Алфред Ҷонс	آلفرد جونز
Аллан Гилливер	آلن گیجگر
Александр Иванов	الکساندر ایوانف
Анатоли Кретов	آناتولی کرتوف
Энди Сейер	اندی سایر
Алан Старлинг	آلن استارلینگ
Андерсон Луиз Рибейро	آندرسون لوئیز ریبریو
Энди Петтингер	اندی پتینگر
Роке Алфаро	روکه الفارو
Даниэл Брайловскй	دنیل بریلوفسکی
Ферейра Де Оливейра Жуниор	فریرا دی اولیویرا جونیور
Хендерсон	هندرسون
Дэйв Мартин	دیو مارتین
Франсиско Мело	فرانسیسکو ملو
Карлос Лима Де Соуза	کارلوس لیما دی سوزا
Александр Пономарёв	الکساندر پونوماریوف
Александер Ссймановски	الکساندر شیمانوفسکی
Андерсон Луис	آندرسون لوئیز
Антонио Иерро	انتونیو هیرورو
Алберто Галатео	آلبرتو گالاتئو
Луис Габело Конехо	لوئیس گابلو کونیو
Адам Форшав	آدام فورشاو
Арчи Кросс	آرچی کراس
Артур Бриггс	آرتور بریگز
Артур Леонард	آرتور لئونارد
Ҳошим Гадо	هاشم گدا
Акбар Мирзоев	اکبر میرزایف
Заркашӣ	زرکشی
Пирес	پیرس
Андрес Сан Мартин	آندرس سن مارتین
Артур Маия	آرتور مایا
Артур Диксон	آرتور دیکسون
Артур Юшервуд	آرتور آشروود
Кордҷон	کوردجان
Барри Салвейҷ	بری سالوایج
Тёрнер	ترنر
Насим Пидрод	نسیم پدراد
Брэдшав	برادشاو
Кук	کوک
Ариэл Агуэро	آریل آگوئرو
Саид Нафисӣ	سعید نفیسی
Маингуйягуэ	ماینگویاگ
Флорес	فلورس
Луиз Да Силва	لوئیز دا سیلوا
Сторер	استورر
Мик Спайт	میک اسپیت
Зиҳни Гинaли	زیهنی گینالی
Гомес	گومس
Клери	کلی ری
Кларк	کلارک
Мэтюз	متیوز
Скотт	اسکات
Берт Нисам	برت نیسام
Боб Куртис	باب کورتیس
Боб Хэмнетт	باب همنت
Адам Додд	آدام داد
Итсяр Гурручага	ایتزیار گورروتکساگا
Расулов	رسولف
Ферейра	فریرا
Смит	اسمیت
Айрам Лопес	ایرام کابررا
Дерби	داربی
Броф Флетчер	برو فلچر
Эйдан Нюхаус	آیدان نیوهاوس
Алан Рамейҷ	آلن راماژ
Алберт Борн	آلبرت بورن
Эндрю Давбер	اندرو داوبر
Андре Лима Педро	آندره لیما پدرو
Брайан Бромли	برایان بروملی
Зафар	ظفر
Адолфо Лассарини	آدولفو لازارینی
Қосимов	قاسموف
Карлос Сото	کارلوس سوتو
Сесил Уайт	سسیل هولدن-وایت
Матиас Павони	ماتیاس پاوونی
Мик Ҷонс	میک جونز
Алекс Опрей	الکس اوپری
Кокрам	کاکرم
Ҳарукико Яманоути	هاروهیکو یامانوچی
Хуан Эдгардо Рамирес	خوان ادگاردو رامیرز
Луис Коста	لوئیس کوستا
Варгас	وارگاس
Карлос Була	کارلوس بولا
Карлитос	کارلیتوس
Артур Эндрюс	آرتور اندروز
Эшли Фойл	اشلی فویل
Алан Бол	آلن بال
Алек Бриггс	الک بریگز
Гарсия	گارسیا
Пöлкинг	پولکینگ
Алфред Нобл	آلفرد نوبل
Алфред Сабин	آلفرد سابین
Аллан Велманн	الن ویمان
Андерсон Да Силва Де Хесус	آندرسون دا سیلوا دی جسوس
Эндрю Амос	اندرو ایموس
Сезар Ла Паглия	سزار لا پاگلیا
Берт Мозли	برت موزلی
Чарли Коллинз	چارلی کالینز
Киран Муртаг	کیران مورتاگ
Мартинес	مارتینز
Оскар Диас	اسکار دیاز
Ҷомосп	جاماسپ
Пол Миллер	پل میلر
Отасилио Нето	اتاسیلیو نیتو
Крис Артур	کریس آرتور
Крис Гринман	کریس گرینمن
Колин Эпплетон	کالین اپلتون
Илёс Маллаев	الیاس ملایف
Стив Кембер	استیو کمبر
Аристидес Пертот	آریستیدس پتروت
Эшли Фиклинг	اشلی فیکلینگ
Энди Бест	اندی بست
Ориф Алвӣ	عارف علوی
Барраклоф	باراکلاف
Билли	بیلی الیس
Симон Баркер	سیمون بارکر
Антонио Мунйос	تونی مونوز
Имоди Хуросонӣ	عماد خراسانی
Колин Барлоу	کالین بارلو
Шерозӣ	شیرازی
Миранда	میراندا
Алберт Браун	آلبرت براون
Алберто Абенгосар	البرتو آبنگوزار
Алби Ролс	آلبی رولز
Кристиан Пярроу	کریستین پیارو
Рамон Габилондо	رامون گابیلوندو
Марио Кастило	ماریو کاستیو
Гари Сойер	گری سایر
Каcапа	کاساپا
Ричард Ли	ریچارد لی
Панченко	پانچنکو
Даниэл Феррейра	دنیل فریرا
Даниэл Маммана	دنیل مامانا
Максим Тишченко	ماکسیم تیشچنکو
Бен Боудитч	بن بودیچ
Бен Футчер	بن فوچر
Эдуардо Родригес	ادواردو رودریگز
Бенҷамин Даббс	بنجامین دبس
Берт Ли	برت لی
Остин	استون
Билли Хатчинсон	بیلی هاچینسون
Брайан Дойл	برایان دویل
Брайан Хюз	بریان هیوز
Денни Пейҷ	دنی آلن پیج
Хуан Дума	خوان دوما
Дэйв Дунмор	دیو دانمور
Андрес Стагнаро	آندرس استگنارو
Алексей Алеманов	آلکسی آلمانوف
Эндрю Смарт	اندرو اسمارت
Андре Асторга	آندره آستوراگا
Энди Дугган	اندی دوگان
Энди Хилл	اندی هیل
Жозе Араужо	خوزه آراخو
Дэвид Брэдли	دیوید بردلی
Дики Доусетт	دیکی دوست
Данте Сенхер	دانته سنگر
Диего Лопес	دیه گو لوپز
Артур	آرتور
Янг	یانگ
Ҳабиби Аҷамӣ	حبیب عجمی
Дик Конрой	دیک کونروی
Диого Ҷефферсон	دیگو ملو
Калум Вудс	کالوم وودز
Хорсман	هورسمن
Боб Хесфорд	باب هسفورد
Брайан Чемберс	برایان چمبرز
Адcон Да Силва	آدسون دا سیلوا
Хинчагов	خینچاگوف
Диого Cуарес Гонес	دیاگو سوارز گومز
Педро Лопес	پدرو لوپز
Ян Селли	ایان سللی
Готтарди	گوتاردی
Калум Дэвис	کالوم دیویس
Чарли Хар	چارلی هر
Сӯзании Самарқандӣ	سوزنی سمرقندی
Чарлз Морис	چارلز موریس
Игор Додон	ایگور دودون
Калум Уилсон	کالوم ویلسون
Алан Хилл	آلن هیل
Алберто Эскасси	البرتو اسکسی
Хорхе Теилер	خورخه تایلر
Сергей Румас	سرگئی روماس
Хосе Аккяри	خوزه اچاری
Лионн	لینون
Володимир Зеленский	ولودیمر زلنسکی
Алф Литги	آلف لیتگو
Тони Аллен	تونی آلن
Адриан Боне	آدریان بونه
Сантяго Бянки	سانتیاگو بیانچی
Боуен	بوون
Фрит	فریت
Билли Ҷервис	بیلی جرویس
Дмитри Алексейевич Давидов	دیمیتری الکسی‌ویچ داویدوف
Карлос Лоренс	کارلوس لارنس
Эрнест Виттй	ارنست ویتی
Фриман Деламотт	فریمن دلاموته
Козирунӣ	کازرونی
Да Силва Кардозо	دا سیلوا کاردوسو
Герман Зонин	گرمان زونین
Гарсия	گارسیا
Жола Бадеъ	ژاله اصفهانی
Алберт Милтон	آلبرت میلتون
Мартин	مارتین
Александр Смирнов	الکساندر اسمیرنوف
Алесcандро Жуниор Коза	آلساندرو جونیور سوسا
Алекс Рассел	الکس راسل
Алф Квуантрайлл	الف کوانتریل
Ибни Ҳиббон	ابن حبان
Артур Дэвсон	آرتور داوسون
Нерес Родригес	نیرس رودریگز
Исидро Санчес	ایسیدرو سانچز
Крейг Алкок	کیرگ الکاک
Фрэнк Арундел	فرانک آروندل
Фрэнк Корриган	فرانک کوریگان
Фрэд Гери	فرد گری
Кристиан Фернандес	کریستیان فرناندز
Гари Роуелл	گری رول
Сантоя	سانتویا
Крейг Корну	کریگ کورنو
Сезар Ремон	سزار رمن
Иракли Логуа	ایراکلی لوگوا
Себастян Буэно	سباستین بوئنو
Гарсия	گارسیا
Гаспар Галвес	گاسپار گالوز
Эйо Обили	آیو اوبیلی
Адевалдо	آدوالدو
Алан Монкхаус	آلن مانک هاوس
Бутлин	بوتلین
Барри Махи	بری ماهی
Чарлтон	چارلتون
Билли Берр	بیلی بار
Колфилд	کالفیلد
Фентон	فنتون
Гари Овен	گری اوون
Чарлз Бэмбридҷ	چارلز بامبریج
Дуглас Родригес	داگلاس رودریگز
Веронеси	ویرونسی
Бенйон	بنیون
Адам Вирго	آدام ویرگو
Мустафо Замонӣ	مصطفی زمانی
Ариэл Карренйо	آریل کارنو
Стимпсон	استیمپسون
Дэмиан Батт	دامیان بات
Дэмиан Касалинуово	دامیان کازالینووو
Дэйв Бакуззи	دیو بیکوزی
Дин Кларк	دین کلارک
Дик Армстронг	دیک آرمسترانگ
Фернандес	فرناندز
Рафаэл Толой	رافائل تولوی
Хорхе Ролдан	خورخه رولدان
Гершом Кокс	گرشوم کاکس
Крис Мартин	کریس مارتین
Гиббинс	گیبیس
Фали	فالی
Уликс Котрри	اولیکس کوتری
Эллерингтон,	بیل الرینگتون
Боб Грей	باب گری
Эднилcон Де Лукена	ادمیلسون دی لوسینا
Эдуардо Аррос	ادواردو آروز
Годиню Филип Де Соуза	گودینیو فیلیپه دی سوزا
Баббар	بابار
Браун	براون
Оскар Валдес	اسکار والدز
Хуан Уррути	خوان اورتی
Марк Прудхи	مارک پرودو
Фрэд Буллок	فرد بولک
Фрэд Валентин	فرد ولنتاین
Стэн Виллемс	استن ویلمس
Рушан Хасанов	روشن حسن‌اف
Билли Ҷонс	بیلی جونز
Боб Хардисти	باب هاردیستی
Филип Бракамонте	فیلیپه براکامونته
Алварес	الوارز
Стюарт Кэмпбелл	استوارت کمپل
Артур Малойан	آرتور مالویان
Дуглас Силва Бакелар	داگلاس سیلوا باسیلار
Сатурнино Осорио	ساتورنینو اوسوریو
Карлос Сантос Да Силва	کارلوس سانتوس دا سیلوا
Чарли Брэмли	چارلی براملی
Фирӯза Алифова	فیروز علیفوا
Фрэнк Корнан	فرانک کرنان
Фрэд Бедфорд	فرد بدفورد
Фрэд Дюхурст	فرد دوهورست
Чарли Кокс	چارلی کاکس
Реддик	ریدیک
Крейг Доув	کریگ داو
Кристобал Гил	کریستوبال گیل
Дани Кастелано	دنی کاستلانو
Эммерсон	امرسون
Ники Адамс	نیکی آدامز
Виктор Дмитренко	ویکتور دمیترنکو
Дин Блэквелл	دین بلک ول
Бенито	بنیتو
Грэм Клапхэм	گراهام کلاپهام
О'ши	اوشیا
Дрю Брофтон	درو بروتون
Адам Кэмпбелл	آدام کمپل
Хавйер Фалаган	خاویر فالاگان
Адам Бартлетт	آدام بارتلت
Алберто Эдхого Овоно	البرتو اژوگو-اوونو
Алек Эшверт	الک اشورث
Эривелтон	اریولتون
Ҳелман	هلمن
Оскар Рико	اسکار ریکو
Батчер	بوچر
Крабб	کراب
Финниган	فینیگان
Гринвуд	گرینوود
Фрэнк Картледҷ	فرانک کارتلج
Гарэт Гриффитс	گرت گریفیتس
Филип Cуарес	فیلیپه سوارز
Кларк	کلارک
Диого Галван	دیاگو گالوائو
Дуглас Каэтано	داگلاس سیتانو
Эвертон Де Алмейда Андраде	اورتون دی آلمیدا آندراده
Хавйер Лопес	خاوی لوپز
Фрэнк Бейли	فرانک بیلی
Фрэд Смит	فرد اسمیت
Сантос Силва	سانتوس سیلوا
Мануэл Мореирас	مانوئل موریراس
Ҳeнри Ндрeкa	هنری اندرکا
Арон Дэвсон	آرون داوسون
Грэм Бейли	گراهام بیلی
Борн	بورن
Лукас Овиэдо	لوکاس اویدو
Манера	مانارا
Нунес	نونس
Энрике Соладреро	انریکه سولادرو
Даниэл Карвалю Да Силва	دانیل کاروالیو دا سیلوا
Булман	بولمن
Денни Холландс	دنی هالندز
Генри Уайт	هنری وایت
Адам Дэвсон	آدام داوسون
Силва Франсиско	سیلوا فرانسیسکو
Аҳмад Мумтоз Тайлон	احمد ممتاز تایلان
Алф Мэтюз	آلف متیوز
Алфредо Гракяни	آلفردو گراسیانی
Свепстон	اسوپستون
Орас Барнс	هوراس بارنز
Хавйер Лопес	خاوی لوپز
Абӯисҳоқи Атъима	ابواسحاق اطعمه
Брутон	بروتون
Грин	گرین
ибни Бухтишуъ	بن بختیشوع
Ҳерберт Будд	هربرت باد
Эндрю Сэмбрук	اندرو سامبروک
Энди Холс	اندی هالز
Артур Лауделл	آرتور لودل
Каскон	کاسکون
Элиас Агилар	الیاس آگیلار
Дэвид Нобл	دیوید نوبل
Алек Ҷексон	الک جکسون
Александер	الکساندر
Алфи Поттер	آلفی پاتر
Ираклий Гарибашвилӣ	ایراکلی گاریباشویلی
Поллок	پوللاک
Клэр	کلر
Барбоса	باربوسا
Антон Родҷерс	آنتون راجرز
Ҳерберт Вҳайтфелд	هربرت ویتفلد
Ибни Бассол	ابن بصال
Галван	گالوان
Хуан Карлос Карседо	خوان کارلوس کارسدو
Фрэд Бидол	فرد بیدل
Эдуардо Херолами	ادواردو جرولامی
Элтон Де Соуза	التون دی سوزا
Алберт Кокс	آلبرت کاکس
Александр Смирнов	الکساندر اسمیرنوف
Годен	گودن
Эндрю Дик	اندرو دیک
Бентон	بنتون
Робэртсон	رابرتسون
Томас	توماس
Энди Барлоу	اندی بارلو
Франсиско Солар	فرانسیس سولار
Ян Букстон	ایان باکستون
Тим Бреаккер	تیم بریکر
Филип Да Силва	فیلیپه دا سیلوا
Артур Кашмор	آرتور کاشمور
Артур Роули	آرتور رولی
Колдвелл	کالدول
Билли Хейдок	بیلی هایدوک
Поулсон	پولسون
Бейбр	بابر
Хуан Риссо	خوان ریسو
Ян Дунбэвин	یان دونبوین
Ҳумоюн Хуррам	همایون خرم
Валенсия	والنسیا
Мария Аракистайн	ماریا اراکیستن
Валдивиэсо	والدیوزو
Алекс Перес	الکس پرز
Фонии	فانی
Энрике Миранда	هنریکه میراندا
Бэрретт	بارت
Алберт Стургесс	آلبرت استورگس
Алекс Николлс	الکس نیکولز
Борда	بوردا
Артур Робертс	آرتور رابرتز
Артур Киракасян	آرتور گیراگسیان
Артём Корян	آرتیوم کوریان
Ян Хендерсон	یان هندرسون
Барри Фрай	بری فرای
Бас Савейҷ	بس ساوایج
Гари Бакли	گری باکلی
Брайан Идову	برایان ایدوو
Микола Колтсов	میکولا کولتسوو
Беҳофарид	به‌آفرید
Хуан Сабас	خوان ساباس
Кике Мартин	کیوک مارتین
Брайан Фуэнтес	برایان فوئنتس
Брайан Уолш	بری ولش
Брайан Гриффитс	برایان گریفیتس
Хосе Алварес	خوسه آلوارس
Юлиан Aҳмaтaй	جولیان احمدتای
Лукас Молина	لوکاس مولینا
Андерсон	اندرسون
Серрано	سرانو
Андерсон	اندرسون
Дэвис	دیویس
Глейстер	گلیستر
Дарнелл	دارنل
Балдвин	بالدوین
Ҷек Биркхол	جک بیرچال
Рубен Гарсес	روبن گارسیا
Себастян Паласиос	سباستین پالاسیوس
Ирурсун	ایرزون
Боб Уиттингхем	باب ویتینگهام
Бобби Беннетт	بابی بنت
Берт Липсхэм	برت لیپشام
Эр	آیر
бин Оли Сонӣ	بن آل ثانی
Андрес Крукяни	آندرس کروسیانی
Энди Лининг	اندی لینینگ
Энтони Барри	آنتونی بری
Артур Гриффитс	آرتور گریفیتس
Раул Лисоайн	رائول لیزوئن
Смит	اسمیت
Карлос Да Силва	کارلوس دا سیلوا
Карлос Алварес	کارلوس الوارز
Франсиско Де Cалес	فرانسیسکو دی سالز
Годфри	گادفری
Клив Форд	کلایو فورد
Крейг Бордман	کرایگ بردمن
Перейра	پریرا
Грег Линколн	گرگ لینکلن
Бейли	بیلی
Жадир Моргенстерн	ژادیر مورگنسترن
Карлос	کارلیتوس
Брайан Крофт	برایان کرافت
Бруно Силва	برونو پریرا دا سیلوا
Аса Чарлтон	اسا چارلتون
Саттертваайт	سترتوایت
Крис Дагнол	کریس داگنال
Крис Стокс	کریس استوکز
Валтер Да Коста	والتر دا کوستا
Дейл	دیل
Белл	بل
Брайттлетон	بریتلتون
Даниэл Бентли	دانیل بنتلی
Карандо	کاراندو
Даррен Коннелл	دارن کانل
Дин Беквит	دین بکویث
Демис Охандҷаниан	دمیس اوهانجانیان
Дик Смит	دیک اسمیت
Чарли Клоф	چارلی کلوگ
Чарли Рэкстрав	چارلی راکسترو
Крис Армстронг	کریس آرمسترانگ
Эшли	اشلی
Чадбурн	چدبورن
Лофтхаус	لوفتهاوس
Картврайт	کارترایت
Калум Кеннеди	کالوم کندی
Карлес Гил	کارلس گیل
Карлос Родригес	کارلوس رودریگز
Кессиди	کسیدی
Боб Браун	باب براون
Куртис Нелсон	کورتیس نلسون
Сезар Коусеиро	سزار کوسیرو
Андре	دانیل براگا
Кокс	کاکس
Ҷимми Хюз	جیمی هاگز
Эдгар Эйнсвэрт	ادگار آینزورث
Оксли	اکسلی
Куллип	کاللیپ
Крис Браун	کریس براون
Крис Каттлин	کریس کتلین
Колин Хойл	کالین هایل
Мария Лорант	ماریا لورانت
Кук	کوک
Жосимар	یوسیمار
Алегре	الگره
Алексндре Родригес	آلکساندر رودریگز
Хонатан Руис	جاناتان رویز
Хорхе Гонсалес	خورخه گونزالس
Лал Муҳаммад	محمد
Алберт Смит	آلبرت اسمیت
Алекс Бруно	آلکس برونو
Энди Гурни	اندی گورنی
Энди Стивенсон	اندی استیونسون
Рамон Лопес	رامون لوپز
Шамил Саидов	شامل سعیدوف
Эрнест Батлер	ارنست باتلر
Де Маттиа	دی ماتیا
Даррен Энгелл	دارن آنجل
Ирвин Дернейли	ایروین دیرنالی
Иво Cуарес	ایوو سوارس
Чаннинг	چنینگ
Крейг Фаррелл	کریگ فارل
Кутбэрт Бурнуп	کاتبرت بورناپ
Чарли Палмер	چارلی پالمر
Эдилcон	ادیلسون
Сенйе	سنیه
Шаҳидӣ	شهیدی
Ренганески	رنگانسکی
Сайишман	ساییشمان
Руберт Кихада	روبرت کوییجادا
Хантер	هانتر
Микам	میکامی
Норвуд	نوروود
Чендлер	چندلر
Конор Томас	کنور توماس
Эрни Коулман	ارنی کلمن
Гевин Сейнс	گوین کین
Боресмонас	بارسمانس
Ашби	اشبی
Диего Диас	دیگو دیاز
Алф Милвард	الف میلوارد
Купер	کوپر
Ҷон Голи	جان کلی
Эдуардо Аллас	ادواردو الاکس
Эдвин Эрл	ادوین ارل
Ченс	جورج شانس
Сезар Ортис	سزار اورتیز
Даниэл Ботенг	دانیال بواتنگ
Денни Роус	دنی رز
Эйнскоф	اینسکو
Рубен Галетти	روبن گالتی
Гровс	گرووز
Брайан Аткинсон	برایان اتکینسون
Алан Меррик	آلن مریک
Алберт Пэрсон	آلبرت پیرسون
Блунделл	بلوندل
Мендес	مندز
Артур Беттс	آرتور بتز
Гевин Ҷонсон	گوین جانسون
Дэвис	دیویس
Мария Санчес Лахе	ماریا سانچز لاژ
Ману Баррейро	مانو باریرو
Гудфеллау	گودفلو
Карлос Перуэна	کارلوس پروئنا
Алфред Демпси	آلفرد دمپسی
Эли Cабиа	الی سابیا
Эрик Биннс	اریک بینز
Иван Марконе	ایوان مارکونه
Чарли Уокер	چارلی والکر
Крис Кэмден	کریس کمدن
Барри Ҷонс	بری جونز
Бен Пуркисс	بن پورکیس
Эдвардс	ادواردز
Фолкнер	فالکنر
Кретни	کرتنی
Индио	ساتیرو دو
Унреин	اونرین
Фрэд Бердсуорт	فرد بردزورث
Самуэл Экклс	ساموئل اکل
Ҳарри Эванс	هری ایوانز
Пелл	پل
Хуан Сотело	خوان سوتلو
Клаудио Рянйо	کلودیو ریانو
Дэйв Эссер	دیو اسر
Фазлул	فضل الحق
Франсиско Хавйер	فرانسیسکو ژووه
Де Валентим	دی والنتیم
Ибни Омир	ابن عامر
Марзбонӣ	مرزبانی
Буртеншав	برتنشاو
Хендерсон	هندرسون
Дейл	دیل
Слетер	اسلیتر
Браун	براون
Фрэнк Форман	فرانک فورمن
Бейквелл	بیکول
Дэвид Томпсон	دیوید تامسون
Доналд Кок	دونالد کوک
Истхэм	اسستم
Самбруно	سامبرونو
Брайан Истик	برایان ایسه
Брайан Гиббс	برایان گیبس
Бруно Мартелотто	برونو مارتلوتو
Исмоил Риёҳӣ	اسماعیل ریاحی
Замбрано	زامبرانو
Карл Финниган	کارل فینیگان
Карлос Де Лерма	کارلوس د لرما
Эктор Вилалба	هکتور ویالبا
Крис Гарленд	کریس گارلند
Пол Фэрклоф	پل فرکلاف
Санчес	سانچز
Мораис Силва	مورایس سیلوا
Сурол	سورال
Викторо Спинетто	ویکتوریو اسپینتو
Чарлз Пламптон Уилсон	چارلز پلامپتون ویلسون
Кристиано Родригес	کریستیانو رودریگز
Алӣ ибни Саҳли	علی بن سهل
Фаридуни Ҷунайдӣ	فریدون جنیدی
Ибраҳима Диоло	ابراهیم دیالو
Франки Бунн	فرانکی بان
Фрэд Блэкман	فرد بلکمن
Фредерик Гэмбл	فردریک گمبل
Гари Беннетт	گری بنت
Бобаки	بابک
Ҳасан Амид	حسن عمید
Шайбонӣ	شیبانی
Мигел Кобас	میگل کوباس
Бейнтон	بینتون
Эдвардс	ادواردز
Пинйеро Родригес	پینیرو رودریگز
Крейг Карран	کریگ کران
Даниэл Ороско	دانیل اروزکو
Каброл	کابرول
Бейли	بیلی
Дон Росситер	دون روسیتر
Барнс	بارنز
Брайан	برایان
Грунди	گراندی
Алкок	آلکاک
Батлер	باتلر
Сиерколес	سیرکولس
Эд Скрейн	اد اسکرین
Дрейпер	دریپر
Проктор	پراکتر
Копестейк	کوپیک
Эдуард Лусикян	ادوارد لوسیکیان
Маглиони	ماگلیونی
Медина	مدینا
Солари	سولاری
Эббрелл	اببرل
Харт	هارت
Нефтали	نفتالی
Битесон	بیتسون
Эрнандес	هرناندز
Лукас Дус Сантос	لوکاس دوس سانتوس
Армстронг	آرمسترانگ
Фрэд Феррари	فرد فراری
Мария Санчес	ماریا سانچز
Родригес Да Силва	رودریگز داسیلوا
Хуан Пина	خوان پینا
Фернандо Эспиноса	فرناندو اسپینوزا
Флуд	فلود
Коллинз	کالینز
Грин	گرین
Ҷейсон Доззелл	جیسون دوتسل
Фрэд Хилл	فرد هیل
Фаунтейн	فانتین
Мортон	مورتون
Гари Купер	گری کوپر
Райт	رایت
Хуан Карлос Домингес	خوان کارلوس دومینگز
Хуан Карлос Сконфянса	خوان کارلوس سافیانزا
Хуан Мунйос	خوان مونیوس
Фантхэм	فانتام
Марангони	مارانگونی
Койн	کوین
Картледҷ	کارتلج
Зулфиқори Шервонӣ	ذوالفقار شروانی
Калеха	کالخا
Де Андраде	دی آندراده
Сантяго Алои	سانتیاگو
Томи Корреа	تومی کوریا
Хесус Веласко	خسوس ولاسکو
Ҳинд Ҳарирӣ	هند حریری
Эдди Исрафилов	ادی اسرافیلوف
Амиди Лӯякӣ	عمید لویکی
Маккенна	مک‌کینا
Ҷонатан Фортун	جاناتان فورچون
Годсмарк	گودسمارک
Луис Силеро	لوئیس سیلررو
Ик Брукс	آیک بروکس
Хуан Игнасио Брионес	خوان ایگناسیو بریون
Хуан Ландайда	خوان لاندایدا
Ормига	هورمیگا
Миралии Ҳиравӣ	میر علی هروی
Доррингтон	دورینگتون
Инглиш	انگلیش
Перес	پرز
Ҷермейн Гамбс	جرمین گامبز
Хорхе Галан	خورخه گالان
Эндрюс	اندروز
Хадсон	هودسون
Бол	بال
Фелл	فیل
Смит	اسمیت
Луис Кардвелл	لوئیس کاردول
Луис Медеро	لوئیس مادرو
Луиз Силва Филю	لوئیز سیلوا فیلو
Майкл Хусбандс	مایکل هازبندز
Уолтер Бучанан	والتر بیوکنن
Кит Фаган	کیت فاگان
Лукас Силва	لوکاس سیلوا
Марк Мартинес	مارک مارتینز
Нейл Эдвардс	نیل ادواردز
Марк Фергюсон	مارک فرگوسن
Кейт Эдди	کیت ادی
Кирон Бейкер	کیرون بیکر
Аҳлии Шерозӣ	اهلی شیرازی
Локвуд	لاک‌وود
Кэн Эрс	کن آیرس
Фил Драйвер	فیل درایور
Кэн Боден	کن بودن
Хуршед Маҳмудов	خورشید مخمودوف
Люк Дейли	لوک دیلی
Мануэл Соса	مانوئل سوسا
Де Соуза Грегорио Жуниор	دی سوزا گرگوریو جونیور
Маркус Ренан Оливейра Cантана	مارکوس رینان اولیویرا سانتانا
Нил Бартлетт	نیل بارتلت
Нейл Дэвидс	نیل دیوید
Ли Бриско	لی بریسکو
Рамос Дус Сантос	راموس دوس سانتوس
Рейналдо Аймонетти	رینالدو ایمونوتی
Мэтю Бартон	متیو برتون
Мик Кармоди	مایک کارمودی
Кобболд	کوبولد
Кевин Диллон	کوین دیلون
Бэнкс	بنکس
Пабло Гонсалес	پابلو گونزالس
Батиста Да Круз	باتیستا دا کروز
Самуэл Эшверт	ساموئل اشورث
Ли Николлс	لی نیکولز
Лен Кейси	لن کیسی
Лес Медли	لس مدلی
Маҳмуд Мирзо	محمود میرزا
Пол Билби	پل بیلبی
Фил Сейв	فیل کیو
Пол Баннистэр	پل بانیستر
Пол Доферти	پل دوثرتی
Пол Хекингботтом	پل هکینگباتم
Перси Варко	پرسی وارکو
Себастян Бруско	سباستین بروسکو
Мейсон Беннетт	میسون بنت
Грин	گرین
Майкон Даниэл Элиас Араужо	مایکون دانیل الیاس آراخو
Монтагуд	مونتاگو
Лен Кромптон	لن کرومپتون
Симон Гарнер	سیمون گارنر
Кук	کوک
Киран Кричлау	کیران کریچلو
Шарвини	شروین
Кану	کانو
Ралф Аллен	رالف آلن
Марк Паттерсон	مارک پترسون
Шаҳриёри	شهریار
Ангус	آنگوس
Де Соуза Жота	دی سوزا جوتا
Кевин Дэвсон	کوین داوسون
Абуҳафcи Ҳаддод	ابوحفص بن سلم حداد
Ричи Боуман	ریچی بومن
Райан Уотсон	رایان واتسون
Питер Маккинни	پیتر مک‌کینی
Кейт Бриггс	کیت بریگز
Кейн Фердинанд	کین فردیناند
Кейт Коулман	کیت کلمن
Ники Ври	نیکی ورو
Ли Брайдон	لی بریدون
Фернандо Да Силва	فرناندو دا سیلوا
Лучано	لوکاس روزین
Луис Мигел Эскалада	لوئیس میگل اسکالادا
Сэм Эйстон	سام ایستون
Сэм Бойер	سام بویور
Скот Беннетт	اسکات بنت
Ибни Дурустуя	ابن درستویه
Лиам Дэвис	لیام دیویس
Тим Александер	تیم الکساندر
Мат Бейли	مت بیلی
Маурисио	مائوریسیو
Маурис Дандо	موریس داندو
Лоренс Абрэмс	لارنس آبرامز
Лори Кессиди	لوری کسیدی
Лоури Дудфилд	لوری دوفیلد
Лена Белкина	لنا بلکینا
Лес Кокер	لس کوکر
Рафаэл Да Силва Сантос	رافائل دا سیلوا سانتوس
Ричард Брэдшав	ریچارد بردشاو
Люис Кук	لویس کوک
Ёс	یاس
Билу	لوسیانو
Питер Бор	پیتر بور
Стюарт Барфут	استوارت بارفوت
Да Коста Силва	دا کوستا سیلوا
Том Уайт	تام وایت
Вилф Ботт	ویلف بات
Билли Муррай	بیلی موری
Мовсес Саргсян	موسس سارگسیان
Фернандес Диас	فرناندز دیاز
Ли Франкс	لی فرانک
Ли Брейси	لی بریسی
Ли Флинн	لی فلین
Роберт Карлин	رابرت کارلین
Райан Браун	رایان براون
Салими Аюбзод	سلیم ایوب‌زاد
Люк Гэмбин	لوک گامبین
Ратиню	راتینیو
Рафаэл Силва	رافائل سیلوا
Рене Стир	رنه استیر
Адриан Силва	ادریان سیلوا
Маркио Аленан	مارسیو آلمائو
Натан Эштон	ناتان اشتون
Нейл Вейнврайт	نیل وین رایت
Стефен Брэкстон	استفان براکستون
Натан Эбби	ناتان ابی
Пабло Санчес	پابلو سانچز
Луиз Алберто	لوئیز آلبرتو
Родриго	رودری
Окли	اوکلی
Грин	گرین
Себастян Лопес	سباستین لوپز
Седли Купер	سدلی کوپر
Мэтю Флинн	متیو فلین
Лукас Родригес Пагано	لوکاس رودریگز پاپانو
Луис Дарио Калво	لوئیس داریو کالوو
Луиз Фернандо Дус Сантос	لوئیز فرناندو دوس سانتوس
Марсело Агуирре	مارسلو اگیره
Марк Крайтон	مارک کریتون
Оливейра	اولیویرا
Мануэл	مانو
Марк Бауэр	مارک بوئر
Марк Сейме	مارک کام
Шон Канхэм	شان کنهام
Тиа Састре	تا ساستر
Шералӣ Хайруллоев	شیرعلی خیرالله‌اف
Марк Деболла	مارک د بولا
Мартин Фойл	مارتین فویل
Мэтю Гент	متیو گنت
Микел Амантеги	میکل امانتگویی
Марк Бини	مارک بینی
Мартин Батлер	مارتین باتلر
Мария Азагра	ماریا آزاگرا
Луис Бело	لوئیس بلوو
Малколм Берд	مالکوم ریش
Грэм	گراهام
Мануэл Руис	مانوئل رویز
Майкл Бриско	مایکل بریسکو
Майк Басхэм	مایک بشام
Майк Басхэм	مایک بشام
Пэт Бэрк	پت بورک
Пол Гилкрист	پل گیلیسح
Перси Эллис	پرسی الیس
Марк Гривс	مارک گریوس
Карденали	کاردنالی
Луис Камберс	لوئیس کامبرز
Фил Фернс	فیل فرنس
Стив Уилямс	استیو ویلیامز
Бут	بوت
Майк Эдвардс	مایک ادواردز
Марк Данкс	مارک دانکس
Марк Эллис	مارک الیس
Марк Венус	مارک ونوس
Роберт Картер	رابرت کارتر
Роберт Гордон	رابرت گوردون
Рон Бетти	ران باتی
Мэтт Фрай	مت فرای
Луис Поу	لوئیس پو
Стефен Доунс	استیون داونز
Стив Брукер	استیو بروکر
Нат Браун	نات براون
Нелсон Бонила	نلسون بونلا
Мэтю Спринг	ماتیو اسپرینگ
Перейра Да Силва	پریرا دا سیلوا
Умед Иброҳимӣ	امید ابراهیمی
Майк Астбури	مایک استبری
Микел Пагола	میکل پاکولا
Рафаэл Де Карвалю Сантос	رافائل دی کاروالیو سانتوس
Ричард Гаскелл	ریچارد گسکل
Брайан Клоуз	برین کلوز
Фишлок	فیشلاک
Ванеса Химберт	ونسا گیمبرت
Висенте Флор	ویسنته فلور
Вячеслав Саркисов	ویاچسلاف سارکیسوف
Моррис Ҷонс	موریس جونز
Рамон Бласкес	رامون بلاسکز
Роб Аткинсон	راب اتکینسون
Норман Ҷонс	نورمن جونز
Молина	مولینا
Райан Бург	رایان برگ
Сэм Оҷи	سام اوجی
Натан Камерон	ناتان کامرون
Гнави	گناوی
Рори Боулдинг	روری بولدینگ
Умар	اسمار
Кул	کهل
Пол Каннелл	پل کنل
Пол Далтон	پل دالتون
Питер Дарк	پیتر دارک
Марк Конвери	مارک کونو
Мартин Буглайон	مارتین بوگلیونه
Силва	سیلوا
Стив Картер	استیو کارتر
Стив Томпсон	استیو تامسون
Ферейра Жуниор	فریرا جونیور
Рафа Гомес	رافا گومز
Рубен Батлер	روبن باتلر
Питер Атэртон	پیتر آترتون
Питер Фоли	پیتر فولی
Педро Да Силва	پدرو دا سیلوا
Дайгвид	دیگوئید
Фил Блосс	فیل بلوس
Рикаби	ریکابی
Олли Ченоует	اولی چنوث
Пол Брейсон	پل برایسون
Перси Бартон	پرسی بارتون
Питер Биркамшав	پیتر بیرکامشاو
Питер Буллоф	پیتر بولو
Фил Ҷи	فیل جی
Брэдли	بردلی
Армстронг	آرمسترانگ
Стив Итон	استیو ایتون
Пол Купер	پل کوپر
Стив Биггинс	استیو بیگینز
Пол Уокер	پل واکر
Патрик Фабионн Лопес	پاتریک فابیون لوپز
Питер Кример	پیتر کریمر
Фил Девейни	فیل دوونی
Зафар Нозим	ظفر ناظم
Алекс Ортис	الکس اورتیز
Ферейра	فریرا
Рафаэл Коста	رافائل کوستا
Рэй Ҷонстон	ری جانستون
Рэй Бейврсток	ری باورستاک
Гринвуд	گرینوود
Скотт Флиндерс	اسکات فلیندرز
Коста Да Силва	کوستا دا سیلوا
Мигел Ногуэра	میگوئل نوگورا
Стюарт Уокер	استوارت واکر
Барвик	بارویک
Рикки Гриноф	ریکی گریبس
Роберт Купер	رابرت کوپر
Роберто Агуирре	روبرتو اگیره
Рубен Рамос	روبن راموس
Райан Гиллиган	رایان گیلیگان
Биркетт	برکت
Уорнер	وورنر
Мануэл Сантос	مانوئل سانتوس
Бейду	بایدو
Рэй Иствуд	ری ایستوود
Коста Силва	کوستا سیلوا
Ричард Рейн Баркер	ریچارد راین بارکر
Томми Белл	تامی بل
Рон Барнс	ران بارنز
Пабло Перес	پابلو پرز
Грин	گرین
Сид Айрленд	سید ایرلند
Симон Браун	سیمون براون
Диган	رودریگو جونیور
Сэм Бейли	سام بیلی
Ломбраня	لومبرانیا
Кросс	کراس
Тёрнер	ترنر
Стив Боуи	استیو بووی
Стив Дэвис	استیو دیویس
Рубен Гарсия	روبن گارسیا
Сэм Адкинс	سام ادکینز
Сэм Ҷонсон	سام جانسون
Сэм Клукас	سم کلوکاس
Мануэл Дус Сантос	مانوئل دوس سانتوس
Серхи Хести	سرگی گستی
Серхио Гамис	سرخیو گامیز
Пол Франклин	پل فرانکلین
Стэн Кумминс	استن کامینز
Стив Робинсон	استیو رابینسون
Стивен Гиллеспи	استیون گیلسپی
Стэн Биллингтон	استن بیلینگتون
Стэн Фокс	استن فاکس
Комба	کومبا
Симон Беттс	سایمون بتس
Симон Коллинз	سایمون کالینز
Ананд	آناند
Серхио Хиоино	سرجیو جیونو
Шон Били	شان بیلی
Скотт Ди	اسکات دو
Мигуэс	میگوئز
Хавйер Роза	خاویر روسا
Уолтер Эбботт	والت ابوت
Стив Уитуорт	استیو ویتوورت
Симон Чарлтон	سایمون چارلتون
Трэвор Букер	تروور بوکر
Стив Бук	استیو بوک
Ричард Эннан	ریچارد عنان
Роберт Беттс	رابرت بتز
Браун	براون
Остин	آستین
Кэтон	کتون
Уолтер Беллами	والتر بلامی
Тед Филлипс	تد فیلیپس
Родриго Беккам	رودریگو لوپز دی آلمیدا
Артерн	آرترن
Тони Макнамара	تونی مک‌نامارا
Нйигес	جانی
Томеу Ломпарт	تومیو لومپارت
Трэвор Бенҷамин	تروور بنجامین
Роберто Дус Сантос	روبرتو دوس سانتوس
Алекс Кило	الکس کویلو
Оскар	روبیو
Владимир Зинич	ولادمیر زنیچ
Виктор Дэвид Лопес	ویکتور دیوید لوپز
Бейкер	بیکر
Тяго Барбоза Cуарес	تیاگو باربوسا سوارز
Тяго Корреа	تیاگو کوریا
Лоури	لوری
Ли	لی
Перейра Де Соуза	پریرا دی سوزا
Ли Беннетт	لی بنت
Люис Дарк	لوئیس دارک
Мораис Коза	مورایس سوسا
Вив Бусби	ویو بازبی
Симон Клист	سیمون کلیست
Дорронсоро	دورنسورو
Уолтер Паер	والتر دایر
Науседа	ناوسدا
Урко Арройо	اورکو ارویو
Зак Эйли	زک آلی
Де Паула Нето	دی پائولا نیتو
Тоҳири Бадахшӣ	طاهر بدخشی
Уес Бейнс	وس بینز
Валдемар Акоста	والدمار آکوستا
Уотсон	واتسون
Годден	گدن
Арнолд	آرنولد
Клауси	کلاوسی
Том Бархизен	تام بارکویزن
Бенфилд	بنفیلد
Гэрино	گوئرینو
Лукас Хансон	لوکاس جانسون
Абел Буадес	ابل بودز
Оливейра	اولیویرا
Форд	فورد
Коксфорд	ککسفورد
Багли	باگلی
Фрэнк Алфорд	فرانک آلفورد
Пол Робинсон	پائول رابینسون
Питер Гой	پیتر گوی
Питер Васпер	پیتر واسپر
Де Пинто	دی پینتو
Сансон	سانسون
Стэнли	استنلی
Мирзо Оқохони Нурӣ	میرزا آقاخان نوری
Крейг Рассел	کریگ راسل
Гестейра Да Силва	گستیرا دا سیلوا
Хорхе Спедалетти	خورخه اسپالتی
Алекс Гарсия	الکس گارسیا
Бейли	بیلی
Мануэл Руано	منل روانو
Грей	گری
Хуан Грабовски	خوان گرابوفسکی
Паҳлавон	پوریای ولی
Смит	اسمیت
Луис Карлос Асприла	لوییس کارلوس آسپریلا
Ней Парайба	نی پارابیا
Ҷейми Сейд	جیمی کید
Тяго Трейкел	تیاگو تریچل
Рамон Моя	رامون مویا
Томас Эрвас	توماس ارواس
Доферти	دورتی
Чарлз	چارلز
Клуттон	کلوتن
Кеван Браун	کیوان براون
Аллсоп	آلسوپ
Райан Остин	رایان آستین
Сэм Барнс	سام بارنز
Пол Кэмпбелл	پل کمپل
Дэвид Бойл	دیوید بویل
Эрнест Блэквелл	ارنست بلک ول
Брэдшав	برادشاو
Бист	بویست
Ҳусейни Мунзавӣ	حسین منزوی
Билл Гуттридҷ	بیل گتریج
Пол Блейдс	پل بلیدز
Макналти	مک‌نالتی
Аклейсcон	آلیسون
Тим Хотт	تیم هات
Билли Адамс	بیلی آدامز
Гаршоспи	گرشاسب
Бакли	باکلی
Скендeр Ярeчи	اسکندر یارتسی
Макнил	مک‌نیل
Абуда	ابودا
Орас Браун	هوراس براون
Аморим	آموریم
Бобби Рид	بابی دکودووا
Бейтс	بیتس
Дриер	درایر
Хавйер	خاویر
Де Оливейра Нело	دی اولیویرا میلو
Алан Гоулинг	آلن گولینگ
Роб Винсент	راب وینسنت
Коллинз	کالینز
Ҳерберт Додкинс	هربرت داکینز
Ҳарри Феситт	هری فکت
Пантлинг	پانتلینگ
Коннор	کانر
Гиллиган	گیلگن
Алекс Майолино	آلکس مایولینا
Пратт	پرت
Седдон	سدون
Берт Миллер	برت میلر
Кэн Бут	کن بوث
Дос Сантос	دوس سانتوس
Ралф Сквуир	رلف اسکوایر
Райан Добсон	رایان دابسون
Аҳтам Назаров	احتم نظروف
Сюелл	سیول
Фил Картврайт	فیل کارترایت
Пиерита	آندرس
Бакли	باکلی
Арсени Комас	ارسنی کوماس
Лори Абрахамс	لاری آبراهامز
Виейра	ویرا
Маркус Дус Сантос Роза	مارکوس دوس سانتوس روسا
Фрэнк Сондерс	فرانک ساندرز
Рег Данн	رگ دان
Дэвид Фой	دیوید فوی
Круч	کراوچ
Айвор Браун	ایور براون
Хуан Пабло	خوان پابلو
Абумансур	ابومنصور
Оскар Монтиел	اسکار مونتیل
Эрнест Гиллибранд	ارنست گیلیبورد
Натан Лаундс	ناتان لوندز
Аниса Махлуф	انیسه مخلوف
Бейкер	بیکر
Кирон Дуркан	کیرون دورکان
Залдуа	زالدوا
Гривс	گریس
Моффат	موفات
Хесус Торрес	خسوس تورس
Фрэд Форвард	فرد فوروارد
Фернандес	فرناندز
Майк Бетти	مایک باتی
Бадеъи Устурлобӣ	بدیع اصطرلابی
Бахтиёр Ихтиёров	بختیار اختیاروف
Ури Сантос	آوری سانتوس
ибни Сурӣ	بن سوری
Виктор Васкес	ویکتور واتزکز
Маҳмуд Кӯшон	محمود کوشان
Кастанйеда	کاستانیدا
Антонио Диас	انتونیو دیاز
Мартин Эсперанса	مارتین اسپرانزا
Бадо	بادو
Хавйер	خاوی ری
Аслӣ Бурҳонов	اسلی برهانوف
Абусулаймон Банокатӣ	ابوسلیمان بناکتی
Бруно Де Оливейра	برونو دی اولیویرا
Арраскаэта	آراسکائتا
Маркус Беттинелли	مارکوس بتینلی
Алекс Качо	الکس کاچو
Хави Кантеро	خاوی کانترو
Шамил Курбанов	شامل قربان‌اف
Мэтт Гримс	مت گریمز
Кайлӣ Банберӣ	کایلی بانبری
Дуду	ادواردو
Паринози Изадёр	پریناز ایزدیار
Мануэл Аро	مانوئل هارو
Сезар Морейра	سزار موریرا
Арон Пйерр	آرون پیر
Эрни Девлин	ارنی دولین
Карлос Рубен	کارلوس روبن
Алберт Макферсон	آلبرت مک فرسون
Кенедй	کندی
Мануэл Гил	مانوئل گیل
Антонио Ранхел	انتونیو رنگل
Габриэл Паулиста	گابریل پائولیستا
Сампер	سمپر
Саул Гарсия	ساؤل گارسیا
Лукас Лопес	لوکاس لوپز
Алан Де Сантос	آلان دی سانتوس
Андрей Карлов	آندره کارلوف
Пол Фиси	پل فیسی
Араба	عربا
Алекс Теллес	الکس تلیس
Котан	کوتان
Адри Эмбарба	ادری کوبا
Александра Шипп	الکساندرا شیپ
Матиас Науел	ماتیاس ناهول
Виндафарн	وین‌دفرنه
Ромеро	رومرو
Антони Араби	انتونی عربی
Бин	بین
Эдер Диес	ادر دیز
Сид Ҷонс	سید جونز
Кул	کول
Эрико	اریکو
Модесто	مود
Палмер	پالمر
Мартин Бурлай	مارتین بورلی
Барранко	بارانکو
Тайгер Шрофф	تایگر شروف
Ҳарви	هاروی
Санти Вила	سانتی ویلا
Хуан Портела	خوان پورتلا
Хуан Игнасио Диненно	خوان ایگناسیو دیننو
Стэн Эдмондсон	استن ادموندسون
Билли Данн	بیلی دان
Билли Кобб	بیلی کاب
Карлос	کارلوس
Энрике Дус Сантос	هنریکه دوس سانتوس
Матеус	ماتئوس
Муҳаммад Лал	محمد الالویسیو
Мур	مور
Сал Биббо	سال بیبو
Бэрк	برک
Хосе Наранхо	خوزه نارانجو
Мэтю Фитссиммонс	متیو فیتسیممونز
Калери	کالری
Алберт Рока	البرت روکا
Дарвин	داروین
Адамсон	آدامسون
Бандон	باندون
Бэррэтт	بارت
Бурдетт	بردت
Брайан Добсон	برایان دوبسون
Майк Адди	مایک آدی
Артур Оливейра	آرتور اولیویرا
Де Соуза Рамос	دی سوزا راموس
Кутбертсон	کوتبرتسون
Рег Кутлер	رگ کاتلر
Акоста	اکوستا
Артуруорри	آرتورورری
Кэн О'рурк	کن اورورکی
Гонсалес	گونزالس
Браун	براون
Чема Родригес	خوزه بنیتو
Сэм Маккуин	سام مک‌کوئین
Фернандо Марcал	فرناندو مارسال
Гловер	گلاور
Алайн Оярсун	الن اویرزون
Рис Бэрк	ریس برک
Конор Вашингтон	کانر واشینگتن
Гейн	گانه
Юлден	یولدن
Сезар Абатте	سزار اباته
Эдвин Дав	ادوین داو
Зартушти Хурагон	زرتشت خورگان
Алф Ашмор	الف اشمور
Майкел Меса	مایکل مسا
Рубен Собрино	روبن سوبرینو
Винтер	وینتر
Грей	گری
Пендаровски	پاندوروفسکی
Алиасғари Шеърдӯст	علی اصغر شعردوست
Бика	بیکا
Дон Футитт	دون پفیت
Орас Астли	هوراس آستلی
Пол Флауэрс	پل فلاورز
Каррило	کاریلو
Алберт Мантека	البرت مانتکا
Лукас Соуза	لوکاس سوزا
Унай Гарсия	یونی گارسیا
Ҷорҷ Эванс	جرج ایوانز
Ҳарри Уилямс	هری ویلیامز
Мёрфи	مورفی
Фернандес	فرناندز
Родриго Гомес	رودریگو گومز
Зафра	زفره
Гари Ҷонсон	گری جانسون
Мартинс Перейра Жуниор	مارتینز پریرا جونیور
Мануэл Карлос Де Лима Филю	مانوئل کارلوس دی لیما فیلو
Лукас Бое	لوکاس بویه
Амброс Кларк	امبروس کلارک
Гордон Каттрелл	گوردون کتل
Хуан Перейра	خوانیو پریرا
Сагал	ساگال
Рамон	رامونی
Барака	آندرس
Хуанма Асеведо	خوانما اسودو
Рикардо	ریکاردو
Барнам Бобб	بارنوم-باب
Франки Кент	فرانکی کنت
Лукас Тривинйо	لوکاس تریوینیو
Бейли Каргилл	بیلی کارگیل
Габриэл Хавйер	گابریل خاویر
Шаҳриёри	شهریار
Норман Олдридҷ	نورمن آلدریج
Хартл	هارتل
Карлан Грант	کرلان گرانت
Отермин	اوترمین
Мигел Гирао	میگل گویرو
Томас Чарлз	توماس چارلز
Закария	زکریا
Алек Блейкман	الک بلیکمن
Робинсон	رابینسون
Гарсия	گارسیا
Алф Фриман	الف فریمن
Рафаэл Кривелларо	رافائل کریولارو
Мартин Бреннан	مارتین برنان
Мата	ماتا
Данило Барбоза	دنیلو باربوسا
Мэтти Ҷонс	متی جونز
Дрю Ковердейл	درو کاوردیل
Фалаҳӣ	فالاهی
Эйнар Галилеа	اینار گالیله
Фернандо Горряран	فرناندو گوریاران
Кристиан Тот	کریستیان توت
Хоан Ногера	خوان نوگرا
Ронй	رونی
Валаке	والاس
Курли	کورلی
Ли Фитерстон	لی فدرستون
Наитан Нандес	ناهیتان ناندس
Марлон	مارلون
Дайсуке Сато	دایسوکه ساتو
Мануэл Эрмоса	هرموسا
Фуод Маъсум	فواد معصوم
Исмоил Кучукая	اسماعیل کچوکایا
Олива	اولیوا
Акоста	آکوستا
Брайан Оливан	برایان اولیوان
Саул Лара	سائول لارا
Томас Стрaкошa	توماس استراکوشا
Адриано Бернандес	آدریانو برناردز
Дэйв Голант	دیو دلانت
Норман Кардю	نورمن کاردیو
Мелеро	ملرو
Кевин Давтри	کوین داوری
Майк Ангус	مایک آنگوس
Соса	سوسا
Филип Аллен	فیلیپ آلن
Пауэлл	پاول
Игор Арнаэс	ایگور ارنائز
Дон Кован	دان کوان
Адриен Cатлер	ادریان ساتلر
Алфред Томпсон	آلفرد تامپسون
Мигел Сифуэнтес	میگل سیفوئنتس
Хашоёр	خشایار
Ангел Посо	آنخل پوزو
Ассис Жиованас	اسیس جوواناز
Фитспатрик	فیتزپاتریک
Ануар Туами	انوار تهامی
Ким	وی
Баркос	بارکوس
Маия	مایا
Хонатан Регеро	جاناتان ریسرو
Маранйон	مارانیون
Алехандро Руссо	الخاندرو روسو
Энди Кэннон	اندی کانن
Молина	مولینا
Торрес	تورس
Аймар Сагастибелса	ایمار ساگاستیبلزا
Эймсон	ایمسون
Серхио Перес	سرخیو پرز
Лукас Скаглия	لوکاس اسکالیا
Конде	کنده
Луис Кондоми	لوئیس کاندومی
Берт Аллам	برت آلوم
Ҷек Ҷебб	جک جب
Винкс	وینکس
Франклин	فرانکلین
Муррай Ҷонс	موری جونز
Фернандо Куррас	فرناندو کوراس
Смит	اسمیت
Хоан Каррило	خوان کاریلو
Зурвондод	زروان‌داد
Данн	دان
Алан Арарио	آلن آراریو
Барри Данн	بری دان
Салвадор	سالوادور
Дамбрелл	دمبل
Касасола	کاساولا
Де Брито	دی بریتو
Кевин Маддик	کوین مددیک
Калкутт	کلکته
Чарлз Бениа	چارلز بانیا
Агустин Адорни	آگوستین آدورنی
Майкл Сантос	مایکل سانتوس
Лукас Колитто	لوکاس کولیتو
Хорхе Саэнс	خورخه سائنز
Гарсия	گارسیا
Пол Смит	پل اسمیت
Зе Рафаэл	زی رافائل
Флойд	فلوید
Блэр Андерсон	بلر اندرسون
Виктор Бласко	ویکتور بلاسکو
Бриана Ҳилдербанд	برایانا هیلدبرند
Йоел Сола	یول سولا
Шэв	شاو
Алф Самрфилд	آلف سامرفیلد
Стоддарт	استدارت
Антонио Саро	آنتونیو سارو
Аҳмад Убайд ибн Даҳр	احمد عبید بن دغر
Франсиско Фйдриссевски	فرانسیسکو فیدریسزوسکی
Фебас	فباس
Анселл	آنسل
Матеус Урибе	متئوس اوریبه
Виржинио Де Лима	ویرژینیو ده لیما
Ҷимми Ҷэй	جیمی جی
Чи Дункли	چی دانکلی
Алваро Техеро	آلوارو تجرو
Кейт Баннистэр	کیت بنیستر
Кристина Пронженко	کریستینا پرونژنکو
Андер	اندر
Макартур	مک آرتور
Чимин	جیمین
Фаррелл	فررل
Ферран Хинер	فران گینر
Антонио Лопес	انتونیو لوپز
Алмейда	آلمیدا
Доу	دو
Кордоба	کوردوبا
Иван Алехо	ایوان الخو
Алӣ Ромитанӣ	علی رامتینی
Комроншоҳ Устопириён	کامران‌شاه استاپیریان
Жан Карлос	ژان کارلوس
Игера	هیگورا
Атэртон	آترتون
Инйиго Барренечеа	انیگو بارنتسئا
Брендон Комли	براندون کوملی
Мануэл Праст	مانوئل پراست
Экин Мерт Даймаз	اکین مرت دایماز
Эндрю Фокс	اندرو فاکس
Абдуллоҳ Муҳсин Аква	عبدالله محسن الاکوع
Рэй Финниган	ری فینیگان
Кларк	کلارک
Сторер	استورر
Эдуард Стурки	ادوارد استورکی
Ахвайнии Бухорӣ	اخوینی بخاری
Хавйер Мендоса	خاویر مندوزا
Тэйлор	تایلور
Маряна Бенавидес	ماریانا بناویدس
Хлое Чжао	کلویی ژائو
Меҳмон Бахтӣ	مهمان بختی
Чарлз Аллврайт	چارلز آلرایت
Куртис	کورتیس
Садихов	سادیخوف
Агустин Ортега	آگوستین اورتگا
Кандидо	کاندیدو
Элчин Сангу	الچین سانگو
Алекс Ремиро	الکس رمیرو
Айтор Канталапиедра	آیتور کانتالاپیدرا
Энрике Мора Перилло	هنریک مورا پریلو
Абдуллоҳ ибни Исҳоқ ибни Иброҳим	عبدالله بن اسحاق بن ابراهیم
Аршакян	آرشاکیان
Карлес Аленя	کارلس آلنا
Фaтмир Фрaшери	فاتمیر فراشری
Пол Эмсон	پل امسون
Алфред Робинсон	آلفرد رابینسون
Шаҳраг	شهرگ
Херсон Торрес	خرسون تورس
Дэйв Юинг	دیو اپینگ
Майкл Эстрада	مایکل استرادا
Салвадор Носетти	سالوادور نوستی
Калвин Дэвис	کالوین دیویس
Руфо	روفو
Чонгук	جونگ کوک
Хоан Санчес	خوان سانچز
Искиердо	ایزکیاردو
Ғазал Шокирӣ	غزل شاکری
Меҳрнигори Рустам	مهرنگار رستم
Маркус Рашфорд	مارکوس راشفورد
Камерон Хамфрис	کامرون هامفریز
Арнайс	آرنایز
ибни Исҳоқ ибни Иброҳим	بن اسحاق بن ابراهیم
Сантяго Коломбатто	سانتیاگو کولومباتو
Морено	مورنو
Александр Смирнов	الکساندر اسمیرنوف
Хуан Овиэдо	خوان اوویدو
Росалес	روسالس
Сито	سیتو
Мойзес Волскикк	مویزس گائوچو
Эдсон Кастило	ادسون کاستیلو
Агустин Ланата	آگوستین لاناتا
Алваро Хименес Герреро	آلوارو خیمنز گررو
Ахшунвор	خوشنواز
Абусаҳли Саълукӣ	ابوسهل صعلوکی
Муайидулмулк	مویدالملک
Андрей Гузиенко	اندری گوزینکو
Ҳакими Самарқандӣ	حکیم سمرقندی
Брок	براک
Кинтана	کویینتانا
Сафаралиева	ثفرعلییوه
Сулиман	سلیمان
Гулбин Тусун	گلبین توسون
Зузана Чапутова	زوزانا چاپوتووا
Маркел Арейтио	مارکل اریتیو
Эрнандес	هرناندز
Рафаэл Робалло	رافائل روبایو
Гонсалес	گونزالس
Ҷастин	جاستین
Хосе Мануэл	خوزیما
Энди Рипли	اندی ریپلی
Барриос	باریوس
Исроил Адесаня	اسرائیل آدسانیا
Хуан Соряно	خوان سوریانو
Александр Николайев	الکساندر نیکولایف
Артур	آرتور
Самиро Ҳасанпур	سمیرا حسن‌پور
Дайон Конрой	دیون کونروی
Залая	زالایا
Сантяго Пас	سانتیاگو پاز
Марк Гуал	مارک گوال
Карлос	کارلوس
Константин Кучайев	کنستانتین کوچایف
Рос	روس
Максим Рудаков	ماکسیم روداکوف
Бракамонте	براامونته
Клифтон	کلیفتون
Калум Кокерилл	کالوم کاکریل
Юри Матиас	یوری ماتیاس
Фредерик Чатбурн	فردریک چابرن
Абдулло Орипов	عبدالله عارفوف
Хуан Фойт	خوان فویث
Сендра	سندرا
Матиас Виня	ماتیاس وینیا
Лукас Пакета	لوکاس پاکتا
Маркус Эдвардс	مارکوس ادواردز
Тоҷулмулк	تاج‌الملک
Темурмалик	تیمور ملک
Хави Лор	خاوی لور
Пабло Санс	پابلو سانز
Мануэл Карраско	کاراسکو
Даниэл Эскриче	دنی اسکریش
Забаргон	زبرگان
Абулфазли Миколӣ	ابوالفضل میکالی
Афра Сарачоғлу	افرا ساراچوغلو
Луис Акоста	لوئیس اکوستا
Виктор Мена	ویکتور منا
Абуаҳмади Мунаҷҷим	ابواحمد منجم
Забертос	زبرتاس
Мария Асунсион Кинйонес	ماریاسون کیونز
Низомӣ	نظامی
Мурило Керкейра	موریلو سرکیرا
Луис Переа	لوئیس پیریا
Ортоха	آرتاخه
Аҳмад ибни Мӯсо ибни Шокир	احمد ابن موسی ابن شاکر
Ҳурмузи Кушоншоҳ	هرمز کوشانشاه
Зунгу	زنگو
Мусъаб ибни Рузайқ	مصعب بن رزیق
Нигора Холова	نگاره خالاوه
Пирӯзи Кушоншоҳ	پیروز کوشانشاه
Катерина Сакелларопулу	کاترینا ساکلاروپولو
Зулайхо Маҳмадшоева	زلیخا محمدشایوا
Аловуддин Абдуллозода	الاوالدین عبدالله‌اف
Манучеҳр Сафаров	منوچهر صفروف
Пирӯздухт	پیروزدخت
Санам Унсал	سینم اونسال
Зикриаллоҳ Ҳаким	ذکرالله حکیم
Раҳим Ҳошим	رحیم هاشم
Хушқадам Хусравов	خوشقدم خسرواف
Рудаг	رودک
Пупак Никталаб	پوپک نیک‌طلب
Муҳаммадбоқиров	محمدباقراف
Далер Имомалӣ	دلیر امام‌علی
Шаҳноз Комилзода	شهناز کامل‌زاده
Икромӣ	اکرامی
Амундсен	آمونسن
Конрад Аденауер	کنراد آدناور
Ҷолинус	جالینوس
Алан Юлиан	آلن جولیان
Муҳаммад Алӣ	محمدعلی
Эливелтон	الیولتون
Шайх Ҳасина	شیخ حسینه
Дмитрий Шостакович	دمیتری شوستاکوویچ
Кин	کین
Алан Карвалю	آلان کاروالیو
Валдир Бенедито	والدیر بندیتو
Родриго	رودریگو
Гронт	گرانت
Рид Хоффман	رید هافمن
Хэрст	هرست
Силвиу Берлусконӣ	سیلویو برلوسکونی
Коллинз	کولینز
Маҳмуд Аҳмадинижод	محمود احمدی‌نژاد
Ҳоллидай	هالیدی
Пэрсон	پیرسون
Раҳимов	رحیموف
Карлос Алберто Торрес	کارلوس آلبرتو تورس
Мёрфи	مورفی
Алберт Луке	آلبرت لوکی
Денис Глушаков	دنیس گلوشاکوف
Фарҳоди	فرهاد
Густов Ҳойнимон	گوستاو هاینمان
Гонсалес	گونسالس
Михаил Горбачёв	میخائیل گورباچف
Тед Ханни	تد هنری
Радован Караҷич	رادوان کاراجیچ
Ҳенри Девид Торо	هنری دیوید تورو
Албер	آلبر
Марк Антоний	مارکوس آنتونیوس
Бобадила	بابودیلا
Павон	پاوون
Тавфиқ	توفیق
Смит	اسمیت
Николас Оливера	نیکولاس الیورا
Мартин Демикелис	مارتین دمیکلیس
Карел	کارل
Майкл Фассбендер	مایکل فاسبندر
Александр Поветкин	الکساندر پوتکین
Теофил Готйе	تئوفیل گوتیه
Коҳен	کوهن
Годин	گودین
Игор Корнеев	ایگور کورنیف
Солер Атенкия	سولر آتنسیا
Олвору Орзу	آلوارو آرزو
Файсали	فیصل
Ҳенрӣ ван де Велде	هنری ون دیولده
Карл Мария фон Вебер	کارل ماریا فون وبر
Михаил Калашников	میخائیل کلاشنیکف
Виктор Санчес	ویکتور سانچز
Муҳаммадшоҳи	محمدشاه
Секстон	سکستون
Эмил Хески	امیل هسکی
Яздгирди	یزدگرد
Адриан Доменек	آدریان دومنک
Нестор Комбин	نستور کومبا
Рофоел Колдеро	رافائل کالدرا
Ортофернаи	آرتافرنه
Луи Феррино	لو فریگنو
Пабло Кавалеро	پابلو کاوایرو
Шарл Фабрӣ	شارل فابری
Ҷонатан Уолтерс	جاناتان والترز
Биша	فرانسوا زاویه بیشا
Андрей Андреевич	آندری وزنیشیانسکی
Меҳрдоди	مهرداد
Тони Тилрой	تونی گیلروی
Франсиско Алвес	فرانسیسکو آلوز
Кристиан Леива	کریستین لیوا
Мариню Перес	مارینیو پرز
Зидон	زیدان
Верди	وردی
ибн Мӯсо ал-Хоразмӣ	بن موسی خوارزمی
Катрина Каиф	کاترینا کایف
Павели	پل
Рэй Парлур	ری پارلور
Круз	کروز
Де Оливейра Араужо	دی الیویرا آراخو
Ян Райт	یان رایت
Хони Хонон	خان‌خانان
Усмон	عثمان
Юнус	یونس
Алдровани Ненон	آلدوروانی مینون
Игор Нетто	ایگور نتو
Кен Лоч	کن لوچ
Басиндва	باسندوه
Сиганда	زیگاندا
Кристиан Лара	کریستین لارا
Севинч Муъминова	سوینچ مؤمناوه
Ҳасанӣ	الحسنی
Стефанос Христопулос	استفانوس خریستوپولوس
Рассел Лоуелл	راسل لوول
Рафиня	رافا
Эйди Бутройд	ایدی بوثروید
Артур Миллер	آرتور میلر
Плинийи	پلینیوس
Браун	براون
Саид Мӯсо	سعید موسی
Филип	ادو گاسپار
Теле Cантана	تله سانتانا
Луис Фернандес	لوئیس فرناندز
Леонид Рейман	لئونید ریمن
Кустодио Макадо	کوستودیو ماشادو
Нано	نانو
Иглесяс	ایگلسیاس
Виктор Чорбя	ویکتور سیوربه
Кристиан Алварес	کریستین آلوارز
Жюл Верн	ژول ورن
Кампос	کامپس
Пенелопа Круз	پنلوپه کروز
Себастян	سباستیان
Бенигну Акину	بنیگنو آکینو
Йоахим Гаук	یوآخیم گاوک
Ҳерман Мелвил	هرمان ملویل
Винстон Чирчил	وینستون چرچیل
Люис	لوئیس
Ли Ходсон	لی هودسون
Абумаъшари Балхӣ	ابومعشر بلخی
Баллак	بالاک
Айморе Морейра	آیموره موریرا
Рики Ламберт	ریکی لامبرت
Фил Томпсон	فیل تامپسون
Гастон Рамирес	گاستون رامیرس
Луис Гарсия	لوئیس گارسیا
Роман Адамов	رومن آداموف
Сара Орн Ҷуит	سارا اورن جوئت
Моҳир Асад	ماهر اسد
Ниёзов	نیازف
Мариано Санчес	ماریانو سانچز
Шон Робертс	شان رابرتز
Мартин	مارتین
Перейра Нендес	پریرا مندز
Фабиан Делф	فابین دلف
Эдворд Мунк	ادوارد مونک
Аудрей Ҳепбурн	آدری هپبورن
Брено Боргес	برنو بورخس
Бёрнстерне Мартинус	بیورنستیرن بیورنسون
Томас Кречман	توماس کرتشمن
Крибари	کریباری
Владимир Минорский	ولادیمیر مینورسکی
Белтрами	بلترامی
Сергей Довлатов	سرگئی دولاتوف
Харт	هارت
Вагнер	واگنر
Ҷефферсон	موریرا
Артур Браун	آرتور براون
Нигел Адкинс	یانگ آدکینز
Александр Литвиненко	آلکساندر لیتوینینکو
Рӯдигер	رودیگر
Франсиско Арамбуру	شیکو
Хуан Беленкосо	خوان بلنکوسو
Салвадор Артигас	سالوادور آرتیگاس
Боудин	بودن
Мэтт Холленд	مت هولاند
Ирарагорри	ایراراگری
Гелл-Ман	گل-مان
Да Силва	دا سیلوا
Серхи Гомес	سرجی گومز
Дэвид Пегг	دیوید پگ
Нестор Росси	نستور روسی
Норуҳиту	ناروهیتو
Бэкон	بیکن
Хуан Анкела	خوان انکیلا
Таффарел	تافارل
Тони Ҳайбберт	تونی هیبرت
Филип Котиню	فیلیپه کوتینیو
Аннабел Уоллис	آنابل والیس
Ейсаку Сато	ایساکو ساتو
Сезар Пинйеро	سزار پینیرو
Санти Касорла	سانتی کازورلا
Луис Марти	لوئیس مارتی
Рендал Асофейфа	راندال آزوفیفا
Алф Эйнсвэрт	آلف اینسورث
Ҷомӣ	جامی
Анггун	آنگون
Эдер Де Ассис	ایدر دی آسیس
Майкл Томас	مایکل توماس
Асприла	آسپریلا
Соряно	سوریانو
Оливия Манн	اولیویا مون
Раул Гарсия	رائول گارسیا
Абдуллоҳ	گلمرجان گلمرجان
Инсуа	اینسوآ
Миҳой Чукуноӣ	میهای چوکونائی
Андрас Тöрőксик	آندراش توروچیک
Бенвенист	بنونیست
Габи	گابی
Владимир Беляйев	ولادیمیر بلیایف
Вилям Хайд	ویلیام هاید
Икер Муняин	ایکر مونیاین
Гойкокеа	گوی‌کوچه‌آ
Ширин	شیرین
Карбони	کاربونی
Себастян Балсас	سباستین بالساس
Мигел Пардеса	میگوئل پاردزا
Сергей Гринков	سرگی گرینکوف
Алберт Эйнштейн	آلبرت اینشتین
Лев Толстой	لئو تولستوی
Грэм Тэйлор	گراهام تیلور
Адриан Лопес	آدریان لوپز
Тони Браун	تونی براون
Клеопатра	کلئوپاترا
Клинтон	کلینتون
Граф	گراف
Кевин Костнер	کوین کاستنر
Эсекйел Мунйос	ازکیل مونوز
Дия Мирзо	دیا میرزا
Артур Роу	آرتور روو
Рене Генон	رنه گنون
Фонсека	فونسکا
Карлес Пуйол	کارلس پویول
Иларио Лопес	هیلاریو لوپز
Блошер	بلاشر
Никол Кидман	نیکول کیدمن
Александр Опарин	الکساندر اپارین
Путинатти	پوتیناتی
Санд	سند
Марк Райт	مارک رایت
Франк Бенсон	فرانک بنسون
Айлтон Де Оливейра Модесто	آیلتون دی اولیویرا مودیستو
Ҳирнун Силес Суозу	هرنان سیلس زوازو
Анаксимандр	آناکسیماندروس
Умар ал-Башир	عمر البشیر
Антиохи	آنتیوخوس
Элизобети	الیزابت
Амаури	آمائوری
Бебел	ببل
Аларкон	آلارکون
Луис Де Соуза Ферейра	لوئیس د سوزا فریرا
Клайд Ҷеронимӣ	کلاید جرونیمی
Қара	قارا
Робин Уилямз	رابین ویلیامز
Шоҳҷаҳон	شاه جهان
Перес	پرز
Пейро	پیرو
Очоа	اوچوا
Толедо	تولیدو
Владимир Пономарёв	ولادیمیر پونوماریوف
Рогерио Пинйеро	روجریو لوئیز
Баҳоуллоҳ	بهاءالله
Хуанито	خوان
Гари Линекер	گری لینکر
Пранаб Мукҳерҷи	پراناب موکرجی
Блондел	بلوندل
Фокс	فاکس
Валид ибни Язид	ولید بن یزید
Зайнаб Хузайма	زینب خزیمه
Келсиню	سلسینو
Смит	اسمیت
Херемяс Кагхяно	جرمیاس کاجیانو
Флоренсио Амарила	فلورنسیو ماریا
Брайан Гринхофф	براین گرینهوف
Лоури Санчес	لوری سانچز
Пардо	پاردو
Орландини	اورلاندینی
Гюнтер Грас	گونتر گراس
Лао-сзӣ	لائوتسه
Монро	مونرو
Антони Тапиес	آنتونی تاپی‌یس
Родригес	رودریگوئز
Луис Рамирес Запата	لوئیس رامیرس ساپاتا
Тротский	تروتسکی
Вайиралонгкорн	واجیرالونگکورن
Хуан Карлос Мунйос	خوان کارلوس مونیز
Раҷеш Ханна	راجش خانا
Бегин	بگین
Пол Мейдли	پل مادلی
Серхи Лопес	سرگی لوپز
Мария Артола	ماریا آرتولا
Пол Смит	پل اسمیت
Аббоси	عباس
Александр Карелин	الکساندر کارلین
Тайетоми Хидзеси	تویوتومی هیده‌یوشی
Хуан Роман Рикелме	خوان رومان ریکلمه
Квентин Тарантино	کوئنتین تارانتینو
Карл Бриуллов	کارل بریولوف
Ҳанс Кристиан Андерсен	هانس کریستیان آندرسن
Юстейс	یوستس
Сандро	ساندرو
Тони Лич	تونی لیچ
Аршад Варсӣ	آرشاد وارسی
Хесус Эррера	خوس هررا
Де Соуза Силва	دی سوزا سیلوا
Канйе Уэст	کانیه وست
Майкл Каррик	مایکل کریک
Бернард Болсано	برنارد بولزانو
Уҳуру Кениата	اوهورو کنیاتا
Зетти	زتی
Файсали	فیصل
Мурасаки Шикибу	موراساکی شیکیبو
Луис Гарсия	لوئیس گارسیا
Ридер	روئدر
Алӣ	علی
Марк Руффало	مارک رافالو
Морган Фриман	مورگان فریمن
Йовович	یوویچ
Роберт Вудроу Вилсон	رابرت وودرو ویلسون
Эвертон Сантос	اورتون سانتوس
Мария Вилар	ماریا وییار
Екатерина Гордеева	اکاترینا گوردیوا
Ванесса Белл	ونسا بل
Зафар ибни Ҳузайлӣ	زفر بن هذیل
Низомии Ганҷавӣ	نظامی گنجوی
Муҳаммад ибни Юсуфи Илоқӣ	محمدبن یوسف ایلاقی
Суга	سوگا
Даниэл Линс Кортес	دانیل لینس کورتز
Ҷорҷ Райт	یوری رایت
Уитмен	ویتمن
Августе	آگوست
Уткир Султонов	اوتکیر سلطانوف
Валдес	والدز
Стюарт Маккол	استوارت مک‌کال
Крис Вудс	کریس وودز
Тяго Мотта	تیاگو موتا
Томми Хобан	تامی هابن
Берни	برنی
Берни	برنی
Умар Алмирон	عمر المرون
Кристиан Хименес	کریستین گیمنز
Тонкреду Невес	تانکردو نوس
Александр Милйеранд	آلکساندر میلران
Викторино	ویکتورینو
Эрна Сулберг	ارنا سلبرگ
Абдуллоҳ Муқтадӣ	عبدالله مقتدی
Луис Гарсия	لوئیس گارسیا
Болатти	بلاتی
Абдулғаффорхон	عبدالغفار خان
Солари	سولاری
ибни Хайён	بن حیان
Хорхе Фусиле	خورخه فوسیل
Марк Торрехон	مارک تورنیون
Паулиню Гуара	پائولینیو گائورا
Боб Чапман	باب چپمن
Зоҳир Ҳувайдо	ظاهر هویدا
Ангус	انگوس
Робсон Де Васконкелус Гуэс	رابسون دی واسکونسلوس گوئز
Лансбури	لنسبوری
Исо ибни Алӣ ал-Халифа	عیسی بن علی آل خلیفه
Бриттон	بریتون
Антонио Лопес	انتونیو لوپز
Аладар Геревич	الادار گرویچ
Родриго Миллар	رودریگو میلار
Гверчино	گوئرچینو
Марио Пузо	ماریو پوزو
Эвайр	ایوایر
Майкл Дофти	مایکل داتی
Эдвард Хагеруп	ادوارد گریگ
ал-Идрисӣ	ادریسی
Ато	آتو
Де Маркос	د مارکوس
Ҷамил Улшӣ	الالشی
Доминик Ҳашек	دومینیک هاشک
Янка Купала	یانکا کوپالا
Кафка	کافکا
Леоне	لئون
Аталиба	کارلوس
Алан Смит	آلن اسمیت
Силва	سیلوا
Карл Дикинсон	کارل دیکینسون
Маллен	مالن
Аудубон	اودوبان
Данияр Билялетдинов	دینیار بیلیالتدینوف
Дуглос Фэрбенкс	داگلاس فیربنکس
Вазари	واساری
Ҳероклидус Понтикус	هراکلیدس پونتیکوس
Абдулкарими Ҷилӣ	عبدالکریم جیلی
Пиендибене	پیندیبن
Алан Патрик	آلان پاتریک
Стефен Ҷордан	استیون جردن
Ҳайуард	هیوارد
Вержил	ویرژیل
Калвенте	کالونته
Закӣ Арсузӣ	زکی ارسوزی
Шридевӣ	سری دوی
Эдуар Гурса	ادوار گورسا
Ҷентиле Беллини	جنتیله بلینی
Ҳасани Басрӣ	حسن بصری
Стуарт	استوارت
Роман Еременко	رومان ارمنکو
Қавомуддавла	قوام‌الدوله
Деве Говда	دوی گودا
Баалбак	آگوستوس
Хави Аламо	خاوی الامو
Ҷитендра	جیتندرا
Ормазабал	اورمازابال
Троче	تروچه
Велинтон	والینتون
Эстебан Солари	استبان سولاری
Шармила Тагор	شارمیلا تاگور
Итомор Фронку	ایتامار فرانکو
Марк Нобл	مارک نوبل
Рафаэл ван дер Ваарт	رافائل فان در فارت
Жак Адамар	ژاک آدامار
Алексндре Дус Сантос	آلکساندر دوس سانتوس
Олфунсу Пуртиу	آلفونسو پورتیو
Хавйер Савиола	خاویر ساویولا
Себастян Эгурен	سباستین اگورن
Ҳефестиюн	هفستیون
Умар Браво	عمر براوو
Ҳурмузи	هرمز
Алханов	آلخانوف
Маранйон	مارانیون
Аристофан	آریستوفان
Илҳом Алиев	الهام علی‌اف
Сабоҳ Аҳмад Ҷобири Сабоҳ	صباح احمد جابر الصباح
Мигел Палардо	میگل پالاردو
Вара	وارا
Бергcон Силва	برگسون سیلویرا
Виникиус Лопес	وینیسیوس لوپز
Абулкаломи Озод	ابوالکلام آزاد
Фернандо Иерро	فرناندو هیرو
Ферейра Де Соуза	فریرا دی سوزا
Фабрисио Колоксини	فابریسیو کولوچینی
Пол Анка	پل آنکا
Роб Ли	راب لی
Франко Костансо	فرانکو کوستانزو
Родригес	رودریگز
Марио Да Cилвейра	ماریو دا سیلویرا
Ирфон Хон	عرفان خان
Август Вейсман	آوگوست وایسمان
Эдмунд Босворт	ادموند باسورث
Абдураҳим Кеиб	عبدالرحیم الکیب
Николас Кейҷ	نیکولاس کیج
Гулбен Эрген	گولبن ارگن
Алсидес Алвес	آلسیدیس آلوز
Тони Тэйлор	تونی تیلور
Хуан Ипиня	خوان ایپینیا
Гарсия	گارسیا
Гонсалес	گونزالز
Арион	آریون
Евгений Мравинский	یوگنی مراوینسکی
Борги	بورگی
Карлу Чампӣ	کارلو چیامپی
Бонд	باند
Мунико Беллуччӣ	مونیکا بلوچی
Фрейзер Кэмпбелл	فریزر کمپل
Иняки Саэс	اینیاکی سائز
Пол Андерсон	پل اندرسون
Фунес Мори	فونس موری
Питер Ноулс	پیتر نوولس
Юргeн Гясуля	یورگن گجاسولا
Меҳрнарсе	مهرنرسی
Хардвик	هاردویک
Мануэл Хименес Хименес	مانوئل خیمنس خیمنس
Виктор Алонсо	ویکتور آلونسو
Абдурраҳмонхон	عبدالرحمن‌خان
ибн Аҳмад Унсурӣ	عنصری
Марк Зукерберг	مارک زاکربرگ
Луис Каминеро	لوییس کامینرو
Ҳаролд Валден	هارولد والدن
Темур Кетсбаиа	تمور کتسبایا
Виктор Бенитес	ویکتور بنیتز
Чад Ҳарлӣ	چاد هرلی
Данило Буэно	دانیلو بوئنو
Мэтю Коннолли	ماتیو کانلی
Климент	کلمنت
Забеҳуллоҳ Сафо	ذبیح‌الله صفا
Жорж Перек	ژرژ پرک
Фарида Ҷалол	فریدا جلال
Сантамария	سانتاماریا
Луи Кристоф	لوئیز هاکت
Диркеу	دیرسیو
Энди Грей	اندی گری
Питбулл	پیت‌بال
Веронезе	ورونز
Селина Ҷейтлӣ	سلینا جایتلی
Синклэр	سینکلر
Васили Березутски	واسیلی برزوتسکی
Денис Колодин	دنیس کولودین
Олегер Пресас	اولگر پرس
Бен Муди	بن مودی
Адам Морган	آدام مورگان
Страбон	استرابون
Дйбала	دیبالا
Барретт	برت
Эрнане	هرنانه
Тандй	تندی
Шоҳрух Хон	شاهرخ خان
Спиеглер	اشپیگلر
Чингиз Айтматов	چنگیز آیتماتوف
Мануэл Ибарра	مانوئل ایبارا
Виктор Багй	ویکتور باگی
Карлос Ауски	کارلوس آزکی
Виллиан	ویلیان
Ҷазарӣ	جزری
Шанкар Даял Шарма	شانکار دایال شارما
Дуглас Макуиртер	داگلاس مک‌وارتر
Кевин Килбейн	کوین کیلبن
Рэй Уилкинс	رای ویلکینز
Константин Зирянов	کونستانتین زیریانوف
Фуод Мебазаъ	فؤاد المبزع
Ҳероклитус	هراکلیتوس
Хайзурон	الخیزران
Ҳабиб Боургуиба	حبیب بورقیبه
Лоренс Бендер	لورنس بندر
Даниэл Cобраленсе	دانیل سوبرالنسه
Елизабет Тайлор	الیزابت تیلور
Стейнбек	استاینبک
Кристина Фернандес де Киршнер	کریستینا فرناندز د کیرشنر
Лен Уэйн	لن وین
Игор Мариго Де Кастро	ایگور کاسترو
Балмер	بالمر
Лесcа Азеведо	لیسا آزودو
Эуллер	یولر
Линда Бак	لیندا باک
Дани Эстрада	دنی استرادا
Антонио Луке	آنتونیو لوک
Петроне	پترون
Мария Антон	ماریا انتون
Айтор Каранка	آیتور کارانکا
Афонcо	آفونسینیو
Маркос	مارکیتو
Крис Колумбус	کریس کلمبوس
Рене Груссе	رنه گروست
Стефен Хюз	استیون هاگز
Эднилcон	ادمیلسون
Пeрлят Мустa	پرلات موستا
Ави Арад	آوی آراد
Юри Ковтун	یوری کاوتن
Марсело Ромеро	مارسلو رومرو
Рикардо Галего	ریکاردو گایگو
Рамос	راموس
Бог	بو
Чеҳргушнасп	چهرگشنسپ
Фердинанд Петрович	فردیناند فرانگل
Каридаде	کاریداد
Франсесколи	فرانچسکولی
Мэтю Бейтс	ماتیو بیتس
Аислан	آیلسان
Дэвид Фустер	دیوید فوستر
Дэвид Вила	داوید ویا
Боб	باب
Акселрод	اکسلراد
Бeким Бaляй	بکیم بالای
Брайан Пилкингтон	براین پیلکینگتون
Ли Пелтир	لی پلتیه
Алан Пикок	آلن پیکاک
Антонио Д'агости	آنتونیو دی آگوستی
Маркус Пакета	مارکوس پاکیتا
Сезар Апаресидо Родригес	سزارآپاریکیدیو رودریگز
Поррас	پوراس
Бенҳима	بنهیمه
Фриаcа	فریاسا
Спэкман	اسپکمن
Энди Дукат	اندی داکت
Алкасер	الکاسر
Дейвид	دیوید
Самуэл Агилар	ساموئل آگیلار
Паласиос	پالاسیوس
Алан Бол	آلن بال
Лю Ифэй	لیو ییفئی
Батиста Да Силва	باتیستا دا سیلوا
Бил	بیل
Стейтем	استاتهام
Геннади Морозов	گنادی موزوروف
Кейт Хилл	کیت هیل
Аркади Андреасян	آرکادی آندرئاسیان
Торсиглиэри	تورسیلیری
Иша Коппикар	ایشا کوپیکار
Эдевалдо	ادوالدو
Владимир Маяковский	ولادیمیر مایاکوفسکی
Зайд ибни Алӣ	زید بن علی
Сэмюэл Ҳадида	ساموئل حدیدا
Франко	فرانکو
Хуан Луке	خوان لوکه
Шеридан	شرایدن
Рис	ریس
Эстебан Гранеро	استبان گرانرو
Оскар Санчес	اسکار سانچز
Аббос	عباس
Луис Галван	لوئیس گالوان
Раул Бобадила	رائول بوبادیلا
Ҷонатан Эдвардс	جاناتان ادواردز
Майк Фелан	مایک فلان
Фабиан О'нилл	فابیان اونیل
Александр Невский	الکساندر نوسکی
Ашанти	آشانتی
Хуан Себалос	خوان چبالوس
Баҳори Шервонӣ	بهار شروانی
Калонга	کالونگا
Понтироли	پونتیرولی
Гарай	گارای
Аҳмаду Аҳидҷо	احمدو آهیجو
Сезар Ромеро	سزار رومرو
Ҷамнолал Баҷоҷ	جمالال باجاج
Андре Круз	آندره کروز
Карлес Рексч	کارلس رکساچ
Брэдфорд	برادفورد
Акасиете	آکاسیئته
Ризо Аббосӣ	رضا عباسی
Рафаэл Фариас Таварес	رافائل فاریاس تاوارز
Муовия писари Абусуфиён	معاویه پسر ابی‌سفیان
Александр Степанович Попов	الکساندر استپانویچ پاپوف
Зирёб	زریاب
Сернадас	سرناداس
Ланда	لاندا
Вила	ویلا
Гонсалес	گونسالس
Хуан Мино	خوان مینیو
Педро Регейро	پدرو ردریرو
Хуан Мануэл Оливера	خوان مانوئل اولیورا
Виктор Андраде	ویکتور آندراده
Крис Гритуич	کریس گریویچ
Кайли Ногтон	کایل نوتون
Ҷонсон	جانسون
Жайрсиню	جرزینیو
Вероника Герин	ورونیکا گورین
Карлос Соуза Дус Сантос	کارلوس سوزا دوس سانتوس
Аҳмад ал-Ғашимӣ	احمد الغشمی
Алексндре Торрес	آلکساندر تورس
Де Фигуейредо Памплона	د فیگوریدو پامپونا
Паредес	پاردس
Бен Коллетт	بن کوله
Юсифов	یوسف‌اف
Алваро Домингес	آلوارو دومینگز
Виталий Чуркин	ویتالی چورکین
Эндрю Бойл	اندرو بویل
Ники Бутт	نیکی بات
Эднилcон	ادمیلسون
Силва	سیلوا
Синклэр	سینکلیر
Илёс Илёдис	الیاس الیادیس
Хесус Гарай	خسوس گارای
Егор Титов	یگور تیتف
Озшенер	اوزشنر
Перес	پرز
Мануэл Сарабия	مانوئل سارابیا
Хуан Макука	خوان ماچوکا
Рамон Вилаверде	رامون ویلاورده
Рома	روما
Булнес	بولنس
Фарид Атраш	فرید الاطرش
Люк Дэниелс	لوک دنیلز
Маркио Аморозо	مارسیو آموروسو
Тобин Белл	توبین بل
Ганcо	گانسو
Нобусуке Киши	نوبوسوکه کیشی
Леонардо Сантяго	لئوناردو سانتیاگو
Меҳрдоди	مهرداد
Майкл О́укс	مایکل اواکس
Бенят Эчебаррия	بینات تاکباریا
Мэттю Мэрсден	متیو مارزدن
Себастян Гонсалес	سباستین گونسالس
Луиз Карлос Гэдес Cтукас	لوئیز کارلوس گودیس استوکاس
Висенте	ویسنته
Алехандро Вилануэва	الخاندرو وییانوئبا
Хуан Игнасио Мартинес	خوان ایگناسیو مارتینز
Карлос Да Коста Араужо	کارلوس دا کوستا آراخو
Лонтс	لانتس
Хосеми	خوزه‌می
Саид Пошо	سعید پاشا
Бишоп	بیشاپ
Фукуда	فوکودا
Гуидо Пизарро	گیدو پیزارو
Иван Владимирович	ایوان میتشورین
Вандерлей Луксмбурго	واندرلی لوکزامبورگو
Шон Леви	شاون لوی
Силван Эбанкс Блейк	سیلوان ایبانکس بلیک
Алӣ Кофӣ	علی کافی
Аҳмад Дидот	احمد دیدات
Начо	ناچو
Нарде	جیناردی
Клодуалдо	کلودوالدو
Лорен Шулер Донер	لورن شولر دونر
Сурено	سورنا
Нижиню	نیژینیو
Рафаэл Ириондо	رافائل ایروندو
Кониерс Кирби	کنیرس کیربی
Грегорио Бласко	گرگوریو بلاسکو
Филлискирк	فیلیسکیرک
Ортис Камарго	اورتیس کامارگو
Сезар Родригес Алварес	سزار رودریگز آلوارز
Хосе Мануэл Рей	خوسه مانوئل ری
Василий Ливанов	واسیلی لیوانوف
Дэйв Китсон	دیو کیتسون
Дмитрий Лоськов	دمیتری لوسکوف
Дҳармендра	دهر مندرا
Адриан Моралес	آدریان مورالس
Баччиарелли	باچرلی
Саҳл ибни Бишр	سهل بن بشر
Симон Кокс	سایمون کاکس
Хорхе Валдивия	خورخه والدیویا
Моралес	مورالس
Нарсис Хулиа	نارسیس خولیا
Майк Хупер	مایک هوپر
Алберто Супписи	آلبرتو سوپیکی
Тониню Керезо	تونینیو کیروزو
Кэмпбелл	کمبل
Пина	پینا
Хави Эрнандес	خاوی هرناندز
Кик	کیکه
Карлос Сантос Де Хесус	کارلوس سانتوس دی جسوس
Агустин Гомес	اگوستین گومز
Дин Ричардс	دین ریچاردز
Леал	لیل
Валад	ولد
Хосе Пердомо	خوسه پردومو
Акоста	آکوستا
Питер Тэйлор	پیتر تیلور
Орландо Пеcаня	اورلاندو پیکانا
Кристиан Фаббяни	کریستین فابیانی
Нсуэ	ان‌سوئه
Филип Санчон	فیلیپه سانچون
Расули Сайёф	رسول سیاف
Анупам Кҳер	انوپم کهیر
Журандир	ژوراندیر
Томи Эймеоби	تامی آمئوبی
Эдгар Борхес	ادگار بورخس
Парвиз Нотили Хонларӣ	پرویز ناتل خانلری
Ариэл Рохас	آریل روخاس
Де Нело	دی میلو
Перотти	پروتی
Эстебан Паредес	استبان پاردس
Фернандес	فرناندز
Ли Кэмп	لی کمپ
Карлос Риолфо	کارلوس ریولفو
Дорадо	دورادو
Антонио Флавио	آنتونیو
Монтанйес	مونتانس
Ҳонибол	هانیبال
Халифа ибни Зоид Оли Наҳён	خلیفه بن زاید آل نهیان
Дмитри Кузнетсов	دمیتری کوزنتسوف
Луис Карниглия	لوئیس کارنیگلیا
Гарсия Калво	گارسیا کالوو
Фил Бойер	فیل بوایی
Хуанеле	خوانله
Эстивен Велес	استبان بلز
Чан	چان
Чарлз Бебиҷ	چارلز ببیج
Ромин Ҷаводӣ	رامین جوادی
Андерсон	اندرسون
Райт	رایت
Маркус Асунcан	مارکوس آسونسائو
Дэвид Вудард	دیوید وودارد
Радфорд	ردفورد
Дэвид Садлер	دیوید سدلر
Билол Филипс	بلال فیلیپس
Луис Кубила	لوئیس کوبیلا
Сола	سولا
Кепа Бланко	کپا بلانکو
Бопп	بپ
Фридрих Боденштедт	فریدریش بودنشدت
Людвиг Болсман	لودویگ بولتزمان
Родригес	رودریگس
Солиҷон Шарипов	سالیژان شالیپوف
Рубен Диас	روبن دیاس
Хопкинсон	هاپکینسون
Весткотт	وستکات
Де Соуза	دی سوزا
Карлос Мора	کارلوس مورا
Хуан Карлос	خوان کارلوس
Модесто Соруко	مودستو سوروکو
Келвин Дэвис	کلوین دیویس
Де Ла Круз	ده لا کروز
Алексндре Луиз Фернандес	آلکساندر لوئیز فرناندز
Франко	فرانکو
Майкл Чопра	مایکل چوپرا
Каюбй	کایوبی
Дос Сантос	دوس سانتوس
Маркос	مارکوس
Фрэд Кеннеди	فرد کندی
Берт Уилямс	آلبرت ویلیامز
Одам Езерский	آدام یژیرسکی
Робсон Андраде	رابسون آندراده
Ирвинг Берлин	ایروینگ برلین
Уилл Хюз	ویل هاگز
Кларес	کلارس
Бирн	بایرن
Энерcон	امرسون
Антонио Виейра Онорио	آنتونیو ویرا هونوریو
Жусилей	ژوسیلی
Рубиню	روبینیو
Сосон	ساسان
Хуан	خوان
Дэвид Буттон	دیوید باتن
Антонио Раттин	آنتونیو راتین
Хосе Луис Мунгуия	خوسه لوئیس مانگیا
Масъуди Ғазнавӣ	مسعود غزنوی
Александр Рязантсев	الکساندر ریازانتسف
Виктория Руффо	ویکتوریا روفو
Флёриaн Мюртaй	فلوریان میرتای
Жонатас Донингус	یوناتاس دومینگوئز
Мурики	موریکی
Айеша Такиа	آیشا تاکیا
Анчелотти	آنچلوتی
Алмейда Де Оливейра	آلمیدا دی اولیویرا
Рубен Кастро	روبن کاسترو
Ойос	اویوس
Хара	خارا
Силва	سیلوا
Викторяно Легисамон	ویکتوریانو لگیزامون
Халифа бин Ҳамад Оли Танӣ	خلیفه بن حمد آل ثانی
Алварес	آلوارس
Марсел Ортолан	مارسل اورتولان
Гянендра	گیانندرا
Дэмиан Албил	دامیان آلبیل
Дэмиан Ланса	دامیان لانزا
Монер	مونر
Мораэс	مورایس
Оливер Уоллес	اولیور والاس
Дейл Карнегӣ	دیل کارنگی
Габриэл Гомес	گابریل گومس
Са	سا
Александр Уваров	الکساندر اواروف
Умар Рамос	عمر راموس
Нороён	نارایان
Гугуш	گوگوش
Оршом	آرشام
Борис Андреевич	بوریس بابوچکین
Суфӣ Абутолиб	صوفی ابو طالب
Диего Родригес	دیگو رودریگز
Осмар	اسمار
Сезар Фалсиони	سزار فالچیونی
Матосас	ماتوساس
Роберто Де Фигуейредо	روبرتو دی فیگوئردو
Каю Алвес	کایو آلوز
Перейра	پریرا
Апаресидо Де Соуза	آپارسیدو دی سوزا
Габриэл Сантос	گابریل سانتوس
Дин Ҳаммонд	دین هموند
Аскар Бергер	اسکار برگر
Мендиета	مندیتا
Икеда	ایکدا
Хулио Алварес	خولیو الوارز
Ману Эррера	مانو هررا
Натан Делфаунесо	ناتان دلفونسو
Алан Силвестри	آلن سیلوستری
Ҳурмузи	هرمز
Балтасар Албенис	بالتاسار آلبنیز
Эдcон Араужо	ادسون آراخو
Алберто Валентим	آلبرتو کارمو نیتو
Литтлюорт	لیتلوورت
Михаил Гуревич	میخائیل گورویچ
Вив Андерсон	ویو اندرسون
Эдуард Стрелтсов	ادوارد استرلتسوف
Бигоде	بیگود
Брэдли Врайт Филлипс	بردلی رایت-فیلیپس
Роберто Тротта	روبرتو تروتا
Вик Уотсон	ویک واتسن
Марти Риверола	مارتی ریوولا
Мария	ماریا
Сарабия	سارابیا
Луиз Адуренс	لوئیز آدورنس
Карлос Энрике	کارلوس انریکه
Адриан Колунга	آدریان کولونگا
Александр Бородюк	الکساندر بورودیوک
Дининю	دینینیو
Антунес Де Оливейра	آنتونس دی اولیویرا
Хавйер Касас	خاویر کاساس
Мишорӣ Рошид Алъафосӣ	مشاری راشد العفاسی
Онесимо Санчес	انیسیمو سانچز
Да Силва Нерй	دا سیلوا نری
Рикардо Бовио	ریکاردو بوویو
Хуан Луке Де Серралонга	خوان لوکه د سرالونگا
Хуан Гарат	خوان گرات
Да Силва Батиста	دا سیلوا باتیستا
Калдерон	کالدرون
Мигел Банйус	میگل باوز
Ферейра	فریرا
Родриго Нендес	رودریگو مندز
Слю	اسلو
Пепе	ژوزه
Райан Тэйлор	رایان تیلور
Сунсинг	سانسینگ
Марсело Рамирес	مارسلو رامیرز
Лукас Пусинери	لوکاس پوسینی‌ری
Тко	تیچو
Грэм Рикс	گراهام ریکس
Роке Масполи	روکه ماسپولی
Гутйеррес	گوتیرس
Тони Хименес	تونی خیمنز
Мария Гулегина	ماریا گیولغینا
Хорхе Доминики	خورخه دومینیچی
Сантос	سانتوس
Кристиан Хименес	کریستین گیمنز
Букстон	بوکستون
Алан Кимбл	آلن کیمبل
Октивиу Лепоге	اکتاویو لپاگ
Сааведра	ساودرا
Энрике Орисаола	انریکه اریزولا
Виктор Эспарраго	ویکتور اسپاراگو
Чудри	چودری
Хосе Дел Кастило	خوسه دل کاستیو
Лайло Абошидзе	لیلا آباشیدزه
Раул Маганя	رائول ماگانیا
Даниэл Хименес	دنیل گیمنز
Низомии Арӯзии	نظامی عروضی
Андре Каррило	آندره کاریو
Александр Лукашенко	الکساندر لوکاشنکو
Барон д’Ҳолбах	بارون دولباخ
Сэм Робардс	سام روباردس
Биенсобас	بینزوباس
Серҳий Перхун	سرهی پرخون
Юлдуз Усмонова	یولدوز عثمانوا
Мартин Брайтт	مارتین بریت
Шаҳоб Ҳусейнӣ	شهاب حسینی
Перейра Да Силва	پریرا دا سیلوا
Дэвид Кортес	دیوید کورتس
Алфредо Сибечи	آلفردو زیبچی
Марк Хители	مارک هاتلی
Рафиня	رافائل
Ричард Рич	ریچارد ریچ
Филип Тревизан Мартинс	فیلیپه ترویزان مارتینز
Карлос Гарсия Леал	کارلوس گارسیا لیل
Майк Фланаган	مایک فلاناگان
Александр Котов	آلکساندر کوتوف
Де Алмейда Коррейа	دی آلمیدا کوریا
Уинстон Паркс	وینستون پارکز
Кейлор Навас	کیلور ناواس
Гилермо Арелано	گیلرمو آرلانو
Фрэнк Бартон	فرانک بورتن
Де Фрейтас	دی فریتاس
Вик Эйкрс	ویک اکرز
Маркинюс Парана	مارکینوس پارانا
Алехандро Инярриту	آلخاندرو اینیاریتو
Жуниор	آنگیلو
Макквуоид	مک‌کوئید
Хавйер Толедо	خاویر تولدو
Ричард Кук	ریچارد کوک
Рубен Моран	روبن موران
Маркос Алонсо	مارکوس آلونسو
Эдвард Тейлор	ادوارد تیلور
Луис Лорето	لوئیس لورتو
Тед Дайтчбурн	تد دیچبورن
Вилмар Перес	ویلمر پیرز
Себастян Дубарбиэр	سباستین دوباربیه
Онега	اونگا
Тоунли	تاونلی
Дэвид Де Паула	دیوید دی پائولا
Гилермо Наварро	گی‌یرمو نابارو
Сезар Бенитес	سزار بنیتس
Энрике Матеос	انریکه ماتئوس
Тосели	توسلی
Приянка Чопра	پریانکا چوپرا
Тобӣ Магуайр	توبی مگوایر
Маркос Анхелери	مارکوس آنجلری
Хуан Барбас	خوان بارباس
Ҷр.	هری
Энрике Колар	انریکه کولار
Вин Дизел	وین دیزل
Риверос	ریوراس
Эдвин Мурaти	ادوین موراتی
Хосе	خوزئیتو
Марк Литтл	مارک لیدل
Хуан Семинарио	خوان سمیناریو
Нестур Гилен	نستور گیلن
Перейра	پرریا
Оливер Вилямсон	الیور ویلیامسون
Марк Хюз	مارک هاگز
Алехандро Реболо	الخاندرو ریبولو
Ли Мартин	لی مارتین
Гесиел Де Лима	جسیل دی لیما
Заинос	زاینوس
Силва	سیلوا
Андрес Диас	آندرس دیاز
Да Пинто	دا پینتو
Габриэл Лима	گابریل لیما
Хорхе Кинтерос	خورخه کینتروس
Серафин Аэдо	سرافین ایدو
Билли Ҷорҷ	بیلی جرج
Куэлю	کوئلیو
Маркелино Арруда	مارسلینو آرودا
Ҳазал Кая	هازل کایا
Александр Куприн	آلکساندر کوپرین
Эндрю Ҷонсон	اندرو جانسون
Лара Датта	لارا دوتا
Бесс	اردشیر
Суғдиёна	سغدیانوس
Сезар Гомес	سزار گومز
Луис Гомес	لویس گومز
Карл Дарлау	کارل دارلو
Тита	تیتا
Ардилес	آردیلس
Cйлвиню	سیلوینیو
Ҳенрӣ Адингтон	هنری ادینگتون
Фран Мерида	فران مریدا
Андре Вейл	آندره وی
Ҳаролд Стэмпер	هارولد استامپر
Ламин Зеруал	الیمین زروال
Феликс Сесумага	فلیکس سسوماگا
Фреснедосо	فراسندوسو
Гургонӣ	گرگانی
Родриго Вержилио	رودریگو ورجیلو
Киран Кларк	کیاران کلارک
Дерек Темпл	درک تمپل
Владимир Буковский	ولادیمیر بوکوفسکی
Магдалено Меркадо	ماگدالنو مرکادو
Карлос Кабрал	کارلوس کابرال
Билли	بیلی الیات
Эйди Уайт	آیدان وایت
Эдуардо Да Силва	ادواردو دا سیلوا
Тарунӣ Сачдев	تارونی ساچدیو
Виктор Аристисабал	ویکتور آریستیزابال
Афраин Риус Мунте	افراین ریوس مونت
Хосе Гарсия Гранеро	گارسیا گرانو
Рафаэл Соуто	رافائل سوتو
Педро Феррер	پدرو فرر
Маурисио	مائوریسیو
Дилшод Восиев	دلشاد وصیف‎
Cтефани Ниглиоранси	استفانی میگلیورانزی
Ҷимми Сейс	جیمی کیس
Ян Аткинс	ایان اتکینز
Явруйан	یاورویان
Павел Садирин	پاول سادیرین
Кампус	کامپوس
Тоҳир ибни Ҳусайн	طاهر بن حسین
Мэтт Гадсби	مت گدزبی
Винтерботтом	وینترباتم
Бест	بست
Натан Жуниор Де Карвалю	ناتان جونیور دی کاروالیو
Педро Да Силва	پدرو دا سیلوا
Галан	گالان
Рафаэл Пирес Виейра	رافائل پیرس ویرا
Окли	اکلی
Гарбутт	گاربوت
Катй Батес	کتی بیتس
Манчевски	مانچفسکی
Тоси	توسی
Мария Пасо	ماریا پاسو
Моралес	مورالس
Виейра	ویرا
Александр Ерохин	الکساندر یروخین
Майк Саммерби	مایک سامربی
Беллами	بلامی
Клебер Арадо	کلبر آرادو
Баэс	بائس
Дэвид Солари	دیوید سولاری
Ҷо Дудҷон	جو دوچال
Раул Де Томас	رائول د توماس
Фрейзер Ричардсон	فریزر ریچاردسون
Рубен Мартинес	روبن مارتینز
Солмони Совачӣ	سلمان ساوجی
Себастян Лосада	سباستین لوسادا
Даниэл Морон	دنیل مورون
Оскар Санчес	اسکار سانچس
Сергей Олшански	سرگی اولشانسکی
Эдуард Артемов	ادوارد آرتمیف
Бен Дэвис	بن دیویس
Варгас	وارگاس
Ники Мейнард	نیکی مینارد
Эвер Эрнандес	اور ارناندس
Перкудани	پرکودانی
Каппа	کاپپا
Гусман	گوسمان
Дус Сантос Силва	دوس سانتوس سیلوا
Вячеслав Чанов	ویاچسلاو چانوف
Убайди Зоконӣ	عبید زاکانی
Ариэл Зарате	آریل زاراته
Питер Даниэл	پیتر دنیل
Иарлей	مائوریلیو
Андрес Орос	آندرس اوروس
Лоиқ Шералӣ	لایق شیرعلی
Билли Хартилл	بیلی هارتیل
Родриго Коста	رودریگو کوستا
Луис Рекарте	لوییس رکارت
Муҳсин Човушӣ	محسن چاوشی
Бенигно Гутйеррес	بنیگنو گوتیرس
Хорхе Кордоба	خورخه کوردوبا
Рафаэл Гауко	رافائل گوچو
Велингтон Монтейро	ولینگتون مونتریو
Игнасио Эйсагирре	ایگناسیو ایزاگیره
Нейл Салливан	نیل سالیوان
Иброҳими Фазорӣ	ابراهیم فزاری
Томас Коста	توماس کوستا
Дон	دون
Вагнер Нунес	واگنر نونس
Леонардо Бяхини	لئوناردو بیاجینی
Освалдо Ибарра	اوسوالدو ایبارا
Aнси Aголи	آنسی آگولی
Нелсон Вивас	نلسون ویواس
Кампус	کامپوس
Питер Крокер	پیتر کروکر
Ларрайнсар	لاررینزر
Кабрал	کابرال
Леонел Ванхиони	لیونل وانگیونی
Эдвин Кардона	ادوین کاردونا
Матиас Кабрера	ماتیاس کابررا
Рамон Гроссо	رامون گروسو
Родригес	رودریگس
Бейкер	بیکر
Оскар Зубия	اسکار سوبیا
Бидвелл	بیدول
Люис Гоберн	لوئیس گوبرن
Вадило	وادیلو
Кристиан Пелерано	کریستین پلانو
Иванилдо Да Силва	ایوانیلدو دا سیلوا
Марсело Канйете	مارسلو کانیه
Йозеф Мартинес	جوزف مارتینز
Маркиню	مارکو
Рубен Ривера	روبن ریورا
Увалдо Мартинс Жуниор	اوسوالدو مارتینز جونیور
Карлос Аймар	کارلوس آیمار
Уолтер Монтило	والتر مونتیو
Алберто Горрис	البرتو گورریز
Умберто Доносо	اومبرتو دونوسو
Мануэл Асторга	مانوئل آستورگا
Даниэл Акино	دانیل اکینو
Алекс	آلکس
Дуранд Лагуна	داراند لاگونا
Олес Гончар	لیس هونشر
Ҳамад ибни Исо ал-Халифа	حمد بن عیسی علی آل خلیفه
Аҳмад Янузи	احمد یانوزی
Александр Кокко	الکساندر کوکو
Ортофернаи	آرتافرنس
Камачо	کاماچو
Техера	تخریا
Алеман	عالمان
Пейнтер	پینتر
Коля	کولا
Вард Проус	وارد پروس
Анибал Сиокка	انیبال سیوکا
Димас Де Оливейра	دیماس دی اولیویرا
Ноя	نویا
Фаряс	فاریاس
Риера	ریرا
Хесус Себа	خسوس سبا
Маркос Тебар	مارکوس تبار
Висенте Энгонга	ویسنته انگونگا
Сезар Паренте	سزار پارانتی
Перейра Да Силва	پریرا دا سیلوا
Сезар Кортес	سزار کورتس
Висенте Де Ла Мата	ویسنته ده لا ماتا
Руй Кампус	روی کامپوس
Ладислас Лосано	لادیسلاس لوزانو
Рафаэл Берхес	رافائل برگس
Абдуллоҳ Комил	عبدالله کامل
Озармоҳон	آذرماهان
Баҳром Родон	بهرام رادان
Питер Силлетт	پیتر سیلت
Дани Бенитес	دانی بنیتز
Наргис Фахрӣ	نرگس فخری
Мансур	منصور
Иван Перес	ایوان پرز
Рамиз Мамедов	رامیز محمدوف
Эдер Гауко	ادر گوچو
Кевин Аманкваах	کوین امانکوا
Эстебан Фуэртес	استفان استرانگ
Кавалканти	کاوالکانتی
Жеда	جدایسیس
Диего Соуза	دیه گو سوزا
Франcа	فرانسا
Салом	سلام
Рамон Ла Фуэнте	رامون لافونته
Кармело Гонсалес	کارملو گونزالس
Тони Калво	تونی کالوو
Хесус Глария	خسوس گلاریا
Биттор Алкиса	بیتور الکیزا
Мануэл Анатол	مانوئل آناتول
Эойн Маккен	ایئوین مک‌کین
Иван Бенитес	ایوان بنیتز
Себастян Бартолини	سباستین بارتولینی
Залзали	زلزل
Питер Бидл	پیتر بیدل
Қатрони Табрезӣ	قطران تبریزی
Манучеҳри Зиёрӣ	منوچهر زیاری
Эктор Родас	هکتور روداس
Усмонов	عثمانف
Деде Андерсон	دیدی آندرسون
Хосе Лопес	لوپز
Леонид Куравлёв	لئونید کوراولیوف
Андерсон Конкеикан	آندرسون کونسیسائو
Эндрю Райт	اندرو رایت
Бен Мей	بن می
Мораэс	مورایس
Муҳаммади Моҳонӣ	محمد ماهانی
Пау Сендрос	پائو قندر
Роналд Фуэнтес	رونالد فوئنتس
Фигуейра Фернандес	فیگوئرا فرناندز
Андерсон Мартинс	آندرسون مارتینز
Камарго	کامارگو
Ринкон	رینکون
Пичи Алонсо	پیچی آلونسو
Неъматуллоҳи Валӣ	نعمت‌الله ولی
Габриэл Донизете Де Cантана	گابریل دونیزیته دی سانتانا
Фагундес Дус Сантос	فاگوندس دوس سانتوس
Кике Эстебаранс	کوئیک استبارنز
Лоннис	لونیس
Абуҳайёни Тавҳидӣ	ابوحیان توحیدی
Алберто Оако	آلبرتو اوهاکو
Алан Руис	آلن رویز
Сантос Да Силва	سانتوس دا سیلوا
Бриттанӣ Каррен	بریتنی کرن
Мигел Мурило	میگال ماریلو
Пенедо	پندو
Вушмгир	وشمگیر
Грэм Аткинсон	گراهام اتکینسون
Эктор Марчена	اکتور مارچنا
Хорхе Молина Видал	خورخه مولینا ویدال
Алдекоа	آلدکوآ
Эдуардо Валинйо	ادواردو والینو
Перейра	پریرا
Рафел Састре	رافل ساستر
Эрнест Бэмбридҷ	رنیست بامبریج
Бурлисон,	برلیسون
Андер Гаго	اندر گاگو
Рамирес	رامیرز
Дс Литтл	دس لیتل
Чемберс	چمبرز
Хуан Карлос Требукк	خوان کارلوس تربوک
Қодир Хон	قادر خان
Боб Макнаб	باب مکناب
Абдулмаҷид Теббӯн	عبدالمجید تبون
Тим Картер	تیم کارتر
Асмо Абубакр	اسما ابوبکر
Вале	واله
Висенте	ویسنته
Нестор Тогнери	نستور تونیری
Бирҷандӣ	بیرجندی
Сагису	ساگیسو
Карлос Борха	کارلوس بورخا
Пирс	پیرس
Алсиндо	آلسیندو
Чарлз Фернандо Да Силва	چارلز فرناندو دا سیلوا
Хулио Иглесяс	خولیو ایگلسیاس
Эду Алонсо	ادو الونسو
Индио	ایندیو
Унай Алба	یونی البا
Рикардо Саприсса	ریکاردو ساپریسا
Насименто Да Коста	ناسیمنتو دا کوستا
Сагиер Каррерас	ساگر کارریس
Дэвид Мйрие	دیوید میری
Дэйв Брайт	دیو برایت
Роналдо Алвес	رونالدو آلوز
Боло	بولو
Карлос Иския	کارلوس ایسکیا
Мин Ҳлайн	مین هلینگ
Себастян Кристофоро	سباستین کریستوفورو
Налдо	نالدو
Астенго	استنگو
Иброҳими Гулистонӣ	ابراهیم گلستان
Меҳрдод	مهرداد
Кристиан Габриэл Кавес	کریستین گابریل چاوز
Абел Масуэро	آبل ماسوئرو
Калвет	کالوت
Брей	بری
Адриано Факшини	آدریانو فاچینی
Душманзиёр	دشمنزیار
Гордон Нутт	گوردون نات
Лукас Мареке	لوکاس مارکه
Адриан Ортола	آدریان اورتولا
Гарсия	گارسیا
Кука	کوکا
Велингтон Нем	ولینگتون نیم
Раймундо Лесама	رایموندو لزاما
Фил Чиснол	فیل شیزنال
Кристиан Портила	کریستین پورتیلا
Веддербурн	ودربرن
Хесус Бермудес	خسوس برمودز
Қазвинӣ	القزوینی
Бенитес	بنیتس
Луис Хини	لوئیس گینی
Фернандес	فرناندز
Саттор	ستار
Леонид Назаренко	لئونید نازارنکو
Ариэл Колсера	آریل کولزرا
Пинйеро	پینیرو
Aрбери	آربری
Виктор Сотомайор	ویکتور سوتومایور
Холден	هولدن
Алан Эйнскоу	آلن اینسکو
Дмитри Липартов	دمیتری لیپارتوف
Микел Арруабаррена	میکل ارابورنا
Нагоре	ناگور
Соиби Табрезӣ	صائب تبریزی
Виктор Диого	ویکتور دیوگو
Хелпи	خلپی
Айнулқузоти Ҳамадонӣ	عین‌القضات همدانی
Ренан Тейксира	رینان تیکسیرا
Тумос Монге	توماس مونگه
Кристиан Кампестрини	کریستین کامپسترینی
Бангера	بانگرا
Марино Клинхер	مارینو کلینگر
Франсиско Родригес	فرانسیسکو رودریگز
Яҳёи Алавифард	یحیی علوی فرد
Элмер Асеведо	المر آسودو
Сантяго Хентилетти	سانتیاگو جنتیلتی
Питу	پیتو
Мумтоз	ممتاز
Наталио Лоренсо	ناتالیا لورنزو
Хавйер Кастанйеда	خاویر کاستانیدا
Шопури Шаҳрвароз	شاپور شهروراز
Игор Мартинес	ایگور مارتینز
Алекс Финни	الکس فینی
Гонсало Эрреро	گونزالو هررو
Алфред Стратфорд	آلفرد استرتفورد
Боб Болдер	باب بولدر
Алберт Риера	البرت ریرا
Алваро Хурадо	الوارو جورادو
Калисто	کالیستو
Бимбулат Ватаев	بیمبولات واتایف
Эрнан Карвало	ارنان کاروایو
Коронел	کورونل
Де Лука	د لوکا
Ферейра	فریرا
Сантос Cантана	سانتوس سانتانا
Фрэнк Дудли	فرانک دادلی
Диас	دیاس
Симпсон	سیمپسون
Суҳравардӣ	سهروردی
Гарсия	گارسیا
Тeфик Осмaни	تیفیک عثمانی
Карл Валентин	کارل ولنتاین
Люис	لوئیس
Дмитри Полоз	دمیتری پولوز
Алберт Кадвелл	آلبرت کدول
Алекс Гарсия	الکس گارسیا
Педро Бакеро	پدرو باگوئرو
Фрэд Пагнам	فرد پگنام
Шаъровӣ	شعراوی
Иҳор Зайтсев	ایهور زایتسف
Рамалю Карвалю Де Фрейтас	رامالو کاروالیو دی فریتاس
Артур Хутчинс	آرتور هاچینز
Франсиско Де Мораис	فرانسیسکو دی مورایس
Жеси	جسی
Вилагра	ویلگرا
Диего Да Силва	دیه‌گو دا سیلوا
Чарлз Прэтт	چارلز پرات
Артур Стивенс	آرتور استیونز
Лазарони	لازارونی
Гарсия	گارسیا
Лукас Вилафанйес	لوکاس بییافانیز
Мануэл Макука	مانوئل ماچوکا
Фернандо Зунсунеги	فرناندو زونگویی
Оскар Кол	اسکار کول
Пессела	پسلا
Самуэл Лорка	ساموئل لورکا
Карлос	کارلوس
Родригеc	رودریگز
Николас Доминго	نیکلاس دومینگو
Тим Уилямсон	تیم ویلیامسون
Луис Абланедо	لوئیس ابلاندو
Микел Ротета	میکل پروتا
Леонидас Перейра Нето	لئونیداس پریرا نیتو
Прокопио	پروکوپیا
Хулио Беваккуа	خولیو بواکوا
Филип Абсолон	فیلیپ ابسلن
Прието	پریتو
Пачон	پاچون
Луис Кабалеро	لوئیس کابایرو
Марк Робсон	مارک رابسون
Пунит Раҷкумар	پونیت راجکومار
Франсиско Матео	فرانسیسکو ماتئو
Албис	البیس
Ҳойеда	هایده
Карлос Эскардалете	کارلوس اسکاردالتی
Гилюрне	گیلرمو
Дани Боузас	دنی بوزاس
Де Филип	د فلیپه
Самуэл Ричард Дэвис	ساموئل ریچارد دیویس
Кастро Отто	کسترو اوتو
Ли Фреклингтон	لی فرکلینگتون
Лукас Киаретти	لوکاس چیارتی
Ракҳӣ Гулзор	راکهی گولزار
Пичи Лукас	پیچی لوکاس
Рон Тиндол	رون تیندال
Артур Курсхэм	آرتور کورشام
Адам Смит	آدام اسمیت
Лик	الک
Адам Ноуленд	آدام نولند
Новаэс Дус Сантос	نویس دوس سانتوس
Карлос Гаррит	کارلوس گاریت
Андре Рейналдо	آندره رینالدو
Луис Гулотта	لوئیس گولتا
Анибал Гонсалес	آنیبال گونزالس
Рамон Бланко	رامون بلانکو
Алберт Холл	آلبرت هال
Росл	روسل
Ариэл Грасяни	آریل گرازیانی
Энтони Эдгар	آنتونی ادگار
Рудолф Атамалян	رودلف آتامالیان
Чарлз Кук	چارلز کوک
Иглесяс	ایگلسیاس
Энди Мутч	اندی موچ
Андре Макколлин	آندره مک کولین
Энди Эйнскоу	اندی اینسکو
Aрбнор Фeйзулаҳу	آربنور فیض‌اللهو
Аркади Акопян	آرکادی هاکوبیان
Доминго Аседо	دومینگو آسدو
Вик Вудли	ویک وودلی
Дуглас Риналди	داگلاس رینالدی
Ҳугу Боливион	هوگو بالیویان
Мигел Мора	میگل مورا
Усмон	اوسمان
Айча Варлиер	آیچا وارلیر
Видал	ویدال
Ортобонус	اردوان
Кастило	کاستیلو
Хуан Карлос Мандия	خوان کارلوس ماندیا
Сабино Билбао	سابینو بیلبائو
Паймон Яздониён	پیمان یزدانیان
Алан Шэклетон	آلن شاکلتون
Алесcандро Келин	الساندرو سلین
Ариэл Селтсер	آریل سلتزر
Эвертон	اورتون
Андрес Сабидо	اندرس سابیدو
Раул Навас	رائول ناواس
Ҳасанӣ	حسنی
Боб Балдридҷ	باب بالدریج
Энтвистл	اینتویستل
Друммонд	دروموند
Билл Бейнбридҷ	بیل بینبریج
Бэрстоу	بیرستو
Билли Пай	بیلی پای
Боб Питон	باب پیتون
Раутледҷ	راوتلج
Луис Кол	لویس کول
Рамос	راموس
Рафаэл Жакес	رافائل جاکوئز
Мансано	مانسانو
Иля Кутепов	ایلیا کوتپوف
Гулбаҳор Мирзоева	گلبهار میرزایوا
Саваресе	ساوارزی
Карлос	کارلوس
Марсело Да Силва	مارسلو دا سیلوا
Азеведо	آزودو
Висенте Паскуал	ویسنته پاسکوال
Зиёд Раҳбонӣ	زیاد رحبانی
Алберто Фернандес	البرتو فرناندز
Сатклифф	ساتکلیف
Коста Виана	کوستا ویانا
Ховел	خوول
Сантос Овехеро	سانتوس اوجرو
Леандро Хиода	لئاندرو گیودا
Капур	کاپور
Султонқулии Қутбшоҳ	سلطانقلی قطب‌شاه
Габриэл	گابریل
Соррибас	سورریباس
Дэвид Буэсо	داوید بوئسو
Бен Эверсон	بن اورسون
Оскар Мена	اسکار منا
Берт Линнекор	برت لینکور
Покок	پوکاک
Мерсер	مرسر
Конор Хендерсон	کونور هندرسون
Алберто Кардаксио	آلبرتو کارداچیو
Селсо Отеро	سلسو اوترو
Ҷексон	جکسون
Мартин Дел Кампо	مارتین دل کمپو
Чарлз Куртин	چارلز کورتین
Алан Хоппер	آلن هاپر
Алберт Бэрретт	آلبرت بریت
Алексндре Cуарес	آلکساندر سوارز
Хуанито	جوانیتو
Байҳақӣ	بیهقی
Макклэр	مک‌کلور
Рохас	روخاس
Браян Беккелес	برایان بکلز
Мануэл Рока	مانوئل روکا
Алберто Вилалта	آلبرتو ویالتا
Ортега	اورتگا
Малика Собирова	ملکه صابراوا
Ривера	ریورا
Бастус	بستوس
Клаудио Кена	کلودیو چنا
Клаудио Веласкес	کلودیو ولاسکز
Колин Дэвис	کالین دیویس
Лимия	لیمیا
Мики Эванс	میکی اوانز
Николас Прието	نیکولاس پریه‌تو
Пиэргуиди	پیرگویدی
Артур Хаббард	آرتور هابارد
Рос	روس
Максим Беляйев	ماکسیم بلیایف
Чедвик Боузман	چادویک بوزمن
Перейра Да Круз	پریرا دا کروز
Капи	کاپی
Алберт Чилдс	آلبرت چایلدز
Дэмиан Луна	دامیان لونا
Делгадо	دلگادو
Дэвид Мало	دیوید مالو
Карсон	کارسون
Батлер	باتلر
Рудман	رودمن
Грин	گرین
Шаҳрпаланг	شهراپلاکان
Алехандро Кампано	الخاندرو کامپانو
Хорхе Луис Габрик	خورخه لوئیس گابریچ
Вела	ولا
Хауме Элиас	خومه الیاس
Висенте Валкарсе	ویسنته والکارتسه
Антонио Гонсалес	تونی گونزالس
Энди майи	اندی می
Робайна	روبینا
Луис Карлото	لوییس کارلوتو
Арон Лабонт	آرون لابونته
Марко Куня Дус Сантос	مارکو دوس سانتوس
Виктория Исакова	ویکتوریا ایساکووا
Александр Лазарев	الکساندر لازارف
Билл Ҷаквес	بیل ژاک
Ки	کی
Боб Уилсон	باب ویلسون
Блуд	بلود
Брайан Бродхэрст	برایان برودهرست
Ибни Холуя	ابن خالویه
Ласа	لاسا
Дуглас Дус Сантос Батиста	داگلاس دوس سانتوس باتیستا
Вентура	ونتورا
Паркер	پارکر
Маноло Иерро	مانولو هیرورو
Бaйрaм Фрaнҳоли	بایرام فراهولی
Хесус Кабреро	خسوس کابررو
Эрик Фрайт	اریک ترس
Адам Соллитт	آدام سولیت
Алберт Дейвс	آلبرت داوس
Алекс Де Лима	آلکس دی لیما
Алексис Трухило	الکسیس تروخیو
Адриа Гранел	آدریا گرانل
Роландо Баррера	رولاندو باررا
Ли	لی
Даниэл Чарг	دانیل اکتور
Дэвид Дрокко	دیوید دروکو
Диего Гонсалес	دیگو گونزالس
Колклоф	کولکلوگ
Александр Эйрис	الکساندر آریس
Боб Гласси	باب گلسی
Карлос Гарсия Гарсия	کارلوس گارسیا گارسیا
Карлос Эдуардо Бизарро	کارلوس ادواردو بزارو
Хуан Касадо	خوان کاسادو
Адам Хейвуд	آدام هیوود
Алберт Пэрселл	آلبرت پورسل
Янг	یانگ
Мария Арбатова	ماریا آرباتوا
Энди Белл	اندی بل
Энди Оуэнс	اندی اونز
Дуэйн Дерби	دوئن داربی
Карлос Дус Сантос Гонес	کارلوس دوس سانتوس گومز
Фрэд Бак	فرد باک
Энди Лайдделл	اندی لیدل
Аюшман Хурроно	آیوشمان کورانا
Эвертон Рибейро	اورتون ریبیرو
Чарли Крикмор	چارلی کریک
Алборнос	البرنوز
Бен Петти	بن پتی
Гор Оганесян	گور هوهانیسیان
Филип Батиста Пинто	فیلیپه باتیستا پینتو
Франсиско Кастанйо	فرانسیسکو کاستانو
Фрэд Ир	فرد ایر
Мири Мафтун	میر مفتون
Коллинз	کالینز
Дэвид Фейто	دیوید فیتو
Дэвид Оливейра Э Силва	دیوید اولیویرا ای سیلوا
Брайан Этеридҷ	برایان اترج
Бухороӣ	بخاری
Дэвид Артеага	دیوید ارتاگا
Тоҳираи Саффорзода	طاهره صفارزاده
Хэрст	هرست
Вебстер	وبستر
Виқори Шерозӣ	وقار شیرازی
Аллдис	گیلی الدیس
Гордон Баркер	گوردون بارکر
Дуқоқ	دقاق
Карлос Энрике Августо	کارلوس هنریکه آگوستو
Ҷоби	جابی
Жефтон	جفتون
Дуннинг	داننینگ
Дэйв Карр	دیو کار
Дэвид Бауза	دیوید بوژا
Дэвид Макгурк	دیوید مک گورک
Дермот Драмми	درموت درامتی
Ровия	راویه
Игор Жулиан	ایگور خولیائو
Брайан Кокс	برایان کاکس
Дуг Холден	داگ هولدن
Ботир Зокиров	باتر ذاکروف
Луис Антонио Родригес	لوئیس انتونیو رودریگز
Грэм Бонд	گراهام باند
Гилермо Морихи	گیرمو موریگی
Карр	کار
Алан Дайкс	آلن دیکس
Дуг Лофт	داگ لافت
Эдди Хоу	ادی هوو
Абулфазл ибни Абусаъди Ҳиравӣ	ابوالفضل هروی
Адам Фрай	آدام فرای
Олеҳ Полисчук	اوله پولیشوک
Ҳарри Вудс	هری وودز
Кайон	کایون
Александр Малигин	الکساندر مالیگین
Риммер	ریمر
Андерсон Луиз Донингус	آندرسون لوئیز دومینگوئز
Энди Макфарлейн	اندی مک فارلین
Эрни Бейтман	ارنی بیتمن
Сяле	سیاله
Артур Брумхол	آرتور برومهال
Артур Грин	آرتور گرین
Артур Ригби	آرتور ریگبی
Колин Бейтман	کالین بیتمن
Гилхеспи	گیل‌هسپی
Петру Казаку	پترو کازاکو
Арон О'коннор	آرون اوکانر
Алекс Ревелл	الکس رول
Энди Баркхэм	اندی برچم
Эйдан Маккаффери	آیدان مک کافری
Алан Кромптон	آلن کرومپتون
Алберт Беннетт	آلبرت بنت
Арон Харди	آرون هاردی
Алберт Данлоп	آلبرت دانلوپ
Колин Аски	کالین آسکی
Арон Паттон	آرون پاتون
Кокс	کاکس
Ромтин	رامتین
Кастило	کاستیلو
Фран Но	فرانی نه
Фрэнк Адамс	فرانک آدامز
Балдвин	بالدوین
Гурдия	گردیه
Сезар Торесани	سزار تورسانی
Дэвид Демейн	دیوید دمین
Дэвид Ҷонс	دیوید جونز
Да Коста Оливейра	دا کوستا اولیویرا
Гели Говбора	گیل گیلانشاه
Ян Вадсуорт	ایان وادسورث
Алан Додд	آلن داد
Алекс Энрике Жозе	آلکس هنریکه خوزه
Алфред Килинг	آلفرد کیلینگ
Алӣ Фазал	علی فضل
Андерсон Педро	آندرسون پدرو
Алии Ҳиротӣ	علی هروی
Энди Пирс	اندی پیرس
Ривас	ریواس
Карлос Дус Сантос Жуниор	کارلوس دوس سانتوس جونیور
Даниэл Ромеро	دنیل رومرو
Дэйв Верити	دیو وریتی
Адам Биркхол	آدام برچال
Адриан Бэрроус	آدریان باروز
Адесио	ادسیو
Алан Леандро	آلان لیناردو
Алберт Броф	آلبرت برو
Алберт Уотсон	آلبرت واتسون
Виктор Иринеу Де Соуза	ویکتور ایرینو دی سوزا
Бернард Ванн	برنارد وان
Берт Ходҷкинсон	برت هاجکینسون
Билли Холмс	بیلی هلمز
Боб Илс	باب ایلز
Бобби Мэрдох	بابی مرداک
Дуэйн Куртни	دوئن کورتنی
Эдуардо Конхет	ادواردو کوانت
Рамон Да Силва	ریمون دا سیلوا
Бернард Молинюкс	برنارد مولینوکس
Ригби	ریگبی
Прайс	پرایس
Энди Клементс	اندی کلمنتس
Арнолд Кирк Смит	آرنولد کیرک-اسمیت
Артур Бейтман	آرتور بیتمن
Артур Робинс	آرتور رابینز
Руби	روبی
Грег Танси	گرگ تانسی
Хуан Аррайя	خوان اورایا
Эйди Манн	آیدی مان
Алан Блур	آلن بلور
Рамос	راموس
Конте	کونته
Билл Хаунсли	بیل هونزلی
Мур	مور
Кларксон	کلارکسون
Ҳерберт	هربرت
Диксон	دیکسون
Эдилcон	ادیلسون
Эрни Симмс	رنی سیمز
Фэрбротер	فیربرادر
Эпплиард	اپل یارد
Билли Боттрайлл	بیلی بوتریل
Хорнер	هورنر
Ронсон	رونسون
Бентон	بنتون
Смит	اسمیت
Бен Гилл	بن گیل
Армстронг	آرمسترانگ
Бауэр	باور
Беобиде	بیوبید
Бобби	بابی بوث
Брайан Хорнсби	برایان هورنسبی
Адамсон	آدامسون
Қазвинӣ	سیستانی
Крис Райт	کریس رایت
Эндрю Грегори	اندرو گرگوری
Энди Моррис	اندی موریس
Артур Холден	آرتور هولدن
Алфред Мейбури	آلفرد می‌بری
Адам Грин	آدام گرین
Фернандо Веласко	فرناندو ولاسکو
Луиз Де Алмейда Родригес	لوئیز دی آلمیدا رودریگز
Грейнгер	گرینگر
Жайро Родригес	ژایرو رودریگز
Серхио Рико	سرخیو ریکو
Эндрю Флеминг	اندرو فلمینگ
Энди Макатир	اندی مک اتیر
Ферейра Пинто Жуниор	فریرا پینتو جونیور
Арчи Ри	آرچی رو
Артур Брукфилд	آرتور بروکفیلد
Артур Грин	آرتور گرین
Ҷо Эшверт	جو اشورث
Карлос Руис	کارلوس رویز
Брайан Ҷексон	برایان جکسون
Конрад Балатони	کنراد بالاتونی
Крейг Аллардис	کریگ آلاردایس
Кристиано Гонес	کریستیانو گومز
Кларк	کلارک
Коттон	کاتن
Ҳерберт Равсон	هربرت راوسون
Бен Сейнор	بن سینور
Эйб Ҷонс Ҷр.	آبه جونیور
Абуҳотими Розӣ	ابو حاتم بن حمدان رازی
Мануэл Кеоссеян	مانوئل کئوسیان
Юсте	یوسته
Чарли Крейвен	چارلی کریون
Адриано Да Матта	آدریانو دا ماتا
Алан Спротс	آلن اسپرواتس
Алекс Гарсия	آلکس گارسیا
Ҷефферсон Луис	جفرسون لوئیز
Рибера	ریبرا
Фредерик Касл	فردریک کستل
Гарэт Грант	گرت گرانت
Боуен	بوئن
Форрестер	فورستر
Крис Бич	کریس بیچ
Клейтон Доналдсон	کلیتون دونالدسون
Гандин	گاندین
Дэвид Грегори	دیوید گریگوری
Эдгар	ادگار
Хуан Юстрик	خوان یوستریچ
Крэддок	کرادوک
Крис Аткинсон	کریس اتکینسون
Клейтон Мишел Афонcо	کلیتون مایکل آفونسو
Клифф Этт	کلیف اتی
Павли Порсӣ	پولس ایرانی
Гибсон	گیبسون
майи	می
Алек Дентон	الک دنتون
Энди Ансах	اندی آنسا
Энди Митчелл	اندی میچل
Антолин Ортега	انتولین اورتگا
Антонио Мартинес	آنتونیو مارتینز
Артур Браун	آرتور براون
Эшли Викерс	اشلی ویکرز
Берт Листер	برت لیستر
Билл	بیل مولوی
Бингхем	بینگهام
Боб Паркер	باب پارکر
Брэдли Аллен	بردلی آلن
Николлс	نیکولس
Хонатан Лопес	جاناتان لوپز
Грег Браун	گرگ براون
Хорхе Готор	خورخه گوتور
Хорхе Веласкес	خورخه ولاسکز
Борха	بورجا
Сезар Пайбер	سزار پایبر
Тейксира	تیکسیرا
Данлаба Нендй	دانلابا مندی
Дэвид Бирн	دیوید بیرن
Дэвид Клисс	دیوید کلیو
Чарлз Гриффитс	چارلز گریفیتس
Теодоро	تیرادو
Хилтон	هیلتون
Кевин Дерден	کوین دیردن
Холид Баҳаҳ	خالد بحاح
Хувайлид ибни Асад	خویلد بن اسد
Дел Пуэрто	دل پورتو
Артур Бичилл	آرتور بیچیل
Ибни Зайла	ابن زیله
Антонио Эспин	آنتونیو اسپین
Карлос Пакаме	کارلوس پاچام
Батлер	باتلر
Бен Диксон	بن دیکسون
Гартон	گارتون
Брюс Рассел	بروس راسل
Ҳамавӣ	حموی
Кристиано Лопес	کریستیانو لوپز
Сезар Ламанна	سزار لامانا
Дэн Кунлифф	دان کونلیف
Боул	بول
Фалконер	فالکنر
Сирус Кристи	سایروس کریستی
Кристиан Кокс	کریستین کاکس
Карл Барроуклоф	کارل باروکلاف
Карл Эмберсон	کارل امبرسون
Чарли Бэргесс	چارلی برگس
Чарли Мейсон	چارلی میسن
Чарли Вик	چارلی وایک
Уилкинсон	ویلکینسن
Боб Дейл	باب دیل
Андич	آندیچ
Чарлз Эллиотт	چارلز الیوت
Чарли Босбури	چارلی باسبوری
Чарли Кроу	چارلی کرو
Боб Иверсон	باب آیورسون
Брени Бровн	برنه براون
Кевин Пилкингтон	کوین پیلکینگتون
Алберони	آلبیرونی
Фрэнк Аллкок	فرانک آلکاک
Даниэл Коттон	دانیل کاتن
Форрест	فارست
Дэйв Берри	دیو بری
Дэйв Андервуд	دیو آندروود
Лиам Мур	لیام مور
Эду Эспада	ادو اسپادا
Велдиню	ولدینیو
Дани Лопес	دنی لوپز
Дэйв Бёрд	دیو برد
Алан Пинкни	آلن پینکنی
Алексндре Оливейра	آلکساندر اولیویرا
Эдвин Гриффитс	ادوین گریفیتس
Клив Кларк	کلایو کلارک
Кук	کوک
Брэдли Бубб	بردلی باب
Крис Армстронг	کریس آرمسترانگ
Колин Беттени	کالین بتانی
Кваме Эмпаду	کوآم امپادو
Дуг Эллисон	داگ آلیسون
Лайлии Гулистонӣ	لیلی گلستان
Фрэд Бунн	فرد بان
Фрэд Драйвер	فرد درایور
Бромилау	برومیلو
Гринфилд	گرینفیلد
Рофтон	راوتون
Доналд Слейд	دونالد اسلید
Ҷон Броф	جان بروگ
Эндрю Николас	اندرو نیکلاس
Андре Силва	آندره سیلوا
Артур Коуелл	آرتور کاول
Артур Ҷи	آرتور جی
Артур Хаддлетон	آرتور هادلتون
Даниэл Каррара	دنیل کارارا
Дэвид Бинг	دیوید بینگ
Маҳдӣ Мисоқия	مهدی میثاقیه
Франсиско Перес	فرن پرز
Дэмиан Ледесма	دامیان لدسما
Денис Аткинс	دنیس اتکینز
Лен Чалмерс	لن چالمرز
Бейнбридҷ	بینبریج
Конногтон	کوناوتون
Купер	کوپر
Дери	دیر
Уилли Пис	ویلی پیز
Луис Ромеро	لوئیس رومرو
Фахруддавла	فخرالدوله
Фрэд Титмусс	فرد تیتموس
Фабио Алкантара	فابیو آلاسانتارا
Брей	بری
Маркус	مارکوس
Хуан Малдонадо	خوان مالدونادو
Калин Степанян	کالین استپانیان
Дрю Талбот	درو تالبوت
Ди	دی
Фрэнк Бриггс	فرانک بریگز
Фрэд Станифорт	فرد استانیفورث
Фрэнсис	فرانسیس
Тейт	تیت
Крис Кроу	کریس کرو
Ян Фитспатрик	ایان فیتزپاتریک
Лукас Мойя	لوکاس مویا
Аллен	آلن
Хорхе Хинарте	خورخه گینارته
Луис	لوئیس
Пауло Марангон	پائولو مارانگون
Хуан Мануэл Эрбела	خوان مانوئل هربلا
Лукас Малакарне	لوکاس مالاکارنه
Луис Оласо	لوئیس الاسو
Виейра	ویرا
Голо	گولو
Грэм Бассетт	گراهام باست
Эдгар Алдриги Жуниор	ادگار آلدرگی جونیور
Елман Султанов	المان سلطان‌اف
Ллойд Керри	لوید کری
Люк Гуттридҷ	لوک گوتریج
Бонд	باند
Билл Карри	بیل کاری
Смит	اسمیت
Герман Белтран	گرمن بلتران
Гилермо	گیوله
Аллсопп	الیجا آلسوپ
Эмилио Герра	امیلیو گوئرا
Донаги	دونگی
Эдгар Кейл	ادگار کیل
Денни Бланчетт	دنی بلانشت
Дэйв Блейки	دیو بلیکی
Дэвид Браун	دیوید براون
Дэвид Фоли	دیوید فولی
Дэвид Манникс	دیوید منیکس
Пере Понс	پیر پونس
Даниэл Бертойя	دنیل برتویا
Майкл Данзи	مایکل دانزی
Майк Филдс	مایک فیلدز
Мэтю Долан	متیو دولان
Мик Букстон	میک باکستون
Мануэл	مانولو
Мираки Наққош	میرک نقاش
Карлос Бектолдт	کارلوس بچتولت
Хорхе Гарсия	خورخه گارسیا
Марк Гейл	مارک گیل
Фрэд Браун	فرد براون
Армитеҷ	آرمیتاژ
Эрналд Скаттергуд	ارنالد اسکترگود
Денис Силва	دنیس سیلوا
Бонд	باند
Дики Бонд	دیکی باند
Фариас	فاریاس
Ники Девердикс	نیکی دیوردیس
Исмоилов	اسماعیلف
Уолтер Серрано	والتر سرانو
Алвес	جایلسون
Пастор	پاستور
Чарли Макгиббон	چارلی مک‌گیبون
Фрэд Фурнисс	فرد فورنیس
Карвалю	کاروالیو
Брунтон	برونتون
Блит	بلیت
Брэдли	برادلی
Алваро Засо	الوارو زازو
Акоста	آکوستا
Чапман	چپمن
Франсиско Дус Сантос	فرانسیسکو دوس سانتوس
Дорсетт	دورست
Игнасио Бенитес	ایگناسیو بنیتز
Ян Бэрд	ایان برد
Фрэд Николас	فرد نیکولاس
Корвалан	کوروالان
Луиз Де Карвалю	لوئیز دی کاروالیو
Магнин	مگنین
Эрни Бауэринг	ارنی بوورینگ
Эдвард Аллен	ادوارد آلن
Фазл ибни Шозон	فضل بن شاذان
Ян Буттеруорт	یان باتروورث
Колин Барнс	کالین بارنز
Исмоил Афифа	اسماعیل عفیفه
Ҷон Эшверт	جان اشورث
Тед Смит	تد اسمیت
Фернандо Родригес	فرناندو رودریگز
Франсиско Лесмес	فرانسیسکو لزم
Ҷофф	جف
Стронг	استرانگ
Илей	اسلی
Фернандо Гауко	فرناندو گوچو
Доддс	دودس
Лукас Силва	لوکاس سیلوا
Луис Пасарин	لوئیس پاسارین
ибни Алӣ	بن علی
Норман Чалк	نورمن چالک
Хонас Агуирре	یوناس اگیره
Салҷуқ	سلجوق
Хейдн Холлис	هایدن هولیس
Даниэл Брага	دانیل رییس
Денни Роу	دنی رووه
Даррен Карр	دارن کار
Дэвид Каррик	دیوید کریک
Дэвид Коутс	دیوید کاتز
Дэвид Галбрейт	دیوید گالبرات
Ҳосиби Табарӣ	حاسب طبری
Ян Брайтвелл	ایان برایتول
Луис Вила	لوئیس ویلا
Куллен	کالن
Хуан Карлос Дуке	خوان کارلوس دوکه
Хуан Каско	خوان کاسکو
Фрэд Аткинсон	فرد اتکینسون
Фрэд Форман	فرد فورمن
Фредерик Калверт	فردریک کالورت
Гари Боресс	گری بارس
Гари Вандермолен	گری وندرمولن
Крик	کریک
Габриэл Торрес	گابریل تورس
Барнсли	بارنسلی
Ҳаролд Миллер	هارولد میلر
Майкон Соуза Де Хесус	مایکون سوزا دی جسوس
Маркус Деннер	مارکوس دنر
Аҳмади Машҳадӣ	احمد مشهدی
Иван Агустин	ایوان اگوستین
Фаридин Халъатбарӣ	فردین خلعتبری
Пол Брэдшав	پل بردشاو
Лукас Круспскй	لوکاس کروسپسکی
Луис Бенитес	لوئیس بنیتز
Маркус Лима	مارکوس لیما
Ян Дэвис	ایان دیویس
Гавҳаршод	گوهرشاد
Девера	دورا
Ҳерберт Коутс	هربرت کوتس
Пол Черри	پل چری
Сезар Гуснан	سزار گوسمو
Питер Беннетт	پیتر بنت
Кейт Вини	کیت واینی
Келли Хоулкер	کلی هوکر
Келвин Меллор	کلوین ملور
Пауло Муссе	پائولو موسه
Перси Эймес	پرسی ایمز
Мик Фергюсон	میک فرگوسن
Майкл Ҷордан	مایکل جردن
Майк Акленд	مایک آکلند
Маркос Герреро	مارکوس گوئررو
Хуан Васкес	خوان واسکوئز
Варгас	وارگاس
Оскар Мурило	اسکار موریو
Овен Браун	اوون براون
Пол Дайсон	پال دایسون
Пол Харфорд	پل هارفورد
Эктор Ладеро	هکتور لادرو
Мануэл Мерино	مانوئل مرینو
Маъруфии Балхӣ	معروفی بلخی
Эндерс	آندرس
Гилл	گیل
Бэррэтт	بارت
Ҷон Эванс	جان ایوانز
Рафаэл Котиню Дус Сантос	رافائل کوتینیو دوس سانتوس
Ҷек Касли	جک کازلی
Вон	ووگان
Адам	آدام
Мирям Диегес	ماریام دیگوز
Рей	ری
Ирвин Торнли	ارواین ثورنلی
Серкан Кескин	سرکان کسکین
Армитеҷ	آرمیتاژ
Бэвин	باوین
Доркин	دورکین
Ф. Тяго	اف تیاگو
Лестер	لستر
Мунаҷҷима	منجمه
Эҳсон Ҷавонмард	احسان جوانمرد
Ибан Парра	ابن پارا
Хорхе Луке	خورخه لوکه
Луис Моралес	لوئیس مورالس
Хуан Боттаро	خوان بوتارو
Калдерон	کالدرون
Нейл Беннетт	نیل بنت
Орас Армитеҷ	هوراس آرمیتاژ
Ҳомид Замонӣ	حامد زمانی
Адамс	آدامز
Кук	کوک
Максимо Эрнандес	ماکسیمو هرناندز
Тимур Акар	تیمور آجار
Гринвуд	گرینوود
Салвадор	سالوا
Додд	داد
Демпстер	دمستر
Рон Бин	ران بین
Эштон	اشتون
Ҷонатан Кросс	جاناتان کراس
Гликман	گلیکمن
Морено	مورنو
Хуан Антонио Осадо	خوان آنتونیو اوسادو
Хуан Ферраро	خوان فرارو
Ивес Де Соуза	ایوس دی سوزا
Брэдли	بردلی
Хавтри	هاوتری
Хорхе Молино	خورخه مولینو
Хуан Мануэл Фуэнтес	خوان مانوئل فوئنتس
Де Паула	دی پائولا
Рубен Дуран	روبن دورن
Руперт Сандиландс	روپرت سندیلاندس
Скотт Эндерсби	اسکات اندرزبی
Коннор	کانر
Ҷон Милес	جان مایلز
Хорхе Серино	خورخه سرینو
Хосе Франсиско Рейносо	خوسه فرانسیسکو رینوسو
Сергей Осадчук	سرگئی اوسادچوک
Жива	گیوا
Грег Фи	گرگ فی
Кемар Руф	کمار روفه
Киран Дарлау	کیران دارلو
Да Силва Залтрон	دا سیلوا زالترون
Кэн Финни	کن فینی
Самуэл Байон	ساموئل بایون
Эдер Баланта	ادر باانتا
Эктор Акуня	هکتور آکونا
Кейн Ашкрофт	کین اشکرافت
Карл Годдард	کارل گادارد
Бэнкс	بنکس
Кевин Бедфорд	کوین بدفورد
Хуан Милан	خوان میلان
Карл Дугид	کارل دوگوئید
Ҳайллман	هیلمن
Уолш	والش
Лукас Руис Диас	لوکاس رویز دیاز
Луиз Оливейра Дус Сантос Жуниор	لوئیز اولیویرا دوس سانتوس جونیور
Пол Бакл	پل باکل
Леонард Барри	لونرد بری
Шилпа Широдкар	شلیپا شیرودکار
Ҷон Харгривс	جان هارگریوز
Сито	سیتو
Хито	خیتو
Мартин Грей	مارتین گری
Кастелано	کاستلانو
Хавйер Климовикс	خاویر کلیموویچ
Чипперфилд	چیپرفیلد
Фабио Да Силва	فابیو دا سیلوا
Стив Адлард	استیو آدلارد
Стив Вигнол	استیو ویگنال
Леон Константин	لئون کنستانتین
Рафаэл Мартинс	رافائل مارتینز
Рэй Дэвис	ری دیویس
Ли Дохерти	لی داهتی
Фарибурз Раисдоно	فریبرز رئیس‌دانا
Фрэнк Лок	فرانک لاک
Гарсия	گارسیا
Соса	سوسا
Ромеро Cобриню	رومرو سابرینیو
Лес Кэмпбелл	لس کمپل
Марти	مارتی
Райан Крессвелл	رایان کرسول
Карен Акопян	کارن هاکوبیان
Кевин Фрэнсис	کوین فرانسیس
Кевин Уилсон	کوین ویلسون
Ли Коллинз	لی کالینز
Лиам Грин	لیام گرین
Уэсли Брасилиа	وسلی برازیلیا
Люк Ҷонс	لوک جونز
Марк Грейвс	مارک گریوز
Сантос Да Силва	سانتوس دا سیلوا
Пиакентини Де Куадра	پیاسنتینی دی کاردا
Эндрюс	اندروز
Клегг	کلگ
Холдкрофт	هولدکرافت
Тони Батлер	تونی باتلر
Фармер	فارمر
Сантяго Малано	سانتیاگو مالانو
Люк Эшверт	لوک اشورث
Трэвор Франклин	تره‌ور فرانکلین
Кэн Бейнбридҷ	کن بینبریج
Константин Зайтсев	کنستانتین زایتسف
Грэм Стюарт	گراهام استوارت
Палос	پالوس
Маялен Селаия	مایالن زلایا
Вивиан Гиббинс	ویویان گیببینس
Пол Кановилл	پائول کنویل
Шон Випонд	شان ویپوند
Кану	کانو
Линейкр	لیناکر
Триденте	تریدنته
Да Коста Силва	دا کوستا سیلوا
Анйибарро	انیبارو
Марлон Вентура Родригес	مارلون ونتورا رودریگز
Кайли Диксон	کایل دیکسون
Пабло Инйигес	پابلو انیگوز
Дэвисон	دیویسون
Марк Корнилл	مارک کورنی
Стив Кросс	استیو کراس
Стив Эдвардс	استیو ادواردز
Лукас Хиовини	لوکاس گیووینی
Маркус Броунинг	مارکوس براونینگ
Лерой Чемберс	لیروی چمبرز
Варун Дҳаван	وارون دهاوان
Беренс	بهرنس
Дел Рио	دل ریو
Марк Харрис	مارک هریس
Майкл Кравфорд	مایکل کرافورد
Муштоқи Исфаҳонӣ	مشتاق اصفهانی
Пол Барнс	پل بارنز
Паулиню	پائولینیو
Майкл Гринвуд	مایکل گرینوود
Марк Гиллеспи	مارک گیلسپی
Марк Робинсон	مارک رابینسون
Барлоу	بارلو
Ҷерен Морай	جرن مورای
Фил Чарнок	فیل چارنوک
Луиз Энрике Ферейра Де Ненезес	لوئیز هنریکه فریرا دی مندز
Оскар Кинтабани	اسکار کوئینتابانی
Уолтер Бунч	والتر باچ
Велингтон Лима	ولینگتون لیما
Люк Корбетт	لوک کوربت
Мануэл Суарес	مانوئل سوارز
Майкл Роус	مایکل رز
Брэдфорд	برادفورد
Вҳайтхэм	ویتهام
Гэрви	گاروی
Нейл Бейли	نیل بیلی
Некане Диес	نکان دیونز
Лукас Габриэл Гарсия	لوکاس گابریل گارسیا
Оливер Аллен	الیور آلن
Пабло Сиерра	پابلو سیرا
Майк Грин	مایک گرین
Нейл Фишер	نیل فیشر
Марсело Перухини	مارسلو پروجینی
Маркус Де Cантана	مارکوس دی سانتانا
Марк Остин	مارک آستین
Том Алдред	تام آلدرد
Том Бриндл	تام بریندل
Нейл Янг	نیل یانگ
Андраде Алмейда	آندراده آلمیدا
Фриатт	فریات
Ҷо Кокрофт	جو سوسک
Патритсио Бедроссян	پاتریسیو پتروسیان
Пол Бенсон	پل بنسون
Пол Крукс	پل کروک
Питер Батлер	پیتر باتلر
Фил Гунтер	فیل گونتر
Ҳусайн	حسین
Нефтали Луна	نفتالی لونا
Родриго Апаресидо Да Силва	رودریگو آپارسیدو دا سیلوا
Майкл Грин	مایکل گرین
Мик Батлер	میک باتلر
Ҷон Юззелл	جان اوزل
Хонатан Хермано	جوناتان جرمانو
Хуан Карлос Де Лима	خوان کارلوس دی لیما
Майкл Гриффин	مایکل گریفین
Мигел Ангел Руис	میگل آنخل رویز
Роберто Платеро	روبرتو پلاترو
Скотт Доннелли	اسکات دانلی
Хэдли	هدلی
Нейл Эштон	نیل اشتون
Рафаэл Миранда Да Конкеикан	رافائل میراندا دا کونسیسائو
Кейт Боукер	کیت بوکر
Пол Кроссли	پل کراسلی
Пол Фишенден	پل فیشندن
Армстронг	آرمسترانگ
Виктор Акоста	ویکتور اکوستا
Фултон	فولتن
Пол Горман	پل گورمان
Пол Ҳаммонд	پل هموند
Пол Болленд	پل بولاند
Пол Добсон	پل دابسون
Питер Исти	پیتر ایستو
Де Алмейда Кармо	دی آلمیدا کارمو
Пол Макларен	پاول مک لارن
Пол Бисли	پل بیزلی
Хоан Сабате	خوان ساباته
Брод	برود
Гардинер	گاردینر
Биукгэмп	بوچمپ
Аспинол	آسپینال
Ҷон	جان
Мортимор	مورتیمور
Витч	ویچ
Рэй Фултон	ری فولتون
Умар	اسمار
Браун	براون
Ойер Ларрайнсар	اویره لاراینزار
Майкл Брэди	مایکل بردی
Майкл Добсон	مایکل دابسون
Рафаэл Да Силва Насименто	رافائل دا سیلوا ناسیمنتو
Раул Гарсия	رائول گارسیا
Расул Садромилӣ	رسول صدرعاملی
Рема Обед	رحما اوبد
Луис Себалос	لوئیس سبالوس
Хуан Мартин Каделаго	خوان مارتین کادلاگو
Пелайо Ново	پلایو نوو
Тейксира	تیکسیرا
Гонсалвес Мартинс	گونزالوس مارتینز
Леон Вассен	لئون واسن
Хуан Карлос Санчес	خوان کارلوس سانچز
Рон Футчер	ران فوچر
Читхэм	چیتام
Сэм Крейвен	سام کریون
Роли Грегоир	رولی گرگور
Рон Гринер	ران گرینر
Санти Куэста	سانتی کوستا
Себастян Маландра	سباستین مالاندرا
Мантекон	منتکن
Луиз Эдуардо Родригес	لوئیز ادواردو رودریگز
Стэн Беннайон	استن بنیون
Соҳиб Сувонқулов	صاحب سووانکولوف
Соломон Юптон	سولومون آپتون
Марк Фрэнсис	مارک فرانسیس
Марта Торрехон	مارتا تورخون
Томас Аллсопп	توماس آلسوپ
Толиббек Айёмбеков	طالب‌بیگ ایام‌بیگ‌اف
Том Брофи	تام بروفی
Тед Платт	تد پلت
Лукас Алессандрия	لوکاس الساندریا
Нейл Эллисон	نیل آلیسون
Стив Басхэм	استیو بشام
Стив Кук	استیو کوک
Марсело Гоiанира	مارسلو جویانیرا
Томми	تامی میهان
Клэр	کلیر
Торал	تارال
Робин Гарднер	رابین گاردنر
Родриго Рибейро	رودریگو ریبریو
Роҷер Гиббинс	راجر گیبیس
Лукас Питтинари	لوکاس پیتیناری
Стюарт Робсон	استوارت رابسون
Маркос Мартин	مارکوس مارتین
Коллинз	کالینز
Пабло Родригес	پابلو رودریگز
Виктор Сехас	ویکتور سخاس
Бризуэла	بریزولا
Паулиню Крикиума	پائولینیو سرسیوما
Педро	پدریتو
Мӯсо ибни Яҳё	موسی بن یحیی
Вевертон Перейра Да Силва	وورتون پریرا دا سیلوا
Кинтеро	کینترو
Рафаэл Нейд	رافائل ناد
Рэй Кравшав	ری کراشاو
Алварес	الوارز
Питер Юстейс	پیتر اوستاس
Рэй Эллис	ری الیس
Баттист	باتیست
Пол Беннетт	پل بنت
Питер Доннелли	پیتر دانلی
Николас Сауседо	نیکولاس ساچدو
Сэм Гарган	سام گرگان
Роберто Айса	روبرتو آیزا
Луис Пейҷ	لوی پیج
Ромҳурмузӣ	رامهرمزی
Ричард Форсит	ریچارد فورسایت
Сестело	سستلو
Септимус Эттербури	سپتیموس آتربری
Молина	مولینا
Зарвондухт	زروان‌دخت
Филип Братли	فیلیپ براتلی
Роб Бурч	راب برچ
Робин Тёрнер	رابین ترنر
Гратрайкс	گریتریکس
Рубен Гарсия	روبن گارسیا
Рэй Деви	ری دوی
Рис Эванс	ریس اوانس
Алонсо	الونسو
Тони Баррас	تونی باراس
Тони Мартинес	تونی مارتینز
Роберт Дакуорт	رابرت دوکوورث
Райан Ашфорд	رایان اشفورد
Стэн Эрл	استن ارل
Стив Брайант	استیو برایانت
Стив Фоли	استیو فولی
Стюарт Брок	استوارت براک
Иванилдо Родригес	ایوانیلدو رودریگز
Виктор Андрес	ویکتور اندرس
Рубен Астигаррага	روبن استیگارگا
Райан Брук	رایان بروک
Симон Браун	سیمون براون
Пол Боулс	پل بولز
Симон Элдершав	سایمون الدرشاو
Стив Карни	استیو کارنی
Томас	توماز
Том Бриквелл	تام بریکول
Эмфлетт	آمفلت
Турстон Рострон	ترستن راسترون
Рафаэл Перейра Дус Сантос	رافائل پریرا دوس سانتوس
Раҳул Дев	راهول دو
Стив Черри	استیو چری
Стив Буттл	استیو باتل
Том Уайт	تام وایت
Тони Бэррэтт	تونی بارت
Гарсия	گارسیا
Томми Аллен	تامی آلن
Тони Аринс	تونی آرین
Тони Конвелл	تونی کانول
Трэвор Росс	ترور راس
Дуайт	دوایت
Ферейра	فریرا
Том Брайттлетон	تام بریتلتون
Том Смоли	تام اسمالی
Трэвор Бирч	تراور برچ
Малколм Кросби	مالکوم کرازبی
Рикки Бейнс	ریکی بینز
Берт Бренен	برت برنن
Винс Бартрам	ونس بارترن
Бейтс	بیتس
Грант	گرانت
Куннингхем	کانینگهام
Уилям Ҷеффри	ویلیام جفری
Ян Дэвидсон	ایان دیویدسون
Лило	لیلو
Тони Беттс	تونی بتس
Дарино	دارینو
Буллер	بولر
Эрни Брейдвуд	ارنی بریدوود
Уоли Ҷеннингс	والی جنینگز
Оскар Опасо	اسکار اوپازو
Роуелл	روول
Эдденбрук	آدنبروک
Майкл Ричардсон	مایکل ریچاردسون
Ируне Муруа	ایرونه موروا
Вила	ویلا
Торрес	تورس
Висенте Кампило	ویسنته کامپیلو
Виктор Алдана	ویکتور الدانا
Эркан Петеккая	ارکان پتکایا
Ромера	رومرا
Ади Мозес	آدی موسی
Дэвид Батлер	دیوید باتلر
Болтон	بولتون
Коупертваайт	کاوپروتویت
Диего Баркелус	دیه گو بارسلوس
Эрнани	ارنانی
Чучи	تکوتشی
Серхио Торрес	سرخیو تورس
Де Алмейда	دی آلمیدا
Глин Крисер	گلین کراسر
Адам Дэвис	آدام دیویس
Круз Де Оливейра	کروز دی اولیویرا
Морагон	موراگون
Ровандӣ	راوندی
Дэвид Бэрк	دیوید برک
Маркос Хименес	مارک خیمنز
Годдард	گادارد
Батч	بچ
Руддлесдин	رودلسدین
Клегг	کلگ
Хосу Эчанис	یوسو اتزانیز
Бэмбер	بامبر
Фрэд Батчер	فرد قصاب
Марк Кук	مارک کوک
Нейлтон	نیلتون
Ҳерберт Эммитт	هربرت امیت
Корки Блау	کورکی بلو
Маркус Рамос Да Силва	مارکوس راموس دا سیلوا
Козенс	کازنز
Стив Доуман	استیو دومان
Исаак Хове	اسحاق جوه
Калум Батчер	کالم باچر
Кулл	کوئل
Антон Форрестер	انتون فورستر
Гресхэм	گرشام
Дантас	دانتاس
Хуан Карлос Бленхио	خوان کارلوس بلنگو
Майкл Блэк	مایکل بلک
Бурнелл	برنل
Стив Дит	استیو دث
Алекс Грант	الکس گرانت
Боб Грейвс	باب گریوز
Билли Бэрнс	بیلی برنز
Пол Доунинг	پل داونینگ
Алекс Крибли	الکس کریبلی
Камала Ҳаррис	کامالا هریس
Винсент	وینسنت
Весклей	وسکلی
Брайсли	بریسلی
Роберт Бойс	رابرت بویس
Пэт Говард	پت هاورد
Жуир Булсунору	ژائیر بولسونارو
Валенсия	والنسیا
Норман Боделл	نورمن بودل
Ҷейсон Гриффитс	جیسون گریفیث
Лен Дундердейл	لن درندل
Чедвик	چادویک
Бен Барнетт	بن بارنت
Кларк	کلارک
Лорен Брутон	لورن بروتون
Ралф Биркетт	رالف بیرکت
Пол Флетчер	پل فلچر
Ҳерберт Брирли	هربرت بریرلی
Аткинсон	اتکینسون
Брэдбэри	بردبری
Ҳаролд Коннор	هارولد کانر
Саркис Балойан	سارکیس بالویان
Инглиш	انگلیش
Хуан Карлос Посо	خوان کارلوس پوزو
Чарли Эймери	چارلی امری
Андерсон Патрик Агиар Оливейра	اندرسون پاتریک آگویار اولیوریا
Силва Де Алмейда	سیلوا دی آلمیدا
Билл Сиссонс	بیل سیسونز
Берни Биркхэм	بارنی بیرچام
Мачин	ماچین
Энрике Кампус Сантос	هنریکه کامپوس سانتوس
Ланс Кронин	لنس کرونین
Абарсом	ابرسام
Нгуен Фук	نگوین فوک
Фам Мин Тин	فام مینه چین
Ноел Алонсо	نوئل الونسو
Ричард Хилл	ریچارد هیل
Кевин Стюарт	کوین استوارت
Фрэнк Грейер	فرانک گرایر
Браун	براون
Бингхем	بینگهام
Рамос	راموس
Адриан Бянки	آدریان بیانچی
Абубакри Наққош	ابوبکر نقاش
Вақиф Султонли	واقف سلطانلی
Франсиско Гонсалес	فرن گونزالس
Мартинес	مارتینز
валид Ғазувонӣ	ولد غزوانی
Антонио Идалго	انتونیو هیدالگو
Даниэл Родригес	دانی رودریگز
Айтор Фернандес	ایتور فرناندز
Фернандо Родила	فرناندو رودیلا
Ёсамин Аллен	یاسمین آلن
Варела	وارلا
Думас Гетте	دوماس گت
Фотимаи Самарқандӣ	فاطمه سمرقندی
Амантеги Пумипа	امانتگویی فومیفا
Ронй Мартинес	رونی مارتینز
Мамнун Ҳусейн	ممنون حسین
Мануэл Гарсия	گارسیا
Хесус Балдаксини	خسوس بالدکینی
Уо́ллес	والاس
Крейг Адамс	کریگ آدامز
Кейта Балде	کیتا بالده
Дйимсити	دیمیسیتی
Флорес	فلورس
Хуан	خوانیو
Пол Клемент	پل کلمنت
Эрик Барросо	اریک باروسو
Капур	کاپور
Эдер Монтейро Фернандес	ادر مونتریو فرناندز
Ҳейден	هایدن
Брэмли	براملی
Алф Кэрролл	الف کرول
Мэтт Беванс	مت بیوانز
Эктор Гранадо	هکتور گرانادو
Патрик	پاتریک
Ник Поп	نیک پوپ
Дик Куллам	دیک کولوم
Мигел Алмирон	میگل آلمیرون
Азер Алийев	آذر علیف
Браун	براون
Чарлз Эмметт	چارلز امت
Бен Оссоли	بن آزبورن
Форнос	فورنوس
Серхио Гомес	سرخیو گومز
Алан Шайрс	آلن شارز
Ян Бенниуорт	ایان بنی ورث
Оскар Кесада	اسکار کسادا
Алан Коста	آلان کوستا
Гайска Бергара	گیسکا برگارا
Патинйо	پاتنیو
Алек Актон	الک اکتون
Тайлер Блаккетт	تایلر بلکت
Мёрфи	مورفی
Рон Фергюсон	ران فرگوسن
Пауло Да Силва	پائولو دا سیلوا
Артур Баннер	آرتور بنر
Луисин	لوئیسین
Энис Гaвaзaй	انیس گاوازای
Хэллам Хоуп	هالام هوپ
Салвадор Лопис	سالوادور لوپیس
Ричард Фоулкс	ریچارد فولکس
Изуддин Ҳусайн	قطب‌الدین محمد
Амина Ақдас	خانم امینه اقدس
Ренато Сантос Жуниор	ریناتو سانتوس جونیور
Клеверcон Дус Сантос	کلورسون دوس سانتوس
Дус Сантос Соуза Жуниор	دوس سانتوس سوزا جونیور
Ян Дейвс	ایان داوز
Мануэл Круз	کروز
Маканинли	مک‌انیلی
Пол Робинсон	پائول رابینسون
Пэт Коннолли	پت کانلی
Абусаҳли Хуҷандӣ	ابوسهل خجندی
Бурҷу Бириҷик	بورجو بیریجیک
Шаҳриёри	شهریار
Симон Бурман	سیمون برمن
Алан Доусон	آلن دوسون
Зиёр	زیار
Баҳром ибни Мофинна	بهرام بن مافنه
Орас Флетчер	هوراس فلچر
Чарли Адамс	چارلی آدامز
Сабариего	ساباریگو
Лукас Кандидо	لوکاس کاندیدو
Бовандӣ	باوندی
Лука Ёвич	لوکا یویچ
Бенитес	بنیتز
Дэвид Барбона	دیوید باربونا
Меса	مسا
Майкон Да Силва	مایکون دا سیلوا
Даниэл Леон	دانیل لئون
Шон Юттерсон	شان اوترسون
Гило	گویلو
Сайидризо Ализода	سیدرضا علیزاده
Брэд Уокер	برد واکر
Эмануэл Маммана	امانوئل مامانا
Ричард Слоли	ریچارد اسلولی
Ҳусейнқулихони Қоҷор	حسین قلی خان قاجار
Хонатан Де Амо	جاناتان دو امو
Иппердинхер	هیپردینگر
Дайер	دایر
Рубен Гарсия	روبن گارسیا
Маркус Гилюрне	مارکوس گیلرمو
Никетоси Эронӣ	نیکتاس ایرانی
Рис Браун	ریس براون
Фран Мачадо	فرن ماچادو
Маркос Перес	مارکوس پرز
Да Силва Фариас	دا سیلوا فاریاس
Гартон	گارتون
Фредерик Гибсон	فردریک گیبسون
Абузакариёи Фарроъ	ابوزکریا فراء
Эрикк	اریک
Николас	نیکولاس
Педро Рибейро	پدرو ریبریو
Кливер	کلیور
Рон Эбботт	ران ابوت
Луис Арсе	لوئیس آرسه
Бурзиншоҳ	برزین شاه
Дэвид Диас	بی چو
Хесус Ланса	خسوس لانزا
Биел Компанй	بیال کمپانی
Коннор Даймейо	کانر دیمایو
Ҷордан Кузинс	جردن کازینز
Хулио Родригес	خولیو رودریگز
Сэмпи	سمپی
Артур Кайке	آرتور کایک
Лонгден	لانگدن
Гарсия	گارسیا
Робертино Канавесио	روبرتینو کاناوزیو
Бленкинсопп	بلنکین‌سوپ
Алберт Макканн	آلبرت مک کان
Билли Коултард	بیلی کولته
Ҳиравӣ	هروی
Райан Вудс	رایان وودز
Кайли Демпси	کایل دمپسی
Хавйер Секейра	خاویر سیکیرا
Брагг	براگ
Мануэл Де Алмейда	مانوئل دی المیدا
Аллен	آلن
Оскар Пянетти	اسکار پینتی
Себастян Калеха	سباستین کالجا
Купер	کوپر
Тони Аккерман	تونی اکرمن
Луис Гомес	لوئیس گومز
Роберт Браннан	رابرت برانان
Доусон	دوسون
Ҳуберт Кокрофт	هوبرت سوسک
Билл Хупер	بیل هوپر
Алфред Фрай	آلفرد فرای
Мануэл Алканйис	مانوئل الکانیس
Стив Конрой	استیو کنروی
Агилар	آگیلار
Том Буш	تام بوش
Виктор Камараса	ویکتور کاماراسا
Ҷозеф Кэрролл	جوزف کارول
Луан Виейра	لوان وییرا
Ҷастин Гентл	جاستین نتینگ
Бейдн Пауэлл	بادن پاول
Руфо Санчес	روفو سانچز
Наикари Гарсия	ناهیکاری گارسیا
Томпсон	تامپسون
Агуза	اگوزا
Марко Асенсио	مارکو آسنسیو
Кейт Горман	کیت گورمن
Бобсон Бавлинг	بابسون باولینگ
Марио Гомес	ماریو گومز
Вега	وگا
Пепелу Видал	پپلو ویدال
Бидари Гарсия	بیدری گارسیا
Марин	مارین
Нано	نانو
Силва Да Силва	سیلوا دا سیلوا
Фернандо Гомес	ناندو گومز
Дел Пино	دل پینو
Пиготт	پیگوت
Исаак Гомес	ایزاک سانچز
Карлос Чаваррия	کارلوس چاواریا
Виктор Мунйос	ویکتور مونوز
Дейл Андерсон	دیل اندرسون
Рис	ریس
Эзадгушнасп	ایزدگشنسپ
Грэм Кокс	گراهام کاکس
Сандро Рамирес	سندرو رامیرز
Девант Кол	دوانته کول
Ҷонсон	جانسون
Армен Амбартсумян	آرمن هامبارتسومیان
Дэвид Майнс	دیوید ماینتس
Карлос Нието	کارلوس نیتو
Ричардс	ریچاردز
Баррон	بارون
Френч	فرانسوی
Оқоилоҳ Солеҳ Исо	عقیله صالح عیسی
Чуста	تسوستا
Хавйер Фернандес	فرناندز
Иманол Элиас	ایمانول الیاس
Том Эллисон	تام آلیسون
Эктор Эрнандес	هکتور هرناندز
Рам Натҳ Ковинд	رام نات کوویند
Дэвид Верду	دیوید وردو
Бернард Оксли	برنارد آکسلی
Пара	فریرا
Ҳаролд Прекядо	هارولد پرسیادو
Абуисҳоқи Собӣ	ابواسحاق صابی
Касадо	کاسادو
Хинард	خینار
Батала	باتالا
Шон Брукс	شان بروکس
Кристо Диас	کریستو دیاز
Иван Буигес	ایوان بویگ
Дон Бурлурокс	دون بورلورو
Дэвис	دیویس
Сезар Фернандо	سستینیا
Сэм Остин	سام آستین
Форнер	فورنر
Фабрегат	فابریکات
Адаилтон	آدایلتون
Алберт Флетчер	آلبرت فلچر
Дженетов	مهدی جنت‌اف
Бернард Келли	برنارد کلی
Монтел Аҷиеманг	مونتل اگیمانگ
Айк Казарян	هایک قازاریان
Кӯҳёр	کوهیار
Энди Роуленд	اندی رولند
Марк Валонеста	مارک والهونستا
Дэвид Санчес	دیوید سانچز
Иван Калеро	ایوان کالرو
Колсон	کالسون
Мэтю Кларк	متیو کلارک
Купер	کوپر
Дэвид Фас	دیوید فاز
Пирӯзи	پیروزان
Дани Гарсия	دنی گارسیا
Алекс Салмон	الکس سالمون
Хорхе Эрнандес	خورخه هرناندز
Хесус Валентин	خسوس والنتین
Эрнест Форгас	ارنست فورگس
Кинтана	کینتانا
Оканя	اوکانیا
Педроса	پدروسا
Алекс Киуомайа	الکس کیوومیا
Энрике Де Оливейра	هنریکه دی اولیویرا
Андер Серантес	اندر سروانتس
Чарлтон	چارلتون
Хуан	خوان
Александер	الکساندر
Боб Фергюсон	باب فرگوسن
Андерсон	اندرسون
Эдуардо Пинкелли	ادواردو پینسلی
Калдерон	کالدرون
Роҷер Барнилс	راجر بارنیلز
Ли Фрост	لی فراست
Билл Хоппер	بیل هاپر
Артур Виейра	آرتور ویرا
Кэн Эллис	کن الیس
Френч	فرنچ
Клоф	کلاف
Бертолдо	برتولدو
Алберт Миравент	البرت میراوینت
Самуэл Чолинор	ساموئل چالنور
Бэмфорд	بامفورد
Луис Руис	لوئیس رویز
Иқбол Завқибеков	اقبال ذوقی‌بیک
Риши Сунак	ریشی سوناک
Доунинг	داونینگ
Николайэвскй	نیکولایفسکی
Лукас Меносси	لوکاس منوسی
Смит	اسمیت
Ренан Фонсека	رینان فونسکا
Фармери	فارمری
Мануэл Гавилан	مانوئل گاویلان
Зулфия Атоӣ	زلفیه عطایی
Меҳдии Аҳмадванд	مهدی احمدوند
Алексис Кастро	الکسیس کاسترو
Бентанкур	بنتنکور
Артур Бейтман	آرتور بیتمن
Ҳерберт Кок	هربرت کوک
Крэддок	کرداک
Ҷек Роус	جک رز
Робинсон	رابینسون
Чиедози	چیدوزیه
Ллойд Ҷонс	لوید جونز
Ману Балда	مانو بالدا
Лиам Агню	لیام اگنیو
Луис Оливера	لوئیس اولیورا
Даффи	دافی
Алексей Исайев	آلکسی ایسایف
Пол Ройхе	پل روگه
Ҷордан	اردن
Стелл	استل
Фаннй Родригес	فانی رودریگز
Хорхе Рико	خورخه ریکو
Микел Вилануэва	میکل ویانووا
Роберт Бейнбридҷ	رابرت بینبریج
Томми Списер	تامی اسپیکر
Дэвид Фергюсон	دیوید فرگوسن
Ҷо Экклс	جو اکل
Силван Эндертон	سیلوان اندرتون
Дэвид Аткинсон	دیوید اتکینسون
Герман Санчес	جرمن سانچز
Чарлз Силва	چارلز سیلوا
Тоби Роулинг	توبی رولینگ
Ферес	فارس
Дани Олмо	دنی المو
Бен Пэрсон	بن پیرسون
Ҷорҷ	ژورژه
Моя	مویا
Адриан Гомес	ادری گومز
Олтион Осмaни	اولتیون عثمانی
Тэйлор	تیلور
Прада	پرادا
Реган	ریگان
Алберт Ричардс	آلبرت ریچاردز
Оливер Šаркиć	اولیور سارکیچ
Ҷонсон	جانسون
Aлби Aла	آلبی آلا
Виктор Гарсия	ویکتور گارسیا
Ибершими	ایبرشیمی
Бeсим Фaгу	بسیم فاگو
Дэн Голагер	دن گلگر
Алваро Одриосола	آلوارو اودریوزولا
Виншип	وینشیپ
Закариё ибни Идрис Ашъарии Қумӣ	زکریا بن ادریس اشعری قمی
Бадрулмулук	بدرالملوک
Остин Коллиер	استین کولیر
Вернон Де Марко	ورنون دی مارکو
Жан Кера	جین چرا
Кристиан Борха	کریستین برخا
Блас Риверос	بلاس ریوروس
Эдмундсон	ادموندسون
Микел Оярсабал	میکل اویارسابال
Хуан Мигел Хайне	خوان میگل جیمی
Маркос Калеро	مارکوس کالرو
Агустин Доффо	آگوستین دوفو
Эрмосо	هرموسو
Карселен	کارسلین
Дэвид Бартон	دیوید بارتون
Магуайр	مگ‌وایر
Лес Робсон	لس رابسون
Нили	نیلی
Гордон Голи	گوردون کلی
Пеняранда	پنیاراندا
Рафаэл Акоста	رافائل آکوستا
Мораэс	مورائس
Брэдли Барри	بردلی بری
Эйре	ایر
Мэтю Фоулдс	متی فولدز
Тосин Адарабиойо	توسین آدارابیویو
Алекс Карбонел	الکس کاربونل
Данн	دان
Ҷек Доддс	جک دودز
Тэйлор	تیلور
Рили	رایلی
Кларк Салтер	کلارک-سالتر
Монсалве	مونسالو
Калум Стайлс	کالوم استایلز
Валдес	والدز
Клаудио	کلادینیو
Баутиста Мерлини	باتیستا مرلینی
Ёкҳон Бегим	یاکهان بیگم
Гарник	گارنیک
Павел Дронов	پاول درونوف
Озода Раҳмон	آزاده رحمان
Сантяго Аскасибар	سانتیاگو اسکایبار
Эктор Неспрал	هکتور نسپرال
Аҳмад ибни Авф	احمد بن عوف
Антонио Каро	آنتونیو کارو
Хосе Антонио	ژوسین
Иван Сифуэнтес	ایوان چیفوئنتس
Ҷереми Бетанкор	جرمی بتانگور
Меҳраки Нӯшзод	مهرک نوش‌زاد
Хӯриён	خوریان
Вилагра	ویلاگرا
Чапман	چپمن
Лео Дуарте	لئو دوارچه
Мигел Алонсо	میگل آلونسو
Ҳабибулло Назаров	حبیب‌الله نظر
Тайлер Робертс	تایلر رابرتس
Хорхе Помбо	خورخه پومبو
Бейли Кинг	بیلی-کینگ
Марио Гонсалес	ماریو گونزالس
Мирзо Юсуфзода	میرزا یوسف‌زاده
Эду Гарсия	ادو گارسیا
Карлос Солер	کارلوس سولر
Молина	مولینا
Алехандро Посо Посо	آلخاندرو پوزو پوزو
Браҳим Диас	براهیم دیاز
Хесус Силеро	خسوس سیلرو
Капарели	کاپرلی
Агустин Каноббио	آگوستین کانوبیو
Хайрӣ Назарова	خیری نظرووا
Стив Коглин	استیو کوگلین
Эдуард Мелконян	ادوارد ملکونیان
Оскар Мелендо	اسکار ملندو
Идрис Кану	ادریس کانو
Монтерде	مونترده
Тавара	تاوارا
Тавара	تاوارا
Чантри	چنتری
Беҳзоди булӯр	بهزاد بلور
Алина Кукушкина	آلینا کوکوشکینا
Клаверия	کلاوریا
Кейт Кокбэрн	کیت کوکبرن
Нед Винсент	ند وینسنت
Лоренте	یورنته
Ёсамини Серовандӣ	یاسمین سیراوندی
Иброҳим ибни Мӯсо Алкозим	ابراهیم بن موسی کاظم
Оскар Аррибас	اسکار ارباس
Уолтер Ҷеннингс	والتر جنینگز
Лорет	کالیتا
Ухнаагийн Хурелсух	اوخناگین خورلسوخ
Абутоҳири Исфаҳонӣ	ابوطاهر اصفهانی
Себастян Ломонако	سباستین لوموناکو
Олимпур	عالم‌پور
Перси Кгэмпайон	پرسی چمپیون
Зак Ҷулс	زاک جولز
Андрей Лунин	آندری لونین
Серхио Аррибас	سرخو اریباس
Барданка	باردانکا
Спинели	اسپینلی
Санти Моар	سانتی موار
Лукас Робертоне	لوکاس روبرتون
Абилио	آبیلیو
Абуҳафси Суғдӣ	ابوحفص سغدی
Виникиус Жуниор	وینیسیوس جونیور
Ортега	اورتگا
Томас Аттис	توماس اتیس
Баҳром	بهرام
Стивен Мондрагон	موندراگون
Даниил Куликов	دانیل کولیکوف
Аҳмади Васлӣ	احمد وصلی
шоҳзода Морто аз Кохетӣ	شاهزاده مارتا از کاختی
Баҳодури Ягона	بهادر یگانه
Сайидюнуси Истаравшанӣ	سید یونس استروشنی
Алиса Шмидт	آلیسا اشمیت
Маҳдӣ ал-Машат	مهدی المشاط
Конте	کونته
Лукас Веркмайстер	لوکاس ورکمایستر
Ҳабибулло Абдураззоқов	حبیب‌الله عبدالرزاق
Шаҳриёр Даминов	شهریار دامینوف
Ваҳдат Ҳаннонов	وحدت حنانوف
Беҳном	بهنام
Фозил	فاضل
Фреско	فرسکو
Холид бин Халифа бин Абдулазиз Оли Танӣ	خالد بن خلیفه بن عبدالعزیز آل ثانی
Кова Тилавпур	کاوه تیلوپور
Айман ибн Абдурраҳмон	ایمن بن عبدالرحمان
Белла Порч	بلا پوارش
Бланко	بلانکو
Ифро Ҳурмуз	ایفرا هرمز
Маҳтоб Қулизода	مهتاب قلی‌زاده
Масъуди Сипанд	مسعود سپند
Парвиз Пӯлодӣ	پرویز پولادی
Ҳайдарзода	حیدرزاده
Карл Саган	کارل سیگن
Тонӣ Блер	تونی بلر
Алберто Буэно	آلبرتو بوئنو
Мел Гибсон	مل گیبسون
Абдуллоҳ Гул	عبدالله گل
Ҳофиз Асад	حافظ اسد
Синклер Люис	سینکلر لوئیس
Зокир Ҳусейн	ذاکر حسین
Гутфрид Ҳердер	گاتفرید هردر
Эдвард	ادوارد
Адриано	آدریانو
Бегим	بیگم
Миранда Фрейтас Да Силва	میراندا فریتاس دا سیلوا
Валентина Матвиенко	والنتینا ماتوینکو
Ленгстон Ҳюз	لنگستون هیوز
Сол Кэмпбелл	سول کمپل
Фергюсон	فرگوسن
Абай	ابای
Иван Кавиедес	ایوان کیویدز
Диего Лопес	دیه‌گو لوپز
Вис	ویسه
Адалтон Жувенал	آدالتون جووینال
Эмилио Исагирре	امیلو ایزاگویره
Мигел Мунйос	میگل مونیوز
Балоши	بلاش
Энтони Пилкингтон	آنتونی پیلکینگتون
Алехандро Алфаро	الخاندرو الفارو
Оубиня	اوبینیا
Андре Мари	آندره ماری
Нютон	نیوتن
Беннетт	بنت
Гордон Браун	گوردون براون
Сезар Арканжо	سزار آرسانجو
Кампагнаро	کامپاگنارو
Луис Марин Бараона	لوئیس مارین باراهنا
Ҷейсон Додд	جیسون داد
Филип Саад	فیلیپه ساد
Хорхе Олаэчеа	خورخه اولائچئا
Игнаси Микел	ایگناسی میگل
Карл Дрез	کارل درایس
Перл Бак	پرل باک
Памела Андерсон	پاملا اندرسون
Александр Прохоров	الکساندر پروخورف
Карлес Бускетс	کارلس بوسکتس
Тим Браун	تیم براون
Гардезӣ	گردیزی
Камило Де Брито	کامیلو دی برتو
Диас	دیاس
Лукас Ланда	لوکاس لاندا
Александри	الکساندر
Алек Дуглас-Ҳоме	آلک داگلاس-هیوم
Бернард	برنارد
Иэн Маккеллен	ایان مک کالن
Валенсия	والنسیا
Станислав Черчесов	استانیسلاو چرچسوف
Ромейн	رومین
Аленан	آلمائو
Ли Мартин	لی مارتین
Лауренси Алма Тадема	لاورنس آلما-تادما
Ян Пирс	ایان پیرس
Алваро Ново	الوارو نوو
Марие Дресслер	ماری درسلر
Абдусаломов	عبدالسلامف
Хендерсон	هندرسون
Беник Афоб	بنیک آفوب
Аббоси	عباس
Мушаррафуддавла	مشرف‌الدوله
Антара ибни Шаддод	عنتره بن شداد
Абдулқодир Хон	عبدالقدیر خان
Себастян Фернандес	سباستین فرناندز
Нене	نینی
Рикардо Бокини	ریکاردو بوچینی
Бенҷамин	بنجا
Сайид Алии Ҳамадонӣ	سید علی همدانی
Дэвид Наварро	داوید ناوارو
Боязиди Бастомӣ	بایزید بسطامی
Хиггинботем	هیگینباتم
Микел Ласа	میکل لاسا
Диего Курин	دیگو چورین
Волфганг Мотсарт	ولفگانگ موتسارت
Иосиф Бродский	ایوسیف برودسکی
Морено	مورنو
Вандерcон	واندرسون
Манга	مانگا
Паласиос	پالاسیوز
Мартин Олдридҷ	مارتین الدریج
Гиббс	گیبس
Байрон Ҳовард	بایرون هاوارد
Мун Чжэ Ин	مون جائه-این
Нақшбанд	نقشبند
Давид Бен-Гурион	داوید بن گوریون
Игор Матович	ایگور ماتوویچ
Франко	فرانکو
Карл	کارل
Нерй	نیری
Алберт Принс Кокс	آلبرت پرینس کاکس
Хосе Артече	خوزه آرتتسکه
Милито	میلیتو
Маркус Стюарт	مارکوس استوارت
Исмоили	اسماعیل
Серхио	سرجیو
Лукас Марколини Дантас Бертукси	لوکاس مارکولینی دانتاس برتوچی
Мансури Ҳаллоҷ	منصور حلاج
Дэвид Томпсон	دیوید تامسون
Лукас Cеверино	لوکاس سیورینو
Зулқарнайн	ذوالقرنین
Фрэнк Макфарлейн Бёрнет	فرانک مک‌فارلن بارنت
Ранирес	رامیرس
Баптиста	باپتیستا
Элано	الانو
Илир Мета	ایلیر متا
Ҳошим Атосӣ	هاشم الاتاسی
Маъмун	مأمون
Дэвид Армстронг	دیوید آرمسترانگ
Волта,	ولتا
Бардин	باردین
Липатин	لیپاتین
Арман Фалйер	آرمان فالیر
Ёшида	یوشیدا
Грета	گرتا
Микеланҷело	میکل‌ آنژ
Сидӣ валид Шайх Абдуллоҳ	سیدی ولد شیخ عبدالله
Пол Кончески	پل کونچسکی
Эрнанес	هرنانس
Киичи Миязава	کی‌ایچی میازاوا
Баркли	بارکلی
Ренеҳ Боринтус	رنه بارینتوس
Брайан Кокс	برایان کوکس
Андрей Шевченко	آندری شوچنکو
Фабрисио Агосто	فابریسیو اگوستو
Хорхе Боланйо	خورخه بولانیو
Билли Блэнкс	بیلی بلنکز
Салвадор Алленде	سالوادور آلنده
Андреус	اندروز
Эзра Паунд	ازرا پاوند
Карлос Борхес	کارلوس برخس
Ферейра Мартинс	فریرا مارتینز
Алексндре Лопес	الکساندر لوپز
Крейг Дэвис	کریگ دیویس
Ҷаред Ҳаррис	جرید هاریس
Маркус Виникиус Кеcарио	مارکوس وینیسیوس سیساریو
Уатсон-Уентуорт	واتسون-ونتورث
Виейра	ویرا
Фабио Аурелио	فابیو اورلیو
Пол Гаскойн	پل گسکوین
Одил Фирдавсипур	عادل فردوسی پور
Том Ҳэнкс	تام هنکس
Брандт	برانت
Рене Декарт	رنه دکارت
Ниче	نیچه
Ким Чен	کیم جونگ-ایل
Виктор Ормазабал	ویکتور ارمازابال
Крис Портер	کریس پورتر
Залазар	زالازار
Сезар Бритос	سزار بریتوس
Франсуа Олланд	فرانسوا اولاند
Галтиери	گالتیری
Тим Бернерс-Ли	تیم برنرز لی
Чарлз Дарвин	چارلز داروین
Леон Блюм	لئون بلوم
Саулӣ Ниинистё	سالی نینیستو
Ёсир Арафот	یاسر عرفات
Расул Ғамзатов	رسول حمزاتوف
Ваҳб ибни Мунаббеҳ	وهب بن منبه
Хавйер Уррутикоечеа	خاویر اوروتیکوئچا
Муаммар ал-Қазофӣ	معمر قذافی
Новаэс	نواس
Брижит Бардо	بریژیت باردو
Т. С. Элиут	تی. اس. الیوت
Иброҳими Зарқолӣ	ابراهیم الرزقالی
Воррен Баффет	وارن بافت
Бачан	باچان
Фидел Кастро	فیدل کاسترو
Ши Мин	شی مین
Кира Найтлӣ	کیرا نایتلی
Дэвид Духовни	دیوید دوکاونی
Чкалов	چکالوف
Алексей Михайлович	الکسیس روسیه
Эрнест Резерфорд	ارنست رادرفورد
Хавйер Клементе	خاویر کلمنته
Жан-Клод Ван Дамм	ژان کلود ون دم
Гилермо Стабиле	گیلرمو استبای
Сантяго Эскерро	سانتیاگو ازکورو
Маурисио Пелегрино	ماوریسیو پیگرینو
Меҳрдоди	مهرداد
Саэс	سائس
Баграмян	باقرامیان
Бағдодӣ Маҳмудӣ	بغدادی محمودی
Масаси Кисимото	ماساشی کیشیموتو
Жоржи	ژورژه
Ленин Морено	لنین مورنو
Чоударй Чаран Синғ	چودهاری چاران سینگ
Раул Ластири	رائول لاستیری
Дуг Лишман	دوگ لیشمان
Чарлзи	چارلز،
Зико	زیکو
Абебе Бикила	آببه بیکیلا
Қобус ибни Саъид	قابوس بن سعید
Маркус Перейра Дус Сантос	مارکوس پریرا دوس سانتوس
Диего	دیگو
Озаргушнасп	آذرگشنسپ
Карим	کریم
Капитан	کاپیتائو
Ринкон	رینکون
Шопури	شاپور
Александр Ҳертсен	الکساندر هرتسن
Фернандес	فرناندز
Йоҳаннес Георг	یوهانس جرج
Роберт Барани	رابرت بارانی
Брамс	برامس
Родриго	رودریگو
Куэвас	کوئویس
Винс Хейз	وینس هی
Леонид Гурвич	لئونید هورویچ
Видя Балан	ویدیا بالان
Паулиню	پائولینیو
Меган Фокс	مگان فاکس
Ален Делон	آلن دلون
Армфилд	آرمفیلد
Рикардо Кавалканте Нендес	ریکاردو کاوالسنتی مندز
Рамзан Аҳмадович	رمضان قدیرف
Қубоди	قباد
Москера	مسکرا
Алтдорфер	آلتدورفر
Ре	ری
Дин Марни	دین مارنی
Алекс Пирс	آلکس پیرس
Франческу Коссига	فرانچسکو کسیگا
Хоселу	خوزه‌لو
Доминик Монаган	دومینیک مانهن
Эрнан Росси	هرنان روسی
Пол Бийя	پل بیا
Алӣ Обид	علی العابد
Арнолд Гелен	آرنولد گلن
Мария Мериан	ماریا مریان
Раул Ватес	رائول وتس
Лӣ Ҷонс	لی جونز
Крис Эванс	کریس ایوانز
Хотамӣ	خاتمی
Ноулс	نوولس
Анатоли Тарасов	آناتولی تاراسوف
Павон	پاون
Шихуанди	شی هوان
Имр Варади	ایمره وارادی
Гаргано	گارگانو
Рубен Соса	روبن سوسا
Блез Паскал	بلز پاسکال
Ярослав Ҳашек	یاروسلاو هاشک
Чавез	چاوز
Дини	دینی
Зебуннисо	زیب‌النسا
Эурелю Гонес	هیرلیو گومز
Кристиан Майкон Энинг	کریستین مایکون هنینگ
Эмили Бронте	امیلی برونته
Алексеевна	الکسی یوونا
Морикконе	موریکونه
Лукос	لوکاس
Алфред Гилман	آلفرد گیلمان
Иван Билибин	ایوان بیلیبین
Налдо	نالدو
Бузиаф	بوضیاف
Лукас Тилл	لوکاس تیل
Арос	آروس
Пётр Соколов	پیوتر سوکولوف
Валкотт	والکات
Тарар	تارر
Пол Гоген	پل گوگن
Веспуччи	وسپوچی
Мариу Мунтӣ	ماریو مونتی
Леонид Говоров	لئونید گوفوروف
Далиан Аткинсон	دالیان اتکینسون
Данило Неко	دانیلو نیکو
Нино	خوان
Фитс Холл	فیتز هال
Маркус Cенна	مارکوس سنا
Герлин Да Силва	گرلین دا سیلوا
Зиё Қоризода	ضیا قاری‌زاده
Ҷуканович	جوکانوویچ
Зе Элиас	زی الیاس
Бҳаскара	باسکارا
Исмоили	اسماعیل
Рене Флеминг	رنه فلمینگ
Фернандо Мартинес	فرناندو مارتینز
Луиз Флечер	لوئیز فلچر
Алексей Алексеевич	آلکسی آلکسیویچ
Роуз Бирн	رز بیرن
Нелсон Керкнер	نلسون کرچنر
Эрик Фернандо Боттегин	اریک فرناندو بوتگین
Иван Бунин	ایوان بونین
Майкл Бэй	مایکل بی
Лукас Пиазон	لوکاس پیازون
Антонӣ Еден	آنتونی ایدن
Ландау	لاندو
Пйер-Жан Беранже	پیر-ژان برانژه
Хилберто Пенайо	خیلبرتو پنایو
Диего Посо	دیه‌گو پوزو
Крӣ Саммер	کری سامر
Карлос Де Хесус	کارلوس دی جسوس
Томас Юнг	توماس یانگ
Айзек Азимов	آیزاک عظیموف
Эдвин Ҳаббл	ادوین هابل
Штрахе	اشتراخه
Йосип Броз Тито	یوسیپ بروز تیتو
Хуан Луис Мора	خوان لوئیس مورا
Неин	ناهین
Рубен Акоста	روبن آکوستا
Алексей Николаевич Толстой	آلکسیی نیکولایویچ تولستوی
Видал	ویدال
Адриан Лопес	آدریان لوپز
Кейт Бланшетт	کیت بلانشت
Емир Кустуритса	امیر کوستوریتسا
Дуду Парайба	دودو پارابیا
Грилпарсер	گریلپارزر
Владимир Кличко	ولادیمیر کلیچکو
Хуан Бернат	خوآن برنات
Бирюзов	بیریوزف
Луис Марин	لوییس مارین
Велингтон Сантос Да Силва	ولینگتون سانتوس دا سیلوا
Егор Гайдар	یگور گایدار
Ренан Маркес	رینان مارکز
Инйиго Велес	اینیگو ولز
Тирмизӣ	ترمذی
Анри	آنری
БО СЗЮЙ-И	پو چویی
Ҳарри	هری هوپر
Райскаб	رایسکوب
Холида Зиё	خالده ضیا
Аршаки	ارشک
Мануэл Росас	مانوئل روزس
Ралф Эмерсон	رالف امرسون
Мануэл Онву	مانوئل اونوو
Гросс	گروس
Хуанде Рамос	خوانده راموس
Герcон	ژرسون
Аксели Галлен-Каллела	آکسلی گالن-کاللا
Ромарио	روماریو
Сезар	سزار
Каммингс	کامینگز
Ян Флеминг	یان فلمینگ
Монк	مانک
Салма Ҳайек	سلما هایک
Титус Брэмбл	تیتوس برامبل
Рамирес	رامیرز
Габриэл Эгбонлахор	گابریل آگبونلاهور
Игор Габилондо	ایگور گابیلوندو
Дэвид Оспина	دیوید اوسپینا
Данило	دانیلو
Илдералдо Беллини	هیلدرالدو بلینی
Саломе Зурабишвилӣ	سالومه زورابیشویلی
Абдулқодири Гелонӣ	عبدالقادر گیلانی
Пирӯзи	پیروز
Ален Бадю	آلن بدیو
Дэвид Платт	دیوید پلات
Рӯдакӣ	رودکی
Озармидухт	آزرمی‌دخت
Унсайм	اونسایم
Шака Хислоп	شاکا هیسلپ
Нейл Банфилд	نیل بانفیلد
Бен Уоррен	بن وارن
Карлето	کارلیتو
Хуан Диего Гонсалес Вихил	خوان دیگو گونزالز-ویگیل
Карлос Дус Сантос	کارلوس دوس سانتوس
Волтер Герлох	والتر گرلچ
Адолф Дасслер	آدولف داسلر
Басов	باسوف
Хуан Мануэл Варгас	خوان مانوئل وارگاس
Денилcон	دنیلسون
Содиқи Ҳидоят	صادق هدایت
Ҳорунаррашид	هارون‌الرشید
Луис Солигнак	لوئیس سولیگاناک
Аҳмад Қодиров	احمد قدیروف
Исо ибни Салмон ал-Халифа	عیسی بن سلمان آل خلیفه
Хуан Аранго	خوان آرانگو
Пирри	مارتین
Киванч Татлитуғ	کیوانچ تاتلیتوغ
Ҷонни	جانی هاینز
Сантяго Остолаза	سانتیاگو اوستولاسو
Нейл Килкенни	نیل کیلکنی
Пералта	پرالتا
Саузуорт	ساوتورت
Фрэнк Барсон	فرانک بارسون
Меҳрдоди	مهرداد
Аугустус Фитзрой	اگوستوس فیتزروی
Раул Тамудо	رائول تامودو
Чианг Чинг-куо	چیانگ چینگ-کو
Грегсон-Уилямс	گرگسون-ویلیامز
Ғулом Исҳоқ Хон	غلام اسحاق خان
Гварди	گواردی
Рубен Умар Романо	روبن عمر رومانو
Микел Гонсалес Мартинес	میکل گونزالس مارتینز
Венсан Ориол	ونسان اوریول
Дейвид Брюстер	دیوید بروستر
Энрике	انریکه
Ҳу	هو
Дэвид Коза	دیوید سوسا
Aдриан Aлиaй	آدریان آلیای
Сунил Датт	سونیل دوت
Еядема	ایادیما
Эдисон Мендес	ادیسون مندز
Питер Рид	پیتر رید
Иван Уртадо	ایوان هورتادو
Вагнер	واگنر
Георгий Маленков	گئورگی مالنکوف
Кристие	کریستی
Дидак Вила	دیداک ویا
Фреди Гуарин	فردی گوارین
Иброҳим Аббуд	ابراهیم عبود
Мэтю Этерингтон	متیو اترینگتون
Даниэл Аяла	دنیل آیالا
Рамон Диас	رامون دیاز
Рамос	راموس
Алӣ Абдулло Солеҳ	علی عبدالله صالح
Эндрю Карнегӣ	اندرو کارنگی
Адриано Дус Сантос	آدریانو دوس سانتوس
Тяго Невес	تیاگو نوز
Един Ҷеко	ادین ژکو
Ҳаролд Макмиллан	هارولد مک‌میلان
Тумос Ҳордӣ	توماس هاردی
Ризо Паҳлавӣ	رضا پهلوی
Абумуслими Хуросонӣ	ابومسلم خراسانی
Пабло Дорадо	پابلو دورادو
Прието	پریتو
Мигел Овиэдо	میگل ابیدو
Карлос Марчена	کارلوس مارچنا
Абдурраҳмони	عبدالرحمن
Кент	کنت
Али Аҳмад	آل‌احمد
Ричард Крессвелл	ریچارد کرسول
Габриэл	گابریل
Клод	کلاود
Рубен Де Ла Ред	روبن د لا رد
Хесус Навас	خسوس ناواس
Хорхе Бава	خورخه باوا
Антонио Хассо	آنتونیو خاسو
Мунуа	مانووا
Кристиан Ансалди	کریستین انسلدی
Эрвин Скeля	اروین اسکلا
Фернандо Гаго	فرناندو گاگو
Хоан Роман	خوان رمان
Уилсон Пиасса	ویلسون پیازا
Матиас Фритзлер	ماتیاس فریتزلر
Берти Ми	برتی می
Виллем-Александр	ویلیام الکساندر
Абоқохон	اباقاخان
Мануэл Песудо	مانوئل پزودو
Александр Кержаков	آلکساندر کرژاکوف
Юҳо Кустӣ Паасикивӣ	یوهو کوستی پاسیکیوی
Томас Армстронг	توماس آرمسترانگ
Фумагалли	فوماگالی
Сандро Дус Сантос	ساندرو دوس سانتوس
Серхио Ромеро	سرخیو رومرو
Адан	آدوزینیو
Бернардо Алмирон	برناردو المیرو
Жорж Бидо	ژرژ بیدو
Гулзорилол Нанда	گلزار لعل ناندا
Дӯстмурод Саид	دوست‌مراد سعید
Хорхе Фоссати	خورخه فوساتی
Гарэт Барри	گرت بری
Витте	ویته
Георгиос Тситас	گئورگیوس تسیتاس
Хуан Хесус	خوان جیسوس
Воро	ورو
Маргарита Оду	مارگریت اودو
Мэтю Юпсон	متیو اوپسون
Энрике Корралес	انریکه کورالس
Эрнандес	هرناندز
Фил Янгхусбанд	فیل یانگ‌هازبند
Гренвил	گرینویل
Жузе Сорнӣ	ژوزه سارنی
Боб Уилсон	باب ویلسون
Вагиз Хидийатуллин	واگیز خیدیاتولین
Брайан Сингер	برایان سینگر
Мори	موری
Андерсон Полга	آندرسون پولگا
Карло Готси	کارلو گوتزی
Даниил Хармс	دانیل خارمس
Алвин Мартин	الوین مارتین
Олга Бознанска	اولگا بوزنانسکا
Донде	دوندی
Опомо	آپاما
Сергей Игнашевич	سرگئی ایگناشویچ
Гари Кэхилл	گری کیهیل
Соса	سوسا
Миршаймер	مرشهایمر
Бен Аффлек	بن افلک
Лафита	لافیتا
Романо	رومانو
Хуанма	یوانما
Оксана Гришук	اوکسانا گریشوک
Дэйв Бисант	دیو بیسنت
Ирина Алфёрова	ایرینا آلفیوروا
Алберино	آلبرینو
Мутанаббӣ	متنبی
Истахрӣ	اصطخری
Адриан Бербия	آدرین بربیا
Серер	سریر
Агуадо	اگوادو
Роберт Кочарян	روبرت کوچاریان
Да Коста	دا کوستا
Роберто Мота	روبرتو موتا
Абдуллоҳи Байзовӣ	عبدالله بیضاوی
Николас Лодейро	نیکولاس لودیرو
Пол Дешанел	پل دشانل
Василий Шукшин	واسیلی شوکشین
Абилдгаард	آبیلدگارد
Фриёпат	فریاپت
Сайф Алихон	سیف علی خان
Ришӣ Капур	ریشی کاپور
Ибан Зубяурре	ایبان زوبیاره
Дихан	دیهان
Фолу Билқосим	فالو بلقاسم
Валери Зиков	والری زیکوف
Адриано Басо	آدریانو باسو
Доминик	دکلو
Мурило	موریلو
Иршод	ارشاد
Чарлз Брокден Браун	چارلز براکدن براون
Фердинанд	فردیناند
Дэвид Лукас	دیوید لوکاس
Спитале	اسپیتاله
Динелcон	دینلسون
Насименто	ناسیمنتو
Гарсес	گارسس
Карлос Паредес	کارلوس پاردس
Антонио Камачо	آنتونیو کاماچو
Кубилас	کوبیلاس
Лес Фердинанд	لس فردیناند
Андерсон	آندرسون
Тсутуму Хата	تسوتومو هاتا
Девон Сава	دوون ساوا
Антон Шунин	آنتون شونین
Себастян Коутс	سباستین کواتس
Оливейра	اولیویرا
Дэвид Бэрроус	دیوید بوروس
Гирӣ	گیری
Хусукава	هوسوکاوا
Евгений Максимович	یوگنی پریماکوف
Габриэл Гарсия	گابریل گارسیا
Феликс Фор	فلیکس فوره
Монтеро	مونترو
Трэвор Фрэнсис	تروور فرانسیس
Мухтор валид Додоҳ	مختار ولد داداه
Ади Роша	آدی روخا
Хуан Калатаюд	خوان کالاتیو
Андре Роберто Да Силва	آندره روبرتو دا سیلوا
Ауртенече	اورتنتی
Габриэл Калдерон	گابریل کالدرون
Андрес Флеуркин	آندرس فلورکین
Мануэл	مانه
Микел Аранбуру	میکل ارانبورو
Леон Корт	لیون کرت
Оресте Корбатта	اورسته کورباتا
Том Уиттакер	تام ویتاکر
Лиам Лоуренс	لیام لارنس
Ману Дел Морал	مانو دل مورال
Вивианӣ	ویویانی
Габриэл Пинто	گابریل پینتو
Абубакри Шиблӣ	ابوبکر شبلی
Сидехара	شیده‌هارا
Майкл Кайтли	مایکل کایلی
Морена	مورینا
Хуан Карлос Унсуэ	خوان کارلوس اونزوئه
Яздгирди	یزدگرد
Абраҳам	آبراهام
Шозлӣ Бинҷадид	شاذلی بن جدید
Ҷен Домарски	یان دومارسکی
Симеоне	سیمئونه
Эмлин Хюз	املین هیوز
Бернардо Ромео	برناردو رومئو
Ботия	بوتیا
Сабурӣ	صبوری
Батиста Да Силва	باتیستا دا سیلوا
Хени	جنی
Юри Де Соуза	یوری دی سوزا
Чико	چیکو
Карлос Фернандес	کارلوس فرناندز
Стив Булл	استیو بول
Николас Гайтан	نیکولاس گایتان
Салвадор Капитано	سالوادور کاپیانو
Роландо Серрано	رولاندو سرانو
Олая	الوی
Мид	مید
Жуниню Кеаренсе	جونینیو سیرنسه
Лукас Поркар	لوکاس پورکار
Эдуардо Бериссо	ادواردو بریتزو
Роб Ҷонс	راب جونز
Афонcо Алвес	آفونسو
Перейра Насименто	پریرا ناسیمنتو
Сушил Куирало	سوشیل کویرالا
Фортес	فورتس
Фаурлин	فاورلین
Бернардо Домингес	برناردو دومینگز
Гари Макшеффри	گری مک شفری
Кап	کپ
Хуан Агудело	خوان آگودلو
Фернандан	فرناندائو
Вилйела	ویللا
Крейг Истмонд	کریگ ایستموند
Тайлер Мэйн	تایلر مین
Дэн Шнайдер	دن اشنایدر
Амансио Амаро	آمانسیو آمارو
Этел Лилиан	اتل لیلیان
Уқба ибни Омир	عقبه بن عامر
Баҳманёр	بهمنیار
Кевин Фоли	کوین فولی
Абад	اباد
Эдисон Флорес	ادیسون فلورس
Мамин	مامین
Колин Питс	کولین پیتس
Энрике Да Силва	هنریکه دا سیلوا
Бен Алнвик	بن النویک
Султонуддавла	سلطان‌الدوله
Родолфо Гамарра	رادولفو گامارا
Басиле	باسیله
Дуду Кеаренсе	دودو سیارانس
Мануэл	مانوئل
Аракӣ	آراکی
Мастроени	مسترونی
Фрэнсис Ли	فرانسیس لی
Герги Музaкa	گیرگی موزاکا
Де Мораэс Ненезес	د موراس منزس
Дс Уокер	دس واکر
Маттар	ماتار
Кристалдо	کریستالدو
Эктор Кумпитас	اکتور چومپیتاس
Рубен Рочина	روبن روچینا
Хави Вента	خاوی ونتا
Ники Хант	نیکی هانت
Евгений Гришин	یوگنی گریشین
Помпео	پومپئو
Дуглас Сантос Андраде Барбоза	داگلاس سانتوس آندراده باربوسا
Себастян Риэп	سباستین ریپ
Дэвид Хиллир	دیوید هیلیر
Де Оливейра Монтейро	د الیویرا مونتیرو
Уолтер Фернандес	والتر فرناندز
Арис	آریس
Кейн	کین
Грэм Робертс	گراهام روبرتس
Илёс Саркис	الیاس سرکیس
Одетс	اودتس
Оскар Гарре	اسکار گاره
Дерлис Гомес	درلس گومز
Гарсия	گارسیا
Роберт Кардашян	رابرت کارداشیان
Нолито	نولیتو
Колин Хендри	کولین هندری
Делй Валдес	دلی والدز
Даниэл Монтенегро	دانیل مونتنگرو
Иқбол	اقبال
Анатоли Маслёнкин	آناتولی ماسلیونکین
Луис Моловнй	لوییس مولونی
Фернандо Баiано	فرناندو بایانو
Дорлан Пабон	دورلان پابون
Делио Оннис	دلیو انیس
Де Анкиета Фонтана	فونتانا
Халилуллоҳ Халилӣ	خلیل‌الله خلیلی
Карлос Алкантара	کارلوس الکانتارا
Питер Томпсон	پیتر تامپسون
Хавйер Фаринос	خاویر فارینوس
Эван Питерс	ایوان پیترز
Да Коста Силва	دا کوستا سیلوا
Андреу Герао	اندرو گوئرو
Лукас Бернарди	لوکاس برناردی
Баҳоуддавла	بهاءالدوله
Карлос Мунйос	کارلوس مونیوس
Гидман	گیدمن
Крэддок	کردداک
Мори	موری
Дани Эрнандес	دانی هرناندز
Ориёмозес	آریامازس
Нелсон Диас	نلسون دیاس
Алессандро Фрихерио	الساندرو فریجریو
Андре Луиз Родригес Лопес	آندره لوئیز رودریگز لوپز
Брайан Марвуд	براین ماروود
Алекс Рафаэл Нескини	آلکس رافائل مسچینی
Алмейда Ҷуниор	آلمیدا جونیور
Хункоса	خوزه جانسا
Паулиню Ферейра	پائولینیو فریرا
Сардор Ортач	سردار ارتاچ
Кортес	کورتس
Клив Уокер	کلایو واکر
Филю	فیلو
Ли Хендри	لی هندری
Валдир Перес	والدیر پرس
Кристиан Вилагра	کریستین ویلاگرا
Роналд Ҳарвуд	رونالد هاروود
Рохас	روخاس
Баузани	بوزانی
Балдокши	بالدوکی
Кутбэрт Оттавей	کاتبرت اوتاوی
Том Ивс	تام اوز
Бисмиллоҳхон Муҳаммадӣ	بسم‌الله خان محمدی
Карлос Белвис	کارلوس بلویس
Карлос Мартинс	چیکئاون
Лукас Де Франческо	لوکاس د فرانچسکو
Ренато Порталуппи	ریناتو گوچو
Брэд Грей	برد گری
Алвим	آلویم
Рамон Миффлин	رامون میفلین
Алфред Гоф	آلفرد گوک
Луиз Жустино	لوئیز جوستینو
Эдмар Бернардес	ادمار برنارس
Фарҳоди Дарё	فرهاد دریا
Ҳайббс	هیبس
Сисинио	سی
Дилан О'Брайен	دیلن اوبرایان
Вилингтон Ортис	ویلینگتون اورتیس
Матиас Аберо	ماتیاس آبرو
Алан А'курт	آلن اکورت
Лима	لیما
Ҳигути	هیگوچی
Нестор Лоренсо	نستور لورنسو
Алексей Мамикин	الکسی مامیکین
Хусрави	خسرو
Ли Бернард	لی بارنارد
Контрерас	کانترریس
Алекс Грималдо	الکس گریمالدو
Корона	کرونا
Алексндре Силва Клейтон	آلکساندر سیلوا کلیتون
Томас Тучел	توماس توچل
Иглесяс	ایگلاسیاس
Патрик Ҳенри Брус	پاتریک هنری بروس
Маркус Пауло	مارکوس پائولو
Хавйер Фланйо	خاویر فلانو
Дэвид Стокдейл	دیوید استوکدیل
Гилермо Валори	گیلرمو واللوری
Бурим Кукeли	بوریم کوکلی
Пеннингтон	پنینگتون
Алберто Сосайя	آلبرتو زوزایا
Гусаров	گوساروف
Майкл Арройо	مایکل آرویو
Эдвин Валенсия	ادوین والنسیا
Милбёрн	میلبورن
Ривадавио	ریوا
Барбэр	باربر
Ҳэмилтон Ласкӣ	همیلتون لاسک
Федерико Магаланес	فدریکو ماگایانس
Лудуэня	لودوئنا
Шашмаз	شاشمز
Алек Линдси	الیک لیندزی
Дерек Фазаккерли	درک فاکرلی
Александр Маслов	الکساندر ماسلوف
Обина	اوبینا
Ҷувоншер	جوانشیر
Бинг	بینگ
Батиста Cантана	باتیستا سانتانا
Камоли Хуҷандӣ	کمال خجندی
Пол Родҷерс	پل راجرز
Кастор Кантеро	کاستور کانترو
Рис Браун	ریس براون
Бруно Галло	برونو گالو
Кондуэло Пирис	کندوئلو پریز
Адоти	ادوتی
Густаво Франкин Cкиаволин	گوستاوو فرانچین شیاولین
Носонсун	نیثنسن
Висенте Перес	ویسنته پرز
Велингтон Мартинс	ولینگتون مارتینز
Энрике Казаррета	انریکه چاسارتا
Михаил Куприйанов	میخائیل کوپریانوف
Маринато	ماریانتو
Бернаскони	برناسکونی
Котиню	کوتینیو
Рикеттс	ریکتس
Хименес	خیمنز
Томас Леннон	توماس لنون
Кайковус	کیکاووس
Алӣ Салим ал-Бейд	علی سالم البیض
Раудней Фрейре	رودنی فریر
Виллиан	ویلیان
Густаво Гомес	گوستاوو گومز
Кала	خوان
Пол Маккенна	پال مکنا
Пол Верлен	پل ورلن
Билли Бассетт	بیلی باست
Сапорити	ساپوریتی
Кларк Карлисл	کلارک کارلایل
Норман Купер	نورمن کوپر
Ачили	آچیلی
Юсуф Рабиев	یوسف ربیع‌اف
Марадона	مارادونا
Энилтон	انیلتون
Шон Баркер	شان بارکر
Пол Стюарт	پل استورت
Данило Cакраненто	دانیلو ساکرامنتو
Киселёв	کیسلیوف
Фидел Мартинес	فیدل مارتنیز
Корлус Монуел Орано Усуриу	کارلوس مانوئل آرانا اوسوریو
Холид ибни Валид	خالد بن ولید
Лукас Даниэл Вилкес	لوکاس دانیل ویلچز
Хавйер Ди Грегорио	خاویر دی گرگوریو
Жуан Алмейда Филю	ژوائو آلمیدا فیلو
Серхио	سوارز
Андреоло	آندرئولو
Алфредо Торрес	آلفردو تورس
Шон Дич	شان دایچ
Неутон	نیوتن
Ҳенрӣ	آنری
Себастян Ссиорили	سباستین سیوری
Уотсон	واتسن
Хорхе Оросман Да Силва	خورخه اوروسمان دا سیلوا
Фирӯзи Дайламӣ	فیروز دیلمی
Брилянте Да Коста	بریلهانته دا کاستا
Агата Кристӣ	آگاتا کریستی
Пертинӣ	پرتینی
Кей	کی
Марио Мартинес Рубио	ماریو مارتینز روبیو
Хави Маркес	خاوی مارکز
Хон	خان
Эмомалӣ Раҳмон	امامعلی رحمان
Браун	براون
Алан Томпсон	آلن تامپسون
Мэтю Бриггс	ماتیو بریگز
Родриго Кордеро	رودریگو کوردیرو
Абел Брага	آبل براگا
Энрике Мариано	هنریکه ماریانو
Ҳусайн ибни Алӣ	حسین بن علی
Зосимо	زوزیمو
Ҳусайн	حسین
Коидзуми	کویزومی
Одирлей Де Соуза Гаспар	اودیرلی دی سوزا گاسپار
Бобби Хасселл	بابی هاسل
Трэвор Черри	ترور چری
Лиам Росенайор	لیام روسنایر
Шон Муррай	شان مورای
Усмон	عثمان
Филип Де Соуза	فلیپ دسوزا
Леонид Потапов	لئونید پوتاپوف
Зайнаб бинти Ҷаҳш	زینب بنت جحش
Боливар	مازولی ای اولیویرا
Диого Cилвестре	دیاگو سیلوستره
Фрионе	فریونه
Карлос Ромеро	کارلوس رومرو
Бутрагенйо	بوتراگوئنو
Ҳоуптмон	هاوپتمان
Видарн	ویدرنه
Себастян Рамберт	سباستین رامبرت
Георгий Витсин	گئورگی ویتسین
Велингтон Де Коза	ولینگتون دی سوسا
Рустам Ҳамитов	رستم حمیدوف
Самад Вурғун	صمد وورغون
Соро Малдонадо	سارا مالدونادو
Карлос Андраде Соуза	کارلوس آندراده سوزا
Энрик Хенсана	انریک جنسانا
Магуайр	مگوایر
Стэн Ли	استن لی
Сергей	سرگئی
Хуан Эснайдер	خوان اسنایدر
Дэвид Каранка	دیوید کارانکا
Антонио Греко	آنتونیو گرکو
Эдвин Вилафуэрте	ادوین ویلافرته
Эрнст Генрих	ارنست بارلاخ
Эскивел	اسکیول
Том Кэрни	تام کرنی
Дэйв Ҷонс	دیو جونز
Дэвид Плит	دیوید پلیت
Нил	نیل
Асад	اسد
Виктор Курто	ویکتور کورتو
Зинат Амон	زینت امان
Будидормо	بودی‌دارما
Марям Мирзохонӣ	مریم میرزاخانی
Да Силва Фейтоза	دا سیلوا فیتوسا
Рене Кабрера	رنه کابررا
Лауреано	لور
Ҳокими Нишобурӣ	حاکم نیشابوری
Бредстрит	بردستریت
Марио Мартинес	ماریو مارتینز
Кристоф Виллибалд	کریستف ویلیبالد
Том Купер	تام کوپر
Менендес	منندس
Медина	مدینا
Лукас Косер	لوکاس کوسر
Андерссон	اندرسون
Даниэл Алберто	دنیل آلبرتو
Ти Миллер	تی میلر
Дин Виндасс	دین وینداس
Прадо	پرادو
Аллен	آلن
Диетер Эйлтс	دیتر آیلتس
Модӣ	ماد
Луис	لوئیسینیو
Роке Санта Круз	روکه سانتا کروز
Ли	لی
Гино Перусси	گینو پروتزی
Хулио Косси	خولیو کوزی
Нютон Томас Сигел	نیوتون توماس سیگل
Грей	گری
Сезар Аспиликуэта	سزار آزپیلیکوئتا
Игор Семшов	ایگور سمشوف
Антон Семёнович Макаренко	آنتوان سیمینوویچ ماکارنکو
Бессемер	بسمر
Фарҳоди	فرهاد
Хуан Карлос Валерон	خوان کارلوس والرون
Мартин Гудмен	مارتین گودمن
Тедди Дакуорт	تدی دوکورث
Лукас Лобос	لوکاس لوبوس
Брайдгвуд	بریگوود
Фараҳ Хон	فرح خان
Хуан Мата	خوان ماتا
Монтера Да Силва	مونترا دا سیلوا
Филд	فیلد
Дида	دیدا
Шерават	شراوات
Игнасио Соко	ایگناکیو
Ҳендерсон	هندرسون
Абулҳасан Банисадр	ابوالحسن بنی‌صدر
Мур	مور
Абуяъқуби Сиҷистонӣ	ابویعقوب سجستانی
ибни Моҷид	ابن ماجد
Леал	لیل
Алфонко Перес	آلفونسو پرز
Редкнапп	ردکاپ
Хатояма	هاتویاما
Фаруқ Лиғорӣ	فاروق لغاری
Абубакри Калободӣ	ابوبکر کلابادی
Нилам Санҷива Реддӣ	نیلم سنجیوا ردی
Гударзи	گودرز
Диего Агирре	دیگو آگیره
Парвиз	پرویز
Артюр Адамов	آرتور آدامف
Итсҳоқ Перлман	ایتسحاق پرلمان
Вилар	ویلار
Франсиел Энгемуле	فرانسیال هنگموله
Фарфан	فارفن
Жукемар	جوسیمار
Пауло Да Силва	پائول دارسیلوا
Жан Касимир-Периер	ژان کازیمیر-پریه
Сафии	صفی
Ф. Занук	اف. زانوک
Ҳайдар Абубакр Аттос	حیدر ابو بکر العطاس
Данило Гонес	دانیلو گومز
Хусрави	خسرو
Абуда	ابودا
Айтор Ларразабал	ایتور لارازابال
Дмитрий Муратов	دمیتری موراتوف
Ренан Вагнер	رینان واگنر
Иняки Беа	اینیاکی بی
Матабуэна	ماتابو نا
Валеро	والرو
Серхио	سرجیو
Леон	لئون
Ҳурмузи	هرمز
Кевин Дэвис	کوین دیویس
Эхидио Аревало	اخیدیو آروالو
Абдурраҳмон Ориёнӣ	عبدالرحمن الاریانی
Абел Эрнандес	ابل هرناندز
Хуан Мануэл Барриэнтос	خوان مانوئل بارینتوس
Шоҳ	شاه
Робсон	روبنسون
Алмейда	آلمیدا
Робсон	رابسون
Гари Мегсон	گری مگسون
Майкл Данна	مایکل دانا
Павел Александров	پاول الکساندروف
Чандра Шекхар	چاندرا شکهر
Монреал	مونرئال
Карека	کاریکا
Салвадор Кабаняс	سالوادور کابنس
Рон Шуарт	رون سوآرت
Гилермо Кастило	گیلرمو کاستیلو
Лима	لیما
Покури	پاکور
Карлос Хара Сагиер	کارلوس خارا ساگیر
Оскар Рохас	اسکار روخاس
Александр Беляев	الکساندر بلایف
Нахера	ناخرا
Шон Куммингс	شان کامینگز
Трэвор Стивен	ترور استیون
Оскар Кортес	اسکار کورتس
Вилф Маннайон	ویلف مانیون
Фиделис Режис	فیدلیس رجیس
Оскар Табуэнка	اسکار تابونکا
Эдвардс	ادواردز
Мзалӣ	مزالی
Ферейра Да Силва	فریرا دا سیلوا
Паинйо	پاهینیو
Дэвид Лопес	دیوید لوپز
Андерсон Коста	آندرسون کوستا
Кунди	کوندی
Уилсон Тяго	ویلسون ماتیاس
Андрей Лунёв	آندره لونف
Маркинюс	مارکوس
Алекс Да Силва	آلکس دا سلیوا
Камара Перейра	کامارا پریرا
Хесус Мария Сатрустеги	خسوس ماریا ساتروستگوی
Роберто Чале	روبرتو چایه
Хорди Лопес	جوردی لوپز
Том Брэдшав	تام برادشاو
Евгени Кузнетсов	یوگنی کوزنتسوف
Эрик Дир	اریک دیر
Валентини	والنتینی
Ойдин Мирзозода	آیدین میرزازاده
Ашкрофт	اشکرافت
Алфредо	آلفردو
Давлат Худоназаров	دولت خدانظرف
Рибейро	ریبریو
Марта Корредера	مارتا کوردره
Луис Техада	لوئیس تآدا
Онсари	اونزاری
Берглунд	برگلند
Латиф Раҳмон	لطیف رحمان
Стил	استیل
Бен Гордон	بن گوردون
Де Лима Соуза	دی لیما سوزا
Карлос Мунйос	کارلوس مونیوز
Барралес	بارالیس
Крис Клэрмонт	کریس کلیرمونت
Йгор Сантяго	ایگور سانتیاگو
Туто	توتو
Ариэл Лопес	آریل لوپز
Хавйер Зубилага	خاویر زوبیلاگا
Роҷопоксо	راجاپاکسا
Дуглас Секейра	داگلاس سکویرا
Данте Лопес	دانته لوپز
Маркус Нанг	مارکوس نانگ
Ривас	ریواس
Ҳэмптон	همپتن
Люис Чалмерс	لوئیس چالمرز
Бейли	بیلی
Грэм Александер	گراهام الکساندر
Фрэнк	فرانک
Руслан Нигматуллин	روسلان نیگمچلین
Фенвик	فنویک
Фёдор Смолов	فیودور اسمولوف
Карбони	کاربونی
Райт	رایت
Пол Фремптон	پل فرامپتون
Ибни Шотир	ابن شاطر
Эшли Хеммингс	اشلی همینگز
Дон Хоу	دون هاو
Пиер Черубино	پیر لوئیجی کروبینو
Мигел Ангел Лоайса	میگوئل آنخل لوایزا
Зарате	زاراته
Луис Рибера	لوئیس ریبرا
Эрик Фрейре Гонес	اریک فریر گومز
Мигел Алонсо	میگول آلونسو
Эмиел	امیل
Лиф	لیف
Эктор Вилчес	هکتور ویلچس
Тоҳир ибни Абдуллоҳ	طاهر بن عبدالله
Мануэл Рус	مانوئل روز
Кате	کاتی
Лима	لیما
Райан Кроутер	رایان کراوتر
Луис Раваскино	لوئیس راواچینو
Сулаймон	سلیمان
Луис Молинуэво	لوئیس مولینووو
Лора	لورا
Дэмиан Замохилнй	دامیان زاموگیلنی
Абдулқодири Бадоунӣ	عبدالقادر بن
Казарине	کازارینی
Лескано	لسکانو
Карлос Лламоса	کارلوس یامسا
Луиз Де Оливейра	لوئیز دی اولیویرا
Бағобухш	بغابوخش
Ян Хатчинсон	یان هاتچینسون
Игнасио Акукарро	ایگناسیو آچوکارو
Да Силва	دا سیلوا
Хави Герра	خاوی گوئرا
Перейра Да Силва	پریرا دا سیلوا
Олга Будина	الگا بودینا
Сала	سالا
Ромуло	رومالو
Кайлӣ Ҷеннер	کایلی جنر
Виктор Угарте	ویکتور اوگارته
Хуан Вайро	خوان ویرو
Хара	خارا
Майкл Маккаскер	مایکل مک‌کاسکر
Ҳаролд Стапли	هارولد استاپلی
Тед Харпер	تد هارپر
Перес	پرس
Хуан Хосе	خوان خوزه
Ла Пас	اوکلس
Игнасио Скокко	ایگناسیو اسکوکو
Кирон Фриман	کیرن فریمن
Лисардо Гарридо	لیساردو گاریدو
Ангел Ранхел	انگل رانگل
Хорхе Контрерас	خورخه کنترراس
Кастелани	کاستلانی
Ҳотифи Исфаҳонӣ	هاتف اصفهانی
Кенрик	کنریک
Андре Франсиско Уилямс Да Силва	آندره فرانسیسکو ویلیامز دا سیلوا
Маношин	مانوشین
Мигел Флорес	میگل فلورس
Муъин	معین
Матиас Алонсо	ماتیاس آلونسو
Нейл Аспин	نیل آسپین
Хуан Артола	خوآن آرتولا
Пабло Инсуа	پابلو عایشا
Пабло Менендес	پابلو منندز
Раул Торо	رائول تورو
Сaдику	سادیکو
Лима Де Мора	لیما دی مورا
Пинтос	پینتوس
Жосиел Ферейра Да Силва	ژوسیل فریرا دا سیلوا
Ричард Фолтс	ریچارد فولتس
Абумансури Муваффақ	ابو منصور موفق
Маркус Гонсалес	مارکوس گونزالس
Кевин Кэмпбелл	کوین کمپ‌بل
Робертс	رابرتس
Луис Мария Алфахеме	لوئیس ماریا الفاجمی
Маурисио	مائوری
Мирзо	میرزا
Игера	هیگرا
Туэрт	توارت
Дринквитер	درینکواتر
Сантяго Дения	سانتی‌دنیا
Алберто Кинтано	آلبرتو کینتانو
Крис Гатри	کریس گاتری
Антонио Барихо	آنتونیو باریخو
Каррил	کرل
Гамбоа	گامبوا
Силкок	سیلکوک
Мартин Карпан	مارتین کارپن
Курт Бернард	کورت برنارد
Марко Перес	مارکو پرز
Даниэл Силва Дус Сантос	دانیل سیلوا دوس سانتوس
Матин Акпинар	متین آکپینار
Мора	مورا
Форноки	فرناک
Питтони	ایتالیایی
Пинедо	پیندو
Сергей Шустиков	سرگئی شوستیکوف
Ферейра	فریرا
Паулиню	پائولو
Соҳайл Хон	سهیل خان
Раул Родригес	رائول رودریگز
Родриго Лопес	رودریگو لوپز
Михоил Нуъайма	میخائیل نعیمه
Луис Перейра	لویس پریرا
Андер Лафуэнте	اندر لافونته
Херонимо Барбадило	خرونیمو باربادیو
Де Алмейда Нето	دی آلمیدا نیتو
Де Оливейра Бернардо	دی اولیویرا برناردو
Пабло Каваррия	پابلو چاواریا
Матеус Лопес	ماتئوس دو کارمو لوپز
Лукас Мелано	لوکاس ملانو
Фигерас	فیگرس
Фигерас	فیگرس
Гастон Виет	گاستون ویت
Моҳир Зайн	ماهر زین
Леонел Морейра	لیونل موریرا
Лукас Симон	لوکاس سیمون
Карлос Ривера	کارلوس ریوه‌را
Алексндро Насименто	آلکساندرو ناسیمنتو
Мора	دا سیلوا مورا
Оскар Алварес	اسکار الوارز
Кико	کیکو
Роберто Ферреиро	روبرتو فریرو
Рамон Рос	رامون روس
Марк Валиенте	مارک ولینته
Фернандо Васкес	فرناندو واسکوئز
Рифоъа Таҳтовӣ	رفاعه طهطاوی
Владимир Бротко	ولادیمیر بورتکا
Нейл Грюкок	نیل گرفکاک
Мурaти	موراتی
Албертин Монтоя	آلبرتین مونتویا
Алекс Мораэс	آلکس مورایس
Куарентиня	کوارینچینیه
Леон	لئون
Дус Анжус	دوس آنجوس
Агустин Миранда	آگوستین میراندا
Алф Арроусмит	آلف ارواسمیت
Роб Лифелд	راب لایفلد
Дэвидсон Мораис	دیویدسون مورایس
Нано	نانو
Гилюрне Торрес	گیلرمه تورس
Сантяго Урqуяга	سانتیاگو اورکئیاگا
Раул Мунйос	رائول مونوز
Барзуя	برزویه
Торн	تورن
Хосе Наварро	خوسه ناوارو
Олег Гончаренко	اولگ گونچارنکو
Бенедикто Годой	بندیکتو گودوی
Родриго Агирре	رودریگو آگویره
Ашэрст	اشورست
Брайан Рабело	برایان رابلو
Рамон Морейра Лаге	ریمون موریرا لاگه
Александер Корешков	الکساندر کورشکوف
Ҳюго Велане	هوگو ولامه
Мигел Паленкия	میگل پالنسیا
Петрович Морозов	پتروویچ موروزوف
Крис Блэк	کریس بلک
Эрик Дей	اریک دی
Хуан Мануэл Вила	خوان مانوئل بییا
Галбиати	گالبیاتی
Айови	آیووی
Нур Фоттеҳоғлу	نور فتاح‌اوغلو
Исмоил Уртуби	اسماعیل اورتوبی
Флейтас	فلیتاس
Валтер Де Алмейда	والتر دی آلمیدا
Эвертон Жиованелла	اورتون جیووانیلا
Кангана Ранаут	کانگانا رانوت
Зубайда бинти Ҷаъфар	زبیده بنت جعفر
Виейра Да Круз	ویرا دا کروز
Уолтер Асеведо	والتر اسودو
Хули Гонсалво	خولی گونزالو
Пиа	پیا
Элй	الی
Гурни	گرنی
Филип Балой	فلیپه بالوی
Лагрека	لاگرکا
Сеоане	سوانه
Виейра Андраде	ویرا آندراده
Эднилcон	ادیمیلسون
Леонардо Феррел	لئوناردو فرل
Де Симоне	د سیمون
Роберто Мартинес	روبرتو مارتینز
Лукас Римолди	لوکاس ریمولدی
Кристиан Барони	کریستیان بارونی
Владимир Векслер	ولادیمیر وکسلر
Санс	سانز
Майдана	میدیانا
Адриано Росато	آدریانو روساتو
Валенсия	والنسیا
Борха Экиса	بورجا ایزا
Карвэр	کارور
Карлос Алфаро Морено	کارلوس آلفارو مورنو
Де Баррус Паулино	دی باروس پائولینیو
Хундакар Аҳмад	خنداکر احمد
Мораэс	مورایس
Гордон Вест	گوردن وست
Луис Виларреал	لوئیس ویارئال
Маркио Де Оливейра	مارسیو دی اولیویرا
Дус Сантос	دوس سانتوس
Гаррати	گرتی
Алтайр	آلتایر
Салинас	سالیناس
Вилмер Кабрера	ویلمر کابررا
Майк Марш	مایک مارش
Леонардо Пискулики	لئوناردو پیسکولیچی
Карека Бианкези	کاریکا بیاچنزی
Анатоли Илиин	آناتولی ایلیین
Бармакӣ	برمکی
Чарлз Люис	چارلز لوئیس
Абунасри Мансур	بونصر منصور
Дэйв Хардинг	دیو هاردینگ
Хоган	هوگن
Урярте	اوریارته
Авалос	آوالوس
Чарлз Буниан Ҷр.	چارلز بونیان جونیور
Зекиня	زکینیا
Бузург	بزرگ
Абулфазли Байҳақӣ	ابوالفضل بیهقی
Луис Гаристо	لوئیس گاریستو
Агустин	آگوستین
Ларангейра	لارانگیرا
Виктор Де Албукерке Бруно	ویکتور دی آلبوکوئرکو برونو
Эфрейм Лонгуорт	ایفریم لنگورت
Ирис	ایریس
Коста	کوستا
Стив Ловелл	استیو لاول
Моралес	مورالس
Энтони Де Авила	آنتونی د آویلا
Майкл Ҳайгдон	مایکل هیگدون
Спенсер Бассетт	اسپنسر باست
Илиё Абумозӣ	ایلیا ابوماضی
Иброҳим ибни Синон	ابراهیم بن سنان
Борха Гонсалес	بورجا بستون
Нетто	نتو
Дэвид Энрикес	داوید انریکس
Родриго Нунйес	رودریگو نونیز
Жилмар Попока	ژیلمار پوپوکا
Геррон	گوئرون
Галера Флорес	گالرا فلورس
Рафаэл Оларра	رافائل اولارا
Карлинюс Парайба	کارلینیوس پارابیا
Йтало	یتالو
Виникиус Да Силва	وینیسیوس دا سیلوا
Андрес Ролдан	آندرس رولدان
Лонгас	لانگاس
Ибни Қалонисӣ	ابن قلانسی
Висенте Гилот	ویسنته گیللو
Лима Дус Сантос	لیما دوس سانتوس
Рубен Маркос	روبن مارکوس
Хуанми Калехон	خوانمی کالجن
Нунес	نونس
Абдуллоҳ ибни Муҳаммад	عبدالله بن محمد
Аумада	آئومادا
Рон Станифорт	رون استنیفورت
Леонел Пилипаускас	لئونل پیلیپاوسکاس
Хосе Мария Белаусте	خوسه ماریا بلائوستره
Алехандро Герра	آلخاندرو گوئرا
Де Касас	دی کازاس
Луиз Да Силва Оливейра	لوئیز دا سیلوا اولیویرا
Бабу	بابو
Роберто Каппарели	روبرتو کاپارلی
Адам Оливер	آدام الیور
Ади Смит	ادی اسمیت
Хуан Карлос Эредия	خوان کارلوس هردیا
Кевин Гиббенс	کوین گیبنز
Карлос Арано	کارلوس آرانو
Алекс Бергантинйос	الکس برگانتیوس
Андерсон Нунес	آندرسون نونس
Боб Уиллис	باب ویلیس
Ферейра Де Матус	فریرا دی ماتوس
Тони Ваайтрс	توونی ویتر
Кэмселл	کمسل
Сону Суд	سنو سود
Алек Гаскелл	الک گسل
Алехандро Бехарано	الخاندرو بجارانو
Андерсон Да Куня	آندرسون دا کانیا
Андрес Франсоия	آندرس فرانزویا
Энди Портер	اندی پورتر
Луис Кампос	لوییس کمپس
Уолтер Корбо	والتر کوربو
Хорхе Мартинес	خورخه مارتینز
Рохас	روخاس
Биумонт Асквит	بومونت آسکوئیث
Денс Да Силва	دنیس دا سیلوا
Абдулҳамид	عبدالحمید
Баҳман	کَی‌بهمن
Миллер	میلر
Брайан Сток	برایان استاک
Коудет	کودت
Овусу	اووسو
Артур Тейксира	آرتور تیشیرا
Алдо Пой	آلدو
Антонио Гедер	آنتونیو فلاویو
Дилшодхотун	دلشاد خاتون
Алексей Анатолевич Козлов	الکسی آناتولیویچ کوزلوف
Илёс ибни Асад	الیاس بن اسد
Ренан	رینان
Генри Курсхэм	هنری کورشام
Жилберто Макена	گیلبرتو ماسینا
Де Абреу Ферейра	دی آبرئو فریرا
Интерсисус	اینترسیسوس
Педро	پدرو
Пирилло	پیریلو
Александер Домингес	الکساندر دومینگز
Игнасио Прието	ایگناسیو پریتو
Састре	ساستر
Бюлюкбaши	بیلیکباشی
Алтамирано	آلتامیرانو
Чарли Уилсон	چارلی ویلسون
Крис Бакон	کریس بیکن
Алӣ Аминӣ	علی امینی
Мэтт Миллс	مت میل
Роберто	روبرتو
Ромеро	رومرو
Кросс	کراس
Мануэл Зунйига	مانوئل زونیگا
Бернард Ҷонс	برنارد جونز
Гандула	گاندولا
Стид	استید
Биссекер	بیسکر
Катала	کاتالان
Андерсон Дус Сантос	آندرسون دوس سانتوس
Питер Андерсон	پیتر اندرسون
Энтони Стрейкр	آنتونی استراکر
Карвалю Да Силва	کاروالیو دا سیلوا
Себастян Ператта	سباستین پراتا
Осӣ Раҳбонӣ	عاصی رحبانی
Веббер	وبر
Ренан Бресcан	رنان برسان
Николас Медина	نیکولاس مدینا
Маркус Жуниор	مارکوس جونیور
Алекс	آلکس
Педро Сингоне	پدرو زینگونه
Дaшнор Бaязити	داشنور بایازیتی
Амели	املی
Адам Блейкман	آدام بلیکمن
Алберт Макинрой	آلبرت مکینروی
Алекс Де Азеведо Терра	آلکس ترا
Кевин Бартлетт	کوین بارتلت
Антонйито	آنتونیو
Вини Дантас	وینی دانتاس
Куртис Флеминг	کورتیس فلمینگ
Амир Бӯриевич	امیر قاروقلوف
Энди Ли	اندی لی
Манел	منال
Артур Колдвелл	آرتور کالدول
Артур Кунлифф	آرتور کانلیف
Миллер	میلر
Ҳабиб Раҳмон	حبیب رحمان
Сипанди Самарқандӣ	سپندی سمرقندی
Бело Амиго	بلو امیگو
Корона	کورونا
Филлипс	فیلیپس
Берт Паддингтон	برت پدینگتون
Билл Ливерс	بیل لیورز
Кроу	کرو
Рамон Астудило	رامون استودیو
Эустасио Чаморро	اوستاسیو چامورو
Хосе Миракка	خوسه میراکا
Диего Калво	دیه‌گو کالوو
Абдуллатиф	عبداللطیف
Абдулқодир бин Салоҳ	عبدالقادر بن صالح
Арчер	آرچر
Витория	ویتوریا
Торрес	تورس
Ник Пикеринг	نیک پیکرینگ
Мигел Фалкон	میگل فالکن
Андре Да Силва	آندره دا سیلوا
Карлос Перес	کارلوس پرز
Иван Малон	ایوان مالن
Ҳаролд Бейли	هرلد بیلی
Марсело Рамиро Камако	مارسلو رامیرو کاموچو
Ренато Кажа	ریناتو کاجا
Брэдли Дэк	بردلی دک
Бруно Ненезес	برونو مندز
Мансури Нӯҳ	منصور سامانی
Довуди Зоҳирӣ	داوود ظاهری
Эдилcон Да Силва	ادیلسون دا سیلوا
Ориол Росел	اوریول روسل
Хуан Торена	خوان تورنا
Луис Эрнан Алварес	لوئیس هرنان آلوارز
Леонардо Наварро	لئوناردو ناوارو
Игор Смолников	ایگور اسمولنیکوف
Филип Гарсия	فیلیپه گارسیا
Дурстон	دورستون
Гевин Пикок	گوین پیکوک
Пиер Коффин	پیر کافین
Тобар	توبار
Мартин Добсон	مارتن دابسن
Эндрю Милн	اندرو میلن
Раул Камара	رائول کامارا
Романо	رومانو
Аслон	اصلان
Питер О'доуд	پیتر ادود
Ян Маккей	یان مکی
Рэй Чарнли	ری چارنلی
Саул Берхон	سائول بریون
Сол Дэвис	سول دیویس
Майли Флэнеген	میل فلاناگان
Ваҳрам Кеворкиан	واهرام گوورکیان
Андерсон Оливейра Алмейда	آندرسون اولیویرا آلمیدا
Кепа Аррисабалага	کپا آریزابالاگا
Дарио Скотто	داریو اسکوتو
Роберто Брун	روبرتو بروم
Сеттл	ستل
Арон Крессвелл	آرون کرسول
Абуисҳоқи Шерозӣ	ابواسحاق شیرازی
Адриан Уилямс	آدریان ویلیامز
Хуан Арремон	خوان آرمون
Перси Уолтерс	پرسی والترز
Тейксира Дантас	تیکسیرا دانتاس
Рамон Марсал	رامون مارسال
Хуан Фернандес	خوان فرناندز
Дэвид Пирри	دیوید پری
Рам Чаран	رام چاران
Хокин Эспарса	یوکین اسپارزا
Раул Гарсия	رائول گارسیا
Ризо Киёниён	رضا کیانیان
Роберто Сйвика	روبرتو زیویسا
Раул Валбуэна	رائول والبینا
Ферейра Назаре	فریرا نازاره
Алтан Дузятон	آلتان دوزیتان
Таҳия Козим	تحیه محمدکاظم
Масъуд Кимиёӣ	مسعود کیمیایی
Зе Эдуардо	زی ادواردو
Кауе Да Силва	کائو دا سیلوا
Крис Гэннон	کریس گانون
Алфредо Санчес	الفردو سانچز
Карберри	کاربری
Марсело Бартиксиотто	مارسلو بارتیچیوتو
Пол Кук	پل کوک
Калдерон	کالدرون
Алексей Серебряков	الکسی سربریاکوف
Делгадо	دلگادو
Александр Минайев	الکساندر مینایف
Алонсо	الونسو
Байгорри	بایگوری
Пруден	پرودن
Гамборена	گامبورنا
Зуайтс Гурручага	زهایتس گوروتسگا
Эдуардо Наварро	ادواردو ناوارو
Роберто Делгадо	روبرتو دلگادو
Артур Доррелл	آرتور دورل
Хосе Мария Лавале	خوسه ماریا لاوایه
Риварола	ریوارولا
Де Карвалю Родригес	ده کاروالیو رودریگیز
Виктор Алварес	ویکتور الوارز
Владислав Иванов	ولادیسلاو ایوانوف
Акпан	آکپان
Луис Капон	لوئیس کاپون
Хесус Ангой	خسوس آنگوی
Бертоли	برتولی
Рамон Галего	رامون گالگو
Энрике Де Андраде Амарал	هنریکه دی آندراده آمارال
Энрике Ортис	انریکه اورتیز
Хавйер Мунйос	خاویر مونیوس
Сезар Лайнес	سزار لینز
Фран Рико	فرن ریکو
Стюард	استوارد
Абекасис	ابکاسیس
Мас	ماس
Эспина	اسپینا
Хуан Мануэл Торрес	خوان مانوئل تورس
Урдинаран	اوردیناران
Аргойтия	ارگویا
Хесус Беррокал	خسوس بروکال
Редондо	ردوندو
Ломбарди	لومباردی
Сергей Салников	سرگی سالنیکوف
Эдвалдо	دیدا
Сотил	سوتیل
Висенте Ревелон	ویسنته رویون
Сезар Куэто	سزار کوئتو
Стюарт Грей	استوارت گری
Луис Алой	لوئیس آلوی
Руперт Андерсон	روپرت اندرسون
Бертол	برتول
Даниэл Перес	دنیل پرز
Дарио Кахаравила	داریو کاجاراویلا
Дин Чендлер	دین چندلر
Галван	گالوان
Александр Маркаров	آلکساندر مارگاروف
Сиркар	سرکار
Ҷонсон	جانسون
Рохо	روخو
Ашмит Пател	آشمیت پاتل
Алессcандер Де Азередо	آلکساندر دی آزیریدو
Притам Чакрабортӣ	پریتام چاکرابورتی
Кол	کول
Хесус Арангурен	خسوس ارانگورن
Мануэл Торрес	مانوئل تورس
Мигел Сегура	میگل سگورا
Николас Тагляфико	نیکولاس تاگلیافیکو
Адриано Cпадото	آدریانو اسپادوتو
Адам Локвуд	آدام لاکوود
Ирсиг	هیرسیگ
Том Бакстэр	تام باکستر
Родригес	رودریگز
Андерсон	اندرسون
Окампо	اوکامپو
Денис Милар	دنیس میلار
Сертуча	سرتوچا
Ғиёсуддин Муҳаммад	غیاث‌الدین غوری
Карвалю	کاروالیو
Эли Флетчер	الی فلچر
Куэлю	کوئلیو
Серменйо	سرمنیو
Шимвелл	شیمول
Эдмунд Ир	ادموند ایر
Сергей Александрович Приходко	سرگئی الکساندروویچ پریخودکو
Абулҳасани Омирӣ	ابوالحسن عامری
Фрэнк Гриффин	فرانک گریفین
Фрэд Чаплин	فرد چپلن
Фрэд Дэвис	فرد دیویس
Мануэл Фернандес	مانوئل فرناندز
Фернандо Карвало	فرناندو کاروایو
Алекс Мораэс	آلکس مورایس
Юозас Будрайтис	یوئزاس بودریتیس
Муиззӣ	معزی
Соуза	سوزا
Рэй Пойнтер	ری پوینتر
Фёдор Римша	فیودور ریمشا
Адам Муррай	آدام مورای
Уолтер Каннеманн	والتر کانمن
Энтони Гриффит	انتونی گریفیث
Белман	بلمن
Агилар	اگیلار
Ренан Реутер	رینان روتر
Гари Финли	گری فینلی
Рейкс	رایکس
Арон Скелтон	آرون اسکلتون
Адолфо Бейнс	ادولفو بینز
Афолаби Обафеми	افولابی اوبافمی
Алберт Пейҷ	آلبرت پیج
Алберт Шерс	برت شیرز
Артур Борн	آرتور بورن
Ашиш Чаудҳарӣ	آشیش چادهاری
Марк Дудли	مارک دادلی
Мануэл Эрреро	مانولو هررو
Пиндадо	پیندادو
Хуанма	یوانما
Балби	بالبی
Айрес	آیرس
Кинси	کینزی
Карвахал	کارواخال
Самперио	سامپریو
Саломон Назар	سالومون ناسار
Кристиан Гомес	کریستیان گومز
Роберт Саполски	رابرت ساپولسکی
Бонет	بونت
Абеди	آبیدی
Алан Дугдейл	آلن دوگدیل
Алберто Фанеси	آلبرتو فانزی
Алф Вест	آلف وست
Монкур	مونکور
Артуро Реверте	ارتورو رودریگز
Хуан Вилар	خوان ویلار
Брайан Сармиэнто	برایان سارمینتو
Франсиско	فرانسیسکو
Абдулазизхон	عبدالعزیزخان
Арон Браун	آرون براون
Арон Ҷонс	آرون جونز
Энди Сирус	اندی سایرس
Ҳаролд Гоф	هارولد گوگ
Ҳарри Эбботт	هری ابوت
Тяго Алвес	تیاگو آلوز سلز
Матео	ماتئو
Кулебрас	کولبرا
Кок	کوک
Дэвид Гомес	دیوید گومز
Асенсио	اسن
Луис Перес	لوئیس پرز
Берт Ҷонсон	برت جانسون
Кокбэрн	کوکبرن
Миерскоф	مایرسکا
Билли	بیلی بل
Билли Кенни	بیلی کنی
Раул Фустер	رائول فوستر
Адам Чапман	آدام چپمن
Агустин Каттанео	آگوستین کاتانئو
Алан Скиртон	آلن اسکیرتون
Алберт Смит	آلبرت اسمیت
Гурмит Чаудҳарӣ	گورمیت چودهاری
Вера	ورا
Арчибалд Роулингс	آرچیبالد راولینگز
Арчи Кларк	ارچی کلارک
Бундорӣ	بنداری
Энрикес	انروکز
Маҳдӣ Покдил	مهدی پاکدل
Аҳмади Наҳовандӣ	احمد نهاوندی
Муҳташами Кошонӣ	محتشم کاشانی
Айтор Нунйес	ایتور نونیز
Аленан	آلمائو
Артур Григорян	آرتور گریگوریان
Чарли Бишоп	چارلی بیشاپ
Марин Мартир	مارین مارتیر
Силва Батута	سیلوا باتوتا
Сеговия	سگوویا
Камол Алиспоҳич	کمال آلیسپاهیچ
Рудиcон	رودیسون
Карл Эри	کارل آیری
Морант	مورانت
Томас Оляс	توماس اولیاس
Берт Миллард	برت میلارد
Синотруки	سیناتروک
Дейл	دیل
Энди Иро	اندی آیرو
Да Силва Сантос	دا سیلوا سانتوس
Надрмуҳаммад	ندرمحمد
Воланс	والانس
Карлос Виейра	کارلوس ویرا
Наршахӣ	نرشخی
Крис Болдер	کریس بولدر
Клод Уилсон	کلود ویلسون
Райт	رایت
Виктор Родригес	ویکتور رودریگز
Калум	کالم
Хулио Маркант	خولیو مارچانت
Симпсон	سیمپسون
Брайан Биван	برایان بیوان
Иосу Иглесяс	یسو ایگلسیاس
Хуан Салвадор Риссо	خوان سالوادور ریزو
Оливейра Силва	اولیویرا سیلوا
Исаак Осеха	ایزاک اوشیا
Агустин Фернандес	اگوستین فرناندز
Алан Дики	آلن دیکی
Алан Лэмб	آلن لمب
Алан Смит	آلن اسمیت
Армстронг	آرمسترانگ
Грант	گرانت
Кирил Ходҷес	سیریل هوجز
Дави Ранкан	داوی رانکان
Дэвид Корк	دیوید کورک
Кристиан Мила	کریستین میلا
Фрэнк Карродус	فرانک کاردوس
Бруно Уррибарри	برونو اوریباری
Карлос Луго	کارلوس لوگو
Муродов	مرادف
Бруно Cисилиано	برونو سیسیلینیو
Аргус	آرگوس
Эшли Гримс	اشلی گریمز
Эдвардс	ادواردز
Викерс	ویکرز
Дей	دی
Варди	واردی
Нейл Даннс	نیل دانز
Эйден Даффи	آیدین دافی
Франко	فرانکو
Маркос Гулон	مارکوس گولون
Дитмaр Битсaй	دیتمار بیکای
Даниэл Френч	دانیل فرانسوی
Кеннет	کنت
Чарли Геллатли	چارلی گالتلی
Крис Дэнгерфилд	کریس دانگرفیلد
Сезар Ферейра Коста	کوستا
Берт Коулман	برت کولمن
Билли Феллаус	بیلی فلوز
Дункан	دانکن
Китли	کیتلی
Карри	کوری
Ҷон Муррай	جان مورای
Алехандро Лопес	الخاندرو لوپز
Эдуардо Пукета	ادواردو پوچتا
Филип Кампанюли Мартинс	فیلیپه کامپانولی مارتینز
Кристиан Лема	کریستین لما
Боб Чемберс	باب چمبرز
Питер Аллен	پیتر آلن
Рафаэл	فلو
Дуг Аллдер	داگ آلدر
Шиа ас-Судонӣ	شیاع السودانی
Диони	دیونیزیو
Морено	مورنو
Хуан Канйете	خوان کانیته
Рич Мур	ریچ مور
Блай	بیلی
Брайан Фарли	برایان فارلی
Андрей Акимов	آندری آکیموف
Да Силва Араужо	دا سیلوا آراخو
Хуан Мануэл Кобели	خوان مانوئل کوبلی
Алан Коннелл	آلن کانل
Эрнест Саруханянтс	ارنست ساروخانیانتس
Эрни Гиллатт	ارنی گیلتوت
Иван Ания	ایوان انیا
Филип	فیلیپه
Ферейра	فریرا
Эрни Ҳайн	ارنی هین
Денни Батт	دنی بات
Дин Парретт	دین پارت
Кэн Чапман	کن چپمن
Бэмбер	بامبر
Арон Чалмерс	آرون چالمرز
Адам Коллин	آدام کالین
Алан Спэвин	آلن اسپاوین
Хуан Карлос Кароне	خوان کارلوس کرون
Кей Кей Менон	کی کی منون
Пауло Да Силва	پائولو دا سیلوا
Энтони Барнесс	آنتونی بارنس
Силва	سیلوا
Соуза Де Оливейра	سوزا دی اولیویرا
Гарэт Стокер	گرت استوکر
Суҳравардӣ	سهروردی
Вале	واله
Юсуфи Ҳамадонӣ	یوسف همدانی
Андре Оливейра Фариас	آندره اولیویرا فاریاس
Энди Гортон	اندی گورتون
Ли Купер	لی کوپر
Артур Аткин	آرتور اتکین
Қазвинӣ	قزوینی
Аҳлии Туршезӣ	اهلی ترشیزی
Бейтман	بیتمن
Карлсон	کارلسون
Уилямс	ویلیامز
Браун	براون
Феликс Да Силва	فلیکس دا سیلوا
Адам Дугдейл	آدام دوگدیل
Алберт Картер	آلبرت کارتر
Крейг Эдвардс	کریگ ادواردز
Кристиан Кабрал	کریستیان کابرال
Алан Гудол	آلن گودال
Алекс Да Круз	آلکس دا کروز
Алекс Мичан	الکس میچان
Майкл Барнс	مایکل بارنز
Ли Даффи	لی دافی
Гест	گست
Ломас	لوماس
Дэрил Годболд	داریل گادبولد
Нерй Франко	نری فرانکو
Али Гибб	علی گیب
Эмануэл Луна	امانوئل لونا
Дэйв Симмонс	دیو سیمونز
Дэвид Прайс	دیوید پرایس
Райан Мейсон	رایان میسون
Бен Смит	بن اسمیت
Бернард Флеминг	برنارد فلمینگ
Сурхоби	سهراب
Боб Киддл	باب کیدل
Кунлифф	کانلیف
Арчи Митчелл	آرچی میچل
Артур Экклестон	آرتور اکلستون
Хуанми	خوان
Юпи	یوپی
Обика	اوبیکا
Гримвуд	گریم‌وود
Зарате	زاراته
Дэйв Смит	دیو اسمیت
Дик Кравшав	دیک کراوشاو
Карр	کار
Вебб	وب
Гуиди	گویدی
Эдмар Фигуейра	ادمار فیگوئرا
Аҳмад Ъалии Ъаҷмӣ	احمد علی العجمی
Хуанито	خوانیتو
Брайан Бирч	برایان برچ
Майк Бейли	مایک بیلی
Пеня	پنیا
Марк Боннер	مارک بونر
Алан Гровс	آلن گرووز
Переа	پیریا
Алберто Эрнандес	البرتو هرناندز
Энди Феррелл	اندی فرل
Луис Фариня	لوئیس فارینا
Аури Фаустино	آئوری فائوستینو
Бурзофара	برزافره
Карлос Гарсия	کارلوس گارسیا
Эдуардо Коста	ادواردو کوستا
Грег Кэмпбелл	گرگ کمپل
Чарли Саттертваайт	چارلی سترتوایت
Смит	اسمیت
Биннур Кая	بیننور کایا
Боб Мортон	باب مورتون
Рамос	راموس
Докал	داکال
Роберто Гарсия	روبرتو گارسیا
Коп	کوپ
Арчи Бейс	آرچی بیز
Артур Бидсуорт	آرتور بیدزورث
Артур Ҷонс	آرتور جونز
Вашингтон Оливера	واشینگتون اولیورا
Браво	براوو
Риус	ریوس
Клив Колбридҷ	کلایو کولبریج
Ҷонсон	جانسون
Эвертон Да Силва Оливейра	اورتون دا سیلوا اولیویرا
Флавио Рато	فلاویو آگوستو
Мигел Прието	میگوئل پریتو
Каппер	کاپپر
Бруно Cузуки	برونو کاستانیرا
Карлос Алберто Де Лима	کارلوس آلبرتو دی لیما
Карлос Де Оливейра Алвес	کارلوس دی اولیویرا آلوز
Алан Ҳайгнетт	آلن هیگنت
Ферейра Леонардо	فریرا لئوناردو
Алекс Родс	الکس رودز
Пиола	پیولا
Андерсон Акино	آندرسون آکوئینو
Андерсон Перейра	آندرسون پریرا
Энди Эдвардс	اندی ادواردز
Анибал Доменегини	آنیبال دومنگینی
Марк Тёрнер	مارک ترنر
Мартин Данн	مارتین دان
Мэтю Хомер	متیو هومر
Том ДеСанто	تام دی‌سانتو
Дики Дэвис	دیکی دیویس
Бен Нагент	بن نوجنت
Маноло Перес	مانولو پرز
Билли Уилямс	بیلی ویلیامز
Анзоур Нафаш	انزور نفش
Кирил Бриггс	سیریل بریگز
Грин	گرین
Даниэл Густаво Руис	دنیل گوستاوو رویز
Креранд	کرند
Саҳар Қурайшӣ	سحر قریشی
Карлос Кабалеро	کارلوس کابایرو
Томас Винсенти	توماس وینسنتی
Нейл Уилкинсон	نیل ویلکینسون
Эшли Чемберс	اشلی چمبرز
Остин Беркли	آستین برکلی
Фелман	فلمن
Нестор Сусаэта	نستر سوساتا
Гилюрне Вейсейнер	گیلرمو ویشیمر
Брайан Басон	برایان باسون
Доминик Грин	دومینیک گرین
Дуг Ливермор	داگ لیورمور
Адам Гросс	آدام گروس
Алан Бэнкс	آلن بانکس
Александр Иванов	الکساندر ایوانف
Гари Чилдс	گری چایلدز
Ҷорҷ Асхол	جورج اشال
Дуглас	داگلاس
Фореман	فورمن
Бейкер	بیکر
Дерек Давкинс	درک داوکینز
Да Силва Нерй	دا سیلوا نری
Колин Брайттан	کالین بریتان
Крейг Шейкспер	کریگ شکسپیر
Берт Харрис	برت هریس
Билл Кэтон	بیل کیون
Дикин	دیکین
Фелтон	فلتون
Уотсон	واتسن
Абулҳорис Муҳаммад	ابوالحارث محمد
Карлос Заната Амато	کارلوس زاناتا آماتو
Мария Пеня	ماریا پنیا
Юсуф Чим	یوسف جم
Зиэлински	زیلینسکی
Ашли	اشلی
Дайсон	دایسون
Боу	بو
Бэмфорд	بامفورد
Эдвард Кросс	ادوارد کراس
Эдвард Кристиан	ادوارد کریستین
Бранстон	برانستون
Адриан Маия	آدریان محیا
Алан Грей	آلن گری
Алек Крофт	الک کرافت
Ҳарри Уилямс	هری ویلیامز
Маури	مائوری
Даниэл Колиндрес	دنیل کولیندرس
Даррен Бофи	دارن بوگی
Дэвид Ли	دیوید لی
Кристиано Авалус	کریستیانو آوالوز
Даниэл Перейра	دنیل پریرا
Брэдли	بردلی
Дэвид Батлер	دیوید باتلر
Дэвид Медина	دیوید مدینا
Кико Рамирес	کیکو رامیرز
Ян Аркврайт	ایان آرکرایت
Икер Габарайн	ایکر گابرین
Барретт, Ҷр.	بارت جونیور
Алберт Яге	البرت یاگو
Силва	سیلوا
Чарли Хюитт	چارلی هیوت
Хавйер Флорес	چخو
Крис Буш	کریس بوش
Флейвлл	فلاول
Хавйер Лус	خاویر لوکس
Лингард	لینگارد
Фернли	فارنلی
Андрес Кавес	آندرس چاوز
Энди Фенсам	اندی فنزوم
Ариэл Брогхи	آریل بروگی
Фил Сейвнер	فیل کاونر
Крейг Армстронг	کریگ آرمسترانگ
Фернандес	فرناندز
Маркос Валес	مارکوس ولس
Хуан	خوان
Бэнкс	بنکس
Бакеро	باکرو
Карлос Пеня	کارلوس پنا
Карлос Руис	کارلوس رویز
Бен Фэрклоф	بن فرکلاف
Сандро	ساندرو
Билл Ходдер	بیل هادر
Моулд	مولد
Эйди	ادی
Астон	آستون
Престон Эдвардс	پرستون ادواردز
Фрэнк Энглефилд	فرانک انگلفیلد
Кирон Форбс	کیرون فوربس
Гари Беннетт	گری بنت
Раул Валенсия	رائول والنسیا
Добсон	دوبسون
Раҷабов	رجبوف
Мартини	مارتینی
Паскуал Бабилони	پاسکوال بابیلونی
Пол Гиббс	پل گیبس
Ҷастин Эдинбург	جاستین ادینبورو
Кейт Дайсон	کیت دایسون
Рустамова	رستموا
Крис Харрингтон	کریس هارینگتون
Энтвистл	اینتوستله
Хорхе Артигас	خورخه ارتیگاس
Балдвин	بالدوین
Хуан Карлос Алмада	خوان کارلوس آلمادا
Род Белфитт	راد بلفیت
Гилюрне Кардозо	گیلرمو کاردوسو
Роберт Кларк	رابرت کلارک
Роҷер Коннелл	راجر کانل
Марсден	مارسدن
Фил Барнс	فیل بارنز
Ян Боулинг	ایان بولینگ
Ян Чапман	یان چپمن
Алекс Скотт	الکس اسکات
Карлос Алберто Массара	کارلوس آلبرتو ماسارا
Чарлз Фуллер	چارلز فولر
Ҳофизи Абрӯ	حافظ ابرو
Даниэл Рамос	دانیل راموس
Бленд	بلند
Уолер	والر
Браун	براون
Брук	بروک
Ҳарви	هاروی
Навбахт	نوبخت
Фар	فیر
Коста Де Соуза	کوستا دی سوزا
Карлос Да Силва Гонсалвес Жуниор	کارلوس دا سیلوا گونزالوس جونیور
Браун	براون
Гари Бразил	گری برزیل
Гари Крофт	گری کرافت
Дабровски	دبروسکی
Никита Хромов	نیکیتا خروموف
Висол Шафеъ	وصال شیرازی
Хиёбонӣ	خیابانی
Марсело Робледо	مارسلو روبلدو
Макс Портер	مکس پورتر
Энди Холт	اندی هولت
Озга Оздер	اوزگه اوزدر
Дэвид Рамирес	دیوید رامیرز
Дики Дейл	دیکی دیل
Доминик Барклей	دومینیک بارکلی
Чарлз Эйдмено	چارلز آدمنو
Крис Корнелли	کریس کورلی
Иняки Техада	اینیاکی تایجادا
Веласкес	ولاسکز
Грэм Чедвик	گراهام چادویک
Гилермо Ролдан	گیلرمو رودان
Леандро Кикисола	لئاندرو چیچیزولا
Лен Виллс	لن ولز
Кларк	کلارک
Роберт Дункли	رابرت دانکلی
Перейра	پریرا
Багшав	باگشاو
Браун	براون
Коста	کوستا
Берни Дэниелс	بارنی دنیلز
Фризони	فریزونی
Билли Беннетт	بیلی بنت
Фелипиню	فیلیپینو
Фрэйзер Дайгби	فریزر دیگبی
Фредерик Чаппл	فردریک چپل
Фабио Дус Сантос	فابیو دوس سانتوس
Кристиан Кастелс	کریستین کاستلز
Дэвид Поррас	دیوید پورراس
Нунес	نونس
Эдвард Вилям Вест	ادوارد ویلیام وست
Кристиан Диас	کریستین دیاز
Кэн Армстронг	کن آرمسترانگ
Ҳаролд Хоббис	هارولد هابیس
Сэм Минихан	سام مینیهان
Браян Алеман	برایان آلمان
Батчер	بوچر
Данн	دان
Кистер	کیستر
Ирурета	ایرورتا
Мена	منا
Маккол	مکل
Ҷо Норт	جو نورث
Гобрий	گئوبروه
Шопур	شاپور
Гранеро	گرنرو
Гари Брук	گری بروک
Да Силва Оливейра	دا سیلوا اولیویرا
Баррон	بارون
Дюснип	دئوسپ
Хоуорт	هاورت
Хуан Карлос Рохо	خوان کارلوس روجو
Дуг Блэр	داگ بلر
Дритaн Бaҳоли	دریتان باهولی
Дэмиан Тимпани	دامیان تیمپانی
Эрнест Брэдшав	ارنست برادشاو
Рамос Нело	راموس میلو
Филип Де Оливейра Силва	فیلیپه دی اولیویرا سیلوا
Рамон Энсинас	رامون انکیناس
Луиз Де Оливейра	لوئیز دی اولیویرا
Генри Аллен	هنری آلن
Абулаббоси Қассоб	ابوالعباس قصاب
Молики Дайламӣ	مالک دیلمی
Ману Гарсия	مانو گارسیا
Иззатуддавла	عزت‌الدوله
Хорхе Ариэл Фернандес	خورخه اریل فرناندز
Хорхе Сотомайор	خورخه سوتومایور
Оя	اویا
Хуан Камара	خوان کامارا
Фостер	فاستر
Эрнане	ارنان
Эдвард Бартон	ادوارد برتون
Мартин Лейн	مارتین لین
Фрэнк Бедингфилд	فرانک بدینگفیلد
Фрэд Гудвин	فرد گودوین
Флиткрофт	فلیکرافت
Штефан	اشتفان
Хуанпи	خوان
Кейт Бэмбридҷ	کیت بامبریج
Кэн Ашбридҷ	کن اشبریج
Таянч Аяйдин	تایانچ آی‌آیدین
Раул Гайтан	رائول گایتان
Чарлз Ҷи	چارلز جی
Крис Андерсон	کریس اندرسون
Клементе Фернандес	کلمنته فرناندز
Франсиско Дус Сантос	فرانسیسکو دوس سانتوس
Моррис	موریس
Ли	لی
Кик Тортоса	کیکه تورتوسا
Гордон Финкхэм	گوردون فینچم
Грэм Поттер	گراهام پاتر
Луиз Фернандо Корреа Cалес	لوئیز فرناندو کوریا سالز
Мануэл Жуниор	مانوئل جونیور
Меҳрҳурмузд	مهرهرمزد
Маркус Виникиус	مارکوس وینیسیوس
Марк Пенфолд	مارک پنفولد
Мэтю Хислоп	متیو هیزلاپ
Чен	چن
Крейг Дутсон	کریگ دوتسون
Гари Брабин	گری برابین
Дикинсон	دیکینسون
Кейт Чедвик	کیت چادویک
Кевин Тэрри	کوین تری
Кирк Гейме	کرک گیم
Баҳроммирзои	بهرام میرزا
Филип Алфонко	فیلیپه الفونسو
Дэвсон	داوسون
Мӯсо ибни Шокир	موسی بن شاکر
Илёс Раҳбонӣ	الیاس رحبانی
Гуркин	گورکین
Списер	اسپیکر
Бэртли	بارتلی
Дэйв Бэмптон	دیو بمپتون
Дэйв Бампстид	دیو بامپستد
Станден	استندن
Кардл	کاردل
Ник Кусэк	نیک کوساک
Гари Бриггс	گری بریگز
Ҷованни	خیو
Алан Комфорт	آلن کامفورت
Алан Гарнер	آلن گارنر
Алан Спенс	آلن اسپنس
Али Маноучери	علی منوچهری
Герра	گوئرا
Дом Двайр	دام دوایر
Мадинабейтия	مدینابیتیا
Аранда	آراندا
Рамос Мартинс	راموس مارتینز
Фрайр	فریر
Ҷаҳонгир Ҷалилов	جهانگیر جلیلوف
Дейтон	دیتون
Риис	رس
Вебб	وب
Кук	کوک
Фалкингхэм	فالکینگهام
Буртовой	بورتووی
Мэтю Грив	ماتیو گریوی
Маурис Эделстон	موریس ادلستون
Сайид Ҳасани Ғазнавӣ	سید حسن غزنوی
Анселл	آنسل
Хуан Таверна	خوان تاوورنا
Кокерилл	کاکریل
Артур Мортон	آرتور مورتون
Эшли Харрис	اشلی هریس
Ресифе	رسیف
Адам Йейтс	آدام ییتس
Де Лима	دی لیما
Кеван Бродхэрст	کوان برودهرست
Кевин Эллис	کوین الیس
Форрест	فورست
Энрике Коста	هنریکه کوستا
Орфила	اورفیلا
Алекс Баррера	الکس باررا
Монакана	موناکانا
Брод	برود
Ҷон Клаус	جان سلوس
Куртис	کورتیس
Эпплеби	اپلبی
Абулъалои Ганҷавӣ	ابوالعلای گنجه‌ای
Омури	اوموری
Бен Ҷексон	بن جکسون
Эндрю Корбетт	اندرو کوربت
Энди Хоуорт	اندی هاورث
Энди Роуленд	اندی رولند
Филип Эшверт	فیلیپ اشورث
Коулман	کلمن
Лукас Силва	لوکاس سیلوا
Луис Фернандес	لوئیس فرناندس
Деҳлавӣ	دهلوی
Ибарра	ایبارا
Амагат	اماگات
Пол Аткинсон	پل اتکینسون
Кастро	کاسترو
Перси Брук	پرسی بروک
Питер Бодак	پیتر بوداک
Ҳерберт Эр	هربرت آیر
Даниэл Провенсио	دانیل پروونسیو
Энрике Арсе	انریکه آرسه
Фортун Вест	فورفوست
Лиам Нобл	لیام نوبل
Марк Трилес	مارک تریلس
Марк Хадсон	مارک هادسون
Метю Бирли	متیو بیرلی
Ҷейсон Брайссетт	جیسون برست
Браун	براون
Лес Грин	لس گرین
Леви Копестейк	لوی کوپیک
Люис Болхэм	لوئیس بالهام
Нюби	نیوبی
Исҳоқи Турк	اسحاق ترک
Аҳмади Суҳравардӣ	احمد سهروردی
Ян Браун	یان براون
Ик Кларк	ایک کلارک
Сандфорд	سندفورد
Карлос Мартинес	کارلوس مارتینز
Ричард Броди	ریچارد برودی
Даниэл Гаспарини	دانیل گاسپارینی
Росер	سرا
Пабло Диас	پابلو دیاز
Парвиз Шаҳбозӣ	پرویز شهبازی
Грэм Кросс	گراهام کراس
Гренвилл Бут	گرنویل بوث
Мигел Перес	میگل پرز
Майк Стоуелл	مایک استوول
Рафаэл Рамос Де Лима	رافائل راموس دی لیما
Хорхе Морсило	خورخه مرخیو
Питер Кэри	پیتر کری
Барреиро	باریرو
Хурамшоҳӣ	خرمشاهی
Паланкар	پالانکار
Константин Гусев	کنستانتین گوسف
Лучано Гоус	لوچیانو گوکس
Султон Нур	سلطان نور
Леандро Дус Сантос	لیناردو روخا دوس سانتوس
Малвин Камара	مالوین کامارا
Родни Ферн	رادنی فرن
Рубен Секко	روبن چکو
Рассел Куддихи	راسل کودیهی
Чарли Аткинсон	چارلی اتکینسون
Купер	کوپر
Хесус Вера	خسوس ورا
Лори Барнетт	لوری بارنت
Леон Легг	لئون لگ
Марк Пирс	مارک پیرز
Майкл Бакар	مایکل باکاره
Малколм Гиббон	مالکوم گیبون
Ферейра Дус Сантос	فریرا دوس سانتوس
Иди	ادی
Дэйв Доналдсон	دیو دونالدسون
Дэвид Лопес	دیوید لوپز
Дин Эдвардс	دین ادواردز
Стэн Кроутер	استن کرودر
Стив Уикс	استیو ویکس
Колин Филдер	کالین فیلدر
Д'лэрии	دی‌لاری
Браун	براون
Денби	دنبی
Дулан	دولان
Питер Грегори	پیتر گریگوری
Филип Бач	فیلیپ بچ
Мигел Бедоя	میگل بدویا
Мигел Эспинола	میگل اسپینولا
Симон Фрэнсис	سیمون فرانسیس
Луиз Де Соуза	لوئیز دی سوزا
Зевде	زوده
Габриэл Дус Сантос Филю	گابریل دوس سانتوس فیلو
Кристиан Тавио	کریستین تاویو
Фриман	فریمن
Дэйв Смит	دیو اسمیت
Дэйв Вагстафф	دیو واگستاف
Фагнер Силва Да Лус	فاگنر سیلوا دا لوز
Хуан	خوانیو
Каю Филип Гонсалвес	کایو فیلیپه گونزالوس
Рэй Дринг	ری درینگ
Абел Валдес	آبل والدز
Пол Купер	پل کوپر
Бейли	بیلی
Ян Картврайт	ایان کارت‌رایت
Дэвис	دیویس
Бортвик	بورثویک
Лукас Консистре	لوکاس کونسگره
Луис Олманса	لوئیس هولمانسا
Бейли	بیلی
Сантос Оливейра	سانتوس اولیویرا
Александер	الکساندر
Дерек Белл	درک بل
Диего Орехуэла	دیه‌گو اریولا
Абуусмон Саъиди Ҳирӣ	ابوعثمان سعید حیری
Фрэнк Фабра	فرانک فابرا
Алберт Кларк	آلبرت کلارک
Алберт Рид	آلبرت رید
Алф Ҷонс	آلف جونز
Энди Броунригг	اندی براونریگ
Энди Парриш	اندی پریش
Абуалӣ Марзуқӣ	ابوعلی مرزوقی
Роберт Топхэм	رابرت توپهام
Робервал	روبروال
Мэтт Харролд	مت هارولد
Натан Д'лэрии	نیتن دی لریا
Истотейро	استاتیرا
Де Соуза Насименто	دی سوزا ناسیمنتو
Фрэд Бриггс	فرد بریگز
Глегорн	گلهورن
Стив Уилямс	استیو ویلیامز
Акино	آکوینو
Кэмпбелл	کمپل
Биллингтон	بیلینگتون
Хавйер Коста	خاویر کوستا
Мартин Тэйлор	مارتین تیلور
Элфинстон Ҷексон	الفینستون جکسون
Энос Бромейҷ	انوس بروماژ
Эрнест Бекетт	ارنست بکت
Артур Энрике	آرتور هنریکه
Кико	کویکو
Рафаэл Круз	رافائل کروز
Мигел Мори	میگل موری
Люк Корнвол	لوک کورنوال
Оливер Бэргесс	الیور برگس
Гари Чапман	گری چپمن
Мики Кук	میکی کوک
Кашоҷим	کشاجم
Майк Беттс	مایک بتز
Ли Буллок	لی بولاک
Фабиано Де Фрейтас	فابیانو دی فریتاس
Алкарас	آلکاراس
Хавйер Агилар Гарсия	خاویر آگویلار گارسیا
Редферн Фроггатт	ردفرن فروگات
Рикки Ҷорҷ	ریکی جورج
Бен Кудҷодҷи	بن کوجوجی
Рубен Торресила	روبن تورکیلا
Флетчер	فلچر
Гарнер	گارنر
Бейлисс	بیلیس
Скофилд	اسکافیلد
Пол Аткинсон	پل اتکینسون
Магомед Мирзабеков	محمد میرزابیگ‌اف
Грэм Бейкер	گراهام بیکر
Гари Робертс	گری رابرتز
Бейкер	بیکر
Гарнер	گارنر
Бурден	باردن
Ҷон Гиттенс	جان گیتنز
Сантамария	سانتاماریا
Брайан Гринхалг	برایان گرینهالگ
Пол Эдвардс	پل ادواردز
Питер Гилберт	پیتر گیلبرت
Фил Коулман	فیل کلمن
Инносенти	اینوسنتی
Броф	برو
Стюарт Бом	استوارت بوم
Сезар	سزار
Ники Лоу	نیکی لاو
Леон	لئون
Кок	کوک
Карлос Какана	کارلوس چاکانا
Чарлз Клерк	چارلز کلرک
Хуан Карлос Лескано	خوان کارلوس لسکانو
Хуан Кирога	خوان کیروگا
Броддл	برودل
Тед Тэйлор	تد تایلور
Рамон Фагоага	رامون فاگواگا
Норман Куртис	نورمن کورتیس
Марк Смит	مارک اسمیت
Маурис Кокс	موریس کاکس
Маҳдӣ Ҳамидии Шерозӣ	مهدی حمیدی شیرازی
Колин Алсид	کلین الکید
Атаулфо Санчес	آتاولفو سانچز
Пэт Корбетт	پت کوربت
Пол Бейнс	پل بینز
Фил Болленд	فیل بولاند
Фил Дейли	فیل دیلی
Де Ла Круз Бентос	د لا کروز بنتوس
Мэтт Баррасс	مت باراس
Мики Бартон	میکی برتون
Фернандес Магаляйнс	فرناندز ماگالیاز
Банс	بنس
Ист	ایست
Дэвид Брайт	دیوید برایت
Дэвид Бучанан	دیوید بوکانان
Дэвид Корк	دیوید کورک
Сид Бикрофт	سید بایکرافت
Пугляра	پوگلیارا
Сантони	سانتونی
Рубен Ларроса	روبن لارسا
Люк Чапман	لوک چپمن
Люк Чапман	لوک چپمن
Наяра Беристайн	نایارا بریستاین
Ли Эрс	لی آیرس
Рафейл Эванс	رافائل اوانس
Рэй Эванс	ری اوانز
Пол Аллен	پل آلن
Пауло Диас	پائولو دیاز
Марк Дрейкотт	مارک دریکات
Капур	کاپور
Форинтон	فورنتون
Исмоил	اسماعیل
Хатчинсон	هاچینسون
Рӯъё Навниҳолӣ	رؤیا نونهالی
Алексндре Силва	آلکساندر سیلوا
Луис Мария Каррегадо	لوئیس ماریا کاررادو
Сэм Баам	سام باوم
Сет Буркетт	ست برکت
Эрни Энгленд	ارنی انگلستان
Фернандо Де Хесус	فرناندو دی جسوس
Ҷек Ирс	جک ایرز
Моррисон	موریسون
Дус Сантос Безерра	دوس سانتوس بیزارا
Стюарт Боардли	استوارت بوردلی
Стюарт Брайтвелл	استوارت برایتول
Нурсел Кёсе	نورسل کوسه
Марк Блейк	مارک بلیک
Мартин Бриттен	مارتین بریتانیا
Марвин Морган	ماروین مورگان
Фрэнк Юптон	فرانک آپتون
Гарэт Гвиллим	گرت گولیم
Кини	کویینی
Колбек	کلبک
Пол Абрахамс	پل آبراهامز
Пол Гибсон	پل گیبسون
Мусинхо	موسینهو
Питер Гордон	پیتر گوردون
Тед Бейтс	تد بیتس
Алварес	الوارز
Пеня	پنا
Варгас Фрейтас Оливейра Жуниор	وارگاس فریتاس اولیویرا جونیور
Гози Югву	گوزی اوگوو
Мартин	مارتین
Броун	براون
Стэн Бартон	استن برتون
Стефен Эйкрс	استیون آکرز
Стив Ҷонс	استیو جونز
Астарободӣ	استرآبادی
Эллиотт	الیوت
Плант	پلنت
Клохесси	کلوهسی
Сезар Элиас	سزار الیاس
Фил Брайгнулл	فیل بریگنول
Карлос	کارلوس
Кэн Фурфи	کن فورفی
Хуан Рял	خوان ریال
Стэн Клементс	استن کلمنتس
Ричард Батчер	ریچارد بوچر
Чемберлин	چمبرلین
Норман Эллисон	نورمن الیسون
Умар Маскарел	عمر ماسکارل
Бетелл	بتل
Сэм Беннайон	سام بنیون
Сэм Ҳайгнетт	سام هیگنت
Симон Буллок	سیمون بولاک
Аиндоу	آیندوو
Фабиан Бонофф	فابیان بونهوف
Пол Кулпин	پل کولپین
Пол Денни	پل دنی
Стаси Колдикотт	استیسی کولدیکات
Стэн Чарлтон	استن چارلتون
Стив Ҷонс	استیو جونز
Ли Коннелл	لی کانل
Питер Гарленд	پیتر گارلند
Тед Вейд	تد وید
Симон Брейн	سایمون برین
Барраза	بارزا
Стив Батлер	استیو باتلر
Робин Вейнврайт	رابین وین رایت
Исаак Акече	ایزاک اکتس
Бентли	بنتلی
Ҷек Фирт	جک فیث
Зурбригхен	زوربریگن
Холмс	هولمز
Томас Мартинес	توماس مارتینز
Монкур	مونکور
Гуинясу	گوینیاسو
Марк Гудфеллау	مارک گودهال
Сачин Хедекар	ساچین خدکار
Скот Фитзҷералд	اسکات فیتزجرالد
Себастян Рускуледа	سباستین روسلدا
Гранадос	گرانادوس
Арнотт	آرنوت
Майкл Карр	مایکل کار
Марк Купер	مارک کوپر
Шейн Кларк	شین کلارک
Шон Эллиотт	شان الیوت
Августо Фрейтас Коза	آگوستو فریتاس سوسا
Мигел Бианкони	میگل بیانکونی
Кевин Брок	کوین براک
Норман Корнер	نورمن کورنر
Кайли Асант	کایل آسانته
Лори Браун	لاوری براون
Ники Бэнгер	نیکی بنگر
Пэт Финнеран	پت فینرهان
Пол Гровс	پل گرووز
Марсело Веридиано	مارسلو وردیانو
Мартин Бенитес	مارتین بنیتز
Ричи Бейкер	ریچی بیکر
Роберт Маклаклен	رابرت مک‌لاکلان
Майк Тидди	مایک تدی
Фаҳим Даштӣ	فهیم دشتی
Фрэнк	فرانک
Брукс	بروکس
Стив Браун	استیو براون
Пол Карден	پل کاردن
Рэй Блумфилд	ری بلومفیلد
Рене Бонора	رنه بونورا
Рикардо Ирибаррен	ریکاردو ایریبرن
Сайфи Фарғонӣ	سیف فرغانی
Шон Куннингтон	شان کانینگتون
Том Бут	تام بوت
Балтасар	بالتا
Пуэртас	پوئرتاس
Паркин	پارکین
Тяго Гауко	تیاگو گوچو
Тони Мунйос	تونی مونوز
Тони Вагстафф	تونی واگستاف
Саккс	ساکس
Хуан Македа	خوان ماکویدا
Виктор Фернандес Маза	ویکتور فرناندز
Фонсека	فونسکا
Йеткин Дикинҷилер	یتکین دیکینجیلر
Вега	وگا
Тяго Де Оливейра	تیاگو دی اولیویرا
Том Брукс	تام بروکس
Вик Гровс	ویک گروز
Томас Данкс	توماس دانکس
Том Биром	تام بایرم
Тони Да Коста Пиню	تونی دا کوستا پینو
Блисс	بلیس
Аспден	آسپدن
Том Брюис	تام برویس
Рамос Фернандес	راموس فرناندز
Бол	بال
Томас Портоус	توماس پورتوس
Тони Баттерсби	تونی باترزبی
Том Баркрофт	تام بارکرافت
Вив Астон	ویو استون
Рей	ری
Кавалканти	کاوالکانتی
Уолтер Бусси	والتر باسی
Гастелу	گزتلو
Смит	اسمیت
Коллинз	کالینز
Питер Кавли	پیتر کاولی
Йеми Абайодун	یمی ابیودن
Йонатан	یونی
Алекс Рубио	الکس روبیو
Алекс Гойкоечеа	الکس گویکوتکسا
Уо́ллес	والاس
Браун	براون
Мартинес	مارتینس
Мартин	مارتین
Майк Эверитт	مایک اورت
Мартин Бинкс	مارتین بینکس
Ашмор	اشمور
Велингтон Тейксира Дус Монтес	ولینگتون تیکسیرا دوس مونتس
Майк Фергюсон	مایک فرگوسن
Виндридҷ	ویندریج
Марк Оксли	مارک اوکسلی
Артурсиню	ارتورینیو
Мэтю Брэди	متیو بردی
Ҷо Кумминс	جو کامینز
Роман Диас	رومان دیاز
Ким Килсен	کیم کیلسن
Хуан Луис Гирадо	خوان لوئیس گیرادو
Томас Сорби	توماس سوربی
Матиас Де Андраде	ماتیاس دی آندراده
Мартинс	مارتینز
Вандерлей Сантос Монтейро Жуниор	واندرلی سانتوس مونتریو جونیور
Ричардсон	ریچاردسون
Иван Арболеда	ایوان آربولدا
Валенти	والنتی
Мª	ماریا
Луис Вегар	لوئیس وگار
Юсуке Като	یوسوکه کاتو
Дайммок	دیموک
Хавйер Пинилос	خاویر پینیلوس
Фредй Инестроса	فردی هینستروزا
Дэвис	دیویس
Моралес Неуманн	مورالس نیومن
Ҳарри Ҷи	هری جی
Марио Химено	ماریو جیمنو
Бен Ҷорҷ	بن جرج
Мигел Лопес Седрон	میگل لوپز-سروون
Висенте Фернандес Пуханте	ویسنته فرناندز پوجنت
Оскар Вега	اسکار وگا
Кук	کوک
Луиз Энрике Де Оливейра	لوئیز هنریکه دی اولیویرا
Падрон	پادرون
Сезар Гаона	سزار گائونا
Дриден	درایدن
Касасека	کاسکا
Ойос	هویوس
Баррал	بارال
Мария Себалос	ماریا چبالوس
Хуан Игнасио Каррера	خوان ایگناسیو کاررا
Араналде	ارانده
Пауло	پائولو
Фил Дофти	فیل دوتی
Даниэл Понсе	دانیل پونس
Пол Бэкон	پل بیکن
Себастян Бини	سباستین بینی
Люк Дин	لوک دین
Хавйер Артеро	خاویر ارترو
Росс Аткинс	راس اتکینز
Браун	براون
Кунлифф	کانلیف
Энрике Перейра	هنریکه پریرا
Бернард Холл	برنارد هال
Пепе Брэнд	پپه برند
Каунселл	کوسل
Армстронг	آرمسترانگ
Артур Ҷонс	آرتور جونز
Ирене Паредес	ایرن پارسس
Ҳаролд Бридҷс	هارولد بریج
Оливейра	اولیویرا
Кевин Донован	کوین داناوان
Ҳусайн Илоҳии Қумшаӣ	حسین الهی قمشه‌ای
Алф Бол	آلف بال
Родриго Одриосола Лопес	رودریگو اودریوزولا لوپز
Серхио	آراخو
Ян Кроули	ایان کراولی
Дурнин	دورنین
Роки Баптист	راکی باپتیست
Ҷозеф Челл	جوزف چل
Бейвн Пентон	باون پنتون
Лоуренс	لارنس
Том Алдэрсон	تام آلدرسون
Фариняс	فارینیاس
Календер	کالندر
Бэмфорд	بامفورد
Ибон Ларразабал	ایبن لارازبال
Рид	رید
Марсело Cуарес	مارسلو سوارز
Куксли	کوسلی
Коррал	کرال
Крис Дэвсон	کریس داوسون
Фрэд Кэмпбелл	فرد کمپل
Дуг	داگ
Роари Дикон	رواری دیکن
Ҳаролд Буддери	هارولد بادری
Якоб Сейн	جیکوب کین
Шон Брэдбэри	شان برادبری
Гилл	گیل
Гилермо Фарре	گیلرمو فاره
Вела	ولا
Айрмонгер	ایرمونگر
Корини	قارن
Себастян Дриусси	سباستین دریوسی
Фаррелл	فارل
Эрни Коллетт	ارنی کللت
Рохас	روخاس
Дикин	دیکین
Браймакомб	بریماکومب
Дав Камерон	داو کامرون
Иржи Бечка	یرژی بچکا
Хонатан Лопес	جاناتان لوپز
Кевин Килмор	کوین کیلمور
Алайн Арройо	الن ارویو
Марлон Брандан	مارلون براندائو
Мануэл Амечазурра	مانوئل امچسرا
Асиер Ормазабал	اسیر اورمازیبال
Алекс Гранел	الکس گرانل
Бусаҳли Зузанӣ	بوسهل زوزنی
Дэвид Сото	دیوید سوتو
Пику Атиенса	پیچو اتینزا
Санти Кастилехо	سانتی کاستیلیجو
Ҳотим ибни Ҳарсама	حاتم بن هرثمه
Кампабадал	کامپانابال
Лукас Гафарот	لوکاس گافاروت
Малеҳои Самарқандӣ	ملیحای سمرقندی
Абулҳасан Алии Воҳидӣ	ابوالحسن علی واحدی
Марям Неъматовна	مریم عیسی
Зак Кинг	زک کینگ
Дункан Ватмор	دانکن وتمور
Роҷер Мартинес	روجر مارتینز
Станислав Илютченко	استانیسلاو ایلیوتچنکو
Дайсон	دایسون
Мехяс	مخیاس
Марк Клод	مارک کلوده
Унай Медина	یونی مدینا
Абумансури Мотуридӣ	ابومنصور ماتریدی
Минтер	مینتر
Венделл	وندل
Гэрри Сейкбрид	گری کینون
Рибейро Да Силва	ریبریو دا سیلوا
Лукас Эвангелиста	لوکاس اوانجلیستا
Фабиан	فابیان
Бруно Назарио	برونو نازاریو
Батлер	باتلر
Армфилд	آرمفیلد
Барбэр	باربر
Тони Бонд	تونی باند
Павел Могилеветс	پاول موگیلوتس
Питер Гунби	پیتر گونبی
Андарзоғар	اندرزاغر
Рӯдроварӣ	رودآوری
Хесус	پیوجو
Сезар Соряно	سزار سوریانو
Адам Митчелл	آدام میچل
Хавйер Лорет	خاوی سالرو
Эрнандес	نانودی
Cержиню	سرجیو
Фабиан Балбуэна	فابیان بالبوئنا
Самуэл Де Миранда	ساموئل دی میراندا
Лопис	لوپیس
Cержиню	سرجینیو
Кан Ҷун	کانگ جون
Пирес	پیرس
Георги Жарков	گئورگی ژارکوف
Ӯлмас Мирсаидов	المس مرسهد‌اف
Скидан	اسکیدان
Томпсон	تامپسون
Қоҳир Расулзода	قاهر رسول‌زاده
Иброҳим ибни Марзбон	ابراهیم بن مرزبان
Хавйер Пайо	خاویر هنارس
Берт Баттен	برت باتن
Ян Аткинсон	ایان اتکینسون
Сидни Гибсон	سیدنی گیبسون
Адам Армстронг	آدام آرمسترانگ
Тед Савейҷ	تد ساوج
Хоан Ҷордан	خوان یوردان
Кристи Кёсe	کریستی چوسه
Грант	گرانت
Дейл	دیل
Алан Муди	آلن مودی
Аридане Сантана	اریدن سانتانا
Роберт Фергюсон	رابرت فرگوسن
Борха Наварро	بورجا ناوارو
Адерлан Сантос	آدرلان سانتوس
Мели	ملی
Зуби	زوبی
Фернандес	فرناندز سوسا
Да Силва	دا سیلوا
Томас Берра	توماس بارا
Бэнкс	بنکس
Матус Де Оливейра	ماتوس دی اولیویرا
Денни Уилямс	دنی ویلیامز
Ишхан Гелойан	ایشخان گلویان
Натан	ناتان
Ракиш Бингхем	راکیش بینگهام
Стив Коллинз	استیو کالینز
Исроил Херес	اسرائیل جریز
Қумӣ	قمی
Луиз Де Алмейда Пинто	لوئیز دی آلمیدا پینتو
Ферейра	فریرا
Лукас Торрейра	لوکاس توریرا
Мик Гэннон	میک گانون
Круз	کروز
Мануэл Перес	مانوئل پرز
Карлос Эрнандес	کارلوس هرناندز
Фрейтас	فریتاس
Педро Морено	پدرو مورنو
Ник Авфорд	نیک آفورد
Абусаҳли Ҳамдавӣ	ابوسهل حمدوی
Энрике	کیوک
Адам Николс	آدام نیکولز
Бернал	برنال
Зека	زکا
Пауло Диас	پائولو دیاز
Дмитри Баринов	دیمیتری بارینوف
Бичо	بی چو
Хорхе Диас	خورخه دیاز
Агус Медина	اگوس مدینا
Дэвид Керол	دیوید کوئرول
Алехандро Барбаро	آلخاندرو باربارو
Хуаким	خواگی
Кларк	کلارک
Алан Брэдшав	آلن برادشاو
Хосу	خوسو
Марзбон ибни Рустам	مرزبان بن رستم
Фаррингтон	فرینگتون
Стив Брайгнол	استیو بریگنال
Томас	توماس
Тони Лоуренс	تونی لاورنس
Поет	پویت
Фарвартиш Резвание	فرورتیش رضوانیه
Райан	رایان
Моҳозар Гушнасп	ماه‌آذر گشنسپ
Дани Торрес	دنی تورس
Хавйер Эрранс	خاوی ناواس
Эмертон	مرتون
Ҳаррисон Макгахи	هریسون مک‌گاهی
Девекчи	دوکی
Камерон Макгихан	کامرون مک جیهان
Лучано Невес	لوسیانو نئوس
Виктор Кабрера	ویکتور کابررا
Вячеслав Каравайев	ویاچسلاو کاراوایف
Карлтон Моррис	کارلتون موریس
Андерсон Кардозо	آندرسون کاردوسو
Кэмпбелл	کمپل
Бер	بیر
Кенан Кодро	کنان کودرو
Мартинес	مارتینس
Денис Пушилин	دنیس پوشیلین
Вернон Авис	ورنون آویس
Хуан Комар	خوان کمر
Луис Менчака	لوئیس منتاکا
Алберто Бенито	البرتو بنیتو
Кэн Бурдитт	کن بوردیت
Варти	وارتی
Рузайқ	روزیق
Бонхэм	بونهام
Юма	یوما
Ҷек Коннорс	جک کانرز
Ерп	ارپ
Навас	ناواس
Морон	مورن
Мик Картврайт	میک کارت‌رایت
Абунасри Форсӣ	ابونصر فارسی
Арнолд Митчелл	آرنولد میچل
Брундл	براندل
Горка Лаборда	گورکا لابوردا
Самуэл Лопес	ساموئل لوپز
Мэтю Пеннингтон	متیو پنینگتن
Гренфелл	گرنفل
Алекс Хэддоу	الکس هادو
Рамон Сория	رامون سوریا
Артур Халм	آرتور هولم
Оскар Уоли	اسکار والی
Абнер	آبنر
Эдуардо Тейксира	ادواردو تیشیرا
Диего Мендоса	دیگو مندوزا
Брайан Крипси	برایان فلپسی
Пулга	پولگا
Бледа	بلدا
Брайан Фернандес	برایان فرناندز
Коттон	کاتن
Родолфо Мотта	رودولف موتا
Стив Картврайт	استیو کارترایت
Алфи Мавсон	الفی ماوسون
Патрик Броф	پاتریک برو
Кэтон	کاتون
Адриан Лойс	آدریان لوئیس
Диман	دیمن
Илкор Калелӣ	ایلکر کاللی
Маддисон	مدیسون
Фернандес	فرناندز
Каю Лукас Фернандес	کایو لوکاس فرناندز
Диего Каррило	دیگو کاریلو
Марко Аурелио Иубел	مارکو لوبل
Дунк	دانک
Микел Мерино	میکل مرینوس
Карлос Гутйеррес	کارلوس گوتیرز
Лу Ричардсон	لو ریچاردسون
Ямил Ромеро	یامل رومرو
Кеннер Гутйеррес	کنر گوتیه‌رز
Марион Силва Фернандес	ماریون سیلوا فرناندز
Карлос Хавйер	کارلوس خاویر
Ҷо Гомес	جو گومز
Рубен Меса	روبن مسا
Лукас Пирес Оливейра	لوکاس پیرس اولیویرا
Неэскенс	نیسکنز
Александр Захарченко	الکساندر زاخارچنکو
Ферран Монсо	فریدون مونزو
Люис Кук	لوئیس کوک
Бен Ричардс Эвертон	بن ریچاردز-اورتون
Артур Марш	آرتور مارش
Кенни	کنی
Карлос Мартинес	کارلوس مارتینز
Брайан Эдгли	برایان ادگلی
Ганет	گنت
Мартин Мантовани	مارتین مانتووانی
Бенҷамин Куссевик	بنیامین کوشچویچ
Мигел Марин	میگل مارین
Шей Фейси	شای
Фосу	فوسو
Кэмпбелл	کمپبل
Дэйв Карлтон	دیو کارلتون
Максим Штайер	مکسیم شطایر
Рис Фланаган	ریس فلاناگان
Рубен Круз	روبن کروز
Чарлз Фишер	چارلز فیشر
Кeиди Бaрe	کیدی باره
Марин	مارین
Герcон	جرسون
Ник Хогтон	نیک هاگتون
Адриан Аррегуи	آدریان آرگی
Солеҳ ал-Самад	صالح الصماد
Дего Коза	دیگو سوزا
Сетиен	ستین
Фостер	فاستر
Габриэл	گابریل
Хуан Улоа	خوان اویوآ
Оскар Гил	اسکار گیل
Тропи	تروپی
Дэвид Фитспатрик	دیوید فیتزپاتریک
Даниэл Мессина	دنیل مسینا
Буэндия	بوئندیا
Игуаран	ایگواران
Хорхе Мерино	خورخه مرینو
Лукас Эспиндола	لوکاس پریندولا
Вудман	وودمن
Хуан Седрес	خوان سدریک
Катерина Тихонова	کاترینا ورونتسوا
Виларинйо	ککو
Кларк	کلارک
Шаҳриёри Дарбандӣ	شهریار دربندی
Сенитам Хусрав	سنیتم خسرو
Крис Дэвис	کریس دیویس
Айтор Эмбела	ایتور امبلا
Алан Смит	آلن اسمیت
Дутойт	دوتویت
Энрике	هنریکه
Авила	آویلا
Арана	آرانا
Родригес	رودریگز
Коулман	کلمن
Рендал Леал	رندال لیل
Галярдо	گالاردو
Аурелио Суарес	اورلیو سوارز
Хесус Тартилан	خسوس تارتیلان
Крис Даффи	کریس دافی
Фидел Диас-Баларт	فیدل دیاز-بالارت
Валкарсе	والکارتسه
Гарднер	گاردنر
Перал	پرل
Пирт	پارت
Саул Салседо	سائول سالسیدو
Эдуард Григорян	ادوارد گریگوریان
Ҷо Уоррол	وورال
Посeли	پوزلی
Толга Саритош	تولگا ساریتاش
Ронни	رونی دان
Лукас Науел Родригес	لوکاس ناهول رودریگز
Флеита	فلیتا
Агустин Росси	آگوستین روسی
Монтойя	مونتویا
Коулман	کلمن
Дэвид Роша	دیوید روخا
Давинсон Санчес	داوینسون سانچز
Крамп	کرومپ
Жардим	ژاردیم
Ириондо	ایروندو
Тена	تنا
Аведиссян	آودیسیان
Гарган	گارگان
Рёбер Корреа	روبر کوره
Майк Райан	مایک رایان
Перлаза	پرلازا
Алекс Лопес	الکس لوپز
Хуан Карлос Портило	خوان کارلوس پورتیلو
Райан Ҷеннингс	رایان جنینگز
Адри Кастелано	ادری کاستلانو
Энрико Пaпa	انریکا پاپا
Галдамес	گالدامس
Матеус Рейс	ماتئوس ریس
Уилям	ویلیام
Матеус Перейра	ماتیوس پریرا
Буш	بوش
Ола Эйна	اولا آینا
Томи Ларем	تامی لارن
Томас Конекнй	توماس کانچنی
Ландер Олаэчеа	لاندر اولتکسا
Луис Томлинсон	لوئیس تاملینسون
Маурис Голи	موریس گالی
Чапман	چپمن
Ибни Аълам	ابن اعلم
Дйбал	دیبال
Ҷонсон	جانسون
Чиривела	چیری‌ولا
Марсело Саракчи	مارسلو ساراچی
Эдгар Хоэл Барсенас	ادگار خوئل بارسناس
Хуан Мануэл Павон	خوان مانوئل پاوان
Сантос	سانتوس
Сероб Григорян	سروب گریگوریان
Адам Ҷексон	آدام جکسون
Aлен Шeрри	آلن شری
Артур Энрике	آرتور هنریکه
Кич	کیچ
Августо	آگوستو
Кондом	کاندوم
Нестор Салинас	نستور سالیناس
Маффео	مافئو
Артур Ри	آرتور رو
Аснип	اسنیپ
Чесмейн	چسمین
Мартин Бенгоа	مارتین بنگوا
Фали	فالی
Спонтон	اسپوپتون
Лукас Вериссимо	لوکاس وریسیمو
Франческо Тaҳирaй	فرانچسکو تاهیرای
Лянко	لیانکو
Брендон Баркер	برندون بارکر
Себастян Наварро	سباستین ناوارو
Шерӯя Асворӣ	شیرویه اسواری
Аҳмади Алавӣ	احمد علوی
Дэйв Тэйлор	دیو تیلور
Шаҳло Уҷайлӣ	شهلا عجیلی
Каш	کش
Хуаким Матос	خواکین ماتوس
Колетс Крaя	کولتس کرایا
Гӯчеҳр	گوچهر
Эрнан Толедо	هرنان تولدو
Ҷонсон	جانسون
Рокас	روکاس
Алексис Сото	الکسیس سوتو
Дэвид Кармона	دیوید کارمونا
Салвадор	سالوی
Андре Грин	اندره گرین
Марони	مارونی
Алберт Ҷонсон	آلبرت جانسون
Бейтс	بیتس
Алберто Бенито	البرتو بنیتو
Денис Родригес	دنیس رودریگز
Маҳмудов	محمودوف
Макс Кларк	مکس کلارک
Эскарра	اسکاررا
Ҳакимхон	حکیم‌خان
Юсуф Шаҳид	یوسف شاهد
Роберто Басилико	روبرتو باسیلیکو
Лукас Родригес	لوکاس رودریگز
Мануэл Делуки	مانوئل دلوچی
Мануэл Рамос	مانوئل راموس
Татяна Каримова	تاتیانا کریمووا
Аҳмад Иқтидорӣ	احمد اقتداری
Эрнест Баннистэр	ارنست بنیستر
Андер Гарридо	اندر گاریدو
Домингес	دومینگز
Фёдор Чалов	فدور چالوف
Том Кинг	تام کینگ
Марвин Фаррелл	ماروین فارل
Хуан Маккечни	خوان مک‌کنی
Иманол Гарсия	ایمانل گارسیا
Дэн Аҷии	دن آگیئی
Диллон Барнс	دیلون بارنز
Пол Лирола	پل لیرولا
Даниэл Ласуре	دانیل لسر
Луис Синистерра	لوئیس سینیسترا
Села	سلا
Редвуд	ردوود
Хорхе Риболси	خورخه ریبولزی
Моҳируссалтана	منیرالسلطنه
Иван Игнатев	ایوان ایگناتیف
Нилсон Лойола	نیلسون لویولا
Мунйос	مونیوس
До	ادگار
Хуан Морено	خوان مورنو
Лукас Бракко	لوکاس برسکو
Рубен Санчес	روبن سانچز
Кристиан Салвадор	کریستیان سالوادور
Пабло Галего	پابلو گلگو
Хави Галан	خاوی گلن
Агуэро	آگوئرو
Катли	کاتلی
Луиз Филип	لوئیز فلیپه
Хуан Нието	خوانیو نایتو
Исмоил	اسماعیل
Ана Мена	انا منا
Клэкстон	کلاکستون
Хуан Бауза	خوان بوزا
Агустин Рохел	آگوستین روگل
Себастян Генсатти	سباستین گونزاتی
Николас Домингес	نیکولاس دومنیگز
Рафаэл Диас Беллоли	رافائل دیاس بلولی
Андрей	آندری
Серхио Наварро	سرخیو ناوارو
Франсиско Калехон	فرانسیسکو کالیون
Габриэл Cтрефесса	گابریل استریفزا
Касерес	کاسرس
Соса	سوسا
Камран Алийев	کامران علی‌اف
Фернандо Кардосо	فرناندو کاردوزو
Имомии Хиравӣ	امامی هروی
Кик Барха	کیکه بارجا
Ҳумоюндухт	همایون‌دخت
Леонид Пасечник	لئونید پاسچنیک
Георгий Гахария	گیورگی گاخاریا
Шерозӣ	شیرازی
Баҳроми Кушоншоҳ	بهرام کوشانشاه
Гулханӣ	گلخنی
Апасо	اپسای
Фағониш	فغانیش
ал-Бурҳон	البرهان
Саидмурод Давлатов	سعیدمراد داولاتوف
Абӯиброҳим Ҳошимии Қурайшӣ	ابوابراهیم هاشمی قرشی
Мерт Язиҷиоғлу	مرت یازیجی‌اوغلو
Назарзода	نظرزاده
Ринну	رینو
Фозилов	فاضلوف
Матлубахон Сатториён	مطلوبه‌خان ستاریان
Лора	لورا
Ансорӣ	انصاری
Тирӯя	تیرویه
Рустам Шукуров	رستم شکوری
Эмма Майерс	اما مایرز
Ойлор Ҳақӣ	آیلار حقی
Ника Шакрамӣ	نیکا شاکرمی
Мирзо Муллоаҳмадов	میرزا ملااحمد
Ҳусайни Кангуртӣ	حسین کنگرتی
Абдулъазиз Ҳаққонӣ	عبدالعزیز حقانی
Алан Тюринг	آلن تورینگ
Симон Боливар	سیمون بولیوار
Уолт Дисней	والت دیزنی
Грэм	گراهام
Сезар Де Соуза	سزار دی سوزا
Марсело	مارسلو
Нот Хонол	نات خانال
Салмон ибни Ҳамад ибни Исо ал-Халифа	سلمان بن حمد بن عیسی آل خلیفه
Нетребко	نیتریبکا
Валтер Геворо	والتر گوارا
Идриси	ادریس
Мигел Де Лас Куэвас	میگل د لاس کوواس
Радамел Фалкао	رادامل فالکائو
Нутан	نوتان
Анна Иоанновна	آنای روسیه
Дэвид Силва	داوید سیلوا
Майкл Крайтон	مایکل کرایتون
Уэслей	اوزلی
Элизабет Виже-Лебрун	الیزابت ویگی لوبرن
Якоб	یاکوب
Владимир Бехтерев	ولادیمیر بختیرف
Ваксман	واکسمن
Ардашери	آرسس
Аҳмад Қодир	احمد قادر
Амин	امین
Жюл Мишле	ژول میشله
Дипендра	دیپندرای
Юсуф Карш	یوسف کارش
Хавйер Арисменди	خاویر آریزمندی
Уруди	ارد
Инйиго Идякес	اینگو ایدیاکز
Франсиско Пунял	فرانسیسکو پونین
Илсиню	ایلسینیو
Роберто Хименес	روبرتو خیمنز
Отто Эддо	اتو آدو
Фатҳуллоҳ Гюлен	فتح‌الله گولن
Алишер Навоӣ	علی‌شیر نوایی
Хорхе Лопес	خورخه لوپز
Крейг Фаган	کریگ فگان
Сарахсӣ	سرخسی
Эрик Белл	اریک بل
Маркос	مارکیتو
Майкл Уманя	مایکل اومانیا
Ҳамза ибни Абдулмуттолиб	حمزه بن عبدالمطلب
Алӣ Ашраф Содиқӣ	علی اشرف صادقی
Франсуа Миттеран	فرانسوا میتران
Матиас Кампос	ماتیاس کامپوس
Темури	تیمور
Сун Ятсен	سون یات سن
Рамос Делгадо	راموس دلگادو
Ҷейсон Шаккелл	جیسون شکل
Раул Гони	رائول گونی
Дориюши Бузург	داریوش بزرگ
Абдуллоҷонов	عبدالله‌جان‌اف
Эду Ролдан	ادو رودان
Доналд Артур Глазер	دونالد آرتور گلایزر
Гари Олдман	گری الدمن
Николае Вэкэрою	نیکلائه واکارویو
Карлтон Палмер	کارلتون پالمر
Сулаймон Демирел	سلیمان دمیرل
Жан Арп	ژان آرپ
Стивенс	استیونز
Ҷон Ссейлс	جان اسکیلز
Гумилёв	گومیلیف
Саа	ساآ
Антонио Барраган	آنتونیو باراژان
Хорхе Буррукага	خورخه بوروچاگا
Мариану Румор	ماریانو رومور
Пупо	پوپو
Да Гиа	دا گویا
Запатер	زاپایتر
Силва Де Оливейра	سیلوا ده اولیویرا
Уолдо Макадо	والدو ماچادو
Максим Канунников	ماکسیم کانونیکوف
Микола Бажан	مایکولا باژان
Сомӣ Ҳинновӣ	سامی الحناوی
Уилкокс	ویلکاکس
Ханкокс	هانکوکس
Фабио Cимпликио	فابیو سیمپلیسیو
Алан Шерер	آلن شیرر
Платини Нескита	پلاتینی مسکوئیتا
Биксби	بیکسبی
Ла Волпе	لا ولپ
Камараса	کاماراسا
Хуан Бенлок-и-Виво	خوان بنلوچ
Рон Спрингетт	رون اسپرینگت
Лиам Троттер	لیام تروتر
Виталий Масол	ویتالی ماسول
Кристиан Умар Диас	کریستین عمر دیاز
Отасилио Жалес	اوتاسیلیو جالس
Виктор Ҳугу	ویکتور هوگو
Кристофер Игэн	کریستوفر ایگن
Луи	لویی
Гаутама	گوتاما
Ҳенрӣ Дюнант	هنری دونانت
Александри	الکساندر
Борис Елтсин	بوریس یلتسین
Роулинг	رولینگ
Денни Уорд	دانی وارد
Кан	کان
Аритс Адурис	آریتس آدوریتس
Қурбонқулӣ Бердимуҳаммадов	قربان قلی بردی محمداف
Скотт Суттер	اسکات ساتر
Ига	هیگا
Сталин Ривас	استالین ریواس
Фардин Хон	فردین خان
Марк Ҷонс	مارک جونز
Темур Зулфиқоров	تیمور ذوالفقاروف
Ҳиеронимус Бош	هیرونیموس بوش
Адолф Ҳитлер	آدولف هیتلر
Роберт	روبرت
Жоржиню	جورجینیو
Тони Вудкок	تونی وودکاک
Эдинсон Кавани	ادینسون کاوانی
Пол Бирч	پال برچ
Пита	پیتا
Никола Тесла	نیکولا تسلا
Дэвид Бекҳэм	دیوید بکهام
Раул Гонсалес	رائول گونزالس
Ледли Кинг	لدلی کینگ
Негредо	نگردو
Колумб	کلمب
Сезар Коста	سزار کوستا
Тулио Пинйеро	تولیو پینیرو
Роберто Солдадо	روبرتو سولدادو
Адам Миллер	آدام میلر
Роналдино	رونالدینیو
Мигел Анхел	میگل آنخل
Бето	گیلبرتو
Роберт Патрик	رابرت پاتریک
Мустафо Абдулҷалил	مصطفی عبدالجلیل
Раул Кастро	رائول کاسترو
Эду Марангон	ادو مارانگون
Абдулазиз Бутефлиқа	عبدالعزیز بوتفلیقه
Муътасим	معتصم
Иван Маркано	ایوان مارکانو
Самуел Дое	ساموئل دو
Николас Ҳолт	نیکولاس هولت
Баҳроми	بهرام
Андре Сантос	آندره سانتوس
Давид Дакко	دیوید داکو
Зармеҳри Ҳазоррафт	زرمهر کارن
Вуди Аллен	وودی آلن
Тарё Ҳалунен	تاریا هالونن
Орриён	آریان
Малики Раҳим	ملک رحیم
Боб Дилан	باب دیلن
Сяньфань	شیان فان
Маркос Ди Пауло	مارکوس دی پائولو
Эрнст Грэфенберг	ارنست گرفنبرگ
Фернанду Тамбронӣ	فرناندو تامبرونی
Яҳё ибни Муъози	یحیی بن معاذ
Хуан Баутиста Агеро	خوآن باتیستا آگوئرو
Битти	بیتی
Заика	زایکا
Мирзошафеъи Возеҳ	میرزا شفیع واضح
Ибни Халдун	ابن خلدون
Алан Дзагоев	آلن زاگوئف
Анатоли Башашкин	آناتولی باشاشکین
Раш	راش
Жил Вилнёв	ژیل وینو
Фернандо Рек	فرناندو ریش
Ардашер	اردشیر
Фабиан Эстоянофф	فابین استویانوف
Роалд Дал	رولد دال
Уйман	وایمن
Cократес	سوکراتس
Алексей Леонов	الکسی لئونوف
Апонйо	اپونیو
Нэнси Пелози	نانسی پلوسی
Григоревич	گریگوریویچ
Аҳмадшоҳи Масъуд	احمد شاه مسعود
Сиад Барре	زیادباره
Фероз Хон	فیروز خان
Стивен	استیون
Филип Андерсон	فیلیپ اندرسن
Антон Веберн	آنتون وبرن
Вайлдер	وایلدر
Эвертон Рамос Да Силва	اورتون راموس دا سیلوا
Прасад	پراساد
Фукуда	فوکودا
Даниэл Харке	دنیل خارکه
Навол Саъдовӣ	نوال سعداوی
Аҳмад Хатиб	احمد الخطیب
Хуан Каяссо	خوان کایاسو
Занетти	زانتی
Педро Сото	پدرو سوتو
Питер Хаусман	پیتر هاوسمن
Пай	پای
Лидио Гуилер Теҷада	لیدیا گویلر تیجادا
Браҳмагупта	برهماگوپتا
Алесcандро Камбалюта	آلساندرو آلیویرا
Григорий Перелман	گریگوری پرلمان
Леандро Cалино	لیناردو سالینو
Брюс Уиллис	بروس ویلیس
Гама	گاما
Сеск Фабрегас	سسک فابرگاس
Юсуфӣ	یوسفی
Кишор Кумар	کیشور کومار
Филип Рувалкаба	فلیپه رووالکابا
Акшай Кумар	آکشی کومار
Эва Фарна	اوا فارنا
Мартинес	مارتینز
Алексей Березутски	آلکسی برژوتسکی
Лескотт	لسکات
Ингелберт Ҳампердинк	اینگلبرت هامپردینک
Честейн	چستین
Фарравази	فرنه‌بازو
Лукас Барриос	لوکاس باریوس
Дипика Падуконе	دیپیکا پادوکن
Пиер Пазолинӣ	پیر پازولینی
Никита Сергеевич Хрушёв	نیکیتا سرگیویچ خروشچف
Мартин	مارتین
Хуан Пабло Ангел	خوان پابلو آنخل
Сергей Степашин	سرگئی استپاشین
Контрерас	کانتره ریس
Овгуст	آوگوست
Оскар Лопес	اسکار لوپز
Збигнев Бжезинский	زیبیگنیو برژینسکی
Михаил Глинка	میخائیل گلینکا
Блекетт	بلاکت
Кол	کول
Камерон Ҷером	کامرون جروم
Жажа	جاجا
Сами Юсуф	سامی یوسف
Борха Валеро	بورخا والرو
Дэвис	دیویس
Жо	جو
Боб Пейсли	باب پیزلی
Сезар Санчес	سزار سانچز
Алан Камминг	الن کومینگ
Александр Анюков	آلکساندر آنیوکوف
Аҳмад ибни Ҳанбал	احمد بن حنبل
Хави Мартинес	خاوی مارتینز
Рекоба	رکوبا
Пабло Армеро	پابلو آرمرو
Алехандро Капурро	الخاندرو کاپورو
Деде	دد
Алекс Степни	الکس استپنی
Сэм Хюсон	سام هیوسن
Пауло Ванчопе	پائول وانچوپ
Сэм Аллардис	سام آلاردایس
Заил Сингҳ	زیل سینگ
Дэмиан Эскудеро	دامیان اسکودرو
Барретт,	بارت
Крис	کریس
Жан Беаусехоур	ژان بوسیور
Освалдо	اوسوالدو
Сантана	سنتانا
Бухорӣ	بخاری
Линди Ингленд	لیندی اینگلند
Банзер	بانزر
Адайлтон	آدیلتون
Котело	کوتلو
Ҳусайн Комил	حسین کامل
Бирн	بیرن
Фарнаваз	پارناواز
Каплан	کاپلان
Кариока	کاریوکا
Вахтанг Кикабидзе	واختانگ کیکابیدزه
Салвадор Садурни	سالوادور سادورنی
Эдуардо Рубио	ادواردو روبیو
Андрес Бек	آندرئاس بک
Хавйер Маскерано	خاویر ماسکرانو
Нозим Қудсӣ	ناظم القدسی
Ардавони	اردوان
Каммингс	کامینگز
Уолтер Мартинес	والتر مارتینز
Мигели	میگول
Музаффаруддиншоҳ	مظفرالدین‌شاه
Адам Легздинс	آدام لگزدینز
Чика	چیکا
Юри Жирков	یوری ژیرکوف
Пал Шмитт	پال اشمیت
Шайх Муҷибурраҳмон	شیخ مجیب‌الرحمن
Амату	آماتو
Батиста Да Силва	باتیستا دا سیلوا
Карлос Матеу	کارلوس ماتئو
Ритеш Дешмукҳ	ریتیش دشموک
Нинейро	مینیرو
Шон Эшмор	شان اشمور
Нарухико Хигасикуни	ناروهیکو هیگاشیکونی
Ардавони	اردوان
Ҷозеф Дайнс	جوزف دینز
Серс	سیرس
Вилма Эспин	ویلما اسپین
Карлос Руис	کارلوس رویس
Аскар Акаев	عسکر آقایف
Алфредо Паласио	آلفردو پالاسیو
Урия	اوریا
Луис Прието	لوئیس پریتو
Гавҳаршодбегим	گوهرشادبیگم
Ромайни Брукс	رومن بروکس
Чжан Тзинчу	ژانگ جینگچو
Алексей Прудников	الکسی پرودنیکوف
Гунзолу Санчиз де Лазодо	گونزالو سانچز دی لوزادا
Фернонду Кулур	فرناندو کولور
Сантос	سانتوس
Гирадо	گویرادو
Гонес Сантос	پینیرو دوس سانتوس
Тим Флауэрс	تیم فلاورز
Энди Поло	اندی پولو
Эспиноса	اسپینوزا
Кортес	کورتس
Алберто Родригес	آلبرتو رودریگز
Сезар Балдивиэсо	سزار بالدیویسو
Зубайр ибни Аввом	زبیر بن عوام
Нобрега	نوبرگا
Капи	کاپیئی
Матамала	ماتامالا
Леонид Гайдай	لئونید گائدای
Кэйдзо Обути	کیزو اوبوچی
Стюарт Тэйлор	استوارت تیلور
Рори Делап	روری دلاپ
Майкон Дус Сантос	مایکون دوس سانتوس
Мериан Купер	مریان کوپر
Шэрон Митчелл	شارون میچل
Дамиа Абела	دامیا آبلا
Сантос	سانتوس
Дэвид Мёрфи	دیوید مورفی
Агостиню Фортес Филю	اگوستینیو فورتس فیلو
Исмоил Гаспринский	اسماعیل گاسپرالی
Мануэл Пабло	مانوئل پابلو
Росалес	روسالس
Люк Чемберс	لوک چمبرز
Нелиню	ملینیو
Сенгер	سنگر
Берк	برک
Ранӣ Мукҳерҷӣ	رانی موکرجی
Гловер	گلوور
Ризо ар-Риёҳӣ	رضا الریاحی
Харпер	هارپر
Мартин Хейз	مارتین هیز
Манфред Счаефер	مانفرد شفر
Патҳак	پاتاک
Луис Ибанйес	لوئیس ایبانز
Диого Луис Cанто	دیاگو سانتو
Салва Ирярте	سالوا ایریارته
Горка Ларреа	گرکا لاررا
Басрӣ	ابن هیثم
Брюс Маккэндлесс	بروس مک‌کندلس
Уолтер Сентено	والتر کنتنو
Марсело Маттус	مارسلو ماتوس
Сиряко Эррасти	سیریاکو اراستی
Гари О'нил	گری اونیل
Мирчофф	میرچف
Инйиго Де Серио	انیگو دی سریو
Анибал Зурдо	انیبال زردو
Рикардо Трихили	ریکاردو تریلی
Урмавӣ	ارموی
Маркус Аурелио	مارکوس آئوریلیو
Виникио	وینیسیو
Абдуллоҳи	عبدالله
Олаф Шолтс	اولاف شولتس
Фарравази	فرنه‌بازو
Сесилиа Бейо	سیسیلیا بو
Дуарте	دوارته
Чарлз Арангис	چارلز آرانگیوز
Чингизхон	چنگیزخان
Вивалди	ویوالدی
Гиду Вилдусу	گیدو ویلدوسو
Дэвид Хирст	دیوید هیرست
Веспасиан	وسپاسیانوس
Ричардсон	ریچاردسون
Ҷалолуддавла	جلال‌الدوله
Фернандо Ненегассо	فرناندو منگازو
Ринкон	رینکون
Ричард Оффайонг	ریچارد اوفیونگ
Дэвид Гиффен	دیوید گفن
Дӣ Брэдлӣ Бейкер	دی بردلی بیکر
Маркио Жиованини	مارسیو جیووانی
Алберт Таккер	آلبرت تاکر
Алиризо Қурбонӣ	علی‌رضا قربانی
Че Гевара	چه گوارا
Тутонхомун	توت‌عنخ‌آمون
Кортес	کورتس
Бишоро ал-Хурӣ	بشاره الخوری
Хоэл Роблес	خوئل روبلس
Дэниэл Кадмор	دنیل کادمور
Николсон	نیکلسون
Антонио	آنتونی
Александр Александрович	الکساندر آلخین
Артур Веллслӣ	آرتور ولزلی، اولین
Наомӣ Воттс	نائومی واتس
Мадҳубала	مدهوبالا
Александр Кокорин	آلکساندر کوکورین
Эрос Рамаззотти	اروس رامازوتی
Марлене Фавела	مرلین فاولا
Гирму Флурес Овандону	گیرمو فلورس آوندانو
Бейтс	بیتس
Том Кэрролл	تام کرول
Киану Ривз	کیانو ریوز
Кондолиза Райс	کاندولیزا رایس
Мария Гёпперт-Майер	ماریا ژئوپرت مایر
Нана Акуфо-Аддо	نانا آکوفو-آدودو
Сергей Овчинников	سرگئی اووچینیکوف
Голиков	گولیکوف
Адам Лолана	آدام لالانا
Вейлс	ویلز
Карим Бензема	کریم بن زیما
Андреа Орланди	اندریا اورلندی
Силвио Марсолини	سیلویو مارزولینی
Стевард	استوارت
Энсо Троссеро	انسو تروسرو
Франкомб	فرانکام
Ширлей МакЛаине	شرلی مک‌لین
Жануарио	جانوآریو
Раббонӣ	ربانی
Маркус Гарсия Насименто	مارکوس گارسیا ناسیمنتو
Карлос Ривас	کارلوس ریواس
Ада Ловлейс	ایدا لاولیس
Рикардо Пелаэс	ریکاردو پلائز
Дейв Брубек	دیو بروبک
Нилс Ҳенрик Абел	نیلس هنریک آبل
Шарлота Бронте	شارلوت برونته
Карл Фридрих	کارل فریدریش
Владимир Путин	ولادیمیر پوتین
Искандари Мақдунӣ	اسکندر مقدونی
Зигмунд Фруйд	زیگموند فروید
Бернард Шоу	برنارد شاو
Сорин	سورین
Дейвид	دیوید
Георге Буш	جورج بوش
Пабло Пикассо	پابلو پیکاسو
Ҳофиз	حافظ
Дэвид Ҳэнд	دیوید دهان
Гармендия	گارمندیا
Ангел Вилдосо	آنخل ویدوزو
Берлй	برلی
Трелфол	ترل‌فال
Пиерри Боннард	پیر بونار
Сан Су Чжи	سان سو چی
Роберт Де Ниро	رابرت دنیرو
Люис Кэрролл	لوئیس کارول
Фрэнк Лэмпард	فرانک لمپارد
Биэлса	بیلسا
Михаил Мясникович	میخائیل میاسنیکوویچ
Бруно Нинейро	برونو مینیرو
Франсиско Дус Сантос	فرانسیسکو دوس سانتوس
Габриэл Cуарес	گابریل سوارز
Чарлз Минтз	چارلز مینتز
Крейстон	کرایستون
Мигел Боссио	میگل بوسیو
Люк Маккормик	لوک مک‌کورمیک
Виллиёмз	ویلیامز
Грайс Келлй	گریس کلی
Мунсиф Марзуқӣ	منصف المرزوقی
Франсис Маррош	فرنسیس مراش
Людвиг ван Бетҳовен	لودویگ فان بتهوون
Леонардо да Винчи	لئوناردو داوینچی
Ричард Моралес	ریچارد مورالز
Дерлей	دیرلی
Себастян Сехас	سباستین سجاس
Эванилcон	اوانیلسون
Рори Аллен	روری آلن
Леонардо Да Силва	لئوناردو دا سیلوا
Агустин Балбуэна	آگوستین بالبوئنا
Норман Дили	نورمن دیلی
Антара Малӣ	آنتارا مالی
Фернандес	فرناندس
Техада	تجادا
Деклан Рудд	دکلان رود
Милий Балакирев	میلی بالاکیرف
Лист	لیست
Лайс	لیث
Колиб Дишонел	کلب دشانل
Доку Умаров	دوکو عمروف
Оффманн	هافمن
Вилҳелм	ویلهلم
Аллома Ҳиллӣ	علامه حلی
Абдулҳалим Хаддом	عبدالحلیم خدام
Муҳаммад Довудхон	محمدداوودخان
Зе Cуарес	زی سوارز
Ланге	لنگ
Вашингтон Ирвинг	واشنگتن اروینگ
Дэвис	دیویس
Эшли Янг	اشلی یانگ
Беллини	بلینی
Андреас Ахенбах	آندرئاس آخنباخ
Ридер	ریدر
Эскобар,	اسکوبار
Эдвин Арлингтон Робинсон	ادوین آرلینگتون رابینسون
Муасир Родригес Сантос	مائوسیر رودریگاس سانتوس
Ҳамилтон Рикард	همیلتون ریکارد
Холид Абдулло	خالد عبد الله
Алберто Морено	آلبرتو مورنو
Габриэл Корреа	گابریل کورئا
Микел Баленсяга	میکل بالنزیاگا
Клео	سیلو
Маркинюс	مارکینیوش
Михаил Лермонтов	میخائیل لرمانتف
Виктор Черномирдин	ویکتور چرنومیردین
Луис Фабиано	لوئیس فابیانو
Том Ҳардӣ	تام هاردی
Виктур Пас Истинсуру	ویکتور پاس استنسورو
Энрике Вера	انریکه ورا
Андрес Д'алессандро	آندرس دی‌الساندرو
Раул Браво	رائول براوو
Маркес Ненезес	مارکز منز
Клуни	کلونی
Эрик Хофтон	اریک هووتن
Портила	پورتیلا
Икиер Касиляс	ایکر کاسیاس
Саки Фудзита	ساکی فوجیتا
Алгирдас Бразаускас	آلگیرداس برازاوسکاس
Элкеcон	الکسون
Убеда	اوبدا
Аймар	ایمر
Авфӣ	عوفی
Зат Найт	زت نایت
Алассан Уаттара	آلاسان واتارا
Аҳмад Уяҳё	احمد اویحیی
Ҳамад бин бин Оли Танӣ	حمد بن بن آل ثانی
Руперт Мёрдок	روپرت مرداک
Миязаки	میازاکی
Петер Грюнберг	پتر گرونبرگ
Эмил Синклэр	امیل سینکلر
Иван Де Соуза	ایوان دی سوزا
Адам Сайтиев	آدام سایتیف
Марио Суарес	ماریو سوارز
Гилюрне Cикейра	گیلرمو سیکوئرا
Сергей Рахманинов	سرگئی راخمانینف
Оскар Перес	اسکار پرز
Анри	هانری
Бинёмин Нетанёҳу	بنیامین نتانیاهو
Ананд	آناند
Леон Панетта	لئون پانه‌تا
Лабруна	لابرونا
Алекс Баптист	آلکس باتیست
Акуня	آکونا
Робледо	روبلدو
Клейтон Хавйер	کلیتون خاویر
Элизабет Гутйеррес	الیزابت گوتیرز
Рейнолдс	رینالدز
Бомбэк	بامبک
Эмил Бок	امیل بک
Дэвид Де Хеа	دیوید د خئا
Никлаус Вирт	نیکلاوس ویرت
Дизрайли	دیزرائیلی
фон Бисмарк	فون بیسمارک
Георг Вилҳелм Ҳегел	گئورگ ویلهلم هگل
Кафу	کافو
Ким Чен Ун	کیم جونگ-اون
Ҳамад бин Халифа Оли Танӣ	حمد بن خلیفه آل ثانی
Б. Фрай	ب. فرای
Барқиёруқ	برکیارق
Эмери	ایمری
Амрита Рао	آمریتا رایو
Массимо Заппино	ماسیمو زاپینو
Мишел	مایچل
Анатолий Пузач	آناتولی پوزاچ
Кейн	کین
Роберт Лоуелл	رابرت لاول
Марсело Троббяни	مارسلو تروبیانی
Бретон	برتون
Зиё Раҳмон	ضیاء الرحمن
Клейтон	کلایتون
Стюарт Доунинг	استوارت داونینگ
Блох	بلاک
Маколей Калкин	مکالی کالکین
Чианг Каи-шек	چیانگ کای‌شک
Мануэл Пинто	مانوئل پینتو
Бертолд Брехт	برتولت برشت
Пауло	لوئیز
Камбуҷияи	کمبوجیه
Сэм Хатчинсон	سام هاچینسون
Александр Александрович	الکساندر بوگدانف
Тейлор Китч	تیلور کیچ
Агустин Арансабал	آگوستین آرانزابال
Мервин Леонард Голдбергер	ماروین لئونارد گولدبرگر
Маҳастӣ	مهستی
Оскар Рамирес	اسکار رامیرز
Олег Романтсев	اولگ رومانتسف
Роберт Линколн	رابرت لینکلن
Хесус Датоло	خسوس دارتولو
Нерй Пумпидо	نری پومپیدو
Понсе	پونس
Ричардсон	ریچاردسون
Ҳошимии Рафсанҷонӣ	هاشمی رفسنجانی
Рӯшанак	روشنک
Антиохи	آنتیوخوس
Бернабеу Есте	برنابئو یسته
Смит	اسمیت
Карл Бенс	کارل بنز
Михаил Шолохов	میخائیل شولوخف
Магнани	مانیانی
Жилберто Алвес	گیلبرتو آلوز
Зисиню	زیزینهو
Алексей Толстой	آلکسی تولستوی
Фабио	فابیو
Гуардиола	گواردیولا
Амбарсумян	هامبارتسومیان
Фенимор Купер	فنیمور کوپر
Алвим	آلویم
Кэн Армстронг	کن آرمسترانگ
Ламб	لمب
Бувайсар Сайтиев	بووایسار سایتیف
Вон	ووگان
Эванс	اوانس
Андрес Палоп	آندرس پالوپ
Лиедcон	لیدسون
Гилберт	گیلبرت
Зулфия	زلفیه
Акуня	آکونیا
Пол Андерсон	پال اندرسون
Кристиан Боланйос	کریستین بولانوس
Роҷер Хант	راجر هانت
Табаре Виудес	تباره ویودز
Гари Полистер	گری پالیستر
Хуан Карлос Паредес	خوان کارلوس پاردز
Алваро Васкес	آلوارو واسکز
Смит	اسمیت
Дарё Алабора	دریا آلابورا
Да Круз Оливейра	دا کروز اولیویرا
Леонид Кравчук	لئونید کراوچوک
Михаил Фрунзе	میخائیل فرونزه
Беттину Краксӣ	بتینو کراشی
Дерек Паркин	درک پارکین
Тортон Уайдлер	تورنتون وایلدر
Макс Бекманн	ماکس بکمان
Карл Залеман	کارل زالمان
Абӯюсуфи Киндӣ	ابویوسف کندی
Сергей Виноградский	سرگئی وینوگرادسکی
Дэвид Де Кос	دیوید د کوز
Ивар Баллангруд	ایوار بالانگرود
Людмила Путина	لودمیلا پوتینا
Сория	سوریا
Аҳмади Ясавӣ	احمد یسوی
Янйес	یانیس
Албано Биссарри	آلبانو بیزاری
Халил ибни Аҳмади Фароҳидӣ	خلیل بن احمد فراهیدی
Томас Ринкон	توماس رینکون
Леандро Донингэс	لئاندرو دومینگس
Брандан	براندائو
Шон Врайт Филлипс	شان رایت-فیلیپس
Юри Савичев	یوری ساویچف
Кэлин Попеску-Таричану	کالین پوپسکو-تاریچانو
Эдер Луис	ادر لوئیز
Хуан Браун	خوان براون
Айтор Торнавака	ایتور تورناواکا
Нимо Юшиҷ	نیما یوشیج
Аггамас	اوگامس
Вахшорд	وخش‌ارد
Пабло Амо	پابلو امو
Ким Бе́йсингер	کیم بسینگر
Франки Лейн	فرانکی لین
Месен	مسن
Кристиан Родригес	کریستین رودریگز
Дайкси Дин	دیکسی دین
Абел Агилар	ابل آگویلار
Берт Эддинол	برت ادینال
Мануэл Отт	مانی اوت
Фотима Мӯсо	فاطمه معصومه
Сара Вейн Кэллис	سارا وین کالیز
Хуанфран	خوان فرانسیسکو
Прасад Коирала	پراساد کویرالا
Баҳроми Чӯбин	بهرام چوبین
Агафокл	آگاتوکلس
Валентин Иванов	والنتین ایوانوف
Дарюс Васселл	داریوس واسل
Балоши	بلاش
Уруди	ارد
Шаҳид Капур	شاهد کاپور
Кевин Дюранд	کوین دوراند
Эрик Ламела	اریک لاملا
Дуайт Мартин Доналдсон	دوایت مارتین دونالدسون
Сезар Луис Менотти	سزار لوییس منوتی
Ғозии	غازی
Ҳурмузи	هرمز
Абел Гомес	ابل گومز
Букер Т. Вашингтон	بوکر تی. واشینگتن
Луи Антуан де	لویی آنتوان دو
Франсуа Араго	فرانسوا آراگو
Уилям Бентинк	ویلیام چاتهام
Уилям Бентинк	ویلیام چاتهام
Симпсон	سیمپسون
Ибни Юнус	ابن یونس
Сидней Чаплин	سیدنی چاپلین
Ауреляно Торрес	اورلیانو تورس
Аурелио	آئوریلیو
Андер Итурраспе	اندر ایترراسپ
Галина Горохова	گالینا گوروخوا
Сюзан Салливан	سوزان سالیوان
Арбелоа	آربه‌لوآ
Стефен Варнок	استفن وارناک
Энрике Гаинсараин	انریکه گاینزاراین
Арсенио Эрико	آرسنیو اریکو
Мануэл Прекядо	مانوئل پرسیادو
Бруно Соряно	برونو سوریانو
Родолфо Арруабаррена	رودولفو آروابارنا
Маркус Апаресидо Сиприано	مارکوس آپارسیدو سیپیریانو
Робертс	رابرتس
Грималди	گریمالدی
Андраде Дус Сантос	آندراده دوس سانتوس
Амор	آمور
Рон Аткинсон	ران اتکینسون
Ҳасан Рӯҳонӣ	حسن روحانی
Габриэл	گابریل
Сатрустеги	ساترستگویی
Александр	الکساندر
Арон Флахаван	آرون فلاوان
Филип Cколари	فیلیپه اسکولاری
Виген	ویگن
Аленан	آلمائو
Эниню	انینیو
Олег Янковский	اولگ یانکوفسکی
Муҳаммади Шофеъӣ	محمد شافعی
Алан Келли Ҷр.	آلن کلی جونیور
Ракеш Рошан	راکیش روشن
Гонсалес	گونسالس
Карл Брэдшав	کارل برادشاو
Гарсия Гарсия	گارسیا گارسیا
Кейси Аффлек	کیسی افلک
Андре Лима	آندره لیما
Тинга	فونسکا
Алгараняс	آلگارانیاس
Пуэрта	پوئرتا
Леон Бакст	لئون باکست
Витор Жуниор	ویتور جونیور
Глория Гейнор	گلوریا گینور
Ришод Нурӣ Гунтекин	رشاد نوری گونتکین
Алексей Смертин	الکسی اسمرتین
Фабио Рокембакк	فابیو روچمباک
Виейра Лозада	ویرا لوزادا
Стив Перриман	استیو پریمان
Луис Олтра	لوئیس اولترا
Мария Калво	ماریا کالوو
Ашмор	اشمور
Умарбаев	عمربایف
Роман Мартинес	رومان مارتینز
Петер Блуме	پیتر بلوم
Дос Пассос	دوس پاسوس
Лукас Моодийссон	لوکاس مودیسون
Тайлер Позӣ	تایلر پوزی
Иброҳим Кутлуай	ابرهیم کوتلو
Факундо Ронкаглия	فاکوندو رونکالیا
Дуран	دورن
Прегуиню	پرگینیو
Драги	دراگی
Клеберcон	کلبرسون
Имрон Хон	عمران خان
Кристиан Даниэл Ледесма	کریستیان دانیل لدسما
Перния	پرنیا
Абел Балбо	ابل بالبو
Елена Белова	النا نویکوا-بلووا
Корбетт	کوربت
Брюс Дэвисон	بروس دیویسن
Лукас Биглия	لوکاس بیگلیا
Матиас Силвестре	ماتیاس سیلوستره
Грое	گرویی
Орас Фэрхэрст	هوراس فیرهرست
Даниэл Бертони	دنیل برتونی
Бузург Алавӣ	بزرگ علوی
Алексей Балабанов	آلکسی بالابانوف
Cилвино Де Карвалю	سیلوینو ده کاروالیو
Мигел Калеро	میگل کالرو
Ириней	ایرنی
Хорхе Гуагуа	خورخه گواگوا
Сантана	سانتانا
Аминторе Фанфанӣ	آمینتوره فانفانی
Питбулл	پیت‌بال
Оскар Рубио Фаурия	اسکار روبیو
де Кастело Бранко	ده کاستلو برانکو
Адриан Рамос	آدریان راموس
Батиста	باتیستا
ибни Бухтишӯъ	بن بختیشوع
Кордейро Баррето	کوردیرو باریتو
Луис Антонио Хименес	لوییس آنتونیو خیمنز
Алимуҳаммад Муҷавар	علی محمد مجور
Низор Қаббонӣ	نزار قبانی
Агустин Гайнса	آگوستین گاینزا
Аҳмади Қивом	احمد قوام
Азудуддавла Фанохусрав	عضدالدوله دیلمی
Боголюбов,	بوگولیوبوف
Федерико Бессоне	فدریکو بسون
Луис Шмидт	لئو باپتیستائو
Ярослав Врхлиский	یارسلاو ورخلیتسکی
Артур Найт	آرتور نایت
Эмрон Ҳашмӣ	عمران هاشمی
Гӯрбӯз	گوربوز
Ариэл Ортега	آریل اورتگا
Мигел Надал	میگل نادال
Фрэд	فرد
Мари Бакеро	ماری باکرو
Коля	کولا
Дэвисон	دیویسن
Белоусова	بلوسووا
Валериан Куйбишев	والرین کویبیشف
Андре Галиасси	آندره گالیاسی
Ларейн Нюман	لرین نیومن
Нери	نیری
Хесе	خسه
Мигел Пинто	میگوئل پینتو
Браун	براون
Гари Миллс	گری میلز
Гилермо Скелотто	گی‌یرمو اسشلوتو
Ричард Нейлор	ریچارد نیلور
Фабри	فابری
Ирибар	ایریبار
Андерсон Клебер Бералдо	آندرسون کلیبر برالدو
Рамон Медина Бело	رامون مدینا بیو
Фабиню	فابیو
Дэвид Курт	دیوید کورت
Хосе Гонсалес Ганоса	خوسه گونسالس گانوسا
Кике Флорес	کیکه فلورس
Фумио Кисида	فومیو کیشیدا
Смит	اسمیت
Эмануэл Бянкукчи	امانوئل بیانکوکی
Фоулкс	فولکس
Ардавази	آرتاباز
Ҷо Бисера	جو بیزرا
Крис Биркхол	کریس برکال
Гил Меррик	گیل مریک
Моҳир Муъайқилӣ	ماهر المعیقلی
Энди Уилкинсон	اندی ویلکینسون
Турсиос	تورسیوس
Луис Артиме	لوئیس آرتیمه
Хуан Карлос Менсегуэс	خوان کارلوس منگوز
Бутрус ал-Бустонӣ	بطرس البستانی
Антонио Агирре	آنتونیو اگویر
Паноҳ Балуҷ	پناه بلوچ
Так	توک
Рубен Гонсалес	روبن گونزالس
Клив Аллен	کلایو آلن
Николас Наварро	نیکلاس ناوارو
Хавйер Каскеро	خاویر کاسکورو
Ашкрофт	اشکرافت
Ронни	رانی آلن
Чопра	چوپرا
Иван Алонсо	ایوان آلونسو
Энтони Хунг	آنتونی یونگ
Брачи	براچی
Хуан Торалес	خوان تورالس
Ҳеракл	هراکلس
Магно Алвес	مانگو آلوز
Лукас	لوکاس
Алфредо Морено	آلفردو مورنو
Форнароли	فورنارولی
Маркус Антонио	مارکوس آنتونیو
Сантос Де Оливейра	سانتوس دی اولیویرا
Клейдимар Силва	کلدیمار سیلوا
Хуан Эпитие	خوان اپیتیه
Муҳаммад	محمد
Дайон Дублин	دیون دابلین
Клебер Перейра	کلیبر پریرا
Фернандо Санс	فرناندو سانز
Стил	استیل
Раул Баэна	رائول بینا
Асиер Риесго	اسیر ریسکو
Мигел Фланйо	میگوئل فلانو
Чема	خوزه
Айлтон Перейра Жуниор	آیلتون پریرا جونیور
Марти Верхес	مارتی ورگس
Мануэл Итурра	مانوئل ایتورا
Рамон Гусман	رامون گوزمان
Игнасио Кастило	ایگناسیو کاستیو
Арташеси	آرتاشس
Бен Булл	بن بال
Эвертон Коста	اورتون کوستا
Марлус	مارلوس
Алфредо Каррикаберрй	آلفردو کاریکابری
Абдуллоҳ Ансорӣ	عبدالله انصاری
Энди Гриффин	اندی گریفن
Ауэд	اود
Пол Рини	پل رانی
Кейт Курл	کیت کورل
Фернандо	فرناندو
Этто	ایتو
Бурляев	بورلیایف
Гонсалес	گونسالس
Антонио Родригес Мартинес	آنتونیو رودریگز مارتینز
Вилчес	ویلچز
Эдcон	ادینیو
Андре Луиз Де Соуза Силва	آندره لوئیز دی سوزا سیلوا
Франcа	هومبرلیتو بورگاس
Дуглас Дус Сантос	داگلاس دوس سانتوس
Карлос Сантос	کارلوس سانتوس
Мэтю Лаутон	متیو لاوتن
Дин Кили	دین کیلی
Дел Солар	دل سولار
Александр Серафимович	الکساندر سرافیموویچ
Михаил Герасимов	میخائیل گراسیموف
Горостиса	گوروستیزا
Дутра	دوترا
Асад ибни Сомон	اسد بن سامان
Руни	رونی
Майкл Тёрнер	مایکل ترنر
Рафаэл Мора	رافائل مورا
Майкон Соуза	مایکون پریرا دی سوزا
Маккардӣ	مک‌کوردی
Эминем	امینم
Ҳандел	هندل
Сергей Эйзенштейн	سرگئی آیزنشتاین
Пифагор	فیثاغورس
Ибни Боҷа	ابن باجه
Сорос	سوروس
Лиза Миннелли	لیزا مینلی
Моралес	مورالس
Муркия	مورسیا
Мануэл Канабал	مانوئل کانابال
Алан Да Силва Соуза	آلان دا سیلوا سوزا
Мики Адамс	میکی آدامز
Фрэд Бердсли	فرد بردسلی
Миген Бaшa	میگژن باشا
Миген Бaшa	میگژن باشا
Педро Окоа	پدرو اوچوا
Гари Чиверс	گری چایورس
Райан Беннетт	رایان بنت
Серхи Энрич	سرگی غنی
Гайска Сайсар	گیزکا سایزر
Карлос Гарсия	کارلوس گارسیا
Эжен Бюрнеф	اوژن بورنوف
Энрике Бернярдт	هنریکه برنهارت
Филю	فیلو
Гомес	گومس
Кике Алварес	کیکه آلوارز
Да Силва Барбоза	دا سیلوا باربوسا
Жорж Бизе	ژرژ بیزه
Кэн Барнс	کن بارنز
Фрэнсис Кугги	فرانسیس کوگی
Гарасини	گاراسینی
Коппингер	کوپپینگر
Уреня	اورنا
Фабиано	فابیانو
Сантос	سانتوس
Хесус Олмо	خسوس اولمو
Роландо Зарате	رولاندو زاته
Хавйер Гандолфи	خاویر گاندولفی
Ҷонсон	جانسون
Люк Шэв	لوک شاو
Азиз Оханнуш	عزیز اخنوش
Тиего	تییگو
Дэйв Секстон	دیو سکستون
Фрэнсис	فرانسیس
Фернандо Хинер	فرناندو گینر
Нестор Клаусен	نستور کلوزن
Томас Крис	توماس کروز
Иван Степанович	ایوان ایساکوف
Виктор Васин	ویکتور واسین
Грег Халфорд	گرگ هالفورد
Алекс Ферейра	آلکس فریرا
Хуан Малдонадо Жаинес	خوان مالدونادو جایمز
Аюқӣ	ورقه
Таварели	تاوارلی
Эдуардо Да Силва	ادواردو دا سیلوا
Даниэл Килер	دنیل کیلر
Нилтон Перейра Нендес	نیلتون پریرا مندز
Микайелян	میکائیلیان
Қазвинӣ	قزوینی
Қосим Сулаймонӣ	قاسم سلیمانی
Карлос Мунйос	کارلوس مونیوز
Уэсли Белтране	ویسلی بلتارمی
Дока	دوکا
Зокир Ноик	ذاکر نائیک
Арбиде	اربید
Леандро	لیناردو
Агустин Сантяго	آگوستین سانتیاگو
Александр Дюма	الکساندر دوما
Бето	ژوبرت
Дус Сантос Силва	دوس سانتوس سیلوا
Ҷорҷ Р. Мартин	آر. آر. مارتین
Адриан Габбарини	آدریان گابارینی
Огустус Биби	آگوستوس بیبی
Фернандес	فرناندز
Райан Франс	رایان فرانس
Карлос Батиста Пинйеро	کارلوس باتیستا پینیرو
Настен	نستین
Адулядет	آدولیادج
Куруш Яғмоӣ	کوروش یغمایی
Оливер Гилл	الیور گیل
Крис Парнелл	کریس پارنل
Айови	آیووی
Габриэл Фернандо Атс	گابریل فرناندو آتز
Энтони Элдинг	انتونی الدینگ
Рамос	راموس
Глен Литтл	گلن لیدل
Ҷеннифер Ҷонес	جنیفر جونز
Макс Родригес	ماکسی رودریگز
Касанова	کاسانوو
Мартинес	مارتینز
Рубен Глария	روبن گلاریا
Ши	شیا
Хуан Агилера	خوان آگیلرا
Фининю	فینینیو
Муқтадо-ас-Садр	مقتدی صدر
Франс-Алберт Рене	فرانس آلبرت رنه
Де Карвалю	دی کاروالیو
Брайан Талбот	برایان تالبوت
Мауро Галван	مائورو گالوائو
Оттман	اتمن
Иван Куэлар	ایوان کولار
Оскар Минямбрес	اسکار مینامبرس
Билл Адамс	بیل آدامز
Луис Сембранос	لوئیس کمبرانوس
Шилпа Шеттӣ	شیلپا شتی
Хави Лопес	خاوی لوپز
Люис	لوئیس
Питер Уорд	پیتر وارد
Вейс	واس
Сезар Хименес	سزار خیمنز
Эдмундо Суарес	ادموندو سوارز
Рафа	رافع
Бен Паркер	بن پارکر
Логофет	لوگوفت
Энтони Костлй	آنتونی کوستلی
Годой	گودوی
Какуеи Танака	کاکوئی تاناکا
Сиско	ژیسکو
Луис Кабрал	لوئیس کابرال
Авҳадии Мароғи	اوحدی مراغه‌ای
Мануэл Торрес	مانوئل تورس
Явар	یاوار
Бастида	باستیدا
Себастян Предихер	سباستین پردیگر
Ариэл Гонсалес	آریل گونزالس
Эктор Фрески	هکتور فرسکی
Алберт Шестернёв	آلبرت شسترنیوف
Сезар Роша Роза	سزار روخا روسا
Валерий Борзов	والری بورزوف
Петтй	پتی
Ҷастин Хойт	جاستین هویته
Сезар Делгадо	سزار دلگادو
Одам Бутчер	آدام بوچر
Артилес	ارتریس
Бирн	بیرن
Агустин Алаес	آگوستین آلیس
Васконкелус	فلایو کنسیسائو
Марянин	ماریانین
Сегер	سگر
Лудовико Бидоглио	لودوویکو بیدویو
Клэмп	کلمپ
Макдоналд	مک‌دونالد
Нютон	نیوتون
Самуэл Де Хесус	ساموئل دی جسوس
Зито	زیتو
Кини	کوینی
Дионисио Мехия	دایانیسیو مهیا
Нейл Клемент	نیل کلمنت
Даниэл Тейксира	دانیل تیکسیرا
Хосе Родригес	خوسه رودریگس
Марти Креспи	مارتی کرسپی
Оскар Каликс	اسکار کالیکس
Крис Камара	کریس کامارا
Себастян Онтория	سباستین اونتوریا
Луиз Дус Сантос	لوئیز دوس سانتوس
Дус Сантос Коста	دوس سانتوس کوستا
Гастон Сангой	گاستون سانگوی
Спенс	اسپنس
Пирес Алвес	پیرس آلوز
Вандейр Оливейра Дус Сантос	واندیر اولیویرا دوس سانتوس
Мағрибӣ	مغربی
Рон Деллау	ران دلو
Дэйв Уотсон	دیو واتسون
Саид	ساید
Реувен Ривлин	رووین ریولین
Ники Аҷос	نیکی آخوزه
Перес	پرس
Педро Лопес	پدرو لوپز
Фаустиню	فائوستینو
Рэй Путтерилл	ری پاتریل
Де Леон	ده لئون
Ҷентилони	جنتیلونی
Филип Алисте Лопес	فیلیپه آلیسته لوپز
Дэвид Монтеро	دیوید مونترو
Эдуардо	ادو
Игор Скляров	ایگور اسکلیاروف
Андре Пинто	آندره پینتو
Брайан Бирч	برایان توس
Макс Томпсон	مکس تامپسون
Хемес	خه‌مز
Майнс	ماینتس
Аракен Патуска	آراکن پاتسکا
Лори Куннингхем	لوری کانینگهام
Эррера	هررا
Давойне	داووینه
Пабло Алварес	پابلو آلوارز
Марадона	مارادونا
Кастро	کاسترو
Уилфред Бартроп	ویلفرد بارتپ
Гудол	گودل
Висенте Асенси	ویسنته اسانسی
Дориюш Меҳрҷӯӣ	داریوش مهرجویی
Ҷонатан Граундс	جاناتان اسلاک
Гарсия	گارسیا
Хорхе Торо	خورخه تورو
Луис Карлос Переа	لوئیس کارلوس پریا
Баширӣ	بشیری
Арряга	اریاگا
Баркеро	بارکرو
Лукас Ликт	لوکاس لیخت
Мел Стерленд	مل استرلند
Герcон	گیمارش جونیور
Эденилcон	ادنیلسون
Антон Шкаплеров	آنتون شکاپلروف
Мартин	مارتین
Руслан Пименов	روسلان پیمنف
Ғуломҳусейн Иброҳими Денонӣ	غلامحسین ابراهیمی دینانی
Нӯҳ ибни	نوح سامانی
Баҳман Фармоноро	بهمن فرمان‌آرا
Ҳамилтон Александр Росскин Гибб	همیلتون الکساندر روسکین گیب
Ҳувишка	هویشکا
Берти Корбетт	برتی کوربت
Том Ли	تام لی
Пучадес	پوچادس
Марсело Эскудеро	مارسلو اسکودرو
Ари	آریکیلنز
Николас Лопес	نیکولاس لوپز
Виктор Шувалов	ویکتور شووالوف
Самсомуддавла	صمصام‌الدوله
Марк Бентли	مارک بنتلی
Томас Эрнандес	توماس هرناندز
Феликс Де Лос Эрос	فلیکس د لوس هوس
Борха Гарсия	بورخا گارسیا
Лаутаро Гянетти	لائوتارو جانتی
Лес Шэннон	لس شنون
Абон	ابان
Рам Гопал Варма	رام گوپال وارما
Сэм Харди	سام هاردی
Фрэд Спиксли	فرد اسپیکسلی
Зубелдия	زوبلدیا
Рафаэл Мариано	رافائل ماریانو
Руй Буэно Нето	رونالی سانتوس
Дарси Мигел Монтейро	دارسی میگوئل مونتریو
Дел Олмо	دل اولمو
Андрес Тунйес	اندرس تونیز
Фрэнк Свифт	فرانک اسویفت
Ривера Писарро	ریورا پیزارو
Грейнгер	گراینگر
Луис Варгас Пеня	لوئیس وارگاس پنا
Эмиляно Алфаро	امیلیانو آلفارو
Рима Лагу	ریما لاگو
Шендлинг	شندلینگ
Хесус Перера	خسوس پررا
Алекс Смитис	آلکس اسمیتیز
Уо́ллес	والاس
Балтазар	بالتازار
Фредй Барейро	فردی باریرو
Маркио Араужо	مارسیو آراخو
Рамало	رامالو
Леополдо Валехос	لئوپولدو وایخوس
Алф Агар	الف اگر
Дэвид Бермудо	دیوید برمودو
Чемберс	چمبرز
Свиндин	سویدنین
Вячеслав Дайев	ویاچسلاف دایف
Табаронӣ	طبرانی
Кумар Паллана	کومار پالانا
Армонд Амор	آرماند آمار
Гавриил Качалин	گاوریل کاچالین
Ролан	رولان
Дави Де Хесус	داوی دی جسوس
Тони Агана	تونی آگانا
Рамиро Кастило	رامیرو کاستیو
Зенон Де Соуза Фариас	زینون دی سوزا فاریاس
Ҳушанги Ибтиҳоҷ	هوشنگ ابتهاج
Грегорио Бенито	گرگوریو بنیتو
Флорес	فلورس
Алфреду Овонду Кондио	آلفردو اواندو کاندیا
Роберт Милсом	رابرات میلسوم
Макоуен	مک‌اوون
Исидоро	ایسیدورو
Лино Несси	لاینو نسی
Легуия	لگیا
Алекcандро	آلکساندرو
Жуниор	جونیور
Ҳудо Шаъровӣ	هدا شعراوی
Риналдо Гонсалвес	رینالدو گونزالوس
Карлос Кампос	کارلوس کامپوس
Карлос Монтойя	کارلوس مونتویا
Густаво Лассаретти	گوستاوو لازارتی
Мигел Бенитес	میگل بنیتز
Констансиа	کونستانسیا
Виллиан Аран	ویلیان آرائو
Жозе Карлос Жуниор	ژوزه کارلوس جونیور
Чарлз	چارلز
Инти Подеста	اینتی پودستا
Луис Ромеро	لوئیس رومرو
Ян Бранфут	ایان برانفوت
Кастро	کاسترو
Роберто Моусо	روبرتو موزو
Родриго Ромеро	رودریگو رومرو
Обянг	اوبیانگ
Нозлӣ Сабрӣ	نازلی صبری
Марсело Бароверо	مارسلو باروو
Леонардо Мора	لئوناردو مورا
Борха Гомес	بورجا گومز
Хуан Валдивиесо	خوان والدیویسو
Хуан Мануэл Лоп	خوان مانوئل لوپ
Айвор Бродис	آیوور برودیس
Куэлар	کوئلار
Нелсон Акоста	نلسون آکوستا
Бейрут	بیروت
Ҷон Эванс	جان ایوانز
Луис Моран	لوئیس مورن
Абунуъайми Исфаҳонӣ	ابونعیم اصفهانی
Андерсон Хавйер	آندرسون خاویر
Филип Лорейро	فیلیپه لوریرو
Чаваррия	چاواریا
Касимиро Торрес	کسمیرو تورس
Райан Нобл	رایان نوبل
Милтон Авери	میلتون آوری
Рамонсуэло	رامونزولو
Томасина	توماسینا
Пол Фейг	پاول فیگ
Сергей Николаевич Лазарев	سرگئی نیکلایِویچ لازارف
Юдика	یودیکا
Беҳсутун	بیستون
Рикардо Хесус	ریکاردو جسوس
Дарио Фаббро	داریو فابرو
Франсиско Калво	فرانسیسکو کالوو
Стив Огризовик	استیو گروزویچ
Хуан Антонио	خوان انتونیو
Вал Баiано	وال بایانو
Бадеъ	بدیع
Луис Барбат	لوئیس باربات
Бариш Фалай	باریش فالای
Паринитӣ Чопра	پرینیتی چوپرا
Кристиано Роленд	کریستیانو رونالد
Рунӣ	رونی
Алберт Шеферд	آلبرت شفرد
Дункан Кол	دانکن کول
Де Бруно	د برونو
Андерсон Маркес	آندرسون مارکز
Хосе Круз	خوسه کروس
Махдумқулӣ	مخدوم‌قلی
Антонио Руис	انتونیو رویز
Рогерио Корреа	رودریگو مانچا
Алайр Круз Викенте	آلایر کروز ویسنته
Филип Де Алмейда Монтейро	فیلیپه دی آلمیدا مونتریو
Мигел Диас-Канел	میگل دایاز-کانل
Серҳий Серебренников	سرهی سربرننیکوف
Нед Баркас	ند بارکاس
Хоан Томас	خوآن توماس
Александр Митрофанов	الکساندر میتروفانوف
Рафаэл Лесмес	رافائل لیمز
Рафаэл Клаверо	رافائل کلارو
Василий Данилов	واسیلی دانیلوف
Рид	رید
Хуан Мартин Пиэтравало	خوان مارتین پیتروالو
Хуан Карлос Артече	خوان کارلوس ارچه
Вилмар Кабрера	ویلمار کابررا
Салватиерра	سالواتیر
Даниэл Гомес	دانی گومز
Дэвид Родригес Санчес	داوید رودریگز سانچز
Бернабе Ривера	برنابه ریورا
Ник Таннер	نیک تنر
Виланова	ویلانوا
Аряс	آریاس
Дон Гудман	دان گودمن
Жуэано	جیونو
Роналдо Гиаро	رونالدو گویارو
Кейт Веллер	کیت ولر
Шон Дохерти	شان دوهرتی
Ориол Риера	آوریل ریرا
Монтеро	مونترو
Михаил Яковлевич	میخائیل وورونین
Вагнер Перейра Коста	واگنر پریرا کوستا
Дел Росарио	دل روزاریو
Бруно Бертукси	برونو برتوچی
Никки Булл	نیکی بول
Алӣ Зафар	علی ظفر
Борхес	بورخس
Хименес	خیمنز
Эмануэле Дел Векшио	امانوئله دل ویچیو
Баҳроми	بهرام
Бернабе Балестер	برنبه بالستر
Алдэрсон	الدرسون
Серхио Диас	سرخیو دیاز
Либерато	لیبراتو
Шоҳид Хон	شاهد خان
Койра	کویرا
Бустос Монтойя	بوستوس مونتویا
Графф	گراف
Кабрера	کابررا
Виктор Касадесус	ویکتور کاسادسوس
Хота	جوتا
Реиналдо Мерло	رینالدو مرلو
Виларроя	ویلاررویا
Адо	آدو
Де Ла Куэста	د لا کوئستا
Даниэл Лудуэня	دنیل لودونیا
Себастян Бланко	سباستین بلانکو
Андрес Гуглиэлминпиэтро	آندرس گوگلیلمین پیترو
Пунчон	پانچین
Лабарте	لابارته
Алонсо	آلونسو
Филлипс	فیلیپس
Хавйер Манхарин	خاویر مانخارین
Касяно Делвале	کاسیانو دلوایه
Андринуа	آندرینوا
Гонсалес	گونزالس
Додгин	دادگین
Самоуддавла	سماء الدوله
Елтон Родригес Брандан	التون رودریگز برندائو
Муҳаммад ибни Абиссоҷ	محمدبن ابوالساج
Николас Бланди	نیکولاس بلاندی
Леонард Грэм	لئونارد گراهام
Раҳии Муъаййирӣ	رهی معیری
Ҷорҷ	پینگا
Рубен Суарес	روبن سوارز
Мигел Ребосио	میگل ربوسیو
Рибейро Гонсалвес	ریبریو گونزالوس
Ядав	یاداو
Мамта Кулкарнӣ	مامتا کولکارنی
Субҳӣ Баракот	صبحی برکات
Кайро Лима	کایرو لیما
Марина Александрова	مارینا الکساندرووا
Дэвид Видал	دیوید ویدال
Писарев	پیساروف
Вилф Чедвик	ویلف چادویک
Рис	ریس
Алан Уолш	آلن والش
Исҳоқи Мавсилӣ	اسحاق الموصلی
Урфии Шерозӣ	عرفی شیرازی
Эрмес Десио	هرمس دسیو
Педро Харо	پدرو خارو
Герман Асерос	خرمن آکروس
Рэндолф Голлоуэй	راندولف گالووی
Латорре	لاتوره
Гилкс	گیلک
Томас	توماس
Луисми	لویمی
Оскар Телес	اسکار تلز
Фабиан Эстай	فابیان استای
Паки	پاکی
Нелсон Паррагес	نلسون پاراگوز
Албин	آلبین
Пере Гратакос	پره گراتاکوس
Микел Данйобейтия	میکل دنوبیتیا
Муиззуддавла	معزالدوله
Хорхе Айскоррета	خورخه ایزکورتا
Харли	هارلی
Мартин Родригес	مارتین رودریگز
Луан Де Лосан	لوان دی لوزا
Асронӣ	آسرانی
Акбаршо Искандаров	اکبرشاه اسکندرف
Алберт Олдридҷ	آلبرت الدریج
Декиня	دکینیا
Алан Грениер	آلن گرنیر
Уфарте	اوفارته
Ариэл Ногейра	آریل نوگیرا
Кристиан Алварес	کریستیان آلوارس
Морейра	موریرا
Андраде	آندراده
Рубен Да Силва	روبن د اسیلوا
Аҳмади Сирҳиндӣ	احمد سرهندی
Адемар Канавеси	آدمار کاناوسی
Гилермо Эйсагирре	گیلرمو ایزاگیره
Дэмиан Стеинерт	دامیان اشتاینرت
Хуан Санчес	خوان سانچز
Дмитри Сенников	دمیتری سنیکوف
Гарека	گارکا
Хорхе Пулидо	خورخه پولیدو
Мария Забалса	ماریا زابالزا
Ренан Бофлеур	رینان بوفلیور
Мигел Герреро	میگل گررو
Оскар Сиелва	اسکار سیلوا
Паэс	پائس
Лукас Фавали	لوکاس فاولی
Виктор Андрада	ویکتور اندرادا
Евгени Скоморохов	یوگنی سکوموروخوف
Рон Нюман	ران نیومن
Абубакри Бағдодӣ	ابوبکر بغدادی
Алан Найт	آلن نایت
Александер Мортен	الکساندر مورتن
Фабиано	فابیانو
Манежа Ҳикмат	منیژه حکمت
Фейси	فاسی
Неф	نف
Рафаэл Гонсалес	رافائل گونسالس
Саттон	ساتون
Жозе Брандан	ژوزه براندائو
Либеро Парри	لیبرو پری
Лукас Силва	لوکاس سیلوا
Дубертй Араос	دوبرتی آرائوس
Абдумалик Баҳорӣ	عبدوملک بهاری
Фабиню Сантос	فابیو سانتوس
Твинкл Ханна	توینکله خانا
Фали	فالی
Артуро Фернандес Мейсан	آرتورو فرناندز مایزن
Люк Варни	لوک وارنی
Крис Аллен	کریس آلن
Карлос Раффо	کارلوس رافو
Армстронг	آرمسترانگ
Луис Паломино	لوئیس پالومینو
Албаррасин	آلباراسین
Артур Арберрӣ	آرتور آربری
Алан Маклофлин	آلن مک‌لافلین
Макнелй Торрес	ماکنلی تورس
Умар Шайхмирзо	عمرشیخ
Мигел Ангел Руссо	میگوئل آنخل روسو
Капур	کاپور
Ҳуҷвирӣ	هجویری
Карлос Майор	کارلوس شهردار
Аҳмад бин Алӣ Оли Танӣ	احمد بن علی آل ثانی
Aлпин Гaло	آلپین گالو
Густаво Регхи	گوستاوو رگی
Мария Силверо	ماریا سیلورو
Гонсалес	گونزالس
Рел Фокс	رول فاکس
Перейра Де Нелло	پریرا دی میلو
Алберт Миси Томпсон	آلبرت میسی تامپسون
Андре Гэррейро	آندره گوئیررو روخا
Фернандез	فرناندز
Фаромурзи Кокӯя	فرامرز کاکویه
Бенито	بنیتو
Эрнан Боланйос	هرنان بولانوس
Хавйер Манкило	خاویر مانکییو
Бейли	بیلی
Кӯчкунҷухон	کوچ‌کونجی‌خان
Асиер Салседо	اسیر سالدو
Фабрисио Алкантара	فابریسیو آلسانتارا
Агнолин	اگنولین
Сезар Канеда	سزار کاندا
Глаззард	گلازرد
Форт	فورته
Фрэнк Мосс	فرانک مس
Франсиско Ногерол	فرانسیسکو نوگل
Грей	گری
Чарли Мур	چارلی مور
Ореко	اوریکو
Чилаверт	چیلاورت
Эдсон Пуч	ادسون پوچ
Мавдуд Аҳмад	مودود احمد
Ли Ҳайллс	لی هیلز
Ҳабиб Эссид	حبیب صید
Хуан Карлос Реал	خوان کارلوس رئال
Россето	روستو
Довале	دوویل
Гралак	گرالاک
Марк Дрейпер	مارک درپر
Луис Отеро	لوئیس اوترو
Чанги	چانگویی
Абдулқоҳири Ҷурҷонӣ	عبدالقاهر جرجانی
Сантос	سانتوس
Дуарт	دوهارت
Франсиско Амадо	فرن امادو
Эдвард Хейгарт	ادوارد هایگارت
Тони Кей	تونی کی
Форёбӣ	فاریابی
Андрей Ешченко	آندری یشچنکو
Эду Бедия	ادو بدیا
Том Варинг	تام ورینگ
Хоан Барбара	خوان باربرا
Фернандес	فرناندز
Марсело Cарвас	مارسلو سارواس
Брэдли Ҷонсон	بردلی جانسون
Хуан Пабло Монтес	خوان پابلو مونتز
Гиорги Лориа	گیورگی لوریا
Андре Нейтске	آندره نیتزکی
Носир	ناصر
Виктор Маркетти	ویکتور مارکتی
Салас	سالاس
Хавйер Эрнан Гарсия	خاویر هرنان گارسیا
Да Масиел	دا ماسیل
Гонсалес	گونزالس
Дориа	مکدو
Абдуллоҳ ибни ибни Ос	عبدالله بن بن العاص
Андрес Прието	آندرس پریتو
Эрнест Уилямсон	ارنست ویلیامسون
Малҳотра	مالهورترا
Варни Крессвелл	وارنی کرسول
Зайд ибни Хаттоб	زيد بن خطاب
Прем Чопра	پرم چوپرا
Ҷордан	جردن
Алӣ ибни Муҳаммади Ҷурҷонӣ	علی بن محمد جرجانی
Прабҳас	پرابهاس
Алекс Де Лима	آلکس دی لیما
Рада	رادا
Армандо Меродио	ارماندو مرودیو
Нандо	نانودو
Сеоане	سیوان
Четин Текиндор	چتین تکیندور
Габионетта	گابونیتا
Федуло	فدولو
Сезар Паласиос	سزار پالاسیوس
Хорхе Васкес	خورخه واسکس
Хуан Ритнер	خوان ریتنر
Шайхи Тӯсӣ	شیخ طوسی
Демонтагнак	دیوانتناک
Серхио Родригес	سرخیو رودریگز
Габино Родригес	گابینو رودریگز
Биел Рибас	بیل ریباس
Перес	پرز
Де Лос Сантос	د لس سانتوس
Муҳсин Аҳмад ал-Айнӣ	محسن احمد العینی
Антонио Латорре	آنتونیو لاتوره
Перси Хамфрис	پرسی هامفری
Эрик Стефенсон	اریک استیونسون
Саманиего	سامانیگو
Алан Грин	آلن گرین
Алберт Урреа	البرت اورئا
Алекс Бол	الکس بال
Бейли	بایلی
Дэвид Де Навас	دیوید د ناواس
Фортунато	فورتانتو
Мат Садлер	مت سادلر
Андре Нунес	آندره نونس
Энди Хессентейлр	اندی هسنتالر
Гарсия Маркес	گارسیا مارکز
Карлос Кабалеро	کارلوس کابایرو
Ҳаролд Бартон	هارولد بارتون
Багасан Грэм	باگاسان گراهام
Башшор Ҷаъфарӣ	بشار جعفری
Карлос Табарес	کارلوس تابارس
Бенҷамин Монтерросо	بنخامین مونتروسو
Кларк	کلارک
Дрейкотт	دریکات
Билли Грюлич	بیلی گرولیش
Бобби	بابی بل
Фрэнк Мосс	فرانک مس
Хорхе Де Оливера	خورخه د اولیورا
Хорен Байрамян	خورن بایرامیان
Тед Бакл	تد باکل
Дайя Вайдя	دایا وایدیا
Арон Локетт	آرون لاکت
Адилcон	ادیلسون
Адриано Магран	آدریانو ماگرائو
Эйден Буттеруорт	آیدن باترورث
Акваси Фоби Эдуси	اکوسی فوبی-ادوسی
Алан Дайкенс	آلن دیکنز
Алан Финни	آلن فینی
Чарли Эллиотт	چارلی الیوت
Чарли Тэйлор	چارلی تیلور
Крис Карран	کریس کران
Крис Уилямс	کریس ویلیامز
Амброс Хартвелл	آمبروز هارتول
Андере Лехина	آندره لگوینا
Энди Линдегаард	اندی لیندگارد
Энтони Томас	آنتونی توماس
Арчи Хаббард	آرچی هابارد
Ватслав Дворжетский	واتسلاو دورژتسکی
Калверт	کالورت
Куртни Камерон	کورتنی کامرون
Артур Кук	آرتور کوک
Роберт Фирт	رابرت فرت
Арон Лескотт	آرون لسکات
Адам Лок	آدام لاک
Алан Мейс	آلن مایس
Алек Кэннон	الک کانن
Александр Иванов	الکساندر ایوانف
Энди Коллетт	اندی کولت
Ариэл Перейра	آریل پریرا
Екатерина Василева	یکاترینا واسیلی‌یوا
Адриан Руэлас	آدریان رولس
Эктор Гонсалес	اکتور گونسالس
Бен Гарфилд	بن گارفیلد
Луис Кодина	لوئیس کودینا
Деннис	دنیس
Макглен	مک گلن
Ашвинӣ Калсекар	آشوینی کالسکار
Александер Семизян	آلکساندر سمیزیان
Элисео Алварес	الیسئو آلوارز
Андерсон	اندرسون
Дэйв Бюли	دیو بیولی
Дэвид Бэнкс	دیوید بنکس
Дэвид Браун	دیوید براون
Дерек Броунбилл	درک براون‌بیل
Рафаэл Де Оливейра Рамос	رافائل دی اولیویرا راموس
Педро Эррера	پدرو هریرا
Рикардо Мазакотте	ریکاردو مازاکوته
Карлос Баррионуэво	کارلوس باریونوو
Карлос Рохас	کارلوس روخاس
Дуг Коллинз	داگ کالینز
Иван Росадо	ایوان روسادو
Себастян Найяр	سباستین نایار
Хавйер Белидо	خاویر بلیدو
Бриско	بریسکو
Билли Дит	بیلی دث
Браян Луй	برایان لوی
Сесил Чристмас	سسیل کریسمس
Чарли Доув	چارلی داو
Сезар Карранса	سزار کارانزا
Апарисио	آپاریسیو
Пинеда	پیندا
Хорхе Бартеро	خورخه بارترو
Марк Фалко	مارک فالکو
Брайан Дер	برایان دیر
Марғинонӣ	مرغینانی
Гармендия	گارمندیا
Тернеро	ترنرو
Пикабеа	پیکابا
Гонсалес	گونسالس
Луис Павони	لوئیس پاوونی
Франсиско	فرانسیسکو
Энгис	انگویکس
Эчаге	اچاگوئه
Кастро	کاسترو
Майкл Нгу	مایکل نگو
Бозон	باذان
Фидел Чавес	فیدل چاوز
Франсиско Регалон	فرانسیسکو رکالون
Клаудио Бенетти	کلودیو بنتی
Чарли Лемонс	چارلی لمون
Крис Чантлер	کریس شانتلر
Карлос Ресинос	کارلوس رسینوس
Вилегас	ویگاس
Форрест	فارست
Луис Мигел Гайл	لوئیس میگوئل گیل
Хуан Рафаэл Фуэнтес	خوان رافائل فوئنتس
Бруно Эрреро	برونو هررو
Сезар	سزار
Ҷеймс Принсеп	جیمز پرینسپ
Тату	تاتو
Луис Овале	لوئیس اوایه
Мануэл Этура	مانوئل ارتورا
Фернандо	فرناندو
Алекс Жуниор	آلکس جونیور
Колин Эр	کالین آیر
Дэвид Томпсон	دیوید تامسون
Сезар Сантис	سزار سانتیس
Луис Сантос Силва	لوئیس سانتوس سیلوا
Марк Биверс	مارک بیورز
Нестор Карбало	نستور کاربایو
Умар Мендес	عمر مندس
Рэй Грейдон	ری گریدون
Франсиско Осорто	فرانسیسکو اوسورتو
Мирсаид Миршакар	میرسعید میرشکر
Рикардо Факсио	ریکاردو فاکچو
Нороня	نورونا
Питер Алдис	پیتر آلدیس
Бонд	باند
Энди Санделл	اندی ساندل
Уилям Де Оливейра	ویلیام دی اولیویرا
Хуан Карлос Докабо	خوان کارلوس داکابو
Пере Марти	پیر مارتی
Арментано	آرمنتانو
Максмиляно Уррути	ماکسیمیلیانو اوروتی
Гордон Коулман	گوردون کلمن
Гордон Коулман	گوردون کلمن
Вагнер Ренан Рибейро	واگنر رینان ریبریو
Ден Кроппер	دنی کروپر
Менги	منگی
Дмитри Гуз	دمیتری گوز
Витали Баламестни	ویتالی بالامستنی
Биттенкорт Да Коста	بیتنکورت دا کوستا
Роберт Андерсон Кавалюиро	روبرت آندرسون کاوالیریو
Роберто Линкк	روبرتو لینک
Луис	جوزلو
Леопарди	لئوپاردی
Тяго Cалес	تیاگو سالز
Эгойтс Хайо	گوایتس جایو
Луис Марин Сабатер	لوئیس مارین ساباتر
Артур Домини	آرتور دومینی
Эшли Нил	اشلی نیل
Аҳмад Муҳаммад Халифа	احمد محمد خلیفه
Ҳерберт Ҷонс	هربرت جونز
Гай Буттерс	گای باترز
Юлиан Гелёши	یولیان گیلوشی
Андони Гарсия	جونان گارسیا
Марио Гомес	ماریو گومز
Аура Гарридо	آئورا گاریدو
Баста	باستا
Тони Напп	تونی کنپ
Томпсон	تامپسون
Стив Валфорд	استیو والفورد
Арбластер	آربلاستر
Гоффин	گوفین
Мосскроп	موسکراپ
Васили Житарев	واسیلی ژیتارف
Елена Гоголева	ایلنا گوگولوا
Аркадий Волож	آرکادی وولوژ
Абуалии Рӯдборӣ	ابوعلی رودباری
Фран Велес	فرن وولز
Брайан Касвелл	برایان کسول
Серхио Де Араужо	سرجیو دی آراخو
Гари Кобб	گری کاب
Браун	براون
Мануэл	مانو
Франсиско Бертокчи	فرانسیسکو برتوچی
Фрэд Эпплиард	فرد اپل یارد
Герман Саэнс	گرمان سانز
Гангӯҳӣ	گنگوهی
Вячеслав Соловёв	ویاچسلاو سولوویوف
Игор Стрелбин	ایگور استرلبین
Грег Янг	گرگ یانگ
Крис Абел	کریس ابل
Алан Мейерс	آلن مایرز
Алекс Гринвуд	الکس گرینوود
Александер Рамзи	الکساندر رمزی
Аллан Деванни	آلن داونی
Агустин Фаряс	آگوستین فاریاس
Коттон	کاتن
Аҳмад Номӣ	احمد نامی
Ниёзова	نیازوا
Адам Итон	آدام ایتون
Алберт Бродбент	آلبرت برودبنت
Алфонс Серра	الفونس سرا
Алфред Добсон	آلفرد دابسن
Ираия Итуррехи	ایرایا ایتورگری
Ҷомосп	جاماسپ
Мигел Кордеро	میگل کاردرو
Чугуряну	سیوگورئانو
Браун	براون
Кук	کوک
Андре Ферейра	آندره فریرا
Артур Миносян	آرتور مینوسیان
Дэн Тремеллинг	دان ترملینگ
Ҳерберт Бэнкс	هربرت بنکس
Дмитри Улянов	دیمیتری اولیانوف
Энди Холмс	اندی هلمز
Энди Паркинсон	اندی پارکینسون
Энди Смит	اندی اسمیت
Армиче Ортега	ارمیچه اورتگا
Карлос Дус Сантос Мартинс	کارلوس دوس سانتوس مارتینز
Голагер	گلگر
Эрнан Галиндес	ارنان گالیندس
Голагер	گلگر
Сергей Овчинников	سرگئی اووچینیکوف
Сурен Шодунтс	سورن شادونتس
Саймумин Ятимов	سی‌مؤمن یتیموف
Андрей Панюков	آندری پونیوکوف
Ҳазоруфт	آزارتس
Карлос Каисер	کارلوس قیصر
Барри	بری هاوارد
Бен Стревенс	بن استرونز
Алии Яздӣ	علی یزدی
Бек	بک
Билтон	بیلتون
Вон	وان
Себастян Корона	سباستین کورونا
Билли Бридҷман	بیلی بریجمن
Эйб Росентал	آبه رزنتال
Алан Притчард	آلن پریچارد
Алберт Пинегар	آلبرت پینگار
Алек Хупер	الک هوپر
Алгар	الگار
Кирмонӣ	کرمانی
Боб Хоуарт	باب هاوارت
Хуан Пабло Пассаглия	خوان پابلو پاسلیا
Сезар Тейксира	سزار تیکسیرا
Энди Бут	اندی بوث
Энди Флаундерс	اندی فلاندر
Энди Малколм	اندی مالکوم
Энди Уотсон	اندی واتسون
Антонио Герман	انتونیو المانی
Мардоншоҳ	مردانشاه
Антонио Вилануэва	ویلانیووا
Исфахонӣ	اصفهانی
Хуан Игнасио Силс	خوان ایگناسیو سیلز
Адриан Ривс Ҷонс	آدریان ریوز-جونز
Силва Перейра	سیلوا پریرا
Абулҳасан Алӣ	ابوالحسن علی
Дус Сантос Нето	سانتوس نتو
Алан Нилл	آلن نیل
Алберт Кей	آلبرت کای
Нозлӣ Толга	نازلی تولگا
Девдод	دیوداد
Чарли Бейтс	چارلی بیتس
Канал	کانال
Смит	اسمیت
Адам Коннолли	آدام کانلی
Алан Браун	آلن براون
Августо Макадо	آگوستو ماچادو
Батчер	جورج
Тун	تون
Алек Мойс	الک مویس
Мигел Бастон	میگل بستون
Александр Арнолдович	الکساندر آرنولدویچ
Андерсон Да Силва	آندرسون دا سیلوا
Энди Вейн	اندی وین
Энтони Малбон	آنتونی مالبون
Ҳусайн Воизи Кошифӣ	حسین واعظ کاشفی
Алаби	آلابی
Ҷерри Бут	جری بوث
Дэвсон	داوسون
Берт Лионс	برت لیون
Билл Коп	بیل کامپس
Лобҷойт	لوبجویت
Уррейсти	اورریستی
Сарасола	ساراسولا
Рубен Танукси	روبن تانوچی
Уилсон	ویلسون
Фишер	فیشر
Хавйер	روبیو
Брайант	برایانت
Кортез Белл	کورتز بل
Ли Атэк	لی آتاک
Люис Стокер	لویس استووکر
Дайтчфилд	دیچفیلد
Гуч	گوچ
Броф	بروو
Ҷонсон	جانسون
Дэн Эшверт	دن اشورث
Дэрил Бэргесс	داریل برگس
Дэвид Хунка	دیوید یونکا
Артур Блэкбэрн	آرتور بلکبرن
Баҳмани Ҷодуя	بهمن جادویه
Дикинсон	دیکنسون
Эддлестон	ادلستون
Александер	الکساندر
Бартон	برتون
Денни Бокссхол	دنی باکسشال
Бекфорд	بکفورد
Бейли	بیلی
Хуан Карлос Феррейра	خوان کارلوس فررا
Бен Ҳайки	بن هیکی
Смоли	اسمالی
Хорхе Мандука	خورخه ماندوکا
Юлиан Доу	جولیان دوی
Луиз Нунес	لوئیز نونس
Люк Норрис	لوک نوریس
Дон Кларк	دان کلارک
Тирмизӣ	ترمذی
Марио Ортис	ماریو اورتیز
Камерон Гейл	کامرون گیل
Карлос Гарсия Камбон	کارلوس گارسیا کامبون
Энрике Баэс	انریکه بائز
Эрик Лопес	اریک لوپز
Сезар Градито	سزار گرادیتو
Бошелл	بوشل
Дэйв Биклс	دیو بیکلز
Диниол Грэм	دینول گراهام
Арон Торла	ارون تورلا
Мел Эвс	مل اویس
Майкл Курли	مایکل کورلی
Эндрю Кэтон	اندرو کاتون
Энди Рэммелл	اندی رامل
Апаресидо Донизетти	اپارسیدو دونیزتی
Арчи Тёрнер	آرچی ترنر
Алфредо	مالور
Энди Рэнкин	اندی رنکین
Энтони Стюарт	آنتونی استوارت
Ли Энгол	لی آنگول
Хесус Рубио	خسوس روبیو
Ян Филби	یان فیلبی
Фрэд Бинни	فرد بینی
Грин	گرین
Аҳмад Бенали	احمد بنعلی
Хуан Моралес	خوان مورالس
Алан Хоули	آلن هاولی
Алан Ривс	آلن ریوز
Алберт Пап	آلبرت پاپ
Перес	پرز
Алфред Эрл	آلفرد ارل
Даг Леннокс	داگ لنوکس
Энди Бэргесс	اندی برگس
Энди Прис	اندی پریس
Энтони Шандран	آنتونی شاندران
Антон Апатин	آنتون آپاتین
Крис Каспер	کریس کاسپر
Абделкадер Лечеҳеб	عبدالقادر لشهب
Абуубайда	بن
Адриан Авалос	آدریان آوالوس
Ригоглайосо	ریگوگلیوسو
Алберт Лик	آلبرت لیک
Алберт Уилкс	آلبرت ویلکس
Алберто Суарес	البرتو سوارز
Фрэнсис Эрдли	فرانسیس اردلی
Масиэл	ماسیل
Карлос Кинтана	کارلوس کوئینتانا
Хесус Туриел	خسوس توریل
Брейшав	برایشاو
Артеага	ارتاگا
Феликс Герреро	فلیکس گررو
Чарнли	چارنلی
Билли Делвс	بیلی دلوز
Боб Барншав	باب بارنشاو
Бомшод	بامشاد
Беттс	بتس
Рамон Де Кинтана	رامون ده کینتانا
Эду Cалес	ادو سالز
Далер Кузяйев	دالر کوزائف
Дэйв Гудвин	دیو گودوین
Рафаэл Поркеллис	رافائل پورسلیس
Дорронсоро	دوررونسورو
Батлер	باتلر
Андре Блэкман	اندره بلکمن
Гарсес	گارسس
Мэнган	منگان
Энди Кинг	اندی کینگ
Артур Чарлесуорт	آرتور شارلسورث
Адам Кумбс	آدام کومبس
Ад Хэмнетт	آد همنت
Адриан Ауэрс	آدریان اورز
Айтор Гарсия	ایتور گارسیا
Алберт Курвуд	آلبرت کوروود
Калво Гарсия	کالوو-گارسیا
Билли Дэниелс	بیلی دانیلز
Бобби Кой	بابی کوی
Берт Ҳарри	برت هری
Картврайт	کارترایت
Брайан Биггинс	برایان بیگینز
Исмати Бухороӣ	عصمت بخاری
Энди Брокбанк	اندی براکبانک
Энтони Гриффин	انتونی گریفین
Алсибар	آلسیبار
Арнолд Д'арси	آرنولد دارسی
Стив Дерби	استیو داربی
Дин Остин	دین آستین
Донингус Гонес	دومینگوئز گومز
Дри Райт	دری رایت
Билл Руффелл	بیل رافل
Блунт	بلانت
Мануэл	مانوئل
Грэм Абел	گراهام ابل
Смитарело	اسمیتارلو
Адриан Ссифо	آدریان سیفو
Артур Бейт	آرتور بیت
Артур Кромптон	آرتور کرومپتون
Асҷадӣ	عسجدی
Эссонда	اساندو
Коудрилл	کودریل
Бернард Стретен	برنارد استرتن
Бетел Робинсон	بتل رابینسون
Он Суон	آن سوآن
Думас	دوماس
Артур Спер	آرتور اسپیر
Патрик Виейра	پاتریک ویرا
Бадхэм	بادهام
Антон Заболотни	آنتون زابولوتنی
Пуче	پوچه
Артур Форд	آرتور فورد
Брюс Баннистэр	بروس بنیستر
Араруама	ارارواما
Энди Лав	اندی لاو
Барри Эшверт	بری اشورث
Эндин	ان دین
Антонио Морено	انتونیو مورنو
Гари Бирч	گری برچ
Лонг	لونگ
Ди Меола	دی میولا
Марко Тяго	مارکو تیاگو
Берти	برتی
Хоразмӣ	خوارزمی
Балсом	بالسوم
Карлос Мак Алистер	کارلوس مک آلیستر
Крис Брасс	کریس براس
Крис Винникомб	کریس وینیکامب
Боб Фэрман	باب فیرمن
Бобби Куммингс	بابی کامینگز
Бен Бэрли	بن برلی
Бенни Ҷонс	بنی جونز
Лейн	لین
Мерсер	مرسر
Боб Броклебанк	باب بروکلبانک
Бенефилд	بنفیلد
Картер	کارتر
Эндертон	اندرتون
Эвансон	اوانسون
Фрейн	فرین
Чарли Комайн Платт	چارلی کومین-پلت
Артур Купер	آرتور کوپر
Артур Ҳайтчинс	آرتور هیچینز
Брэдли Гэмбл	بردلی گمبل
Маурис Дойл	موریس دویل
Маурис Станброф	موریس استانبرو
Майкл Байрон	مایکل بایرون
Луис Асефф	لوئیس اساف
Пол Грин	پل گرین
Миранда	میراندا
Берт Дейнти	برت داینتی
Блэкаддер	بلک دیدر
Бентон	بنتون
Клейсон	کلیسون
Боб Данскин	باب دانسکین
Винсент	وینسنت
Ҷозеф Бофи	جوزف بوگی
Аткинсон	اتکینسون
Ҳаррисон	هریسون
Клив Гудиэр	کلایو گودیر
Микел Орбегосо	میکل اوربیگوزو
Миръимод Ҳасанӣ	میرعماد حسنی
Абуалии Даққоқ	ابوعلی دقاق
Клив Эванс	کلایو اوانس
Домингес	دومینگز
Карлос Буттисе	کارلوس باتیس
Фонсека	فونسکا
Никсон	نیکسون
Фрэнк Крессвелл	فرانک کرسول
Чалкли	کلکلی
Кристиан Силва	کریستین سیلوا
Пажмон Бахтиёрӣ	پژمان بختیاری
Лукас Боваглио	لوکاس بوراگلیو
Кандела	کاندلا
Дин Кони	دین کونی
Доналд Дакетт	دونالد داکت
Байрон Бубб	بایرون باب
Гривс	گریوس
Ши	شی
Дэвид Диксон	دیوید دیکسون
Дэн Бурн	دن برن
Дэвид Ҳайбберт	دیوید هیبرت
Фернандес	فرناندز
Ралф Дейн	رالف داین
Рамон Де Мендисабал	رامون ده مندیزابال
Рэй Гудинг	ری گودینگ
Рамос	راموس
Витерфилд	واترفیلد
Грэм Брессингтон	گراهام برسینگتون
Карл Гилберт	کارل گیلبرت
Карлос Эспосито	کارلوس اوسوسیتو
Крис Линс	کریس لاینز
Крейг Далримпл	کریگ دالریمپل
Дмитри Арсланов	دمیتری ارسلانوف
Иствуд	ایستوود
Луисми	لویمی
Пирес	پیرس
Колин Бут	کالین بوث
Сезар Кабрал	سزار کابرال
Бесвик	بسویک
Карлос Да Силва Сантос	کارلوس دا سیلوا سانتوس
Чарлз Бродхэрст	چارلز برودهرست
Чарли Пэрри	چارلی پری
Веласкес	ولاسکس
Раул Лонги	رائول لونگی
Курноу	کورونو
Баксендейл	باکسندیل
Виктор Маркесини	ویکتور مارچسینی
Денни Гровс	دنی گرووز
Даррон Ҷи	داررون جی
Дэрил Брук	داریل بروک
Дэвид Касабланка	دیوید کازابلانکا
Силва Перейра	سیلوا پریرا
Элисcон	الیسون
Лен Бейкер	لن بیکر
Леон Крукс	لئون کروکس
Даниэл Марин	دنیل مارین
Дэвид Эванс	دیوید ایوانز
Дэвид Фэрхэрст	دیوید فیرهورست
Денни Бауэрс	دنی باورز
Бакстэр	باکستر
Дэвид Фаррелл	دیوید فارل
Гибсон	گیبسون
Шон Вейд	شان وید
Габриэл Карвалю	گابریل کاروالیو
Габриэл Ирибаррен	گابریل ایریبارن
Эвертон Силва	اورتون سیلوا
Эспиноса	اسپینوسا
Фернандо Рибейро Фернандес	فرناندو ریبریو فرناندز
Ҳерберт Брумфилд	هربرت برومفیلد
Ансен	هانسن
Хорхе Луна	خورخه لونا
Ян Ҷонсон	ایان جانسون
Луис Роблес	روبلس
Белчер	بلچر
Дэвис	دیویس
Броклехурст	بروکلهرست
Дэн Батлер	دن باتلر
Лиам Дарвилл	لیام دارویل
Тойгар Ишиклӣ	تویگار اشیکلی
Франсиско Дорронсоро	فرانسیسکو دوررونسورو
Диего Хименес	دیگو خیمنز
Эдигле	ادیگالی
Питер Тилл	پیتر تیل
Фил Дэвис	فیل دیویس
Пол Кудди	پل کادی
Сезар Лима	سزار لیما
Педро Васкес	پدرو وازکوئز
Орландо	اورلاندو
Дуг Кларк	داگ کلارک
Кристиан Монтанйо	کریستین مونتانو
Томас	توماس
Дерек Карр	درک کار
Дус Сантос Лима	دوس سانتوس لیما
Сидни Браун	سیدنی براون
Броган	بروگان
Гладвин	گلدوین
Люис Граббан	لوئیس گرابان
Муди	مودی
Луис Мамоне	لوئیس مامونه
Паулиню	پائولینیو
Эдгар	ادگار
Эдди Ҷонс	ادی جونز
Эдвин Ҷонс	ادوین جونز
Элиандро	الیاندرو
Хонатан Хаккет	جاناتان یاسکه
Герман Гомес	گرمان گومز
Клифф	کلیف
Кромптон	کرومپتون
Эралдо Коррейа	ارالدو کوریا
Дэвис	دیویس
Эрни Кукси	ارنی کوسی
Ҳаролд Куммингс	هارولد کامینگس
Кавторн	کاوتورن
Cавио Коза	ساویو سوسا
Рикардо Алонсо	ریکاردو الونسو
Лазбал	لازبال
Корнвелл	کورنول
Делв	دلوی
Фернандан	فرناندو
Эша Гупта	اشا گوپتا
Хавйер Модрего	خاویر مودرگو
Юарт Бесвик	ایوارت بسویک
Хулио Олайсола	خولیو اولیزولا
Гордон Армстронг	گوردون آرمسترانگ
Убайдуллохон	عبیدالله خان
Люк Прозер	لوک پروسر
Вергара	ورگارا
Ҳюго Лопес	هوگو لوپز
Филю	فیلو
Галдер Серрахерия	گالدر سرریا
Аткинсон	اتکینسون
Мейорана	مایورانا
Поррас	پوراس
Брайгхэм	بریگام
Вилдинг	ویدینگ
Рон Гингелл	رون گینگل
Сэм Дункам	سام دانکوم
Филип Cпеллнейер	فیلیپه اسپلمیر
Фернандо Ресио	فرناندو رسیو
Фрэнк Ходгеттс	فرانک هاجتز
Фрэд Беннетт	فرد بنت
Бромейҷ	بروماژ
Крокстон	کرکستون
Ҳарри Прингл	هری پریلند
Вейнврайт	وین رایت
Франсергио	فرانسرجیو
Фредерик Гровс	فردریک گروز
Брэдшав	بردشاو
Коллинз	کالینز
Феликс Прието	فلیکس پریتو
Дэвид Фурнелл	دیوید فورنل
Уилсон	ویلسون
Воуден	وودن
Пол Фрейкснет	پل فریزنت
Фернандес	فرناندز
Ли Фитспатрик	لی فیتزپاتریک
Дус Сантос Коста	دوس سانتوس کوستا
Виана	ویانا
Шон Дунфи	شان دانفی
Гордон Дэвис	گوردون دیویس
Хуан Баэна	خوان بینا
Мик Стоквелл	میک استکول
Майк Дохерти	مایک دوهرتی
Гордон Клейтон	گوردون کلیتون
Грэм Шэв	گریم شو
Бланко	بلانکو
Папа	پاپا
Эстебан Беккер	استبان بکر
Гари Белл	گری بل
Барнетт	بارنت
Биван	بیوان
Браун	براون
Адам Чиксен	آدام چیکسن
Аден Флинт	آدن فلینت
Мантерола	مانترولا
Кэн Беннетт	کن بنت
Батлер	باتلر
Фрайр	فریر
Абулқосими Даргузинӣ	ابوالقاسم درگزینی
Леандро Каррижо	لیناردو کاریجو
Сид Клюлау	سید کلولو
Гитян	گوتیان
Антонио Амейхенда	انتونیو امیندا
Кэн Бимиш	کن بیمیش
Кэн Кут	کن کوت
Фаррухони Хурд	فرخان کوچک
Феде Кастанйос	فده کاستانیوس
Нейл Фриман	نیل فریمن
Алберт Лок	آلبرت لاک
Алекс Родман	الکس رادمن
Анайтс Арбила	انایتس اربیلا
Энди Гарнер	اندی گارنر
Фуэртес	فورتس
Пинто	پینتو
Сухро	زرمهر
Викторо Кокко	ویکتوریو کوکو
Оливейра	اولیویرا
Дарлингтон	دارلینگتون
Родригес	رودریگز
Хуан Мануэл Кортес	خوان مانوئل کورتس
Васселл	واسل
Ли Ҳаррисон	لی هریسون
Антонио	انتون
Хандон	خندان
Стив Браккенридҷ	استیو براکنیج
Лерой Гриффитс	لیروی گریفیث
Алайн Алварес	الن الوارز
Козирунӣ	کازرونی
Мануэл Де Оливейра Да Силва Жуниор	مانوئل دی اولیویرا دا سیلوا جونیور
Мануэл Бонаке	مانوئل بوناکه
Габбиадини	گابیدینی
Абулфутӯҳи Розӣ	ابوالفتوح رازی
Ника Чхапелийа	نیکا چخاپلیا
Дуров	دورف
Хонатан Скунке	جاناتان شونک
Сайид Иброҳим Раисӣ	سید ابراهیم رئیسی
Игор Де Соуза	ایگور دی سوزا
Куэста	کوئستا
Дарио Бенедетто	داریو بندتو
Петтс	پتس
Буффарини	بافرینی
Фаррухзод	فرخزاد
Франсиско Парренйо	فرانسیسکو پارنیو
Орас Барнет	هریس بارنیت
Роб Келли	راب کلی
Бридон	بریدون
Ҷек Липсхэм	جک لیپشام
Арнотт	آرنوت
Фарнен	فارنن
Марин	مارین
Марк Форд	مارک فورد
Марк Паттерсон	مارک پترسون
Бен Нунн	بن نون
Билли Фогг	بیلی فوگ
Харкер	هارکر
Бобби Гриффитс	بابی گریفیث
Ҷек Хэйг	جک هیگ
Линтон Браун	لینتون براون
Луис	لویس
Асел Хуарес	اکسل خوارز
Бетанкор	بتانگور
Уайтхид	وایتهد
Кэмпбелл	کمپبل
Блэквелл	بلکول
Ангус	آنگوس
Фреттингхэм	فرتینگهام
Тэйлор	تیلور
Силва	سیلوا
Дудҷон	داجن
Ян Грей	یان گری
Луис Эрнандес	لوئیس هرناندز
Эктор Окоа	اکتور اوچوا
Лукас Селарайян	لوکاس زلارایان
Пирӯзи	پیروز
Луис Алберто Эскобедо	لوئیس البرتو اسکوبدو
Пэт Ерлс	پت ارل
Пирӯз	پیروز
Питер Барлоу	پیتر بارلو
Фил Дандо	فیل داندو
Орас Грин	هوراس گرین
Лима	لیما
Бэнкс	بنکس
Дулан	دولان
Симеоне	سیمئونه
Франкс	فرانک
Юлиан Келли	جولیان کلی
Вандерcон Cкардовелли	واندرسون اسکاردولی
Кессиди	کسیدی
Кук	کوک
Лакслт	لکسالت
Доу	داو
Марсело Гоус	مارسلو گوکس
Камерон Дарквах	کامرون دارکوا
Масиел Луиз Франко	ماسیل لوئیز فرانکو
Марлон Бирсфорд	مارلون برسفورد
Виддоусон	ویدوسون
Бартон	بارتون
Флауэрс	فلاورز
Хуан Эстрада	خوان استرادا
Рафаэл Макена	رافائل ماسینا
Рег Бейнс	رگ بینز
Кудер	کودر
Чарлз	چارلز
Смит	اسمیت
Майкл Ботенг	مایکل بواتنگ
Мик Гудинг	میک گودینگ
Горман	گورمن
Майкл Баррон	مایکل بارون
Майкл Ҷексон	مایکل جکسون
Лерой Росенайор	لیروی رویارد
Бернал	برنال
Чю	چو
Коллинз	کالینز
Кину Марш Броун	کینو مارش براون
Браун	براون
Браун	براون
Мартин	مارتین
Ҷейсон Кузинс	جیسون کازینز
Гилл	گیل
Кайли Уилсон	کایل ویلسون
Кэн Брейсвелл	کن بریسول
Дей	دی
Шон Девин	شان دیواین
Пол Боттомли	پل باتملی
Пол Венрик	پال ورنیک
Кевин Грей	کوین گری
Фелл	فل
Дунгуорт	دانگوورث
Мингорансе	مینگورنس
Дерби	داربی
Гуд	گود
Форд	فورد
Ҷонсон Кларк Харрис	جونسون کلارک-هریس
Куффур	کافور
Ҷо Хоар	جو هار
Дэвис	دیویس
Лен Ашэрст	لن آشست
Ричард Карпентер	ریچارد کارپنتر
Хорхе Гаона	خورخه گائونا
Мартинес	مارتینز
Хуан Кобян	خوان کوبیان
Хуан Монтес	خوان مونتس
Леонел Алтобели	لئونل آلتوبلی
Ҷордан Игерс	جردن ایگلز
Моралес	مولیرو
Пачеко	پاچکو
Клементс	کلمنتس
Марк Каррингтон	مارک کارینگتون
Роберто Кармо	روبرتو کارمو
Люк Уилямс	لوک ویلیامز
Санти Мина	سانتی مینا
Махдуми Аъзам	احمد کاسانی
Кристиан Тула	کریستین تولا
Дэмиен Аллен	دیمین آلن
Дэвид Бирсфорд	دیوید برسفورد
Дэвид Ҳёрлӣ	دیوید هرلی
Брерли	بریل
Марк Деннис	مارک دنیس
Мел Блит	مل بلیت
Малколм Дейвс	مالکوم داوز
Марк Бэрроус	مارک باروز
Леопалди	لئوپالدی
Марк Аллен	مارک آلن
Марк Уилямс	مارک ویلیامز
Мирeл Йосa	میرل یوسا
Уотсон	واتسون
Винсент	وینسنت
Луиз Карлос Жуниор	لوئیز کارلوس جونیور
Мариано Углессик	ماریانو اوگلسیچ
Томас Беннетт	توماس بنت
Том Бучер	تام بوچر
Нейл Критчли	نیل کریچلی
Ли Браун	لی براون
Майк Грис	مایک گرایس
Делей	دیلی
Майкл Боствик	مایکل بوستویک
Мики Фентон	میکی فنتون
Майк Грин	مایک گرین
Хуанлу	خوانلو
Стив Макналти	استیو مک‌نالتی
Оейки Филд	اوکی فیلد
Майкон Ассис	مایکون آسیس
Нейл Эллис	نیل الیس
Бол	بال
Сезар Дус Сантос	سزار دوس سانتوس
Накисо	نکیسا
Малколм Девитт	مالکوم دویت
Мэтю Деликâт	متیو دلیکته
Люк Ҷойс	لوک جویس
Кейт Дублин	کیت دوبلین
Паскуал Парра	پاسکوال پارا
Норман Кол	نورمن کول
Де Оливейра Анастакио	دی اولیویرا آناستایکو
Майкл Говард	مایکل هاوارد
Майкл Вҳайтхэм	مایکل ویتهام
Луис Эдуардо	لوئیس پاچکو
Хорхе Массо	خورخه ماسو
Антонио Пардо	آنتونیو پاردو
Ботелю	بوتلو
Ҷастин Ричардс	جاستین ریچاردز
Майкл Бэрнс	مایکل برنز
Лучано Гонсалес	لوچیانو گونزالس
Луиз Энрике Сантос	لوئیز هنریکه سانتوس
Филип Насименто	فیلیپه ناسیمنتو
Марсело Берса	مارسلو برزا
Марк Брэдшав	مارک بردشاو
Марк Смит	مارک اسمیت
Марк Уорд	مارک وارد
Матео Мигес	ماتئو میگوئز
Мэтт Дайкинс	مت دیکنز
Кайли Критчелл	کایل کریتسل
Паулиню Диас	پائولینیو دیاز
Фил Бэрроус	فیل باروز
Роберто Гонсага	روبرتو گونزاگا
Петар Шегрт	پیتر سرگیت
Фил Эдвардс	فیل ادواردز
Бойер	بویر
Томми Гарретт	تامی گرت
Ник Бартон	نیک برتون
Фрэд Эйнсвэрт	فرد اینسورث
Гари Кросби	گری کرازبی
Элмор	المور
Марлон Брумс	مارلون برومز
Мэтю Бёрд	متیو برد
Лес Чаппелл	لس چپل
Роблес	روبلس
Маурис Конрой	موریس کانروی
Мик Бакли	میک باکلی
Питер Спиринг	پیتر اسپیرینگ
Оскар Фокс, Ҷр.	اسکار فاکس جونیور
Питер Фаррелл	پیتر فارل
Кейси	کیسی
Стевленд Ангус	استولند آنگوس
Грэм Энтони	گراهام آنتونی
Грэм Футчер	گراهام فوچر
Рафаэл Тейксира Де Соуза	رافائل تیکسیرا دی سوزا
Пол Андервуд	پل آندروود
Раул Медина	رائول مدینا
Матиас	ماتیاس
Норман Браун	نورمن براون
Лес Аффул	لس آفول
Нейл Кокс	نیل کاکس
Қайсари Аминпур	قیصر امین‌پور
Висенте	ویسنته
Дэвидсон	دیویدسون
Райан Ллойд	رایان لوید
Роберто Могровехо	روبرتو موگروجو
Ҷонсон	جانسون
Оскар Гоберн	اسکار گوبرن
Пол Кокс	پل کاکس
Лил Тэйлор	لایل تیلور
Синбӯя Асворӣ	سنبویه اسواری
Марк Бридҷ Вилкинсон	مارک بریج-ویلکینسون
Марк Берд	مارک بیرد
Рамон Гонсалес	رامون گونزالس
Рэй Сваллау	ری اسوالو
Ричард Ландон	ریچارد لاندون
Рон Фогг	ران فوگ
Блэкман	بلکمن
Пол Дамметт	پل دامت
Перси Фэрклоф	پرسی فیرکلاگ
Фил Кросби	فیل کرازبی
Ники Форстер	نیکی فورستر
Алколеа	الکولیا
Мэтти Эдвардс	متی ادواردز
Рубен Паррага	روبن پاراگا
Симон Доунер	سایمون داونر
Стэн Уикс	استن ویکس
Бартон	برتون
Райан Брунт	رایان برانت
Пол Адкок	پاول ادکاک
Мигел Тохо	میگل توخو
Майк Крейвен	مایک کریون
Майк Элвисс	مایک الویس
Покрнхик	پوکرنیک
Луис Эрнандес	لوئیس ارناندس
Карлос Лопес	کارلوس لوپز
Идигорас	ایدیگوراس
Бустос	بوستوس
Пол Комстив	پل شانه‌گیر
Педро	پدرو
Мохика	موهیکا
Сантамария	سانتاماریا
Хесус Месас	خسوس ماس
Андерсон Де Лима Фрейтас	آندرسون دی لیما فریتاس
Тансар	تنسر
Стив Броди	استیو برودی
Родригес Сантос	رودریگز دوس سانتوس
Эскаланте	اسکالانته
Роб Ҷонсон	راب جانسون
Стэн Алдус	استن آلدوس
Стеф Фрост	استف فراست
Рис Вабара	ریس وابارا
Рег Стокилл	رگ استوکیل
Стив Пеплау	استیو پپلاو
Тед Андерсон	تد اندرسون
Бартон	بارتون
Соҳиб ибни Аббод	صاحب بن عباد
Роберто Торрес	روبرتو تورس
Рубен Пеня	روبن پنیا
Рафаэл Морера	رافائل موررا
Ричард Купер	ریچارد کوپر
Скотт Кукси	اسکات کوسی
Микел Алваро	میکل الوارو
Фонсека	فونسکا
Том Бриггс	تام بریگز
Стюарт Флитвуд	استوارت فلیتوود
Рэй Кашли	ری اشلی
Рис Коннолли	ریس کانلی
Рег Смит	رگ اسمیت
Шон Коннелли	شان کانلی
Виттор	ویتور
Роберт Дон	رابرت داون
Дэвидсон	دیویدسون
Сергей Сукасян	سرگئی سوکیاسیان
Брага Де Соуза	براگا دی سوزا
Гудласс	گودلاس
Рубен Санс	روبن سانز
Руперт Кавторн	روپرت کاوتورن
Висенте Эставило	ویسنته استاویلو
Пол Дэвис	پاول دیویس
Бадахшӣ	بدخشی
Тони Бонд	تونی باند
Тони Генри	تونی هنری
Сеп Смит	اسپ اسمیت
Симон Иствуд	سیمون استوود
Умар Cигуейра	اسمار سیگوئرا
Том Уилкокс	تام ویلکاکس
Рэй Картер	ری کارتر
Ренато Недейрус	ریناتو مادیروس
Стив Дейви	استیو دیوی
Стив Ваддингтон	استیو وادینگتون
Пол Китсон	پل کیتسون
Стив Берри	استیو بری
Стэн Фазаккерли	استن فاکرلی
Стив Холленд	استیو هالند
Стив Томпсон	استیو تامسون
Икер Ундабаррена	ایکر اندابرنا
Ричард Брукс	ریچارد بروکس
Ричард Дриден	ریچارد درایدن
Гарднер	گاردنر
Рубен Бернунсио	روبن برنوسیو
Стюарт Бимсон	استوارت بیمسون
Батюп	بیت‌آپ
Натан Элдер	ناتان الدر
Да Силва Вагнер	دا سیلوا کیرونو
Валдемар Мендес	والدمار مندز
Уолтер Пас	والتر پاز
Уолтер Рибонетто	والتر ریبونتو
Тулин Озен	تولین اوزن
Алмонд	آلموند
Витти	ویتی
Якоб Эрскин	یاکوب ارسکین
Биумонт	بومونت
Ричард Барройлхет	ریچارد باروله
Ричи Поулинг	ریچی پولینگ
Гудчилд	گودچایلد
Батлер	باتلر
Рон Генри	رون هنری
Райан Аллсоп	رایان آلسوپ
Сэм Флетчер	سام فلچر
Трэвор Эйлотт	ترور آیلوت
Беванс	بیوانس
Мигел	میگل
Хуан Карлос Ортис	خوان کارلوس اورتیز
Хуан Бланко	خوان بلانکو
Арнолд Коутс	آرنولد کوتس
Селвин Пеннант	سلوین پنانت
Веймар Маркус Родригес	ویمار مارکوس رودریگز
Виктор Сегура	ویکتور سگورا
Нунес	نونس
Висенте Гомес	ویسنته گومز
Алехандро Родригес	الخاندرو رودریگز
Уилям Ярброуг	ویلیام یاربرو
Уилям Да Силва	ویلیام دا سیلوا
Боб Бейнбридҷ	باب بینبریج
Владенир Баррето	ولادمیر باریتو
Кэн Бирч	کن توس
Уолтер Антонио Хименес	والتر انتونیو خیمنز
Браун	براون
Брэдшав	برادشاو
Рэнкин	رنکین
Карвалю	کاروالیو
Стаффорд	استفورد
Марк Бирч	مارک برچ
Бутл	بوتل
Алберто	تاتو
Зек Роу	زیک رو
Санчес	سانچز
Лопес Лауриндо	لوپس لائوریندو
Марк Дин	مارک دین
Марк Уилямс	مارک ویلیامز
Алмонд	آلاموند
Мик Аткин	میک اتکین
Майк Смит	مایک اسمیت
Алекс Портило	الکس پورتیلو
Бертоти Падиля	برتوتی پادیلا
Нейл Бэрретт	نیل بارت
Нейл Кутлер	نیل کاتلر
Алмонд	آلموند
Абубакр Розӣ	ابوبکر رازی
Николас Нунйес	نیکلاس نونز
Паредес	پاردس
Висенте Арсе	ویسنته آرزه
Пол Эллендер	پل اللندر
Себастян Арриэта	سباستین اریتا
Луис Монтес	لوئیس مونتس
Хуан Мануэл Кавало	خوان مانوئل کاوالو
Иняки Болайн	اینیاکی بولاوین
Марсело Браво	مارسلو براوو
Лукас Аяла	لوکاس ایالا
Флорис	فلوریس
Роналд Митчелл	رونالد میچل
Бекетт	بکت
Рубен Пасос	روبن پازو
Хуан Уерта	خوان هورتا
Буфарини	بوفارینی
Шон Гейл	شان گیل
Беродия	برودیا
Чапман	چپمن
Мануэл Видал	مانوئل ویدال
Дус Сантос Роберто	دوس سانتوس روبرتو
Пауло Да Коста	پائولو دا کوستا
Мэтт Бразир	مت منقل
Мануэл Ромай	مانوئل رومی
ибни Абдуллоҳ ибни Тоҳир	بن عبدالله بن طاهر
Пити Белмонте	پیتی بلمونته
Валош	ولاش
Хуан Антонио Санйудо	خوان آنتونیو سانیودو
Оскар Рамирес	اسکار رامرز
Браун	براون
Абдулқодир Камил Муҳаммад	عبدالقادر کمیل محمد
Абел Эрнесто Эррера	آبل ارنست هررا
Колам Хиггинботем	کالوم هیگینبوتام
Пол Гарднер	پل گاردنر
Норман Белл	نورمن بل
Форрестер	فورستر
Ҷонсон	جانسون
Добинсон	دوبینسون
Линакр	لیناکر
Ли Элам	لی ایلام
Мики Бэрнс	میکی برنز
Бауза	بوزا
Пол Дайгби	پائول دیگبی
Майкл Ҳектор	مایکل هکتور
Алан Стефенс	آلن استفنز
Луна	لونا
Беттени	بتانی
Гоулдинг	گولدینگ
Диего Ассис	دیه گو آسیس
Ли Батчер	لی قصاب
Грей	گری
Алберт Фишер	آلبرت فیشر
Луиз Жуниор	لوئیز دی آزودو جونیور
Ҳаролд Бутон	هارولد بوتون
Ҷон Хоули	جان هاولی
Талиска	تالیسکا
Ҳайбберт	بیلی هیبرت
Рафаэл Ферейра	رافائل فریرا
Брэкстон	براکستون
Бёрд	برد
Хуан Угарте	خوان اوگارته
Календер	کالندر
Ҷозеф Бирдс	جوزف بردز
Коуен	کوئن
Родриго Контрерас	رودریگو کونتراپس
Пепе Диас	په دیاز
Хуан Палетта	خوان پالتا
Браун	براون
Насименто	ناسیمنتو
Дэвид Бак	دیوید باک
Пол Батлер	پل باتلر
Линч	لینچ
Тристан	تریستن
Монки	مونچی
Нас Башир	ناس بشیر
Энтони Ҷеффри	آنتونی جفری
Роберт Этерингтон	رابرت اترینگتون
Релиш	رلیش
Ҷейрон	جیران
Эдcон Гауко	ادسون گوچو
Люк Лихи	لوک لیهای
Крейг Этерингтон	کریگ اترینگتون
Эраклес	هراکلس
Рикки Хилл	ریکی هیل
Пол Арнисон	پل آرنیسون
Ник Фентон	نیک فنتون
Эван Хорвуд	ایوان هوروود
Запата	زاپاتا
Акквурофф	جک آکورف
Пабло Нинйо	پابلو نینو
Люк Эйлинг	لوک آیلینگ
Ҷон Додсуорт	جان دودزورث
Фелл	فل
Ралф Чапман	رالف چپمن
Адриан Моуринйо	ادریان مورینیو
Раул Лоренте	رائول لورنت
Ли Корнвелл	لی کورنول
Питер Эйтчисон	پیتر آیچیسون
Умар Сампедро	عمر سامپدرو
Адлӣ Мансур	عدلی منصور
Мануэл Матео	مانوئل متئو
Назр ибни Шумайл	نضر بن شمیل
Абдулазиз ибн Ҳабтур	عبدالعزیز بن حبتور
Анӯшервон ибни Холид	انوشیروان بن خالد
Алсоп	آلسوپ
Велтон Филип	ولتون فیلیپه
Ҳилол ибни Алӣ	هلال بن علی
Гастаняга	گزتاناگا
Делфин Алварес	دلفین الوارز
Дел Алли	دله الی
Доминик Вос	دومینیک ووز
Клэр	کلر
Анвар Чингизоглу	انور چنگیز اوغلو
Луис Фернандес	لوئیس فرناندز
Лоло	لولو
Алӣ Асадов	علی اسدف
Айнӣ	عینی
Насим Раҷаб	نسیم رجب
Ҳурмуздухт	هرمزدخت
Алекс Родригес	الکس رودریگز
Дидук	دیدوش
ибни Комил	بن كامل
Абулаббос ибни Аҳмади Исфароинӣ	ابوالحسن اسفراینی
Вандуй	وندوی
Элой Хименес	الوی خیمنز
Хесус Нарро	خسوس نارو
Да Силва Соуза	دا سیلوا سوزا
Леон Соломяк	لئون سولومیاک
Рид	رید
Ансола	انسلا
Гарсия	گارسیا
Самуэл Гарсия Санчес	ساموئل گارسیا سانچز
Витиню	ویکتور
Чиполина	چیپولینا
Дэвид Костас	دیوید کاستاس
Хуан Круз Капроф	خوان کروز کاپور
Ҷонсон	جانسون
Филип Августо	فیلیپه آگوستو
Алан Деннис	آلن دنیس
Сангали	سنگالی
Мунир Эл Аддади	منیر الحدادی
Бен Гринхалг	بن گرینهالگ
Эрик Ревертер	اریک رایتر
Крис Дикинсон	کریس دیکینسون
Иван Алварес	ایوان آلوارز
Люк О'ниен	لوک ناین
Ҳаролд Блэкмор	هارولد بلک مور
Френч	فرنچ
Майя Санду	مایا ساندو
Чемберс	چمبرز
Алан Пинйеро	آلان پینیرو
Родни Рук	رادنی روکه
Райан Кросдейл	رایان کرااسدیل
Хави Ноблехас	خاوی نخیبزاس
Фрэнк Бромли	فرانک بروملی
Галин Хонум	گلین خانم
Ланделлс	لاندلس
Адамс	آدامز
Абдуллоҳ Танӣ	عبدالله الثنی
Ли Эллисон	لی الیسون
Дей	دی
Тарсисио Агуадо	تارسیسیو اگوادو
Хавйер Кабрера	خاویر کابررا
Артур Эллиотт	آرتور الیوت
Малкон	مالکوم
Ҷим Готтс	جیم گات
Симон Басси	سایمون باسی
Маколи Бонн	مکولی بون
Бартомеу	بارتومئو
Алберт Ҳаррисон	آلبرت هریسون
Пол Барроуклифф	پل باروکلیف
Матеус Перейра	متیوس پریرا
Адриано	آدریانو
Мария Зубяррайн	زوبیرین
Вaлён Aҳмeди	وولان احمدی
Федерико Рикка	فدریکو ریکا
Рубен Янйес	روبن یانییز
Карвалю Де Оливейра	کاروالیو دی اولیویرا
Калум Кэмпс	کالوم کمپز
Алберт Грин	آلبرت گرین
Ҳасан	حسن
Оскар Ромеро	اسکار رومرو
Ҳарусиндон	هروسندان
Том Конлон	تام کونلون
Флинн	فلین
Корини	قارن
Рафаэл Алвес	رافائل آلوز
Рубен Вин	روبن واین
Чарлз Деннингтон	چارلز دنینگتون
Томас Багли	توماس باگلی
Куртни Бейкр Ричардсон	کورتنی بیکر-ریچاردسون
Алан Иглс	آلن ایگلز
Эксли	اکسلی
Сидни Эллиотт	سیدنی الیوت
Акоста	آکوستا
Албиол	البیول
Канйисарес	کانیی
Дидак Девеса	دیداک دوسا
Диего Санчес	دیگو سانچز
Марк Кастелс	مارک کاستلز
Хулио Родригес	خولیو رودریگز
Гуни	گونی
Коннор	کانر
Брайан Гриффитс	برایان گریفیتس
Ҷек Эбботт	جک ابوت
ибни Марзбон	بن مرزبان
Даниэл Пинилос	دانیل پینیلوس
Морено	مورنو
Васкес	باسکس
Тонер Олмаз	تانر اولماز
Арбер	آربر
Алекс Брайстер	الکس بریستر
Мосса	موسی
ибни Омир	بن عامر
Чарли Дикон	چارلی دیکن
Лерма	لرما
Микел Олмо	میکل اولمو
Карлос Калдерсон	کارلوس کالدرسون
Фаусто Тиенса	فائوستو تینزا
Ҷордан	اردن
Себас Корис	سباس کوریس
Планас	پلاناس
О'коннелл	کانل
Маркос	مارکوس
Луис Гарнер	لوئیس گارنر
Рубен Дарио Росси	روبن داریو روسی
Алберт Партридҷ	آلبرت پارتریج
Блаккер	بلکر
Энрике Галан	انریکه گالان
Корреа	کوریا
Лукас Лима	لوکاس لیما
Сиёвахш	سیاوخش
Хуаким Арсура	خواکین ارزرا
Мина	مینا
Райан Ҷонсон	رایان جانسون
Адан Перес	ادن پرز
Бернардо Круз	برناردو کروز
Жилберто	گیلبرتو
Фернандо Баррачина	فرناندو باراچینا
Амир Сурӣ	امیر سوری
Майк Бойл	مایک بویل
Ангой Круйфф	انگوی-کرایف
Ренато Де Лима	ریناتو دی لیما
Ҷон Эвс	جان ویس
Надалес	فونسی
Уолтер Бенитес	والتر بنیتز
Энди Пэрри	اندی پری
Вега	وگا
Мёрфи	مورفی
Дэвид Гарсия	دیوید گارسیا
Ирам Дариҷӣ	ایرم دریجی
Таргетт	تارگت
Хесус Имас	خسوس ایمز
Диас	دیاس
Фран Пинеда	فرن پیندا
Паскуа	پاسکوا
Иняки Саэнс	انیاکی سانز
Хосу Эрнаэс	یوسو هرنائز
Ҷош Гиллис	جاش گیلیز
Пабло Подио	پابلو پودیو
Чарли Дринквитер	چارلی درینکوت
Дон Бол	دان بال
Ли Бург	لی برگ
Рочет	روچت
Рон Форстер	ران فورستر
Хауме Домèнеч	خاومی دومنش
Кейт Амос	کیت آموس
Хавйер Содеро	خاویر سودرو
Грэм Браун	گراهام براون
Мэтт Крукс	مت کروکز
Томас Хирон	توماس خیرون
Дэвид Гаскон	دیوید گاسکون
Родригес	رودریگز
Даниэл Олдра	دنیل اولدرا
Алфред Дуглас	آلفرد داگلاس
Икер Гуаррочена	ایکر گوارتسنا
Дэвид Мунйос	دیوید مونیوس
Ривер Аллен	ریور آلن
Ян Дарҷи	ایان دارگی
Эрос Грeздa	اروس گرزدا
Сайфиев	سیفیف
Грэм Браун	گراهام براون
Жозе	بوبو
Сеговия	سگوویا
Эдгар Мендес	ادگار مندز
Томас Болсикко	توماس بولزیکو
Исфизорӣ	اسفزاری
Борха Майорал	بورخا مایورال
Баҳроми Гушнасп	بهرام گشنسپ
Масъуд Акуста	مسعود آکوستا
Иняки Уилямс	اینیاکی ویلیامز
Карлос Абад	کارلوس آباد
Талес Олекес	تالس اولکس
Яздёр	یزدیار
Майк Дикин	مایک دیکین
Мигел Массана	میگل ماسانا
Сперрин	اسپرین
Гуидо Родригес	گیدو رودریگز
Дэвид Бигас	دیوید بیگاس
Брэдли Голдберг	بردلی گلدبرگ
Клив Бейкер	کلایو بیکر
Андрес Родригес	اندی رودریگز
Акуня	اکونیا
Рафаэл Паэс	رافائل پاز
Бустос	بوستوس
Эдуардо Педро Жуниор	ادواردو پدرو جونیور
Тяго Нендес	تیاگو منجس
Фрэд Дэррант	فرد درانت
Рагелли	راگلی
Ӯрунбой Ашӯров	ارونبای عاشورف
Марин	مارین
Рафаэл Бадо	رافا بدو
Уйлcон	اویلسون
Питер Ҷонсон	پیتر جانسون
Зармеҳри Корин	زرمهر کارن
Гил Мунтадас	گیل مونتاداس
Эйнсли Мейтленд Нилс	اینسلی مایتلند نیلز
Серхио Нарваэс	سرخو ناروز
Ричард Дэвсон	ریچارد داوسون
Мария Мартинес	مارتینز
Алан Паркс	آلن پارکز
Компагнукси	کاماگنوچی
Сироҷидин Аслов	سراج‌الدین مُهرالدین
Пабло	پابلو
Бурбек	بربک
Грейс Виктория Кокс	گریس ویکتوریا کوکس
Дмитри Арапов	دمیتری آراپوف
Адам Смит	آدام اسمیت
Мария Путина	ماریا ورونتسوا
Фенвик	فنویک
Доминик Калверт Люин	دامینیک کالورت-لوین
Абрам	آبرام
Ҳаролд Кравшав	هارولد کرشاو
Хуан Сифре	خوان چیفره
Томас Кардона	توماس کاردونا
Асад Сикандар	اسد سکندر
Асиер Вилалибре	اسیر ویلالیبره
Ашби	اشبی
Луке	لوکه
Витор Ҳюго	ویتور هوگو
Микел Весга	میکل وسگا
Сэм Уайт	سام وایت
Гил	گیل
Стивен Буллок	استیون بولاک
Гарсия Де Андойн	گارسیا د اندن
Габриэл Хесус	گابریل ژسوس
Хорхе Ортис	خورخه اورتیز
Драупадӣ Мурму	دراپادی مورمو
Гарсия	گارسیا
Пуэртас	پوئرتاس
Юлиан Кикко	خولیان چیسکو
Эбер Ферейра Де Бесcа	ابر بیسا
Тилли	تیلی
Жуэлинтон	جوئلینتون
Гонсалес	گنزالز
Белтран	بلتران
Ҳерберт Лоусон	هربرت لاوسون
Ас-Сувайдӣ	السویدی
Кук	کوک
Кристиан Ривера	کریستیان ریورا
Дэвид Ҷонс	دیوید جونز
Шаҳролонюзон	شهر آلان یوزان
Сюга	شوگا
Максмиляно Ромеро	ماکسیمیلیانو رومرو
Солор Ақилӣ	سالار عقیلی
Магдалено	ماگدالنو
Даниил Фомин	دنیل فومین
Эуллер	ائولر
Баҳроми Моҳозар	بهرام ماه آذر
Раҳмонзода	رحمانذاده
Ричард Филд	ریچارد فیلد
Дал Фрай	دانیل فرای
Ариманй	اریمانی
Дуглас Танке	دوگلاس تانکی
Клаус Гясуля	کلاوس جاسولا
Сезар Монтес	سزار مونتس
Крейвен	کریون
Крейвен	کریون
Кристиан Карраседо	کریستین کارراکیدو
Максмиляно Гомес	مکسی گومز
Тири	تیری
Коксон	کاکسون
Салвадор Санчес	سالوادور سانچز
Ариманй	اریمانی
Марлос Морено	مارلوس مورنو
Гарсия	گارسیا
Кеши Андерсон	کشی اندرسون
Дэвид Серрано	دیوید سرانو
Рубен Алкарас	روبن الکاراز
Марк Ниерга	مارک نیرگا
Кайли Камерон	کایل کامرون
Питер Бейнбридҷ	پیتر بینبریج
Фелл	فیل
Алекс Ри	الکس رو
Лил Верд	لایل ورده
Амарал	آمارال
Арсен Айрапетян	آرسن هایراپتیان
Лячи	لاچی
Родригес	رودریگز
Перси Фриман	پرسی فریمن
Алексис Мессидоро	الکسیس مسیدورو
Райан Фултон	رایان فولتون
Ардавони Хоразмӣ	اردوان خوارزمی
Рафа Мир	رافا میر
Яки Ен	یاکی ین
Фернандес	فرناندز
Мир	میر
Николас Де Ла Круз	نیکلاس د لا کروز
Хуан Карлос Молина	خوان کارلوس مولینا
Науел Молина	ناهوئل مولینا
Дэвид Сория	دیوید سوریا
Сулаймон ибни Абдуллоҳ	سلیمان بن عبدالله
Андриго	آندریگو
Пеле	پله
Стэн Чарлтон,	استن چارلتون
Нолан Эванс	نولان ایوانز
Усмон Какей	عثمان کاکای
Родриго Линдозо	رودریگو لیندوسو
Тана	تنا
Тед Битесон	تد بیتسون
Бокос	بوکوس
Де Лос Рис	د لوس ریس
Алейс Домингес	الکس دومینگز
Алберто Домингес	البرتو دومینگز
Стагг	استگ
Кевин Сейзли	کوین کیزلی
Карлос Морено	کارلوس مورنو
Дэвид Боултер	دیوید بولتر
Валверде	والورده
Рон Барритт	ران بارت
Марсел Баррингтон	مارسل بارینگتون
Гонсалес	گونزالس
Антон Миранчук	آنتون میرانشوک
Эдуардос Контохеоргакис	ادواردوس کونتوجئورگاکیس
Сооронбой Жээнбеков	سورنبای جینبکف
Биран Дамла Йилмаз	بیران داملا ییلماز
Луис Родригес	لوئیس رودریگز
Пинчи	پینچی
Куфре	کوفر
Энрике Да Силва Коза	هنریکه دا سیلوا سوزا
Грегоре	گرگوره
Мартин Вискарра	مارتین ویسکارا
Клод Ҷефкотт	کلود یفکات
Асиер Бенито	اسیر بنیتو
Адриан Клифтон	ادریان کلیفتون
Гулмурод Ҳалимов	گل‌مراد حلیموف
Шавкати Бухороӣ	شوکت بخارایی
Сэм Филд	سم فیلد
Майкл Фелгейт	مایکل فلگیت
Мэтю Балдисимо	متیو بالدیسیمو
Эвертон Камарго	اورتون کامارگو
Игор Юлио	ایگور خولیو
Доносо	دونوسو
Ҷеннӣ	جنی
Дэвидян	داویت داویتیان
Рзайев	رضایف
Говард Голир	هاوارد گلیه
Абулмуъини Насафӣ	ابوالمعین النسفی
Сезар	سزار
Лиса	لیسا
Федерико Зeнуни	فدریکو زنونی
Адарабиойо	آدارابویو
Дус Сантос	دوس سانتوس
Хуан Андрада	خوان اندرادا
Такефуса Кубо	تاکفوسا کوبو
Хесус Гонсалес	خسوس گونزالس
Ката	کاتا
Араужо Силва	اراخو جورادو
Родригес	رودریگز
Вандерcон	وندرسون
Эмануэл Секчини	امانوئل چکینی
Ҷексон	جکسون
Иван Маркес	ایوان مارکز
Арон Рэмсдейл	ارون رمسدال
Саъид Муллоӣ	سعید ملائی
Дэвидсон Да Перейра	دیویدسون دا پریرا
Лукас Нинейро	لوکاس مینیرو
Сикер	شیکر
Роберт Ковердейл	رابرت کاوردیل
Манижа Сангин	منیژه سنگین
Ибни Лайс	ابو جود
Луис Диас	لوئیز دیاز
Чарли Колкетт	چارلی کولکت
Хуан Маре	خوان ماره
Рирa	ریرا
Иманол Сарриехи	ایمانول ساریگی
Томас Куэло	توماس کولو
Каю Энрике	کایو هنریکه
Раул Гутйеррес	رائول گوتی
Эвандер Да Силва Ферейра	اواندر دا سیلوا فریرا
Адилcон Агэро	ادیلسون مارینگا
Гратерол	گریترول
Аллан Келл	آلن کیل
Ҷонстон	جانستون
Гил	گیل
Фахрулмулк	فخر الملک
Яздгирд	یزدگرد
Амиршоҳӣ	امیرشاهی
Мино Масъуд	مینا مسعود
Раниел	رنیل
Абдуллоҳи Занузӣ	عبدالله زنوزی
Ҳасан ибни Мӯсо ибни Шокир	حسن ابن موسی ابن شاکر
Ардашери Кушоншоҳ	اردشیر کوشانشاه
Кошонӣ	کاشانی
Ҳодӣ Чӯпон	هادی چوپان
Пирӯзи Мешонӣ	پیروز میشانی
Шопурдухтаки	شاپوردختک
Ричард Корнелиус	ریچارد کارنیلیوث
Соро Алихон	سارا علی‌خان
Қамариддинов	قمرددناو
Делфин	دلفین
Тикритӣ	تکریتی
Осиф Ҷалолӣ	آصف جلالی
Ёрбобев	یاربابایوف
Маҳмадтоир Зокирзода	محمدطاهر ذاکرزاده
Бобак Некталаб	بابک نیک‌طلب
Кривокапич	کریوکاپیچ
Подуспони	پادوسبان
Масуми	معصومی
Мадина Акназарова	مدینه نظروا
Весли Роҷерс	وسلی راجرز
Охунд	آخند
Ҳарнааз Сандҳу	هارناز ساندو
Алӣ Майсам Назарӣ	علی میثم نظری
Бекболотов	بیگ‌بالوتوف
Озодвори Чангӣ	آزادوار چنگی
Ҳадис Наҷафӣ	حدیث نجفی
Ҳадис Наҷафӣ	حدیث نجفی
Шервин Ҳоҷипур	شروین حاجی‌پور
Гурба Эллингтон	گربه الینگتون
Лвова	لووا
Шариф Шукуров	شریف شکوری
Эйнаудӣ	ایناودی
Сӯфӣ	صوفی
Екатеринаи	کاترین
Томас Манн	توماس مان
Абел Тасман	آبل تاسمان
Тим Бёртон	تیم برتون
Юсуф Қарзовӣ	یوسف قرضاوی
О’Мара	اومارا
Дани Карвахал	دنی کارواخال
Матеус Корадини Вивиан	ماتئوس کورادینی ویویان
Роберт Пел	رابرت پیل
Сан	سن
Мелогно	ملوگنا
Ник Бармби	نیک بارمبی
Аскар Ҳумберту Меҷио	اسکار هومبرتو مخیا
Балозурӣ	بن یحیی بلاذری
Хорхе Валдано	خورخه والدانو
Диди	دیدی
Корлус Меса	کارلوس مسا
Ҳасан Шайх Маҳмуд	حسن شیخ محمود
Михаил Георгиевич	میخائیل گلاوانی
Игор Дмитриев	ایگور دمیتریف
Диего Уолш	دیه گو والش
Эктор Рял	هکتور ریال
Субябре	سابایبر
Владимир Василевич	وولودیمیر بسونوف
Владимир Аксёнов	ولادیمیر آکسیونوف
Майкл Грей	مایکل گری
Рони	رونی
Конфусиус	کنفوسیوس
Мейҷор	میجر
Борис Колкер	بوریس کولکر
Дуглас Тейксира	داگلاس تیکسیرا
Марк Бархэм	مارک بارهام
Леонел Алварес	لئونل آلوارز
Гамбетта	گامبتا
Ҷонатан Хогг	جاناتان هاگ
Беназир Бҳутто	بی‌نظیر بوتو
Вале	واله
Деви	دوی
Шарп	شارپ
Мустафа Кемал Aтатурк	مصطفی کمال آتاترک
Габриэл Гарсиа Маркес	گابریل گارسیا مارکز
Абурайҳони Берунӣ	ابوریحان بیرونی
Тодор Живков	تودور ژیوکوف
Арнолд Швартсенеггер	آرنولد شوارتزنگر
Кант	کانت
Каналес	کانالس
Аустен	آستن
Деол	دیول
Калехон	کایخون
Энгелс	انگلس
Томас Ҳобс	تامس هابز
Михаил Саакашвили	میخائیل ساکاشویلی
Хуан Себастян Верон	خوان سباستین ورون
Роберт Бойл	رابرت بویل
Лина Вертмуллер	لینا ورتمولر
Адам	آدام
Виктор Понта	ویکتور پونتا
Михаил Касянов	میخائیل کاسیانوف
Нуруддин Атосӣ	نورالدین الاتاسی
Энрику де Никола	انریکو ده نیکولا
Ҳерман Грассман	هرمان گراسمان
Неҳру	نهرو
Готфрид Лейбнитс	گوتفرید لایبنیتس
Хуан Перон	خوآن پرون
Салвадор Рейносо	سالوادور رینوسو
Ион Ансотехи	یون انوتگی
Гигоу	گیگو
Карл Генри	کارل هنری
Леброн	لبران
Ҷинҷер Роҷерс	جینجر راجرز
Силва Рейналдо Рибейро	سیلوا رینالدو ریبریو
Василий Верешагин	واسیلی ورشچگین
Икарди	ایکاردی
Ҷомосп	جاماسپ
Волтер	ولتر
Сандовал	ساندووال
Лопес	لوپس
Виктор Пуа	ویکتور پوآ
Логан	لوگان
Рау	راو
Браун	براون
Дуэйн Ҷонсон	دوئین جانسون
Александра Фёдоровна	آلکساندرا فیودوروفنا
Витус Ионассен	ویتوس برینگ
Эшли Кол	اشلی کول
Спенс	اسپنس
Тони Кроос	تونی کروس
Елизавета Петровна	الیزابت روسیه
Ҳанс вон Аахен	هانس فون آخن
Искандар Мирзо	اسکندر میرزا
Графите	گرافایت
Энрико	انریکو
Рамон Ненезес	رامون مندز
Артур Балфор	آرتور بالفور
Эрнест Ҳемингуей	ارنست همینگوی
Луиз Раинер	لوئیز رینر
Абдурраҳмони	عبدالرحمن
Ларри Пейҷ	لری پیج
Адам Смит	آدام اسمیت
Александр Фадеев	آلکساندر فادیف
Нето	نیتو
Фариа	فاریا
Якоб Берселиус	یاکوب برسلیوس
Солйом	سولیوم
Беллоус	بلز
Борис Годунов	بوریس گودونوف
Хорди Алба	خوردی آلبا
Муҳаммад Табарӣ	محمد طبری
Абдунносир	عبدالناصر
Софиа Лорен	سوفیا لورن
Море	موره
Абдуллоҳ ибни Абдулмуттолиб	عبدالله بن عبدالمطلب
де Гаспарис	د گاسپاری
Эрнст Аббе	ارنست آبه
Рюноскэ Акутагава	ریونوسوکه آکوتاگاوا
Ардашери	اردشیر
Чарлз Грили Аббот	چارلز گریلی ابوت
Сисиню	سیسنیو
Михаил Калинин	میخائیل کالینین
Дэвид Писарро	دیوید پیزارو
Луи Лагранжv	لویی لاگرانژ
Нодин Гурдимер	نادین گوردیمر
Ислом Каримов	اسلام کریموف
Суарес	سوارز
Фолкнер	فاکنر
Ян Холлауэй	ایان هالووی
Жорж Сименон	ژرژ سیمنون
Майкл Ҷексон	مایکل جکسون
Антонин Дворжак	آنتونین دورژاک
Абудардо	ابودردا
Хонум	خانم
Хорхе Игуаин	خورخه هیگوین
Гил	گیلبرتو
Клаудет Колберт	کلودت کولبرت
Родриго Cото	رودریگو سوتو
Анри Барбюс	آنری باربوس
Стивен Колкер	استیون کالکر
Леандро Даниан	لیاندرو دامیاو
Сванте Август	سوانت آرنیوس
Иван Пирис	ایوان پیرس
Гордон Бэнкс	گوردون بنکس
Пол Робинсон	پل رابینسون
Антуан-Жан Гро	آنتوئن ژان گروس
Ивани	ایوان
Габор	گابور
Дедимар	ددیمار
Морарҷи Десаӣ	مورارجی دسای
Франческо Борромини	فرانچسکو بورومینی
Ума Турман	اوما تورمن
Паҳлавӣ	پهلوی
Шарл Голл	شارل گل
Ричард Столлман	ریچارد استالمن
Дэвид Ривас	دیوید ریواس
Айшвария Рай	آیشواریا رای
Морена Баккарин	مورینا بکرین
Наталя Гончарова	ناتالیا گنچاروا
Меркури	مرکوری
Эду Ориол	ادو اوریول
Абдуссалом	عبدالسلام
Роман Зобнин	رومن زوبنین
Энтонӣ Ҳопкинс	آنتونی هاپکینز
Шоҳзода Филипп	شاهزاده فیلیپ،
Алдо Дускер	آلدو دوشر
Яаков Агам	یاکو آگام
Верон	ورن
Комбаров	کومباروف
Стефан Банах	استفان باناخ
Борис Ҷонсон	بوریس جانسون
Крис Уэҷ	کریس ودج
Климент Ефремович	کلیمنت ووروشیلوف
Лейтон Бейнс	لیتون بینس
Дмитрий Кабалевский	دمیتری کابالفسکی
Андреу Бонар Ло	اندرو بونار لاو
Ширин Ибодӣ	شیرین عبادی
Ибни Туфайл	ابن طفیل
Мари	ماری
Михаил Булгаков	میخائیل بولگاکف
Абд Мансур Ҳодӣ	عبد منصور الهادی
Серик Ахметов	سریک آخمتوف
Голдстайн	گلدستین
Эжен Виолле-ле-Дюк	اوژن ویوله لودوک
Дэвид О'лери	دیوید اویلری
Бозор Собир	بازار صابر
Фрэд Тэйлор	فرد تیلور
Ҳелен Ҳайес	هلن هیز
Кристиан Риверос	کریستین ریوروس
Тэйлор	تیلور
Каcапа	کاکاپا
Дориюши	داریوش
Чавла	چاولا
МакДоналд	مک‌دونالد
Зойид Хон	زاید خان
Сингҳ	سینگ
Нобору Такешита	نوبورو تاکه‌شیتا
Сегундо Кастило	سگوندو کاستیو
Ариэл Паэс	اریل پرز
Баҳроми Гӯр	بهرام گور
Рубен Бараха	روبن باراخا
Игнасио Камачо	ایگناسیو کاماچو
Энерcон Леан	امرسون لئو
Аббоси	عباس
Ҳодӣ	الهادی
Гӯрдун	گوردون
Антон Фердинанд	آنتوان فردیناند
Майнор Фигуэро	ماینور فیگوئروا
Мумуо	موموآ
Эдгар Алварес	ادغار الفاریز
Форд Мадокс Браун	فورد مادوکس براون
Таншопур	تن شاپور
Пернамбукано	پرنامبوسانو
Ҳасан Банно	حسن‌البنا
Энди Дэвсон	اندی داوسون
Педро	پدرو
Сиа	سیا
Спенсер	اسپنسر
Луис Убиня	لوئیس اوبینیا
Пйер Абеляр	پی‌یر آبلار
Гейтс	گیتس
Гойя	گویا
Августин	آگوستین
Флавио	زینیو
Вячеслав Иванович Иванов	ویاچسلاو ایوانویچ ایوانف
Кале	کاله
Теофило Гутйеррес	تئوفیلو گوتیرز
Антиохи	آنتیوخوس
Рэй Люингтон	ری لوینگتون
Алӣ Ҷавон	علی جوان
Таро Асо	تارو آسو
Дэвид Бисконти	دیوید بیسکونی
Луис Фернандес	لوئیس فرناندز
Роке Жуниор	روکه جونیور
Самитиер	سامیتیر
Нимейрӣ	نمیری
Сусуке	سوسوکه
Абдуллоҳ Тоҳир	عبدالله طاهر
Майкон	مایکون
Михаил Фёдорович	میخائیل روسیه
Грэр Гарсон	گریر گارسون
Энрике Насименто	هنریکه ناسیمنتو
Беккенбауэр	بکن‌باوئر
Алессандро Алгарди	آلساندرو آرگالدی
Валентин Петрович	والنتین گلوشکو
Бургос	برگوس
Асиер Арранс	اسایر تریز
Ойер Олазабал	اویر اولازابال
Энрике	انریکه
Ангел Ароча	آنگل آروچا
Алӣ ибни Масъудӣ	علی بن مسعودی
Лукас Лейва	لوکاس لیوا
Фрэнсис Бэкон	فرانسیس بیکن
Армен Саркисян	آرمن سارگسیان
Клаудио Писарро	کلودیو پیتزارو
Озарҳурмуз	آذرهرمز
Павел Дуров	پاول دورف
Александр Суворов	الکساندر سوورف
Василий Жуковский	واسیلی ژوکوفسکی
Адолф Хассе	آدولف هاسه
Дэвис	دیویس
Эррера	هرریتا
Уэллс	ولز
Кроу	کرو
Ринер	رینر
Меҳрон Каримии Носирӣ	مهران کریمی ناصری
Ричард Райт	ریچارد رایت
Освалдо Санчес	اوسوالدو سانچز
Гиллори	گیلری
Гарринка	گارینشا
Ҳасан ибни	حسن مجتبی
Микел Артета	میکل آرتتا
Аслан Масхадов	اصلان ماسخادوف
Муртала Муҳаммад	مورتالا محمد
Агус	آگوس
Андрес Иниеста	آندرس اینیستا
Вилҳелм Аргеландер	ویلهلم ارگلاندر
Капел	کاپل
Аршак	ارشک
Чириаку Де Мита	چیراکو د میتا
Дино Баҷӯ	دینو
Ашраф Ғанӣ	اشرف غنی
Ғозӣ Машъал ал-Ёвар	غازی مشعل الیاور
Родригес Де Соуза	رودریگز دی سوزا
Сеа	سی
Святослав Рихтер	سویه‌تسلاف ریختر
Порис Ҳилтун	پاریس هیلتون
Тимофтӣ	تیموفتی
ибни Абдуллоҳ	بن عبدالله
Зеехофер	زیهوفر
Анварпошшо	انور
Евалд Типнер	اوالد تیپنر
Зеноб Грамм	زنوب گرامه
Ҷейсон Бердсли	جیسون بیردزلی
Рикардо Роша	ریکاردو براتو
Кабалеро	کابایرو
Амин Райҳонӣ	امین ریحانی
Николас Бурдиссо	نیکولاس بوردیسو
Борут Пахор	بروت پاهور
Аалтонен	آلتونن
Франклин Рузвелт	فرانکلین روزولت
Нирон Носуорти	نایرون نوسورثی
Винус Вилямс	ونوس ویلیامز
Спинк	اسپینک
Оскар Устари	اسکار اوستاری
Фернандо Наварро	فرناندو ناوارو
Қоид Сибсӣ	قائد سبسی
Аҳмадшоҳи Қоҷор	احمدشاه قاجار
Кумбиню	کومبیانو
Рубен Оливера	روبن اولیورا
Умар Сивори	اومار سیووری
Эмпедокл	امپدوکلس
Фатҳалишоҳи Қоҷор	فتحعلی‌شاه قاجار
Родригес	رودریگز
Абэ	آبه
Алсидес Гигхия	آلچدس گیجیا
Аҳмад Шомлу	احمد شاملو
Алберт Серран	البرت سران
Нарасимха Рао	ناراسیما رائو
Бадруддоза Чоудҳурӣ	بادروددوزا چودری
де ла Руа	دی لا روا
Битор	البیطار
Аспас	آسپاس
Алваро Гонсалес	الوارو گونزالس
Батламиюс	بطلمیوس
Ричард Доннер	ریچارد دانر
Бутленд	بوتلند
Стюарт Пирс	استوارت پیرس
Кэмпбелл	کمپل
Кеайрн Уествуд	کیرن وستوود
Карлос Диого	کارلوس دیوگو
Валверде	والورده
Кристиан Бенитес	کریستین بنیتز
Рафаэл Мартин Васкес	رافائل مارتین وازکوز
Хуанфран	خوانفران
Дон Даградӣ	دان دگرادی
Гейл Берман	گیل برمن
Родалега	رودایگا
Собит ибни Қурра	ثابت بن قره
Ризо Шоҳ	رضاشاه
Ҳю Ҳефнер	هیو هفنر
Бурстйн	برستین
Алнир	آلمیر
Магомед Оздойев	ماگومد اوزدویف
Эдгар Баррето	ادگار بارتو
Виола	ویولا
Миранда	میراندا
Балтус	بالتوس
Ортис	ارتیس
Пеня	پنیا
Майкл Бирн	مایکل بیرن
Эдвард Нортон	ادوارد نورتون
Колин Купер	کالین کوپر
Родолфо Дубо	رودولفو دوبو
Соня Смит	سونیا اسمیت
Элcон	السون
Фонда	فوندا
Валентина Терешкова	والنتینا ترشکوا
Пратибҳа Патил	پراتیبا پتیل
Мария Фёдоровна	ماریا فئودوروونا
Виктор Касерес	ویکتور کاسرز
Барри Бридҷс	بری بریجیز
Ли Карсли	لی کارسلی
Адилио	آدیلیو
Александрас Стулгинскис	الکساندراس استولگینسکیس
Александр Вучич	الکساندر ووچیچ
Мэрӣ Астур	مری آستور
Наумӣ Скутт	نیومی اسکات
Маргарет Фуллер	مارگارت فولر
Дэниел Ҳенни	دنیل هنی
Антони Рамалетс	آنتونی رامالتس
Виктор Тсой	ویکتور تسوی
Жадcон	خوزه
Бахтиёр Худойназаров	بختیار خدای نظرف
Сергей Юткевич	سرگی یوتکویچ
Малдонадо	مالدونادو
Фил Тэйлор	فیل تیلور
Мели	ملی
Ҳушанг Гулшерӣ	هوشنگ گلشیری
Умар Ларроса	عمر لاروسا
Эрнан Медфорд	ارنان مدفورد
Марк Чемберлин	مارک چمبرلین
Паласиос	پالاسیوس
Саул Нйигес	سائول نیکس
Аббос Фассӣ	عباس الفاسی
Керлон	کرلون
Пауло Герреро	پائولو گررو
Абумаҳмуди Хуҷандӣ	ابومحمود خجندی
Дин Эштон	دین اشتون
Эрнст Ҳоффман	ارنست هوفمان
Мартин Гропиус	مارتین گروپیوس
Сэмюэл Морзе	ساموئل مورس
Галвес	گاوس
Андре Алвес	آندره آلوز
Руфете	روفته
Карсон	کارسن
Абдуссалом Ҷалоуд	عبدالسلام جلود
Чишпиш	چیش‌پیش
Макичран	مک‌ایچران
Маурисио Покеттино	مائوریسیو پوچتینو
Аморебиета	آموربیئتا
Оливейра	الیویرا
Василий Докучаев	واسیلی داکوچایف
Франcа	فرانسا
Эмил Галле	امیل گاله
Сансом	سنسوم
Троглио	تروگلیو
Гил	گیل
Антони Лима	انتونی لیما
Антонио Анхелило	آنتونیو آنجلیلو
Даниэл Нендес	دانیل مندز
Сезар	سزار
Люк Стил	لوک استیل
Симин Беҳбаҳонӣ	سیمین بهبهانی
Каран Ҷоҳар	کاران جوهر
Индио	آنتونیو
Хавйер Ирурета	خاویر ایرورتا
Зайнаб Бадавӣ	زینب بداوی
Мартин Касерес	مارتین کاسرس
Муслера	موسلرا
Мигел Перес	میگل پرز
Вейман	ویمن
Тарантини	تارانتینی
Ричард Экерсли	ریچارد اکرسلی
Ораш	آرش
Зе Серхио	زی سرجیو
Сиско	سیسکو
Ли Бойер	لی بویر
Серрано	سرانو
Эду Албакар	ادو البکار
Эдгар Бенитес	ادگار بنیتز
Карлос Эдуардо Маркес	کارلوس ادواردو مارکز
Оскар Алберто Ортис	اوسکار آلبرتو اورتیز
Карлос Пеуселе	کارلوس پیوسل
Амир Абраши	امیر ابرشی
Соня Гандӣ	سونیا گاندی
Cанмир	سمیر
Рафиня	رافینیا
Маркус Алберто Cкавински	مارکوس آلبرتو کاوینسکی
Симоне Сигнорет	سیمون سینیوره
Абҳишек Баччан	آبیشک باچان
Спасек	اسپیسک
Ароновский	آرونوفسکی
Скароне	اسکارونه
Бонгбонг Маркос	بونگبونگ مارکوس
Бобров	بوبروف
Анна Боч	آنا باخ
Рафаэл Cобис	رافائل سوبیس
Артавазди	آرتاوازد
Экерсли	اکرسلی
Перейра	پرریا
Комил Саидов	کامل سعیداف
Сезар Навас	سزار ناواس
Ибни Асокир	ابن عساکر
Рене Оусеман	رنه هاوسمان
Ҳилмии	حلمی
Лионел Скалони	لیونل سکالونی
Шелви	شلوی
Илон Маск	ایلان ماسک
Хуан Алберто Счяффино	خوان آلبرتو اسکیافینو
Амиша Пател	آمیشا پاتل
Арон Нйигес	آرون نیگز
Лау	لوو
Брейфорд	بریفورد
Спик	اسپک
Гарсия Ремон	گارسیا رامون
Аполлоний Родосский	آپولونیوس رودسی
Сантяго Салседо	سانتیاگو سالکدو
Мокли	ماکلی
Спитаман	اسپنتمان
Тони Каскарино	تونی کاسکارینو
Даниэл Понсе	دنیل پونسه
Нунес	نونس
Абдулсалом Ориф	عبدالسلام عارف
Эди Рама	ادی راما
Мики	میکی
Зулкифл	ذوالکفل
Исфаҳонӣ	اصفهانی
Зоран Заев	زوران زائف
Симон Гиллетт	سیمون جیلت
Лукас Ҷуткиюикз	لوکاس جاتکویچ
Ризо Ҳусайнӣ Насаб	رضا حسینی‌نسب
Алан Ҷонстон	آلن جانستون
Де Мораэс	دی مورایس
Зоҳиршоҳ	ظاهر شاه
Носируддиншоҳ	ناصرالدین‌شاه
Макилон	ماکیلون
Алберто Апарисио	آلبرتو آپاریسیو
Кубила	کوبیلا
Канела	کانلا
Гари Невилл	گری نویل
Мерсер	مرکر
Хуан Агилера	خوان اگیلرا
Марзия	مرضیه
Муҳаммадҳасанхони Қоҷор	محمدحسن‌خان قاجار
Хосе Руис	خوسه رویس
Фрэд Моррис	فرد موریس
Тусӣ	طوسی
Бру	برو
Константин Бесков	کونستانتین بسکوف
Де Морейра	دی موریرا
Карлос Уилямс	کارلس ویلیامز
Алӣ Пошо	علی پاشا
Оливер	الیور
Михаил Александрович	میخائیل وروبل
Дуке	دوکی
Раул Бернао	رائول برنائو
Струвай	استرووی
Рег Аллен	رگ آلن
Левингстон	لویینگستون
Лукас	لوکاس
Хамил Мауад	جمیل معوض
Андрей Кобяков	آندری کوبیاکوف
Алекс Де Оливейра	آلکس دی اولیویرا
Ману Торрес	مانو تورس
Карл Андре	کارل آندره
Виктор Санчес	ویکتور سانچز
Эктор Скароне	هکتور اسکارونه
Морел Родригес	مورل رادریگز
Гретски	گرتسکی
Алекс Де Сантос	آلکس دی سانتوس
Элтон Хавйер	اتلتون اربیا
Абдуллоҳӣ Муҳаммад	عبدالله محمد
Нелсон Гутйеррес	نلسون گوتیرس
Перси Рохас	پرسی روجاس
Сезар Пратес	سزار پراتز
Роберто Бонано	رابرتو بونانو
Ким Шарма	کیم شارما
Томас Пинеда	توماس پیندا
Силва	سیلوا
Анибал Пас	آنیبال پاز
Сезар Кручага	سزار کرچاگا
Маҳдӣ	مهدی
Дин Уайтхид	دین وایت‌هد
Лотфӣ	لطفی
Рита Дав	ریتا داو
Елена Боннэр	یلنا بونر
Дус Сантос Родригес	دوس سانتوس رودریگز
Андони Гойкоечеа	آندونی گویکوتکسا
Майкл Бол	مایکل بال
Белтрами	بلترامی
Кенни Акгэмпонг	کنی اچمپنگ
Юнг	یونگ
Клифф Холтон	کلیف هولتون
Лусинчӣ	لوسینچی
Мигел Ангел Бриндиси	میگل آنگل بریندیسی
Бланко Сото	بلانکا سوتو
Коди Смит-Макфи	کدی اسمیت-مک‌فی
Бeсник Ҳaси	بسنیک هاسی
Ҳуштона	اوستن
Реналдо Да Круз	رنالدو دا کروز
Клебер Cантана	کلیبیر سانتانا
Анвар Юддин	انور الدین
Перейра	پریرا
Мазиню Оливейра	مازینیو اولیویرا
Роберт Декейсер	رابرت دیکیسر
Дуглас Да Силва	داگلاس دا سیلوا
Доминго Техера	دومینگو تهرا
Суҳроби Сипеҳрӣ	سهراب سپهری
Билгинер	بیلگینر
Тизиано Ферро	تیزیانو فرو
Владимир Габулов	ولادیمیر گابولوف
Эрл Бэрретт	ارل بارت
Яҳёи Суҳравардӣ	یحیی سهروردی
Абутолиб	ابوطالب
Энрике Саура	انریکه ساورا
валид Абдулазиз	ولد عبدالعزیز
Юрий Никулин	یوری نیکولین
Муҳаммад Абду	محمد عبده
Фредерик Норт	فردریک نورث
Карлос Бонет	کارلس بونت
Форис	فارس
Ливермор	لیورمور
Акмал	اکمال
Рубен Гомес	روبن گومز
Филип Феликс	فیلیپه فلیکس
Гас Касар	گاس سزار
Макдермотт	مک‌درموت
Мишел Cкнöллер	مایکل اشمولر
Ариэл Росада	آریل روزادا
Кабрал	کابرال
Хуан Гонсалес	خوان گونزالز
Хуан Карлос Гонсалес	خوان کارلوس گونزالس
Дэвид Кобенйо	دیوید کوبینو
Луис Рубялес	لوئیس روبیالس
Даниел Калуя	دنیل کالویا
Дмитри Аленичев	دیمیتری آلنیچف
Формика	فورمیکا
Боқир	باقر
Даниэл Арансубия	دانیل آرانسوبیا
Хосе Насасси	خوزه نازاتسی
Ион Андони Гойкоечеа	یون آندونی گویکوتکسا
Сантос	سانتوس
Анил Капур	آنیل کاپور
Рибоҳ Битот	رابح بیطاط
Бетанкорт	بتانکورت
Дэвид Крейн	دیوید کرین
Абу Довуди Сиҷистонӣ	ابوداوود سلیمان
Хара	خارا
Эриберто Эррера	هریبرتو هررا
Сезар	سزار
Кейт Спурҷон	کیت اسپرجن
Мануэл Мартинес	مانوئل مارتینز
Эдер Кекcон	ادر چکون
Леон Шлезингер	لیون شلسینگر
Диего Кокка	دیگو کوکا
Игор Шалимов	ایگور شالیموف
Диас	دیاز
Хатиби Бағдодӣ	خطیب بغدادی
Карлос Гурпеги	کارلوس گورپگوی
Форноки	فرناک
Хандро	یندرو
Алехандро Курбело	آلخاندرو کوربلو
Холид Файсал	خالد فیصل
Данилиню	دانیلینیو
Баччан	باچان
Сезар Лука	سزار لوکا
Канафонӣ	کنفانی
Лен Уайт	لن وایت
Саул Фернандес	ساول فرناندز
Моралес	مورالس
Мануэл Ферейра	مانوئل فریرا
Стюарт Парнаби	استوارت پارنابی
Давид Бомберг	دیوید بومبرگ
Марк Куллен	مارک کالن
Эдуaрд Aбaзи	ادوارد ابازی
Рикардо Виллар	ریکاردو ویلار
Дуглас Коста	داگلاس کاستا
Ян Крук	ایان کروک
Фабиан Карини	فابین کارینی
Могер	موگر
Ногера	نوگرا
Мануэл Родригес	مانوئل رودریگس
Диллер	دیلر
Маркос Кол	مارکوس کول
Павони	پاوونی
Боқирхон	باقرخان
Сонйора	سونورا
Рамон Гил	رامون خیل
Нетаняҳу	نتانیاهو
Себастян Каррера	سباستین کاررا
Мелонӣ	ملونی
Раул Белен	رائول بلن
Сунил Шеттӣ	سونیل شتی
Гонсалес	گونسالس
Гарнер	گارنر
Манучеҳрии Домғонӣ	منوچهری دامغانی
Дэвид Прието	دیوید پریتو
Алекс Рафаэл	آلکس رافائل
Габриэл Маркес	گابریل مارکز
Валбер Коста	والبر کوستا
Муайидуддавла	مؤیدالدوله
Роналд Варгас	رونالد وارگاس
Эдуардо	ادواردو
Мишел Темер	میشل تامر
Санам Челик	صنم چلیک
Саманта Пауэр	سامانتا پاور
Эдерcон	ادیلسون
Исмоил Фуэнтес	اسماعیل فوینتس
Парвин Бабӣ	پروین بابی
Раффаэл	رافائل
Алан Курбишли	آلن کربیشلی
Абдуррашид	عبدالرشید
Мигел Линарес	میگل لینارس
Карвэр	کارور
Стюарт Драйбёрг	استوارت درایبرگ
Брейн	برای
Клаудио Де Карвалю	کلودیو دی کاروالیو
Дэвид Бусст	دیوید باست
Леонид Ткаченко	لئونید تکاچنکو
Онрике Пениорондо	انریکه پنیاراندا
Каломино	کالمینو
Мануэл Эскивел	مانوئل اسکوئیول
Пaнaгиотис Конe	پاناگیوتیس کونه
Абалай	ابالی
Ҳейден Муллинс	هایدن مولینس
Хуан Симон	خوان سیمون
Хорхе Олгуин	خورخه اولگین
Крис Мартин	کریس مارتین
Серхио Санчес	سرخیو سانچز
Пейн	پاین
Родриго Мунйос	رودریگو مونوز
Эскудеро	اسکودرو
Ким Ву-чунг	کیم وو چونگ
Сантамария	سانتاماریا
Эндрю Хогг	اندرو هاگ
Фран	فران
Мариано Боглясино	ماریانو بولیاسینو
Макануфф	مکانوف
Нейл Франклин	نیل فرانکلین
Тони Моубрей	تونی مووبرای
Леонид Брежнев	لئونید برژنف
Андрей Якубик	آندری یاکوبیک
Бруна	برونا
Эҳсон Ёршотир	احسان یارشاطر
Марк Бунн	مارک بان
Боман Иранӣ	بومان ایرانی
Ролан Гусев	رولان گوسف
Карлос Мозер	کارلوس موزر
Рафаэл Акоста	رافائل آکوستا
Ҷалолуддин Мангубердӣ	جلال‌الدین خوارزمشاه
Кристиан Идалго	کریستین هیدالگو
Эндрю Драйвер	اندرو درایور
Рамон Муттис	رامون ماتیس
Хосе Девака	خوسه دواکا
Кристиан Басседас	کریستیان باسداس
Эваристо	ایوارستو
Мигел Ряу	میگل ریو
Ҳаролд Флеминг	هارولد فلمینگ
Ҳерсог	هرتزوگ
Нодир Афонсо	نادر آفونسو
Эдуардо Нето	ادواردو سیلوا ناسیمنتو
Карлос Бабингтон	کارلوس ببینگتن
Пол Ҷюелл	پال جول
Серхио Мендоса	سرخیو مندزا
Нелсон Лопес	نلسون لوپز
Де Соуза Кардозо	دی سوزا کاردوسو
Дэмиан Диас	دامیان دیاز
Фонсека	فونسکا
Каттерик	کتریک
Брайан Дуглас	برایان داگلاس
Батлер	باتلر
Боб Бенсон	باب بنسون
Илcон Дус Сантос	ایلسون دوس سانتوس
Франсиско Фернандес	فرانسیسکو فرناندز
Хуан Родригес	خوان رودریگز
Карлос Уилсон	کارلوس ویلسون
Бруно Незенга	برونو مزنگا
Роберто Телк	روبرتو تلچ
Патрик Да Силва	پاتریک دا سیلوا
Тед Хуфтон	تد هافتون
Тарделли	تاردلی
Галардо	گالاردو
Дави Кортес Да Силва	داوی کورتس دا سیلوا
Ибcон	ایبسون
Леонид Кучма	لئونید کوچما
Крис Ҷеннер	کریس جنر
Родриго Аркуби	رودریگو ارچیبی
Мэддӣ Ҳассон	مدی هسن
Кимёгаров	کیمیاگرف
Мансур	منصور
Мартин Крани	مارتین جرثقیل
Бен Уотсон	بن واتسون
Иван Каррил	ایوان کرل
Боб Латчфорд	باب لاچفورد
Ҳаролд Уо́ллес	هارولد والاس
Мигел Куберо	میگوئل کوبرو
Кевин Ричардсон	کوین ریچاردسون
Кокс	کاکس
Пейн	پین
Риналдо Крузадо	رینالدو کروزادو
Уолтер Эбботт	والتر آبوت
Кристиан Мануэл Кавес	کریستین مانوئل چاوز
Алекс Галвес	الکس گالوز
Валери Брошин	والری بروشین
Филип Росас	فیلیپه روزس
Хесус Кастро	خسوس کاسترو
Фернандо Гомес	فرناندو گومز
Фрэд Каррейро	فرد کاریرو
Владимир Мединский	ولادیمیر مدینسکی
Николай Николаевич	نیکولای ورونوف
Зайнаб Муҳаммад	زینب محمد
Дэвид Амарал	دیوید امرال
Де Пиню Де Соуза	دی پینیو دی سوزا
Кристиан Майдана	کریستین میدانا
Муҳаммадризо Шаҷариён	محمدرضا شجریان
Сэнди	ساندی
Рубен Перейра	روبن پریرا
Валдемар Викторино	والدمار ویکتورینو
Стив Коттерилл	استیو کوتریل
Андерсон Да Силва Луиз	آندرسون دا سیلوا لوئیز
Том Паркер	تام پارکر
Хуан Раба	خوان رابا
Рикардо Хиусти	ریکاردو گیوستی
Крис Коммонс	کریس کامنز
Дэвид Куэлар	دیوید کولار
Раҳмон Хон	رحمان خان
Жуарй	جورای
Тони Уорнер	تونی وارنر
Мартин Кампаня	مارتین کامپانیا
Пинилос	پینیلوس
Карлос Де Алмейда	کارلوس دی آلمیدا
Македа	ماکویدا
Вагнер Перейра Кардозо	واگنر پریرا کاردوسو
Дик Тэйлор	دیک تیلور
Ҳерман Конвей	هرمان کانوی
Роб Хулс	راب هالس
Бобур	بابر
Рафаэл Да Силва Франсиско	رافائل دا سیلوا فرانسیسکو
Хайро Руис	خایرو رویز
Друммонд	دروموند
Хуан Хоя	خوان جویا
Хапгуд	هاپگود
Слетер	اسلاتر
Дэйв Бассетт	دیو باست
Декстер Блэксток	دکستر بلک‌استاک
Инфанте	اینفانته
Олива	اولیوا
Оскар Луис Селада	اسکار لوئیس سلادا
Эрик Брук	اریک بروک
Дус Сантос Барбоза	دوس سانتوس باربوسا
Барак Обама	باراک اوباما
Монтуори	مونتووری
Моррис	موریس
Патритсио Эрнандес	پاتریسیو هرناندز
Майкл Тяго Де Араужо	مایکل تیاگو دی آراخو
Режиналдо	ریگینالدو
Уолтер Казагранде	والتر کاسگرانده
Баҳор	بهار
Денис Невилл	دنی نویل
Дон Уелш	دان ولش
Дани Гарсия	دنی گارسیا
Мозарт	موزارت
Невил Чамберлин	نویل چمبرلین
Роналду	رونالدو
Горкий	گورکی
Пауло Коэло	پائولو کوئلیو
Ли Крукс	لی کروکس
Дик Пим	دیک پیم
Линус Торвалдс	لینوس توروالدز
Рафаэл Дус Сантос Силва	رافائل دوس سانتوس سیلوا
Хорхе Гарсия	خورخه گارسیا
Эрнесто Дукини	ارنستو دوچینی
Матурана	ماتورانا
Хуан Арса	خوان آرزا
Меллис	ملیس
Дензел Вашингтон	دنزل واشینگتن
Ондриё Бучеллӣ	آندریا بوچلی
Гӯри Хон	گوری خان
Андрей Аршавин	آندری آرشاوین
Исои	عیسی
Хуан Энрике Хейз	خوان انریکه هیز
Амареле	امارل
Сирил Рамафоса	سیریل راماپوسا
Ҳодӣ Нуира	هادی نویره
Мартин Роуландс	مارتین رولندز
Герд Карл	گرد بینینگ
Эмил Яннингс	امیل یانینگز
Эрнесто Кукчярони	ارنستو کوکیارونی
Левер	لور
Кайко	کایکو
Ифран	ایفران
Хорхе Баттаглия	خورخه باتایا
Крейг Флеминг	کریگ فلمینگ
Кае	کائی
Аракистайн	اراکیستاتین
Уокер	واکر
ат-Табарӣ	طبری
Жайр Пикерни	ژایر پیکرنی
Маҳима Чаудҳарӣ	ماهیما چودری
Педро Ромеро	پدرو رومرو
Хосе Басуалдо	خوسه باسوالدو
Одед Фер	اودد فهر
Энтони Сарсевик	آنتونی سارسیویچ
Брэдфорд	بردفورد
Айеша Ҷҳулка	عایشا جولکا
Бреннан	برنان
Порта	پورتا
Карлос Видал	کارلوس ویدال
Шон Миллер	شان میلر
Тута	توتا
Андре Бенини	آندره بنینی
Габиру	گابریو
Роммел Фернандес	رومل فرناندز
Люис Макгуган	لویس مک گوگان
Фредерик Грант	فردریک بنتینگ
Рамон Масо	رامون ماسو
Ибни Ровандӣ	ابن راوندی
Де Деус Сантос	دی دئوس سانتوس
Мирзо Довуд Гусейнов	میرزا داوود حسینوف
Ричард Порта	ریچارد پورتا
Шенк	شنک
Абушакури Балхӣ	ابوشکور بلخی
Хуан Оберг	خوان هوهبرگ
Вега	وگا
Шарман Ҷошӣ	شارمان جوشی
Габриэл	گبری
Да Силва Перейра	دا سیلوا پریرا
Дерек Кеван	دریک کوان
Ян Тэйлор	ایان تیلور
Марк Бэрк	مارک برک
Муҳаммад Наҷиб ар-Рубаъӣ	محمد نجیب الربیعی
Ренан Дус Сантос	رینان دوس سانتوس
Силва	سیلوا
Гарсия	گارسیا
Кларк	کلارک
Федерико Сакчи	فدریکو ساکی
Пачета	پاچتا
Маркус Элиас Сантос	مارکوس الیاس سانتوس
Фрэнк Манн	فرانک من
Кубро	کبری
Ренан Рибейро	رینان ریبریو
Ли Ҷонсон	لی جانسون
Стюарт Рипли	استیوارت ریپلی
Бенгтсон	بنگستون
Рафаэл Албрект	رافائل آلبرشت
Алжисто Лоренсато	باتاتایس
Ортеман	اورتمن
Эбенезер Грант	ابنزر گرانت
Оскар Коррочано	اسکار کوروچانو
Фуод Синюраҳ	فواد سنيوره
Бартолд	بارتلد
Ҷордан Родс	جردن رودز
Марк Кросас	مارک کروساس
Маурис Буниан	ماوریس بانیان
Сталин	استالین
Артур Пламмер	آرتور پلامر
Тамим бин Ҳамад Танӣ	تمیم بن حمد بن
Велингтон Паулиста	ولینگتون پائولیستا
Кик	کیکه
Хавйер Сеоли	خاویر سئولی
Данило Херло	دنیلو گرلو
Родриго	رودریگو
Крис Саттон	کریس ساتن
Риналди	رینالدی
Александр Бёрнс	الکساندر برنز
Кришна Прасад Бҳаттарай	کریشنا پراساد بهاتارای
Мабилиа	مابیلیا
Бобак Паёмӣ	بابک پیامی
Валери Жискар д'Естен	والری ژیسکار دستن
Манфред Герлах	مانفرد گرلاخ
Марк Твейн	مارک تواین
Абуҳомид Ғазолӣ	ابوحامد غزالی
Сомонхудот	سامان‌خدا
Фонсека	فونسکا
Алфред Стрэнг	آلفرد استرینج
Силва	سیلوا
Гордон Милн	گوردون میلن
Дэн Сяопин	دنگ ژیائوپینگ
Сергей Есенин	سرگئی یسنین
Хорхе Ларена	خورخه لارنا
Эктор Факундо	هکتور فاکوندو
Жеованио	جیوانیو
Корелл	کورل
Хадиҷа	خدیجه
Ҳамад ибни Исо Ал-Халифа	حمد بن عیسی آل‌خلیفه
Туадера	توادرا
Лола Каримова	لاله کریمووا-تیلیایوا
Ботройд	بوتروید
Рудригу Дутерте	رودریگو دوترت
Риниҳ Муаваз	رنه معوض
Де Соуза	دی سوزا
Рот	راث
Андре Пирес	آندره پیرس
Пепе Мел	پپه مل
Сезар Де Оливейра	سزار دی اولیویرا
Конрад Росс	کونراد رز
Майк Нюелл	مایک نیوئل
Фердинанд Вюстенфелд	فردیناند ووستنفلد
Грамши	گرامشی
Юри Фалин	یوری فالین
Луиз Рибейро Пинто Нето	لوئیز ریبریو پینتو نیتو
Верназза	ورنزا
Абулъатоҳия	ابوالعتاهیه
Питер Палуч	پتر پالوخ
Пол Ҳаррисон	پال هریسون
Марк Флаттс	مارک فلتس
Озарнарсе	آذرنرسه
Дэмиан Суарес	دامیان سوارز
Макклери	مک‌کلیری
Нейл Финн	نیل فین
Лучано Сивели	لوچیانو چیولی
Флорес	فلورس
Келвин Матеус Де Оливейра	کلوین ماتئوس دی اولیویرا
Кумбс	کومبز
Пабло Коуняго	پابلو کونیو
Хорхе Манисера	خورخه مانیسرا
Авила	آویلا
Йилмоз Гуней	ییلماز گونی
Майкл Овен	مایکل اوون
Лев Давидович	لو لاندائو
Давид Лойд Ҷорҷ	دیوید لوید جرج
Мулло Садро	ملاصدرا
Равина Тандон	راوینا تاندون
Мануэл Буэно	مانولین
Эдимар Фрага	ادیمار فراگا
Алфредо Фоглино	آلفردو فوگلینو
Лабарте	لابارته
Нӯҳи Мансур	نوح سامانی
Рохас Торо	روخاس تورو
Андер Эррера	آندر هررا
Шафеии Кадканӣ	شفیعی کدکنی
Миста	میستا
Жозе Фариа	ژوزه فاریا
Алисилио Силва Жуниор	آلیسیلیوپ سیلوا جونیور
Карлос Да Силва	کارلوس دا سیلوا
Денегри	دنگری
Ткеко	تیچیکو
Оскар Агилера	اسکار آگیلرا
Алек Сток	الک استاک
Аряс	اریاس
Буттерфилд	باترفیلد
Карлес Кото	کارلوس کوتو
Люк Мур	لوک مور
Ортур Ҳорден	آرتور هاردن
Юрий Калитвинтсев	یوری کالیتوینتسف
Лукас Трекарики	لوکاس ترکریچی
Диего Риверо	دیگو ریورو
Салдомбиде	سالدومباید
Хименес	خیمنس
Салва Чаморро	سالوا چامورو
Камерон Стюарт	کامرون استوارت
Стив Уотсон	استیو واتسون
Ралф Коутс	رلف کوتس
Булат Окуджава	بولات اوکودژاوا
Ҳенрй Пелҳам	هنری پلهام
Ли Крофт	لی کرافت
Кол	کل
Хорхе Валдеррама	خورخه والدراما
Ринк	رینک
Аяла	آیالا
Андре Леоне	آندره لئونی
Гурвич	گورویچ
Акоста	اکوستا
Лагос	لاگوس
Ҳусейн Паноҳӣ	حسین پناهی
Салазар	سالاسار
Ману Феррера	مانو فررا
Луис Зубелдия	لوئیس زوبلیدیا
Хорхе Гриффа	خورخه گریفیث
Габриэл Ачилиер	گابریل آچیلیر
Маурисио Cаллес	مائوریسیو سالس
Себастян Домингес	سباستین دومینگز
Ривас	ریواس
Владимиро Счеттина	ولادیمیرو اسکتینا
Фабиен Нисиеза	فابیان نیکیزا
Исаси	ایساسی
Карлос Григуол	کارلوس گریگول
Эрвин Булку	اروین بولکو
Дэвид Данн	دیوید دون
Карлос Тенорио	کارلوس تنوریو
Абел Ресино	ابل رسینو
Пабло Орбайс	پابلو اوربایز
Бернардини	برناردنی
Сисилия	سیسیلیا
Барраган	باراگان
Рейналдо Викенте Cинан	رینالدو ویسنته سیمائو
Лиендо	لیندو
Алсфорд	آلسفورد
Кук	کوک
Де Ла Круз	دا لا کروز
Салмон ибни Адулазиз	سلمان بن عبدالعزیز
Тоҷ ул-Мулук	تاج‌الملوک
Серризуэла	سریزولا
Эрнани Да Роза	ارنانی دا روزا
Домингес	دومینگس
Кристиан Насути	کریستین ناسوتی
Диего Матео	دیگو متئو
Арая Торо	آرایا تورو
Боллингтон	بولینگتان
Клебер	کلیبر
Олгуин	اولگین
Ҷорҷ Вос	جورج ووز
Абусайиди Сиҷзӣ	ابوسعید سجزی
Карлос	کارلوس
Ричард Э. Грант	ریچارد ای گرانت
Мануэл Чоренс	مانوئل چورنس
Шон Греган	شان گرگان
Телес	تلس
Рамон Эснаола	رامون اسناولا
Пачин	پاچین
Нестор Ортис	نستور اورتیس
Роналд Гомес	رونالد گومز
Оскар Дуарте	اسکار دوارت
Ибни Фақеҳ	ابن فقیه
Хавйер Бараха	خاویر براها
Маркус Де Паула	مارکوس دی پائولا
Норберто Богхио	نوربرتو بوجیو
Баррӣ Шварц	بری شوارتز
Силва	سیلوا
Жуан Лейтардт Нето	ژوئاون لیتهارت نتو
Да Роша	دا روخا
Варгас	وارگاس
Аркин	آرکین
Озарии Тусӣ	آذری طوسی
Иво Вортманн	ایوو ورتمن
Фрэнк Филдинг	فرانک فیلدینگ
Алберто	آلبرتو
Кируго	کیروگا
Каборе	کابوره
Боқиев	باقی‌یف
Пепе	پپه
Рамирес	رامیرس
Сантамария	سانتاماریا
Алф Филдс	آلف فیلدز
Ней	نی
Стэн Боулс	استن بوولز
Даниэл Санабрия	دنیل سانابریا
Филип Гурендес	فیلیپه گورندز
Осбен	اوسبن
Пайва	پایوا
Эрнесто Грило	ارنستو گریلو
Фабиан Эспиндола	فابیان اسپیندولا
Иҳор Тисченко	ایهور تیشچنکو
Тику Талсания	تیکو تالسانیا
Андрес Васкес	آندرس واسکز
Крис Моррис	کریس موریس
Синклэр	سینکلر
Рамла бинт Абу	ام‌حبیبه
Адриан Гунино	آدریان گونینو
Андрес Эстрада	آندرس استرادا
Раул Санчес	رائول سانچس
Луис Мехия	لوئیس مخیا
Лара	لارا
Эктор Селая	اکتور سلایا
Де Беневенуто	د بنونوتو
Перси Оливарес	پرسی اولیوارس
Рон Вебстер	ران وبستر
Алекс Сандро	آلکس ساندرو
Рафаэл Мартиню	رافائل مارتینو
Хуан Веласко	خوان ولاسکو
Алексей Бахарев	الکسی باخارف
Габриэл Алвес	گابریل آلوز
Владимир Мотил	ولادیمیر موتیل
Хуан Карлос	خوان کارلوس
Карлос Искиэрдос	کارلوس ایزکوئیردوز
Палиня	پالینها
Алваро	ناریز
Аряс	آریاس
Майкон Сантос	مایکون سانتوس
Мартин Поссе	مارتین پوسه
Де Ла Торре	د لا توره
Коке	کوک
Иван Сергей	ایوان سرگئی
Карлос Оливейра	کارلوس اولیویرا
Серна	سرنا
Кинтерос	کینتروس
Николас Фуэнтес	نیکولاس فوئنتس
Соуза	سوزا
Нейра	نرا
Тони Веламазан	تونی بلاماسان
Фостер	فستر
Мариано Де Алмейда	ماریانو دی آلمیدا
Шарл Арле	شارل هارله
Алберт Аллен	آلبرت آلن
Хуан Эктор Гуиди	خوان هکتور گویجی
Бакли	باکلی
Зе Мария	خوزه مارسلو
Сабоҳ	صباح
Мануэл Дуран	مانوئل دوران
Фернандо Корреа	فرناندو کوریا
Кристян Стуани	کریستین استوانی
Алберто Фернандес	آلبرتو فرناندز
Эрнандес	ارناندس
Мелендес	ملندس
Маркинюс	مارکوس
Хонатан	جوتا
Тяго Мартинс	تیاگو مارتینز
Камбузиа Партовӣ	کامبوزیا پرتوی
Пеня	پنیا
Алехондру Ҷиомотӣ	آلخاندرو جیاماتی
Энрике Перейра Дус Сантос	هنریکه پریرا دوس سانتوس
Иван Эрнандес	ایوان هرناندز
Астон Ҷр.	آستون جونیور
Адвинкула	ادوینکولا
Алекс Брюс	الکس بروس
Катаня	سانتانا
Карлос Дэвид	کارلوس دیوید
Бургос	بورگوس
Антонио Барриос	انتونیو باریوس
Сэм Баркас	سم بارکاس
Луис Рейна	لوئیس رینا
Рубен Пагнанини	روبن پاگنانینی
Стив Морисон	استیو موریسون
Боун Оум	بون اوم
Рис Ортис	ریس اورتیس
Паласиос	پالاسیوس
Бен Тёрнер	بن ترنر
Алек Уо́ллес	الک والاس
Набоҳат Чеҳра	نباهت چهره
Луис Тевенет	لوئیس تونت
Шабнами Сурайё	شبنم ثریا
Ренато Саинс	رناتو ساینز
Инйиго Лопес	اینیگو لوپز
Хуан Карлос Абланедо	خوآن کارلوس آبلاندو
Фриатт	فریات
Замора	زامورا
Бент	بنت
Дэвид Фокс	دیوید فاکس
Пена	پینا
Буттерфилд	باترفیلد
Грэм Адамс	گراهام آدامز
Руссиню	رسینهو
Ли Кук	لی کوک
Ариэл Кабрал	آریل کابرال
Мартин Вагорн	مارتین واگهورن
Дик Дакуорт	دیک داک‌ورث
Марсело Cарагоза	مارسلو ساراگوسا
Ратиню	راتینو
Эскобар	اسکوبار
Константин Крижевски	کونستانتین کریژفسکی
Филип Андерсон	فیلیپه آندرسون
Ферейра Пинто	فریرا پینتو
Хуанлу	خوانلو
Венансио Гарсия	ونسیو پرز
Лукас Кастро	لوکاس کاسترو
Педро Валана	پدرو بایانو
Адам Томпсон	آدام تامپسون
Висенте Аррая	ویسنته آرایا
Карл Бейкер	کارل بیکر
Хуан Вега	خوان وگا
Рейнолдс	رینولدز
Холлинс	هولینس
бин Танӣ	بن ثانی
Хуан Карлос Фалкон	خوان کارلوس فالکن
Антониелитон Ферейра	آنتونیلتون فریرا
Кошонӣ	کاشانی
Элизабет Родригес	الیزابت رودریگز
Абуалии Формадӣ	ابوعلی فارمدی
Алан Миллер	آلن میلر
Хосе Бустаманте	خوسه بوستامانته
Кейт Саузерн	کیت ساوترن
Пол Буэсо	پل بوسو
Александер Албистехи	الکس البیشتی
Оливия Шекспир	اولیویا شکسپیر
Андре Луиз Морейра	آندره لوئیز موریرا
Орасио Мунйос	هرانسیو مونیز
Начо	ناچو
Резерфорд	رادرفرد
Акасусо	آکاسوسو
Амрита Сингҳ	آمریتا سینگ
Силва	سیلوا
Жозе Карлос Де Алмейда	ژوزه کارلوس ده آلمیدا
Чарли Ли	چارلی لی
Сурайё Тарзӣ	ثریا طرزی
Алексндре Да Силва	آلکساندر دا سیلوا
Хуан Ларраняга	خوان لارانیاگا
Карлос Шнебергер	کارلوس اشنیبرگر
Иван Марис	ایوان مریز
Алмейда Лима	آلمیدا لیما
Софи Вавасо	سوفی واواسور
Абела	آبلا
Фузайл ибни Аёз	فضل ابن عیاض
Дус Сантос Лопес	دوس سانتوس لوپز
Анибал Годой	انیبال گودوی
Иван Роша	ایوان روخا
Рубенс Самбуэса	روبنس سامبوزا
Исидоро	ایسیدورو
Арон Буэно	ارون بوئنو
Элиомар Дус Сантос Силва	الیومار دوس سانتوس سیلوا
Эрнест Нидхем	ارنست نیدهام
Абусодот Сайим	ابو سادات سایم
Гарсия	گارسیا
Варлей Силва Дус Сантос	وارلی سیلوا دوس سانتوس
Эскобар	اسکوبار
Мартин Домингес	مارتین دومینگوئز
Адриан Бастия	آدریان باستیا
Хосе Пароди	خوسه پارودی
Миранда Да Силва Филю	میراندا دا سیلوا فیلو
Исма Лопес	اسماعیل لوپز
Алваро Сехудо	الوارو چجودو
Виктор Кумиков	ویکتور کومیکوف
Мойзес Виларроел	مویسس بیجارول
Эркулес	ارکولس
Алехандро Манкусо	آلخاندرو مانکوسو
Хавйер Тарантино	خاویر تارانتینو
Маркус Таварес	مارکوس تاوارز
Тининю	تینینیو
Фрэд Пикеринг	فرد پیکرینگ
Мигел Лаури	میگل لوری
Дэйв Барнетт	دیو بارنت
Сантос	سانتوس
Мансури Нӯҳ	منصور سامانی
Уфарте	اوفارته
Мигел Моралес	میگوئل مورالس
Миранда Дус Сантос	میراندا دوس سانتوس
Кевин Лакрус	کوین لاکروز
Хуан Лескано	خوان لسکانو
Жулиано Нинейро	جولیانو مینیرو
Хуан Мануэл Лопес	خوان مانوئل لوپز
Абулқосим Бобур	ابوالقاسم بابر
Киран Триппир	کیران تریپر
Луис Родригес	لوئیس رودریگز
Дэвид Флиткрофт	دیوید فلیکرافت
Алехандро Мартинуксио	الخاندرو مارتینوچیو
Сигфрид Гракия	زیگفرید گراسیا
Мануэл Касадо	مانوئل کاسادو
Эктор Юсте	هکتور یوسته
Надим Ҷумаййил	ندیم جمیل
Маҳнози Афшор	مهناز افشار
Мануэл Мунйос	مانوئل مونیوس
Марвин Эллиотт	ماروین الیوت
Валдес	والدس
Пикун	پیکون
Энди Ҳайнчклифф	اندی هینچکلیف
Майкл Вудс	مایکل وودز
Олдони	اولدینی
Спаргапис	اسپرگپش
Ферейра Роза	فریرا روسا
Масип	ماسیپ
Хавйер Сангуинетти	خاویر سانینتی
Насименто	ناسیمنتو
Колин Вилҷин	کالین ویلیون
Микӣ Матсубара	میکی ماتسوبارا
Исагирре	ایساگیره
Мигел Де Андрес	میگل د اندرس
Фрэнк Брэдшав	فرانک برادشاو
Ким	کیم
Манга	مانگا
Абдулло Мирзо	عبدالله میرزا
Виктор Лосев	ویکتور لوسف
Хуан Рохас	خوان روخاس
Ренан Гарсия	رینان گارسیا
Смит	اسمیت
Висенте Морено	ویسنته مورنو
Луис Крузадо	لوئیس کروسادو
Астарободӣ	میرداماد
Ногукипинто	نوگوچیپینتو
Де Сантос Жуниор	دی سانتوس جونیور
Луис Бустаманте	لوئیس بوستامانته
Серхио Арагонесес	سرخیو اراگونی
Леозиню	لئوزینو
Брюс Дайер	بروس دایر
Карлос Боссио	کارلوس بوسیو
Шарп	شارپ
Ритчи	ریچی
Хорхе Риналди	خورخه رینالدی
Алок Натҳ	آلوک نات
Том Торп	تام تورپ
Патрик Кабрал Лалау	پاتریک کابرال لالائو
Эдуардо Уртадо	ادواردو اورتادو
Эрик Уествуд	اریک وستوود
Арагон	اراگون
Фредерико Моожен	فردریکو موجن
Борис Аркадев	بوریس آرکادیف
Алваро Кале	آلوارو کایه
Элгета	الگوتا
Фернандо Лопес	فرناندو لوپز
Орехуэла	اورخوئلا
Билл Эдрич	بیل ادریش
Латифи Пидром	لطیف پدرام
Алан Битон	آلن بیتون
Алан Мортон	آلن مورتون
Алберт Маррама	البرت ماراما
Себастян Куэрдо	سباستین کورادو
Ибни Баввоб	ابن بواب
Ҳурмузон	هرمزان
Алдертон	آلدرتون
Сезар Хименес	سزار ییمنز
Агилар	اگیلار
Фостер	فوستر
Артур Милтон	آرتور میلتن
Тони Буллок	تونی بولاک
Витоло	ویتولو
Ферейра Дус Сантос	فریرا دوس سانتوس
Абишхотун	ابش خاتون
Луиз Эдуардо	لوئیز ادواردو
Фернли	فارنلی
Уилер	ویلر
Кайли Беннетт	کایل بنت
Леонардо Колелла	لئوناردو کولیلا
Кастанйо	کاستانو
Дэвид	چاپی
Алберто Марковекчио	آلبرتو مارکووکیو
Виктор Рамос	ویکتور راموس
Хармисон	هارمیسون
Дафт	دفت
Леонид Броневой	لئونید برنیوی
Артур Худгелл	آرتور هادل
Гонсалвес Пинента	گونزالوس پیمنتا
Сергей Скрипал	سرگئی اسکریپال
Рафаэл Тессер	رافائل تیسر
Чарлз Буниан Ср.	چارلز بونیان پدر
Хуан Карлос Гарсия	خوان کارلوس گارسیا
Чарли Уо́ллес	چارلی والاس
Райт	رایت
Кристиан Бустос	کریستین بوستوس
Удобахт	اودابخت
Мануэл Алфаро	مانولو الفارو
Билли Адамс	بیلی آدامز
Эгертон	اگرتون
Билли Химс	بیلی هیمز
Фрэд Хоу	فرد هو
Себастян Флейтас	سباستین فلیتاس
Абулфайзхон	ابوالفیض خان
Энрике Фламини	انریکه فلامینی
Сослан Джанайев	سوسلان زانائف
Алваро Нунйес	آلوارو نونز
Сэм Ҷеннингс	سام جنینگز
Эйб Ваддингтон	آبه وادینگتون
Детиню	دتینو
Дани Кансела	دنی کانسلا
Мари Гарсия	ماری گارسیا
Биел Медина	بیل مدینا
Мора	مورا
Денис Суарес	دنیس سوارز
Хесус Гарсия Питарч	خسوس گارسیا پیتارک
Мария Аморрорту	ماریا امورورتو
Горка Гарсия	گورکا گارسیا
Мариню	ماریو
Аҳмад ибни Таййиби Сарахсӣ	احمد بن طیب سرخسی
Оскитс Эстефания	اوسکویتس استفانیا
Аряс	آریاس
Мансур Раҳбонӣ	منصور رحبانی
Владимир Хавкин	والدمار هافکین
Голбурн	گلبورن
Крис Биумонт	کریس بومونت
Крис Ҷонс	کریس جونز
Люис Нил	لوئیس نئال
Луис Веимулер	لوییس ویمولر
Сундар Пичаи	ساندر پیچای
Ҷексон	جکسون
Фернандо Нинйо	فرناندو نینیو
Луис Охеда	لوئیس اوجدا
Рикардо Да Силва	ریکاردو دا سیلوا
Исроил	اسرائیل
Раул Агне	رائول آکنه
Сантос Силва	سانتوس سیلوا
Себастян Кобели	سباستین کوبلی
Гонсалес	گونزالس
Зарина Ваҳоб	زارینا وهاب
Клементе Гракия	کلمنته گراسیا
Исмоил Сантяго	اسماعیل لوپز
Сантакрус	سانتاکروز
Энрике Морено	انریکه مورنو
Пол Эймсон	پل ایمسن
Педро Касадо	پدرو کاسادو
Робсон Толедо	رابسون تولیدو
Карлос Барисио	کارلوس باریسیو
Алексей Грибов	الکسی گریباف
Дэйв Шипперли	دیو شیپرلی
Дэвид Бэрстоу	دیوید بیرستو
Росас	روساس
Вигера	ویگرا
Мишел Пинеда	میشل پیندا
Ричард Бруш	ریچارد براش
Нунйес	نونیز
Силвио Акино	سیلویو آکینو
Стив Викерс	استیو ویکرز
Томас Жагуарибе	توماس جاگواربی
Луиз Карлос Винкк	لوئیز کارلوس وینک
Дус Сантос Де Хесус	دوس سانتوس دی جسوس
Энтони Макнами	آنتونی مک نامی
Ариэл Белтрамо	آریل بلترامو
Эшли Бейс	اشلی بیز
Эрон	ارون
Франз Карр	فرنز کار
Дик Фэрхэрст	دیک فیرهرست
Дон Стокер	دان استوکر
Эдгар Чедвик	ادگار چادویک
Алан Хэмлин	آلن هملین
Алан Сантос	آلان سانتوس
Алф Баснетт	آلف باسنت
Алфи Биггс	آلفی بیگز
Алфред Борн	آلفرد بورن
Хуан Мануэл Вареа	خوان مانوئل واریا
Амин Аҳмади Розӣ	امین احمد رازی
Игли Aлмучa	ایگلی آلموچا
Абдуллоҳ бин Ҷосим Танӣ	عبد الله بن قاسم ثانی
Рескалдани	رسیکلدانی
Ҳасан ал-Амрӣ	حسن العمری
Андре Лима Оливейра	آندره لیما اولیویرا
Энтони Ллойд	آنتونی لوید
Карбогнани	کاربوگنانی
Ривас	ریواس
Арнолд Кендол	آرنولد کندال
Абраҳам Гонсалес	آبراهام گونزالس
Хуанлу	یوانلو
Антонио Лопес	آنتونیو لوپز
Теофило Сантос Пинто	تئوفیلو سانتوس پینتو
Крядо	کرادو
Мириам Ҷованеллӣ	میریام جووانلی
Александр Петров	الکساندر پتروف
Дэвид Ранхел	داوید رانخل
Лукас	لوکس
Фаел	فاهل
Филип Адан	فیلیپه آدائو
Азрақии Ҳиравӣ	ازرقی هروی
Луис Фабиан Артиме	لوئیس فابیان ارتایم
Хуан Мануэл Лусеро	خوان مانوئل لوسرو
Маркос Калдерон	مارکوس کالدرون
Дэвид Корколес	داوید کوردولس
Гонсалес	گونزالس
Бранкиню	برانکوئینو
Эдвин Грантовский	ادوین گرانتوسکی
Братли	براتلی
Дэвид Каняс	دیوید کاناس
Фрэйзер	فریزر
Браво	براوو
Николас Кастило	نیکولاس کاستیو
Дел Агила	دل آگیلا
Фурӯғии Бастомӣ	فروغی بسطامی
Баро Озиб	براء عازب
Алберт Далмау	البرت دالمائو
Кристиан Эрбес	کریستین اربس
Магомед Митришев	ماگومد میتریشف
Тоҳир Абузид	طاهر ابوزید
Лав	لاو
Сезар Забала	سزار سابالا
Алан Кокс	آلن کاکس
Алберт Муллард	آلبرت مولارد
Арангурен	ارانگورن
Килер	کیلر
Эвертон Перейра	اورتون پریرا
Луна	لونا
Куксон	کوکسون
Карлос Пеня	کارلوس پنا
Артур Мулфорд	آرتور مولفورد
Эшли Китчен	اشلی کیچن
Чарлз Бейкер	چارلز بیکر
Чарли Дэниелс	چارلی دنیلز
Крис О'гради	کریس اوگریدی
Феблес	فبلس
Бобо Фиғонӣ	بابا فغانی
Адриан Сейпс	آدریان کیپس
Лепе	لپه
Хорхе Гуасч	خورخه گواسک
Кардона	کاردونا
Рамазон Абдулатифов	رمضان عبداللطیف‌اف
Александр Болдирев	الکساندر بولدروف
Барри Фриенд	بری دوست
Манел	منال
Берт Кросстваайт	برت کراستویت
Билл Сейпвелл	بیل کاپول
Кроксон	کروسون
Боб Фенвик	باب فنویک
Алан Блунделл	آلن بلوندل
Алф Беллис	آلف بلیس
Алф Ҷонс	الف جونز
Рамуа	راموآ
Энди Ритчи	اندی ریچی
Науел Гусман	ناول گوزمان
Рамирес	رامیرس
Адам Мекки	آدم مکی
Ибни Амид	بن عمید
Алек Макклэр	الک مک کلور
Иван Отеро	ایوان اوترو
Ҷаҳонгир Ғаффорӣ	جهانگیر غفاری
Алиакбар Гулистона	علی‌اکبر گلستانه
Фернандо	فرناندو
Дэвид Вир	دیوید ویر
Ортӣ Агарвал	آرتی آگاروال
Брайан Кларк	برایان کلارک
Уолтер Мантегасса	والتر مانتگاتزا
Адалберто	آدالبرتو
Адамар Караветти	آدامار کاراوتی
Артур Меткалф	آرتور متکالف
Боуман	بومن
Алан Санчес	آلن سانچز
Алекс Купер	الکس کوپر
Леонардо Викенте	لئوناردو ویسنته
Галван Рей	گالوان ری
Артур Шэв	آرتور شاو
Дэмиан Хименес	دامیان گیمنز
Луиз Перейра	لوئیز پریرا
Флинт	فلینت
Алберт Хейхурст	آلبرت هایهورست
Алехандро Мелонйо	الخاندرو ملونو
Амон Верма	امان ورما
Энди Ма́кэвой	اندی مک آووی
Энди Йиадом	اندی ایادوم
Адриан Петтигрю	آدریان پتیگرو
Адвалдо	ادوالدو
Паредес	پاردس
Арлей	ارلی
Эшли Сестанович	اشلی سستانوویچ
Итан Эбанкс Ланделл	اتان ایبنکس-لندل
Артур Холт	آرتور هولت
Артур Ҷонсон	آرتور جانسون
Боб Аллен	باب آلن
Боб Хулс	باب هالس
Боб Уилсон	باب ویلسون
Артур Бэрретт	آرتور بارت
Адриан Фостер	ادریان فاستر
Александр Иванов	الکساندر ایوانف
Чингиз Бозкурт	چنگیز بوزکورت
Боксли	باکسلی
Форт	فورت
Билли Хит	بیلی هیث
Гарэт Эйнсвэрт	گرت اینسورث
Марти Филосия	مارتی فیلوسیا
Бернард Миддледитч	برنارد میدلدیچ
Берт Хоскинс	برت هاسکینز
Беттс	بتس
Кук	کوک
Фэрхэрст	فیرهرست
Бобби Фолдс	بابی چیلز
Даниэл Вилингтон	دنیل ویلینگتون
Пaрид Ҷиҳaни	پارید جیهانی
Ал-Ҷалдакӣ	جلدکی
Карлос Араухо	کارلوس آرائوخو
Бен Ченери	بن چنری
Бертрам Гилбой	برت رام گیلبوی
Стоддарт	استودارت
Кирмонӣ	کرمانی
Ҳасанаки Вазир	حسنک وزیر
Берт Митчелл	برت میچل
Алексей Бугайев	آلکسی بوگایف
Артур Арчер	آرتور آرچر
Артур Марҷерам	آرتور مارجرم
Деннис Уокер	دنیس واکر
Доминик Близзард	دومینیک بلیزارد
Кейн	کین
Хавйер Грандоли	خاویر گراندولی
Алберт Савейҷ	آلبرت ساویج
Алф Нюболд	آلف نیوبولد
Оиша	عایشه
Гаспарини	گاسپارینی
Андрес Аймар	آندرس آیمار
Себ Браун	سب براون
Дэвис	دیویس
Чарлз Харбидҷ	چارلز هاربیج
Чарли Аллен	چارلی آلن
Адам Хиншелвуд	آدام هینشلوود
Карлос Кастила	کارلوس کاستیا
Карлос Фабиан Леэб	کارلوس فابیان لیب
Белгрейв	بلگریو
Бен Хардинг	بن هاردینگ
Эднет Де Оливейра	ادنت دی اولیویرا
Эдуардо Cантана	ادواردو سانتانا
Карлос Итурраспе	کارلوس ایتورراسپ
Ҷо	هی
Лейн	لین
Дейл Гордон	دیل گوردون
Артур Дэниелс	آرتور دانیلز
Артур Де Оливейра	آرتور دی اولیویرا
Остин Кэмпбелл	آوستن کمبل
Сесил Эндрюс	سیسیل اندروز
Масъудии Марвазӣ	مسعودی مروزی
Алф Фриман	الف فریمن
Андре Андраде	آندره آندراده
Бруно Грасси	برونو گراسی
Бакари	باکاری
Алан Маклери	آلن مک لیری
Алф Эдҷ	آلف ادیج
Энди Дункан	اندی دانکن
Крис Бич	کریس بیچ
Филип Де Алмейда Гонес	فیلیپه دی آلمیدا گومز
Сантаэлена	سانتاالنا
Висенте Даудер	ویسنته دودر
Мёрфи	مورفی
Эрдли	اردلی
Смит	اسمیت
Арантес Де Оливейра	آرانتس دی اولیویرا
Даниэл Алварес	دانیل الوارز
Луис Диас	لوئیس دیاز
Даниэл Камбронеро	دنیل کامبرونرو
Дэвид Литч	دیوید لیچ
Дин Баррик	دین باریک
Мартин	مارتین
Бен Маккенна	بن مک کنا
Гарнер	گارنر
Билли	بیلی گلیه
Бағдодӣ	بغدادی
Бен Сэмпейо	بن سامپایو
Чарли Батлер	چارلی باتلر
Чарли Фриман	چارلی فریمن
Абраҳам Фоксол	ابراهام فاکسال
Абулҳасани Харақонӣ	ابوالحسن خرقانی
Франсиско	فرانسیسکو
Хавйер Хауреги	خاویر ژاگری
Энди Фаррелл	اندی فارل
Артур Беллами	آرتور بلامی
Кэмпайон	کمپیون
Дэвид Гарсия	دیوید گارسیا
Кафуринга	کافورینگا
Карлос Адриано Круз	کارلوس آدریانو کروز
Фрэнк Косгрув	فرانک کوسگرو
Марсело Де Оливейра	مارسلو دی اولیویرا
Кейт Аллен	کیت آلن
Меҳрмардон	مهرمردان
Косито	کوسیتو
Колин Гринол	کالین گرینال
Кристиано Диас	کریستیانو دیاز
Брайан Фармер	برایان فارمر
Ҳаролд Брайттан	هارولد بریتان
Алберт Эверс	آلبرت ارس
Алф Мессер	آلف مسر
Андре Дус Сантос Оливейра	آندره دوس سانتوس اولیویرا
Энди Карран	اندی کران
Хави Гракия	خاوی گراسیا
Ричардсон	ریچاردسون
Гэрви	گاروی
Баркер	بارکر
Морган	مورگان
Даниэл Салватиэрра	دنیل سالواتیرا
Агиар Роша	آگوئیار روخا
Дэвид Картлидҷ	دیوید کارتلیج
Дэвид Эскаланте	دیوید اسکالانته
Доктор Гринвуд	داکتر گرینوود
Колин Даниэл	کالین دانیل
Энерcон Кеcарио	امرسون سیساریو
Эрик Бургин	اریک بورگین
Арангурен	ارانگورن
Ҷохагон	گاگاهان
Бауэрман	باورمن
Бэрли	برلی
Куртис	کورتیس
Абунасри Утбӣ	ابونصر عتبی
Крис Дайббл	کریس دیبل
Адолфо	پوپو
Алберт Бролисфорд	آلبرت برالیسفورد
Алберт Мур	آلبرت مور
Алекс Да Силва	آلکس دا سیلوا
Алф Калверли	آلف کالورلی
Дин Люингтон	دین لوینگتون
Ферейра Андре	فریرا آندره
Алберт Бич	آلبرت راش
Эдвалдо	ادولدو
Боб Крюдсон	باب کرودسون
Сурӯш Сиҳҳат	سروش صحت
Дэвид Барнс	دیوید بارنز
Бобби Коуелл	بابی کوول
Филип Лима Лопес	فیلیپه لیما لوپز
Эднилcон	ادمیلسون
Чарлз Бут	چارلز بوت
Энтони Кук	انتونی کوک
Антонио Мендес	انتونیو مندز
Артур Финикс	آرتور فینیکس
Бен Хант	بن هانت
Карлос Де Карвалю	کارلوس دی کاروالیو
Исфаҳонӣ	اصفهانی
Энди Флинн	اندی فلین
Антонио Редондо	آنتونیو ردوندو
Карл Мугглетон	کارل مگلتون
Карлос Сантос Оливейра	کارلوس سانتوس اولیویرا
Байрон Мур	بایرون مور
Фофо	فوفو
Бернард	برنارد
Гари Элкинс	گری الکینز
Бриггс	بریگز
Ютли	اتلی
Дэмиан Ниэто	دامیان نیتو
Моролон	مورون
Делcон Ферейра	دیوید سوارز
Стобарт	استوبارت
Бен Хантер	بن هانتر
Адам Вебстер	آدام وبستر
Агустин Де Ла	آگوستین د لا
Алек Кэмпбелл	الک کمپل
Алф Спаунсер	الف اسپاونسر
Боб Гартсид	باب گارتساید
Болиня	بولینا
Барри Хоукс	بری هاکس
Бен Кларк	بن کلارک
Мора	مورا
Госнелл	گوسنل
Атогул	آتاگول
Меллор	ملور
Уилкинсон	ویلکینسون
Клем Беддоу	کلم بدو
Луис Монтанйо	لوئیس مونتانیو
Фрэнк Кумбс	فرانک کومبز
Кампос	کامپوس
Эривелтон	ارایولتون
Адиби Нишопурӣ	ادیب نیشابوری
Грэм Биркс	گراهام بیرکز
Фрэнк Гринхофф	فرانک گرینهاف
Фрэд Шелдон	فرد شلدون
Кроуншав	کرونشا
Эфгрейв	افگریو
Соуза Да Силва	سوزا دا سیلوا
Дэвид Боуман	دیوید بومن
Залазар	زالازار
Эстебан Савелхик	استبان ساولجیچ
Рули	رولی
Блэкмор	بلک مور
Фурнесс	فورنس
Берланга	برلانگا
Бен Морли	بن مورلی
Мартин Гонсалес	مارتین گونزالس
Бернард Ҳаррисон	برنارد هریسون
Гилберт	گیلبرت
Келлок	کلاک
Энди Друри	اندی دروری
Антонио Рохас	انتونیو روخاس
Брайан Коннор	برایان کانر
Конор Гоф	کانر گاف
Колин Гордон	کالین گوردون
Чапман	چپمن
Каррера	کاررا
Хавйер Лиэндо	خاویر لیندو
Гари Форд	گری فورد
Гевин Гордон	گوین گوردن
Глен Донегал	گلن دونگال
Коста	کوستا
Маркус Макадо	مارکوس ماچادو
Марк Бек	مارک بک
Гордон Фернли	گوردون فارنلی
Силва Конкеикан	سیلوا کونسیسائو
Смит	اسمیت
Хотун	خاتون
Феррари	فراری
Ангел	آنخل
Хуан Уреня	خوان اورنیا
Карлос	کارلیتس
Карлтон Фэрвитер	کارلتون فیرواتر
Диего Хосе	دیه‌گو خوزه
Барбоза	باربوسا
Куэвас	کوواس
Даниэл Да Силва	دانیل دا سیلوا
Даррен Доннелли	دارن دانلی
Грег Берри	گرگ بری
Хесус Галван	خسوس گالوان
Аҳмади Ҷомӣ	احمد جام
Ортузар	اورتوزار
Мария Видал	ماریا ویدال
Коннор	کانر
Эрик	اریک
Ҳарри	هری هاردی
Гари Армстронг	گری آرمسترانگ
Гари Уайт	گری وایت
Роб Беквит	راب بکویث
Крис Брендон	کریس براندون
Калум Бол	کالوم بال
Ян Бейли	ایان بیلی
Иля Гершевич	ایلیا گرشویچ
Эдимар	ادیمار
Саша	ساشا
Хуан Чеса	خوان چسا
Риддинг	ریدینگ
Дон Бёрд	دان برد
Дуглас Де Оливейра	داگلاس دی اولیویرا
Списер	اسپایسر
Де Карвалю	دی کاروالیو
Кампос	کامپس
Коннертон	کانرتون
Каррете	کارته
Рамон Ромо	رامون رومو
Хуан Карлос	خوان کارلوس
Хуан Мартин Амиэва	خوان مارتین امیوا
Хуан Рапони	خوان راپونی
Фрэд Пэрри	فرد پری
Фабио Гонес	فابیو گومز
Гарэт Эванс	گرت اوانز
Гевин Кадволейдр	گاوین کادوالادر
Санчес	سانچز
Колин Эддисон	کالین آدیسون
Абайян	آبائیان
Гари Франс	گری فرانس
Эдмондс	ادموندز
Форрест	فورست
Доннелли	دانلی
Клив Бейкер	کلایو بیکر
Даррен Каски	دارن کی
Дерек Кларк	درک کلارک
Дик Беттели	دیک بتلی
Чарлз	چارلز
Эрни Грегори	ارنی گرگوری
Ҷеки Бриггс	جکی بریگز
Лау	لوو
Энос Бромейҷ	انوس بروماژ
Эривертон Лима	اریورتون لیما
Комбиз Ҳусейнӣ	کامبیز حسینی
Кейт Барбэр	کیت باربر
Даниэл Андрес Риос	دنیل آندرس ریوس
Даниэл Олсина	دانیل اولسینا
Даррен Эннон	دارن آنون
Тикетт	تیکت
Усмон ибни Алӣ	عثمان بن علی
Грам Аткинсон	گریم اتکینسون
Марипан	ماریپان
Дэйв Чолинор	دیو شالینور
Фрэнк Бойер	فرانک بویر
Чарлз	چارلز
Фрэд Кин	فرد کین
Ян Арнолд	ایان آرنولد
Камбс	کامیس
Эдвардс	ادواردز
Иван Матео	ایوان ماتئو
Рамон Эйсменди	رامون ایازمندی
Кендол Вастон	کندال واستون
Ҳаролд Морс	هارلد مرس
Галардо	گالاردو
Дэвид Карри	دیوید کوری
Энрике Де Соуза	هنریکه دی سوزا
Дик Батлер	دیک باتلر
Эдуардо Якетти	ادواردو یاچتی
А. Бест	ای. بهترین
Кларк	کلارک
Бадия	بادیا
Грэм Истер	گراهام ایستر
Крейг Дайсли	کریگ دیسلی
Аулестия	اولیستا
Абдуллатифи Шуштарӣ	عبداللطیف شوشتری
Хорхе Броун	خورخه برون
Ли Аскхэм	لی آسکام
Куртис	کورتیس
Бенсон	بنسون
Глен Дэвис	گلن دیویس
Микел Ирибас	میکل ایریباس
Пол Аткин	پل اتکین
Рохас	روخاس
Хуан Легаррета	خوان لگارتا
Ян Бэнкс	ایان بنکس
Салим Байрақтар	سلیم بیرقدار
Бовингтон	بووینگتون
Эдгар	ادگار
Эдилио Кардозо	ادیلیو کاردوسو
Соуза	سوزا
Эдвард Кларк	ادوارد کلارک
Гарсия	گارسیا
Кристиан Тромбетта	کریستین ترومبتا
Дэйв Карр	دیو کار
Балмер	بالمر
Силвио Дулсик	سیلویو دولچ
Эвертон Билюр	اورتون بیلر
Фил Барбэр	فیل باربر
Фил Уорнер	فیل وارنر
Кэн Флинт	کن فلینت
Кэн Вагстафф	کن واگستاف
Ямил Гарниэр	یامل گارنیه
Эпплеби	اپلبی
Хуан Мануэл Тевес	خوان مانوئل چاوز
Кристиан Инсаурралде	کریستین اینسورالده
Костли	کاستلی
Ҷейми Бучан	جیمی بوکان
Ҷейми Ҷонс	جیمی جونز
Нил Бишоп	نیل بیشاپ
Грэм Фентон	گراهام فنتون
Бирҷа Акалай	بیرجه آکالای
Ричард Хеавес	ریچارد گیوس
Робертс	رابرتس
Фернандо Гилюрне	فرناندو گیلرمو
Кикиню	فرانسیسکو
Ортодухт	آرتادخت
Грейнгер	گرینگر
Гарэт Эванс	گرت اوانز
Гари Браун	گری براون
Гари Элфик	گری الفیک
Кевин Дикенсон	کوین دیکنسن
Аллен	آلن
Макленахан	مک‌لناهان
Хонатан	جونا
Маккомб	مک کومب
Кармайкл	کارمایکل
Бамфри	بامفری
Экхардт	اکارد
Уилям Тесило	ویلیام تسیو
Франсиско Бискочо	فرانسیسکو بیسکو
Кокс	کاکس
Аллен	آلن
Мосо	موسو
Брадбурн	بردبرن
Хесус Пинйеро	پیکو
Дерден	دوردن
Вилян Мимбела	ویلیان میمبلا
Жан Карлос	ژان کارلوس
Бест	بست
Агустин Брионес	آگوستین بریونز
Алекс Валехо	الکس والجو
Клей	کلی
Рикардо Де Оливейра	ریکاردو دی اولیویرا
Роберт Додд	رابرت دود
Рон Эндрю	ران اندرو
Ронни Сюелл	رانی سول
Браун	براون
Марк Флетчер	مارک فلچر
Марк Тэйлор	مارک تیلور
Мартин Уилямс	مارتین ویلیامز
Хуан Карлос Олаве	خوان کارلوس الوه
Картер	کارتر
Бэркиншоу	بورکینشاو
Грэм Дей	گراهام دی
Хосе Луис Элехалде	خوسه لوئیس الخالده
Хуан Мануэл Оливарес	خوان مانوئل اولیوارس
Сезар Арментия	سزار ارمنیا
Ченхол	چنهال
Коддингтон	کودینگتون
Хорхе Дрованди	خورخه درواندی
Луиз Ферейра Родригес	لوئیز فریرا رودریگز
Коста Маркес	کوستا مارکز
Рикардо Ферреро	ریکاردو فررو
Грегори	گرگوری
Исуарди	ایسواردی
Моррисон	موریسون
Вуд	وود
Мигел Трауко	میگوئل تراکو
Аҳмад ибни Иброҳими Нишопурӣ	احمد بن ابراهیم نیشابوری
Кейт Дэвис	کیت دیویس
Ҳумгар	همگر
Эрис	آیریس
Ҳалима Яъқуб	حلیمه یعقوب
Робертс	رابرتس
Уилли	ویلی هال
Висенте Грекко	ویسنته گرکو
Дин	دیان
Алфредо Мерино	الفردو مرینو
Ибни Касири Маккӣ	ابن کثیر مالکی
Дус Сантос Силва	دوس سانتوس سیلوا
Аслонов	اصلانف
Барнвелл Эдинборо	بارنول-ادینبورو
Хавйер Элисондо	خاویر الیزوندو
Хавйер Ваттер	خاویر وتر
Грамметт,	گرومیت
Мозес Одубаҷо	موسی اودوباجو
Пикеринг	پیکرینگ
Иэн Данн	ایان دان
Дейвнпорт	داونپرت
Мемо	گومز دی مورا
Алмейда	المیدا
Хавйер Олиете	خاویر اولیته
Яир Боннин	ایر بونین
Хаган	هاگن
Кейт Фер	کیت ترس
Торрес	تورس
Силвио Каррарио	سیلویو کاراریو
Давлатшоҳи	دولتشاه
Хорхе Девеса	خورخه دیوسا
Алваро Мартинес	الوارو مارتینز
Коллинз	کالینز
Карли	کارلی
Ян Бриттон	یان بریتون
Ян Макдоналд	ایان مک‌دونالد
Ҳайма хотун	هایمه خاتون
Фрэд Бродхэрст	فرد برودهرست
Хуан Карлос Муруа	خوان کارلوس مورا
Фернандо Куадрадо	فرناندو کوادرادو
Мартин Гарратт	مارتین گرت
Мэтю Код	متیو کواد
Браун	براون
Макгрил	مک گریل
Белинхи	بلینگی
Катрук	چاتوک
Дайкенс	دیکنز
Армстронг	آرمسترانگ
Эдвин Лунтли	ادوین لانتلی
Эрни Гленн	ارنی گلن
Кроутер	کراوتر
Бланко	بلانکو
Хуан Каваларо	خوان کاوالارو
Фабио Жуниор	فابیو جونیور
Гарэт Эванс	گرت اوانز
Корри	کری
Чафер	چفر
Ҷек Краггс	جک کرگز
Эрикк	اریک
Ян Фродсхэм	یان فودشام
Мик Хуллиган	میک هالیگان
Марҷон	مرجان
Дмитрий Миндиашвили	دیمیتری میندیاشویلی
Масиел	ماسیل
Батлер	باتلر
Девин	دیواین
Игон	هیگن
Маркус Да Силва	مارکوس دا سیلوا
Марк Тэйлор	مارک تیلور
Кроссли	کراسلی
Бонет	بونت
Шелдон	شلدون
Блунт	بلانت
Авҳадӣ	اوحدی
Конли	کانلی
Грейнгер	گرینگر
Белл	بل
Кейт Бонас	کیت بواناس
Лоусон Д'ат	لاوسون دث
Валенте Де Деус	والنته دی دئوس
Беннинг	بنینگ
Эрнесто Алварес	ارنستو آلوارز
Абдулло Раҳимбоев	عبدالله رحیم‌بایف
Селен Озтурк	سلن اوزتورک
Кравфорд	کرافورد
Дэвис	دیویس
Вандре Монтейро	واندره مونتریو
Ҷимми Давс	جیمی داوز
Брукс	بروکس
Бол	بال
Нег Насименто Уорио	جانی مگ ناسیمنتو اوسوریو
Маркос Ландейра	مارکوس لاندیرا
Кларк	کلارک
Ениинсах	آنینسا
Лен Филлипс	لن فیلیپس
Лиам Фини	لیام فینی
Боулер	بولر
Хавйер Патинйо	خاویر پاتنیو
Смит	اسمیت
Билли Хогг	بیلی هاگ
Рэй Биром	ری بایرم
Кейт Брумхол	کیت برومهال
Пол Биртайн	پل بوئرتین
Коста	سوارز دا کوستا
Перейра Де Оливейра	پریرا دی اولیویرا
Луис Кампи	لوئیس کامپی
Буэно	بوئنو
Марселино Галоппо	مارسلینو گالوپو
Давронов	دورانوف
Алдэрсон	آلدرسون
Силлетт	سیلت
Домингес	دومینگز
Ходкинсон	هادکینسون
Мик Голлоуэй	میک گالووی
Мики Хазард	میکی هازارد
Майкл Девенни	مایکل داونی
Глэдстон	گلدستون
Вейд	واد
Бамстид	بامستید
Крамплин	کرپلن
Ҷон Фроггатт	جان فروجت
Коста	کوستا
Самуэл Лопес	ساموئل لوپز
Виктор Басадре	ویکتور بساره
Пол Кларк	پل کلارک
Энрике Карвалю Фрейтас	هنریکه کاروالیو فریتاس
Чандрабҳан Бараҳмони	چندربهان منشی
Майк Бикл	مایک بیکل
Люис Эйлссандра	لویس الساندرا
Марсден	مارسدن
Да Силва Оливейра	دا سیلوا اولیویرا
Филю	فیلو
Нейл Маккензи	نیل مک کنزی
Камолуддини Исфаҳонӣ	کمال‌الدین اسماعیل
Кевин Лисби	کوین لیزبی
Ратон	راتون
Аҳмад ибни Форис	احمد بن فارس
Хуан Кутилас	خوان کوتیلاس
Дей	دی
Мануэл Кастинйейрас	مانوئل کاستانیراس
Дэвис	دیویس
Адриан Науел Мартинес	آدریان ناهوئل مارتینز
Ян Болтон	ایان بولتون
Кайли Д Силва	کایل دسیلوا
Рэй Вилл	ری ویل
Ренан Да Силва Коста	رینان دا سیلوا کوستا
Нат Уолтон	نت والتن
Нашити Форсӣ	نشیط فارسی
Мэтю Баунд	متیو باند
Алекс Афонcо	آلکس آفونسو
Эндрю Проктер	اندرو پروکتر
Марк Блэкхол	مارک بلک هال
Марк Демпси	مارک دمپسی
Марк Форан	مارک فوران
Коттерелл	کتترل
Лес Стаббс	لس استابس
Нелио	نلیو
Оси Санкофа	اوسی سانکوفا
Табрезӣ	تبریزی
Паларèс	پالارس
Филип Робертс	فیلیپ رابرتس
Роб Дюхурст	راب دوورست
Роберто Бассалетти	روبرتو باسالتی
Майк Белфилд	مایک بلفیلد
Стив Бейкер	استیو بیکر
Арнал Либерт	ارنال لیبرت
Артур Бокс	آرتور باکس
Артур Лоч	آرتور لوچ
Галардо	گالاردو
Пол Бенс	پل بنس
Пол Кутлер	پل کاتلر
Рафаэл Баiано	رافائل بایانو
Люис Эдҷ	لوئیس ادج
Раймонда	ریموندا
Адлингтон	آدلینگتون
Гослинг	گاسلینگ
Голдер	گولدر
Питер Доннелли	پیتر دانلی
Питер Флетчер	پیتر فلچر
Натан Ралф	ناتان رالف
Майк Грин	مایک گرین
Лукас Аларио	لوکاس آلاریو
Крук	کروک
Билли Ҷонс	بیلی جونز
Ричи Баркер	ریچی بارکر
Роберт Брито Лучано	روبرت بریتو لوسیانو
Гӯркон Уйгун	گورکان اویگون
Ники Эванс	نیکی اوانز
Брайан Кларк	برایان کلارک
Перес	پرس
Ралф Холден	رالف هولدن
Ренато Бенатти	ریناتو بناتی
Марвин Бэртли	ماروین بارتلی
Сэм Гвинн	سم گوینه
Чунг	چونگ
Кравшав	کراوشاو
Луис Доменеч	لوئیس دومله
Лабади	لابادی
Луис Велосо	لوئیس ولوسو
Хуан Планелес	خوان پلنیس
Лейтон Аллен	لیتون آلن
Лен Эпплетон	لن اپلتون
Эллинтон Коста Мораис	الینتون کوستا مورایس
Эрнан Пахес	هرنان پاپس
Рикардо Виртуозо	ریکاردو ویرتوسو
Ричард Бриндли	ریچارد بریندلی
Робби Савейҷ	رابی ساوج
Александр Пихур	الکساندر پیخور
Родни Грин	رادنی گرین
Фелтон	فلتون
Роб Скотт	راب اسکات
Маркус Перейра	مارکوس پریرا
Маркус Карвэр	مارکوس کارور
Марк Райт	مارک رایت
Патерсон	پاترسون
Уолтер Массолатти	والتر مازولتی
Винкуорт	وینکوورت
Питер Даниэл	پیتر دانیل
Фил Эри	فیل آیری
Оливейра	اولیویرا
Браун	براون
Роберт Тэйлор	رابرت تیلور
Рон Фентон	ران فنتون
Сэм Бэддели	سام بدلی
Карл Коннолли	کارل کانلی
Кевин Дар	کوین جرات
Крис Киуомайа	کریس کیومیا
Норман Додгин	نورمن دادگین
Уилям Де Оливейра	ویلیام دی اولیویرا
Апаресидо Cантана	آپارسیدو سانتانا
Сена	سنا
Дарвелл	دارول
Рубен Освалдо Диас	روبن اوسوالدو دیاز
Рассел Бромейҷ	راسل بروماژ
Стэн Браун	استن براون
Стив Бол	استیو بال
Кокинг	کاکینگ
Майкл Эпплетон	مایکل اپلتون
Абулқосими Гургонӣ	ابوالقاسم گورکانی
Фернандо Дус Сантос	فرناندو دوس سانتوس
Сидни Мораэс	سیدنی مورایس
Хуан Сарракини	خوان ساراچینی
Сезар Мартинс	سزار مارتینز
Насименто Дус Сантос	ناسیمنتو دوس سانتوس
Люис Монтрос	لویس مونتروز
Гури	گوری
Мартин Кларк	مارتین کلارک
Ютоб	یوتاب
Ник Дунфи	نیک دانفی
Роберто Виссио	روبرتو ویسیو
Карвалю	کاروالیو
Абуалии Чағонӣ	ابوعلی محتاج
Адам Рид	آدام رید
Адриан Бёрд	آدریان برد
Кейт Эдвардс	کیت ادواردز
Кенни	کنی آلن
Родни Смитсон	رادنی اسمیتسون
Кроссли	کراسلی
Солеҳи Регистонӣ	صالح ریگستانی
Сэм Эштон	سام اشتون
Микел Сайсар	میکل سیزار
Бишоп	بیشاپ
Калюира	کالیرا
Норман Буллок	نورمن بولاک
Стив Кэммэк	استیو کامک
Рубен Ройо	روبن ریو
Ричард Бэрд	ریچارد برد
Лукас Авелданйо	لوکاس اواندنیو
Лучано Бебе	لوسیانو آندراده
Маракана	ماراکانا
Пол Франс	پل فرانس
Пелин Бату	پلین باتو
Перси Эддинол	پرسی ادینال
Перико	پریکو
Питер Граммитт	پیتر گرومیت
Вилф Рострон	ویلف روسترون
Арташес Калайджан	آرتاشس کالاجیان
Артур Хидс	آرتور هایدز
Эшли Коркер	اشلی کورکر
Себастян Д'анхело	سباستین دی‌انجلو
Шон Гор	شان گور
Кросс	کراس
Райан Кларк	رایان کلارک
Висенте Москардо	ویسنته مواسکاردو
Сид Блэки	سید بلکی
Питер Касвелл	پیتر کسول
Пау Франч	پائو فرانک
Пол Берри	پل بری
Зема Эбби	زما ابی
Стив Дэвис	استیو دیویس
Алмирон	آلمیرون
Берни Мол	بارنی مول
Берни Фаган	برنی فگان
Берт Хобсон	برت هابسون
Берт Шелли	برت شلی
Годли	گودلی
Аскю	اسکیو
Спенсер	اسپنسر
Оливер Бартон	الیور برتون
Питер Грэм	پیتر گراهام
Фил Браун	فیل براون
Луис Пинйеро Жуниор	جیلسون پینیرو جونیور
Рафаэл Насименто	رافائل ناسیمنتو
Майор	مایور
Рег Батчер	رگ باتچر
Голарт	گولرت
Бромли Дейвнпорт	براملی-داونپورت
Люк Магилл	لوک ماکیل
Рэй Дринквитер	ری درینکوت
Ричард Грэм	ریچارد گراهام
Пол Флеминг	پل فلمینگ
Томас	توماس
Луиз Силва Сантос Соуза	لوئیز سیلوا سانتوس سوزا
Ҳанзалаи Бодғисӣ	حنظله بادغیسی
Астон	استون
Эвандро	انوادرو
Брюс	بروس
Роберт Дуксбури	رابرت دوکسبری
Флитни	فلیتنی
Гледҳайлл	گلدهیل
Брайен	براین
Алегри	الگری
Ману Тригерос	مانو تریگوئروس
Мануэл Эрнандес	مانوئل هرناندز
Ренан Роша	رینان روخا
Симус Коннили	سی موس کانیلی
Шон Тс	شون تسه
Серхио Прендес	سرخیو پرندز
Шон Пендлетон	شان پندلتن
Крис Пил	کریس پیل
Ричард Крисп	ریچارد کریسپ
Кунлифф	کانلیف
Родриго Брито	رودریگو بریتو
Мики Баркер	میکی بارکر
Мигел Риверо	میگل ریورو
Аннунсята	انونزیاتا
Юри Дюпин	یوری دوپین
Луиз Морейра Де Араужо	لوئیز موریرا دی آراخو
Мансила	مانسیلا
Рон Гатри	رون گاتری
Райан Форд	رایان فورد
Райан Кирби	رایان کربی
Бэкон	بیکن
Шон Эверс	شان ارس
Cодиня	سودینا
Сокол Тсикaлеши	سوکول سیکالشی
Стив Эйлотт	استیو آیلوت
Тайрон Барнетт	تایرون بارنت
Томми Белл	تامی بل
Пол Кэхилл	پل کیهیل
Брэдшав	برادشاو
Гарнер	گارنر
Вилар	ویلار
Нейл Гриффитс	نیل گریفیتس
Уилям Алвес	ویلیام آلوز
Амарал	ویلیام
Ион Эчайде	یون اکاید
Симон Балдри	سیمون بالدری
Симон Кларк	سیمون کلارک
Ян Докер	ایان داکر
Дус Сантос Рейс	دوس سانتوس رییس
Велингтон Карвалю	ولینگتون کاروالیو
Стэнли Амос	استنلی آموس
Робинсон	رابینسن
Олбердам	اولبردام
Оливер Куадрадо	الیور کوادردو
Ортега	اورتگا
Том Бэрроус	تام باروز
Блэк	بلک
Тони Биркамшав	تونی بیرکامشاو
Перейра	پریرا
Райан Ҷарвис	رایان جرویس
Дэвис	دیویس
Питер Кук	پیتر کوک
Питер Гриффитс	پیتر گریفیتس
Бармби	بارمبی
Дари	داری
Фрэнсис Коллин	فرانسیس کالین
Фрэд Дэвис	فرد دیویس
Шон Флинн	شان فلین
Висенте Борхе	ویسنته بورگه
Хорхе Беррио	خورخه برریو
Томми Уайт	تامی وایت
Гарэт Шелдон	گرت شلدون
Твиди	تویدی
Эмилио Лопес	امیلیو لوپز
Том Аллан	تام آلن
Фрага	فراگا
Масъуд	مسعود
Рид	رید
Бол	بال
Кейн Бонд	کین باند
Кашиф Сиддикви	کاشیف سودده
Кейт Доунинг	کیت داونینگ
Матуте	ماتات
Райан Фредерикс	ریان فردریکس
Винсент Мэтюз	وینسنت متیوس
Йалдо Ҳаким	یلدا حکیم
Стив Эббли	استیو ابلی
Стив Кларидҷ	استیو کلاریج
Стив Томпсон	استیو تامسون
Сид Хоар	سید هوار
Хавйер Де Жуниор	خاویر دی جونیور
Шон Кланси	شان کلنسی
Венио	ویینو
Боден	بودن
Рикардо Сансол	ریکاردو سانزول
Ли Бедвелл	لی بدول
Ное Акоста	نوئه اکوستا
Висенте Ромеро	ویسنته رومرو
Ахсикатӣ	اخسیکتی
Сезар Феррандо	سزار فراندو
Мэтю Роус	متیو رز
Том Гросвенор	تام گروونور
Виктор Марко	ویکتور مارکو
Майкл Браун	مایکل براون
Фиевет	فیوت
Минярро	مینیرو
Бродхид	برادهد
Аллан	آلن
Алмейда	آلمیدا
Марквис	مارکیس
Антонио	آنتونیو
Энрике	هنریکه
Алекс Ломбардеро	الکس لومباردرو
Нилтон	تیتو
Сесана	سسانا
Пол Эдвардс	پل ادواردز
Пол Ҷонсон	پل جانسون
Пол Робинсон	پائول رابینسون
Рубен Ботта	روبن بوتا
Питер Гринвуд	پیتر گرینوود
Лиам Ридехалг	لیام رایدهالگ
Ренан Миранда	رینان میراندا
Оливейра Да Коста	اولیویرا دا کوستا
Уилям Роус	ویلیام رووز
Шон Хатчинсон	شان هاچینسون
Симон Кларк	سیمون کلارک
Марк Пю	مارک پیو
Маркио Де Андраде	مارسیو دی آندراده
Фиш	فیش
Мэтю Буллок	متیو بولاک
Стэнли Кейн	استنلی کین
Мики Дулин	میکی دولین
Майк Адамс	مایک آدامز
Оскар Лопес	اسکار لوپس
Пол Фюингс	پل فوینگز
Пол Фурлонг	پل فورلونگ
Беллетт	بلت
Варти	وارتی
Перейра	پریرا
Ричард Сейдтт	ریچارد کدت
Роберт Клэр	رابرت کلر
Рубен Оскар Косимано	روبن اسکار کوشیمانو
Томас Грин	توماس گرین
Велингтон Аморим	ولینگتون آموریم
Хонатан Кавес	جاناتان چاوز
Зиёдулло Шаҳидӣ	زیادالله شهیدی
Босвелл	باسبول
Ибон Арриета	ابن اریتا
Дэйв Доналдсон	دیو دونالدسون
Галего	گاگو
Хорхе Иван Перес	خورخه ایوان پرز
Себастян Хайне	سباستین جیمی
Рафаэл Гарсия Касанова	رافائل گارسیا کاسانووا
Висенте Ледо	ویسنته لدو
Молина	مولینا
Хуан Ита	خوان هیتا
Хорхе Бонтемпс	خورخه بونتمز
Силва	سیلوا
Нелсон Карреро	نلسون کاررو
Пиня	پینیا
Лара	لارا
Кинг	کینگ
Карлтон	کارلتون
Кей	کی
Ҳарри Ҷонс	هری جونز
Бернард Шэв	برنارد شاو
Алекс Круз	الکس کروز
Булман	بولمن
Марио Лукио	ماریو لوسیو
Грэм Барроу	گراهام بارو
Кевин Бол	کوین بال
Клуттербак	کلاترباک
Люк Мёрфи	لوک مورفی
Ли Уилямсон	لی ویلیامسون
Виейра	ویرا
Алан Париж	آلن پاریس
Лиевесли	لیوسلی
Коули	کولی
Алан Филпотт	آلن فیلپات
Граттон	گراتون
Дерек Дайгби	درک دیگبی
Лукас Гауко	لوکاس گوچو
Мино	مینو
Марвин Брайан	ماروین برایان
Халсол	هالسل
Карлос Валверде	کارلوس والورده
Кэмпбелл	کمپل
Лукас Фариас	لوکاس فاریاس
Таiанан	تایانان
Ники Ҷеннингс	نیکی جنینگز
Бурт	برت
Ники Кросс	نیکی کراس
Бикнелл	بیکنل
Ҳаролд Крокфорд	هارولد کراکفورد
Орас Бэрроус	هریس باروز
Фрэд Фаррен	فرد فارن
Элтон Лейте	هلتون لیته
Марко Миранда Филю	مارکو میراندا فیلو
Уолтер Нинюка	والتر مینوسا
Люис Эмануэл	لوئیس امانوئل
Даррен Кэмпбелл	دارن کمپل
Берриман	بریمن
Пол Гартленд	پل گارتلند
Кларк	کلارک
Дэвис	دیویس
Ҷек Куттинг	جک برش
Марина Агоуэс	مارینا آگوئز
Дикон	دیکن
Лукас Паулини	لوکاس پائولینی
Фрэнк Карран	فرانک کران
Фрэнк Гэмбл	فرانک گمبل
Чарлз Фоулкс	چارلز فولکس
Гудхарт	گودهارت
Малео	مالو
Баҳроми Бадахшонӣ	بهرام بدخشانی
Хуан	ژوانین
Григорий Колтунов	گریگوری کولتونف
Рамало	رامالو
Вале	واله
Карлос Балеста	کارلوس بالستا
Билли Хейз	بیلی هیز
Аҳмади Маймандӣ	احمد میمندی
Ғурӣ	غوری
Солер	سولر
Берт Хейлс	برت هیلز
Мавсилӣ	موصلی
Вежон Бузмеҳр	وژان برزمهر
Эдилcон	ادیلسون
Рикардо	ریکی
Лемос	لموس
Динаварӣ	دینوری
Пере Тарраделас	پیر تارادلاس
Пикфорд	پیکفورد
Иван Каскеро	ایوان کاسکورو
Стефания Туркевич-Лукиянович	استفانیا ترکویچ
Солеҳ	صاله
Абубакри Оҷурӣ	ابوبکر آجری
ибни Мунаббеҳ	بن منبه
Хулен Эчабегурен	یولن اکسابگورن
Хименес	خیمنز
Педро Лоренсо	پدرو لورنزو
Хуан Эмери	خوان امری
Браун	براون
Абулқосими Диноварӣ	ابوالقاسم دینوری‎
Габриэл Барбоза	گابریل باربوسا
Маҳмуди Восифӣ	محمود واصفی
Мирзо Содиқи Муншӣ	میرزا صادق منشی
Малагон	مالاگن
Дани Баррио	دنی باریو
Маҳмуд ибни Валӣ	محمود بن ولی
Сэм Голагер	سم گلگر
Сабоҳат Қосимова	صباحت قاسمووا
Линвард	لینوارد
Кейт Эббис	کیت ابیس
Баксендейл	باکسندیل
Барри Эллиот	بری الیوت
Вадейн Оливер	ودین اولیور
Луис Валкарсе	لوئیس ولکارتسه
Баррио	باریو
Энрик Саборит	انریک سابوریت
Раул Кабалеро	رائول کابایرو
Хоан Кампинс	خوان کامپینس
Кантон	کانتن
Кундурӣ	کندری
Соми	سام
Кристиан Иванобски	کریستین ایوانوبسکی
Соуза	سوزا
Луис Миняно	لوئیس میانو
Ҳаррисон	هریسون
Тони Александер	تونی الکساندر
Дайгвид	دیگوید
Эштон	اشتون
Алан Дейли	آلن دیلی
Нилтан	میلتائو
Чарлз Блейки	چارلز بلیکی
Робсон Жануарио	رابسون جانواریو
Кристиан Себалос	کریستین سیبالوس
Эдвард Эмблетон	ادوارد مانتون
Хуан	ژوانین
Стефен Батчер	استیون بوچر
Мартин	مارتین
Люис Бейкер	لوئیس بیکر
Смит	اسمیت
Райан Денис	رایان دنیس
Барко	بارکو
Мариано Санс	ماریانو سانز
Диас Морейра	دیاس موریرا
Озингушнасп	آذین گشنسپ
Карлес Мас	کارلوس ماس
Абеледо	ابلدو
Адриан Руис	ادری رویز
Ричардсон	ریچاردسون
Дани Понсе	دنی پونس
Серхио Мендигучия	سرخیو مندیگوتسکیه
Пиннок	پینک
Карни	کارنی
Дэвид Парада	دیوید پارادا
Милинковиć Савиć	میلینکوویچ-ساویچ
Силва Дус Сантос	سیلوا دوس سانتوس
Айтор Аррехи	ایتور ارگی
Ралф Ҷонсон	رالف جانسون
Боб Бати	باب باتی
Мусофир ибни Иброҳими	مسافر بن ابراهیم
Энгленд	انگلند
Пауло Соуза	پائولو سوزا
Райан Бёрд	رایان برد
Касабела	کاسابلا
Адам Друри	آدام دریوری
Оскар Трелкелд	اسکار ترلکلد
Рэй Бернард	ری بارنارد
Мур	مور
Майкл Доулинг	مایکل داولینگ
Деви Бхандарӣ	دوی بانداری
Питер Эбботт	پیتر ابوت
Абусаъд Хусравшоҳ	ابو سعد خسرو شاه
Бруниню	برونو
Буркитт	بورکیت
Чарли Белл	چارلی بل
Икер Бегоня	ایکر بگونیا
Хорхе Пелегрина	خورخه پلگرینا
Горка Унда	گورکا اوندا
Ҷей-Ҳоуп	جی-هوپ
Иван Форте	ایوان فورته
Рубен Санчес	روبن سانچز
Тайрон Мингс	تایرون مینگز
Ҷайҳонӣ	بن
Сандерс	سندرز
Алберт Сиссонс	آلبرت سیسونز
Денис Маффи	دنیس مافی
Кристиан Эррера	کریستین هررا
Дэвисон	دیویسون
Карлос Луна	کارلوس لونا
Лукас Дэвсон	لوکاس داوسون
Сидонча	سیدانچا
Қайс Саид	قیس سعید
Голдсбороф	گولدبرو
Ричард Гай	ریچارد گای
Адам Букстон	آدام باکستون
Алекс Маккуейд	الکس مک کواد
Ричард Биркхол	ریچارد برچال
Род Камерон	راد کامرون
Падрон	پادرن
Морелос	مورلس
Сурхоби	سهراب
Серхио Сирио	سرخیو چیریو
Боув	بوو
Фран Пиера	فرن پیرا
Диего Гомес	دیگو گومز
Гонсалес	نونو
Порту	کریستین
Хуаким Лопес	خواکین لوپز
Артилес	ارتلس
Рос	روس
Раул Навас	رائول ناواس
Гаглярди	گاگلیاردی
Боб Маккарти	باب مک‌کارتی
Эдвард Браун	ادوارد براون
Юлия Герасимова	یولیا گراسیمووا
Далтон	دالتون
Петрус Дус Сантос Араужо	پتروس آرائوخو
Даниэл Кордоне	دنیل کوردون
Чедвик	چادویک
Николас Менчака	نیکولاس منتاکاکا
Нaсeр Aлийи	ناصر علیی
Робин Меграв	رابین مگراو
Даррен Адамс	درن آدامز
Али	علی
Лайлӣ ибни Нуъмон	لیلی بن نعمان
Жан Доли	ژان دالی
Дентон	دنتون
Броунҳайлл	براونهیل
Апарвизи Сакастонӣ	اپرویز سکستانی
Сурбҳӣ Ҷиотӣ	سوربهی جیوتی
Эдвард Готт	ادوارد گوت
Даниэл Гонсалес	دنیل گونزالس
Эрни Батлер	ارنی باتلر
Доғандамир	دوغان دمیر
Рэй Чатхэм	ری چتم
Беби	بیبی
Дэвид Галего	داوید گایگو
Бен Клоуз	بن کلوز
Санйудо	سانودو
Арамбарри	آرامباری
Лен Филден	لن فیلدن
Том Энтони	تام آنتونی
Мамадоу Тоункара	مامادو تونکارا
Брэд Эбботт	برد ابوت
Анйете	انه‌ته
Меҳрони Ҳамадонӣ	مهران همدانی
Ашер	اشر
Уилсон	ویلسون
Себастян Портиглятти	سباستین پورتیلیاتی
Карлос Клерк	کارلوس کلرک
Алан Смит	آلن اسمیت
Смит	اسمیت
Бейлли	بیلی
Агомбар	آگومبار
Майк Гадсби	میک گادازبی
Дани Калво	دانی کالوو
Тэрри Белл	تری بل
Мики Френч	میکی فرنچ
Самия Сулуҳу	سامیه حسن
Энди Партнер	اندی پارتنز
Сервандо Санчес	سرواندو سانچز
Кайли Васселл	کایل واسل
Дэвис	دیویس
Фотеҳ Портақол	فاتح پورتاکال
Пау	پائو
Дэвид Ҷонс	دیوید جونز
Райан Ледсон	رایان لدسون
Бишоп	بیشاپ
Мунир Моанд Моамеди	منیر مهند محمدی
Энди Дрисколл	اندی دریسکول
Чарлз Алтон	چارلز آلتون
Мики Деметриоу	میکی دمتریو
Эрнани Азеведо Жуниор	هرنانی آزودو جونیور
Кристо Гонсалес	کریستو گونزالز
Колин Гибсон	کالین گیبسون
Дэвид Коулман	دیوید کلمن
Юлдӯз	یولدوز
Брайан Хименес	برایان خیمنز
Гарсия	گارسیا
Ҷозеф Тсай	جوزف سای
Артур Коллинз	آرتور کالینز
Муралес	مورالس
Бустинса	بوستینزا
Блайт	بلیت
Ли Баркус	لیا بارکوس
Грив	گریو
Вилануэва	ویلانووا
Кранстон	کرنستن
Боуен	بوون
Мигел Олавиде	میگل اولید
Тимур Акмурзин	تیمور اکمورزین
Ландер Панера	لندر پانرا
Масо	ماسو
Ҷейсон	خیسون
Эдвин Кук	ادوین کوک
Хавйер Мунйос	خاویر مونوز
Алнвик	آلنویک
Рафаэл Силва	رافائل سیلوا
Роберт Симон	رابرت سیمون
Камерон	کامرون
Хулио Ирисибар	خولیو ایریچیبار
Энрике	هنریکه
Том Бейкер	تام بیکر
Кевин Диксон	کوین دیکسون
Тархун	طرخون
Стейси	استیسی
Кандела	کاندلا
Мaнaй	ماناج
Алекс Браун	الکس براون
Булч	بولچ
Аршак Корян	آرشاک کوریان
Картмелл	کارتمول
Ҷонсон	جانسون
Дани Себалос	دنی سبایوش
Марио Руялес	ماریو رویلز
Хуан Медина	مدینا
Дел Рамирес	لئو رامیرز
Ҳарри Бриггс	هری بریگز
Аму	عموحاجی
Хесус Вайехо	خسوس وایخو
Хосабед	یوزابید
Маркос Ремесейро	مارکوس رمسیرو
Рубен Лофтус Чик	روبن لوفتوس-چیک
Хано	جانو
Иҳор Колиада	ایهور کولیادا
Раул Санчес	رائول سانچز
Бродбент	برودبنت
Диксон	دیکسون
Куртни Дуффус	کورتنی دوفوس
Тед Батчелор	تد باتچلر
Алекс Брей	الکس بری
Чарли Дейвс	چارلی داوز
Рафаэл Мунйос	آلفا مونوز
Геворг Арутюнян	گئورگ هاروتیونیان
Рико Генри	ریکو هنری
Эстебан Наварро	استبان ناوارو
Абуисҳоқи Исфаройинӣ	ابواسحاق اسفراینی
Алберт Банфилд	آلبرت بانفیلد
Фурлонг	فرلانگ
Алан Кершав	آلن کرشاو
Аделино	آدلینو
Томас Покеттино	توماس پوچتینو
Бонатини	بوناتینی
Лукас Кампана	لوکاس کامپانا
Арутюн Григорян	هاروتیون گریگوریان
Умаралӣ Қувватов	عمرعلی قوت‌اف
Узуни	اوزونی
Миранда	میراندا
Йонй Гонсалес	یونی گونزالز
Гастон Гурусеага	گاستون گروسگا
Томас Нистал	توماس نیستال
Тим Миллер	تیم میلر
Брито	بریتو
Виктор Пастрана	ویکتور پاسترانا
Флоро Гарридо	فلورو گریدو
Вернон Аллатт	ورنون آلات
Алекс Алегрия	الکس الگریا
Марк Тэйлор	مارک تیلور
Нейра	نایرا
Ҷонкат	جانکات
Ҳерберт Ашфорд	هربرت اشفورد
Фран Серрано	فران سرانو
Бен Ҷаго	بن جاگو
Дэниелс	دانیلز
Милтон Нендес	میلتون مندس
Александр Иванов	الکساندر ایوانف
Первис Эступинян	پرویس استوپینیان
Ҳасан Яздонӣ	حسن یزدانی
Алексис Эхеа	الکسیس جا
Лукас Басуалдо	لوکاس باسوالدو
Седрес	سدرس
Брофи	بروفی
Матео Кассиерра	متئو کاسیرا
Афифа Карам	عفیفه کرم
Пау Морер	پائو مورر
Дэвид Морилас	دیوید موریلاس
Додуэс	دادوئس
Кристопер Мойзес	کریستوپر مویسس
Мануэл Лопес Гаспар	گاسپار
Хавйер Гарсия Вердуго	گارسیا وردوگو
Дениз Байсал	دنیز بایسال
Бурҳон Раҳмон	برهان رحمان
Шералӣ Мирзо	شیرعلی میرزا
Хуан Мануэл Перес	خوان مانوئل پرز
Файз Сироҷ	فائز السراج
Хосе Антонио	خوزان
Дэвид Доунинг	دیوید داونینگ
Ҷонсон	جانسون
Фернандо Рибейро	فرناندو ریبریو
Ашрафӣ	اشرفی
Антонио Дуран	دورن
Манвел Агаронян	مانوئل آهارونیان
Неъматулло Юлдошев	نعمت‌الله یولداشف
Савсан Бандишоева	سوسن باندشویوا
Абел Морено	ابل مورنو
Сабин Мерино	سابین مرینو
Эллисон	بیل آلیسون
Рубен Паломеке	روبن پالومکوک
Валентин Пиментел	والنتین پیمنتل
Томас Андраде	توماس اندراده
Росс Этеридҷ	راس اترج
Забако	زاباکو
Арелано	آرلانو
Арон Санчес	ارون سانچز
Санти Коч	سانتی کوک
Еферсон Сотелдо	یفرسون سوتلدو
Миддлтон	میدلتون
Aлфред Фeрко	آلفرد فرکو
Фиорин Дурмишaй	فیورین دورمیشای
Онтиверос	انتیوروس
Фран Вилалба	فران ویلالبا
Эрнест Эллис	ارنست الیس
Абдулхайр Қосимов	عبدالخیر قاسموف
Гавтадзе	گاوتادزه
Ефри Рис	یفری ریس
Исҳоқ ибни Иброҳим	اسحاق بن ابراهیم
Лемиечевскй	لمیچوسکی
Юлбeр Рaмaдaни	یولبر رمضانی
Бисмарк Ферейра	بیسمارک فریرا
Роберто Алварес	روبرتو الوارز
Эллисон	آلیسون
Ренан Силва	رنان آلوز
Пусдил	پسدل
Дон Ашман	دون اشمن
Ҷейк Эванс	جیک ایوانز
Овен Ҷонсон	اون جانسون
Кордейро Дус	دودو
Игор Зубелдия	ایگور زوبلدیا
Георги Махатадзе	گئورگی ماخاتادزه
Стерри	استری
Дэвид Аро	دیوید هارو
Ғании Кашмирӣ	غنی کشمیری
Миллер	میلر
Мигел	میکا
Барнс	بارنز
Алберто Делгадо	البرتو دلگادو
Эсекйел Барко	اسکیل بارکو
Ҳабиб Бyрҷиён	حبیب برجیان
Денис Адамов	دنیس آداموف
Ромеро	رومرو
Ашмол	اشمول
Гарсия	گارسیا
Фран Белтран	فران بلتران
Эмaнуэле Ндой	امانوئل ندوج
Мустафо Исҳоқ Бушаки	مصطفی اسحاق ابواسحقی
Акиеме	اکیمه
Флорин Китсу	فلورین سیتو
Адриан Диегес	آدریان دیگز
Крис Виллок	کریس ویلیک
Левон Байрамян	لوون بایرامیان
Акин Феймеуо	اکین فاموو
Хуан Брунетта	خوان برونتا
Марк Кардона	مارک کاردونا
Коннор	کانر
Норберто Бряско	نوربرتو بریاسکو-بالکیان
Арнолд Лечлер	آرنولد لچلر
Фалкон	فالکن
Кэн Чапман	کن چپمن
Ҳазал Филиз Кӯчӯккосе	هازال فیلیز کوچوکوسه
Амир	موریو
Ғуломризо Қудсӣ	غلامرضا قدسی
Луис Мунйос	لوئیس مونوز
Марк Карбо	مارک کاربو
Марк Наварро	مارک ناوارو
Пердомо	پردومو
Сэм Картледҷ	سام کارتلج
Роман Евгенев	رومن یفگنیف
Пералта	پرالتا
Артур	آرتور
Жеферcон Сантос	جفرسون باهیا
Хесус Ангуло	خسوس آنگولو
Кристиан Макоун	کریستین مکون
Рикемберг	ریکمبرگ
Матеус Хесус	ماتئوس خسوس
Даниэл Ванcан	دانیل وانکان
Берен Гӯкйилдиз	برن گوک‌ییلدیز
Уолтер Массантти	والتر مازانتی
Туғшода	طغشاده
Рӯҳуллоҳ Зам	روح‌الله زم
Матиас Варгас	ماتیاس وارگاس
Себастян Балмаседа	سباستین بالماسدا
Дрeн Фeкa	درن فیکا
Мутаҳҳар ибни Тоҳири Мақдисӣ	مطهر بن طاهر مقدسی
Холиқзода	خالق‌زاده
Хуан Макяс	خوان ماسیاس
Ҳурмузи Кушоншоҳ	هرمز کوشانشاه
Шорл Груллу	شارل گرولو
Гоис	گوئس
Раҳаф Абдуллоҳ	رهف عبدالله
Зӯҳро Гунеш	زهرا گونش
Алп Наврӯз	آلپ نوروز
Обӣ Аҳмад	آبی احمد
Масъудшоҳ	مسعودشاه
Табрезӣ	تبریزی
Тартусӣ	طرسوسی
Эмомалӣ Собирзода	امامعلی صابرزاده
Сапенуд	سپینود
Рашид Алимов	رشید علیم‌اف
Ёвар ҳамадонӣ	یاور همدانی
Беллингҳем	بلینگام
Казем Самавӣ	کاظم سماوی
Сабо Курдафшорӣ	صبا کردافشاری
Ли Венлян	لی ون‌لیانگ
Абуалӣ ибни Иброҳими Симҷур	ابوعلی سیمجور
Невандухт	نیون‌دخت
Шаҳриёр ибни	شهریار پادوسپانی
Клод Жозеф	کلود جوزف
Обондухт	آبان‌دخت
Зебочеҳрхонум	زیباچهر خانم
Абдуллоҳи Раҳнамо	عبدالله رهنما
Даниэл Нобоа	دانیل نوبوآ
Шайх Зайнуддин	شیخ زین‌الدین
Наврӯз	نوروز
Мавлавӣ Ҷунунӣ	مولوی جنونی