аамм	اعم
аб	اب
абавайн	ابوين
абавият	ابويت
абавӣ	ابوي
абавон	ابوان
абад	ابد
абада	عبده
абадан	ابداً
абадзинда	ابدزنده
абадият	ابديت
абадӣ	ابدي
абадуддаҳр	ابدالدهر
абадулабад	ابدالابد
абадулобидин	ابدالآبدين
абадулобод	ابدالآباد
абар	ابر
абарқудрат	ابرقدرت
абарқудратӣ	ابرقدرتي
абармард	ابرمرد
абас	عبث
аббос	عباس
аббосиён	عباسيان
аббосия	عباسيه
аббосӣ	عباسي
абвоб	ابواب
абгор	ابگار
абгорӣ	ابگاري
абд	عبد
абдол	ابدال
абе	ابي
абедониш	ابي دانش
абера	ابيره
абеша	ابيشه
абёт	ابيات
абзол	ابزال
абзор	ابزار
абзордон	ابزاردان
абзорсоз	ابزارساز
абзорсозӣ	ابزارسازي
абзорфурӯш	ابزارفروش
абзорфурӯшӣ	ابزارفروشي
абир	عبير
абирафшон	عبيرافشان
абироганд	عبيرآگند
абиромез	عبيرآميز
абирсиришт	عبيرسرشت
абирфишон	عبيرفشان
абкам	ابکم
абқарӣ	عبقري
аблағ	ابلغ
аблақ	ابلق
аблақӣ	ابلقي
аблақсавор	ابلقسوار
аблаҳ	ابله
аблаҳваш	ابله وش
аблаҳвор	ابله وار
аблаҳӣ	ابلهي
аблаҳнамо	ابله نما
аблаҳона	ابلهانه
аблаҳфиреб	ابله فريب
аблаҳфиребӣ	ابله فريبي
аблаҳфиребона	ابله فريبانه
абно	ابنا
абобил	ابابيل
абр	ابر
абра	ابره
абраастар	ابره استر
абрақ	ابرق
абрақӣ	ابرقي
абрандуд	ابرندود
абранҷан	ابرنجن
абрас	ابرص
абраш	ابرش
абрбанд	ابربند
абрбандӣ	ابربندي
абргирифта	ابرگرفته
абрдор	ابردار
абрешим	ابريشم
абрешимбаҳо	ابريشم بها
абрешимборӣ	ابريشم باري
абрешимбоф	بريشم باف
абрешимбофӣ	ابريشم بافي
абрешимвор	ابريشم وار
абрешимворӣ	ابريشم واري
абрешимгун	ابريشم گون
абрешимдӯз	ابريشم دوز
абрешимдӯзӣ	ابريشم دوزي
абрешимин	ابريشمين
абрешимӣ	ابريشمي
абрешимкашӣ	ابريشم کشي
абрешимкор	ابريشم کار
абрешимкорӣ	ابريشم کاري
абрешиммонанд	ابريشم مانند
абрешимранг	ابريشم رنگ
абрешимрес	ابريشم ريس
абрешимресӣ	ابريشم ريسي
абрешимтоб	ابريشم تاب
абрешимтобӣ	ابريشم تابي
абрӣ	ابري
абрногузар	ابرناگذر
абрнок	ابرناک
абрнокӣ	ابرناکي
абролуд	ابرآلود
абролуда	ابرآلوده
аброр	ابرار
абрпора	ابرپاره
абрпӯш	ابرپوش
абрсифат	ابرصفت
абртӯда	ابرتوده
абрӯборик	ابروباريک
абрӯдароз	ابرودراز
абрӯкамон	ابروکمان
абрӯкушода	ابروکشاده
абрӯкушодагӣ	ابرو کشادگي
абрӯқалам	ابروقلم
абрӯпайваст	ابروپيوست
абрӯсиёҳ	ابروسياه
абрӯфарох	ابروفراخ
абрӯфарохӣ	ابروفراخي
абрӯҳилол	ابروهلال
абрӯчинак	ابروچينک
абрӯчинӣ	ابروچيني
абсорбсия	ابساربسيه
абстракт	ابسترکت
абстрактсионизм	ابسترکتسيانزم
абстрактсионист	ابسترکتسيانيست
абстрактсия	ابسترکتسيه
абстрактӣ	ابسترکتي
абтар	ابتر
абул	ابول
абулбашар	ابوالبشر
абулҳавл	ابوالهول
абус	عبوس
абхозӣ	ابخازي
абҳар	عبهر
абҳарӣ	عبهري
абҷад	ابجد
абҷадхон	اجدخوان
абҷадхонӣ	ابجدخواني
абъад	ابعد
абъод	ابعاد
абяз	ابيض
ав-ав	اواو
авасто	اوستا
авастоӣ	اوستائي
авборидан	اوباريدن
авбош	اوباش
авбошӣ	اوباشي
авбошона	اوباشانه
аввал	اول
аввала	اوله
аввалан	اولاً
аввалин	اولين
аввалиндараҷа	اولين درجه
аввалия	اوليه
аввалӣ	اولي
аввалмақом	اول مقام
аввало	اولا
аввалҳо	اول ها
аввалшахс	اول شخص
авво	عوا
август	اوگست
августӣ	اوگستي
авд	عود
авесто	اوستا
авзоъ	اوضاع
авиа	اوئه
авиапочта	اوئه پاچته
авиатсионӣ	اوئتسياني
авиатсия	اوئتسيه
авис	عويص
авитаминоз	اويتميناز
авқот	اوقات
авқотворӣ	اوقاتواري
авқотпазӣ	اوقاتپزي
авқотталх	اوقاتتلخ
авқотталхӣ	اوقاتتلخي
авқотхӯрӣ	اوقاتخوري
авқоф	اوقاف
авл	عول
авлавият	اولويت
авлиё	اوليا
авлитар	اوليتر
авло	اولا
авлод	اولاد
авлодӣ	اولادي
авоил	اوائل
авоқиб	عواقب
авом	عوام
авомона	عوامانه
авомуннос	عوام الناس
авомфаҳм	عوام فهم
авомфиреб	عوام فريب
авомфиребӣ	عوا م فريبي
авомфиребона	عوام فريبانه
авон	اوان
авора	اواره
авориз	عوارض
авосит	اواسط
авосиф	عواصف
авотиф	عواطف
авохир	اواخر
авранг	اورنگ
авранд	اورند
аврандидан	اورنديدن
аврат	عورت
авринг	اورينگ
аврод	اوراد
авродхонӣ	اورادخواني
авроқ	اوراق
аврупоидӯхт	اوروپاي دوخت
аврупоӣ	اوروپاي
авсат	اوسط
авсоф	اوصاف
авсун	اوسون
автобус	اوتابوس
автогенӣ	اوتاگيني
автодром	اوتادرام
автокран	اوتاکرن
автомат	اوتامت
автоматика	اوتامتيکه
автоматӣ	اوتامتي
автоматонидан	اوتامتانيدن
автоматонӣ	اوتامتاني
автоматчӣ	اوتامتچي
автомашина	اوتامشينه
автомобил	اوتامابيل
автомобилгард	اوتامابيل گرد
автомобилӣ	اوتامابيلي
автомобилрон	اوتامابيل ران
автомобилронӣ	اوتامابيل راني
автомобилсозӣ	اوتامابيل سازي
автон	اوطان
авторучка	اوتاروچکه
автосистерна	اوتاسيستيرنه
авул	اول
авф	عوف
авфар	اوفر
авҳом	اوهام
авҷ	اوج
авҷгирӣ	اوج گيري
авҷнавард	اوج نورد
авҷпар	اوج پر
авҷрав	اوج رو
агар	اگر
агарчанд	اگرچند
агарчи	اگرچه
агент	اگينت
агентӣ	اگينتي
агломерат	اگلاميرت
агломератсия	اگلاميرتسيه
агноститсизм	اگناستيتسيزم
аграрӣ	اگرري
агрегат	اگريگت
агробиология	اگرابئالاگيه
агробиологӣ	اگرابئالاگي
агроном	اگرانام
агрономия	اگراناميه
агрономӣ	اگرانامي
агротехника	اگراتخنيکه
агротехникӣ	اگراتخنيکي
агрофизика	اگرافيزيکه
агрохимия	اگراخيميه
ағарр	اغر
ағба	اغبه
ағбар	اغبر
ағбарӣ	اغبري
ағёр	اغيار
ағзия	اغزيه
ағлаб	اغلب
ағлот	اغلاط
ағниё	اغنيا
ағолуқ	اغالق
ағонисаро	اغاني سرا
ағонӣ	اغاني
адд	عد
адаб	ادب
адабдон	ادب دان
адабдонӣ	ادب داني
адабдӯст	ادب دوست
адабдӯстӣ	ادب دوستي
адабиёт	ادبيات
адабиётдӯст	ادبيات دوست
адабиётдӯстӣ	ادبيات دوستي
адабиётшинос	ادبيات شناس
адабиётшиносӣ	ادبيات شناسي
адабинавис	ادب ي نويس
адабистон	ادبستان
адабӣ	ادبي
адабомӯз	ادب آموز
адабомӯзӣ	ادب آموزي
адабпарвар	ادب پرور
адабпарварда	ادب پرورده
адабпеша	ادب پيشه
адабсанҷ	ادب سنج
адабсарой	ادب سراي
адабхона	ادب خانه
адабчӯб	ادب چوب
адавот	ادوات
адад	عدد
ададан	عدداً
ададӣ	عددي
ададнависӣ	عددنويسي
адажио	ادژيا
адам	عدم
адас	عدس
адасӣ	عدسي
адасшакл	عدس شکل
адвиёт	ادويات
адвия	ادويه
адвияҷот	ادويجات
адвокат	ادواکت
адвокатӣ	ادواکتي
адвор	ادوار
аддоӣ	اداي
адён	اديان
адиб	اديب
адибона	اديبانه
адил	عديل
адим	عديم
адир	ادير
адкан	ادکن
адл	عدل
адлварз	عدل ورز
адлварзӣ	عدل ورزي
адлгустар	عدل گستر
адлгустарӣ	عدل گستري
адлия	عدليه
адлиявӣ	عدليوي
адлӣ	عدلي
адлкирдор	عدل کردار
адлкирдорӣ	عدل کرداري
адлпарвар	عدل پرور
адлпарварӣ	عدل پروري
адлсигол	عدل سگال
адлфармой	عدل فرماي
адлҷӯй	عدل جوي
адлҷӯӣ	عدل جوئي
адмирал	ادميرل
адмиралӣ	ادميرلي
адн	عدن
адно	ادني
адо	ادا
адоват	عداوت
адоватнок	عداوت ناک
адоватхоҳ	عداوت خواه
адоватҷӯй	عداوت جوي
адолат	عدالت
адолатгоҳ	عدالت گاه
адолатгустар	عدالت گستر
адолатгустарӣ	عدالت گستري
адолатдӯст	عدالت دوست
адолатманд	عدالت مند
адолатнок	عدالت ناک
адолатпарвар	عدالت پرور
адолатпарварӣ	عدالت پروري
адолатпарварона	عدالت پرورانه
адолатпеша	عدالت پيشه
адолатхона	عدالت خانه
адолатхоҳ	عدالت خواه
адолатхоҳӣ	عدالت خواهي
адолатхоҳона	عدالت خواهانه
адонашаванда	ادانشونده
адоомез	اداآميز
адот	ادات
адофаҳм	ادافهم
адофаҳмӣ	ادافهمي
адрас	ادرس
адрасбоф	ادرس باف
адрасбофӣ	ادرس بافي
адрасмон	ادرسمان
адраспӯш	ادرس پوش
адрес	ادريس
адӯ	عدو
адӯбанд	عدوبند
адӯсӯз	عدوسوز
адӯшикан	عدوشکن
адҳам	ادهم
адъия	ادعيه
адютант	اديوتنت
аё	ايا
аёдат	عيادت
аёл	عيال
аёлат	عيالت
аёлдор	عيال دار
аёлманд	عيالمند
аёлмандӣ	عيالمندي
аён	عيان
аёнан	عياناً
аёният	عيانيت
аёнӣ	عياني
аёнтар	عيانتر
иёр	عيار
аёр	ايار
аёра	اياره
аёриҷ	اياريج
аёс	اياس
ажғал	اژغل
аждар	اژدر
аждаргун	اژدرگون
аждарниҳод	اژدرنهاد
аждарҳо	اژدرها
аждаҳо	اژدها
аждаҳобора	اژدهاباره
аждаҳоваш	اژدهاوش
аждаҳодӯш	اژدهادوش
аждаҳок	اژدهاک
аждаҳокеш	اژدهاکيش
аждаҳомонанд	اژدهامانند
аждаҳонафс	اژدهانفس
аждаҳопайкар	اژدهاپيکر
аждаҳосар	اژدهاسر
аждаҳофаш	اژدهافش
аждаҳохӯй	اژدهاخوي
аждаҳошаванда	اژدهاشونده
аждаҳошикор	اژدهاشکار
аждаҳошикорӣ	اژدهاشکاري
ажриқичашм	اژرقي چشم
ажриқӣ	اژرقي
аз	از
азал	ازل
азала	عضله
азалӣ	ازلي
азамат	عظمت
азб	عذب
азбас	ازبس
азбаски	ازبسکه
азбгӯй	عذب گوي
азвоқ	اذواق
азвоҷ	ازواج
аздастдиҳӣ	ازدست دهي
аздигарсозӣ	ازديگرسازي
аздод	اضداد
аздусар	ازدوسر
азерок	ازيراک
аззаваҷалл	عظه وجل
азиз	عزيز
азизулвуҷуд	عزيزالوجود
азим	عظيم
азимат	عظيمت
азиматгар	عزيمتگر
азимӣ	عظيمي
азимут	ازيمت
азимушшаън	عظيم الشأن
азият	اذيت
азиятдида	اذيت ديده
азиятдиҳанда	اذيت دهنده
азиятдиҳӣ	اذيت دهي
азияткаш	اذيت کش
азиятовар	اذيت آور
азкиёъ	ازکياء
азкор	اذکار
азкорафтода	ازکارافتاده
азкорафтодагӣ	ازکارافتادگي
азл	عزل
азламуззолимин	اظلم الظالمين
азм	عزم
азмина	ازمنه
азнавсозӣ	ازنوسازي
азназаргузаронӣ	ازنظرگذراني
азноб	اذناب
азо	عزا
азоб	عذاب
азобдида	عذاب ديده
азобдиҳанда	عذاب دهنده
азобдиҳӣ	عذاب دهي
азобкада	عذاب کده
азобкашида	عذاب کشيده
азобкашӣ	عذاب کشي
азобнок	عذاب ناک
азобовар	عذاب آور
азогирӣ	عزاگيري
азодор	عزادار
азодорӣ	عزاداري
азозил	عزازيل
азоимхон	عزائم خوان
азоимхонӣ	عزائم خواني
азон	اذان
азонгӯй	اذان گوي
азонгӯӣ	اذان گوئي
азонихудӣ	ازآن خودي
азот	ازات
азотӣ	ازاتي
азохон	عزاخوان
азохона	عزاخانه
азохонӣ	عزاخواني
азпоафтода	ازپاافتاده
азпомонда	ازپامانده
азрақ	ازرق
азрақӣ	ازرقي
азрақлибос	ازرق لباس
азрақпӯш	ازرق پوش
азрақфом	ازرق فام
азрақчашм	ازرق چشم
азро	عذرا
азроил	عزرائيل
азрор	اضرار
азуд	عضد
азул	عذول
азфар	اذفر
азхудкунӣ	ازخودکني
азхудрафта	ازخودرفته
азҳар	ازهر
азҳо	اضحي
аизза	اعزه
аил	اييل
аимма	ائمه
ай	اي
айб	عيب
айба	عيبه
айббин	عيب بين
айбгир	عيبگير
айбгирӣ	عيبگيري
айбгузорӣ	عيب گذاري
айбгӯй	عيب گوي
айбгӯӣ	عيب گوئي
айбдон	عيب دان
айбдор	عيب دار
айбдорӣ	عيب داري
айбдоркунанда	عيبدارکننده
айбдоркунӣ	عيبدارکني
айбдоршаванда	عيبدارشونده
айбдоршуда	عيبدارشده
айбмонӣ	عيب ماني
айбнок	عيبناک
айбнокӣ	عيبناکي
айбнома	عيب نامه
айбпӯш	عيب پوش
айбпӯшӣ	عيب پوشي
айбҷӯй	عيب جوي
айбҷӯӣ	عيب جويي
айбшумор	عيب شمار
айвон	ايوان
айвондор	ايواندار
айвонча	ايوانچه
айғир	ايغير
айғоқ	ايغاق
айғоқӣ	ايغاقي
айдун	ايدون
айём	ايام
айёр	عيار
айёрӣ	عياري
айёрнамо	عيارنما
айёрон	عياران
айёрона	عيارانه
айёрпеша	عيارپيشه
айёш	عياش
айёшӣ	عياشي
айёшона	عياشانه
айзан	ايضاً
айлоқ	ايلاق
айман	ايمن
айн	عين
айнак	عينک
айнакдор	عينک دار
айнакӣ	عينکي
айнакнок	عينک ناک
айнаксоз	عينک ساز
айнаксозӣ	عينک سازي
айнакфурӯш	عينک فروش
айнакфурӯшӣ	عينک فروشي
айнан	عيناً
айнишинос	عيني شناس
айнишиносӣ	عيني شناسي
айният	عينيت
айнӣ	عيني
айнулаён	عين العيان
айнулкамол	عين الکمال
айнулҳаёт	عين الحيات
айнуляқин	عين اليقين
айрон	ايران
айсар	ايسر
айсберг	ايسبيرگ
айтом	ايتام
айфуда	ايفده
айфудасарӣ	ايفده سري
айш	عيش
айшафрӯз	عيش افروز
айшгоҳ	عيش گاه
айшдӯст	عيش دوست
айшдӯстӣ	عيش دوستي
айшобод	عيش آباد
айшпараст	عيش پرست
айшпарастӣ	عيش پرستي
айшпарвар	عيش پرور
айшпарварӣ	عيش پروري
айшсоз	عيش ساز
айшсозӣ	عيش سازي
айшталаб	عيش طلب
айшхона	عيش خانه
айюҳаннос	ايها الناس
айюҳассалот	ايها الصلاة
айюҳассоқӣ	ايها الساقي
ака	اکه
академизм	اکدميزم
академик	اکدميک
академикӣ	اکدميکي
академия	اکدميه
академиявӣ	اکدميوي
академӣ	اکدمي
ак-ак	اک اک
акамулло	اکه ملا
акбар	اکبر
аквамарин	اکومرين
акварел	اکوريل
аквариум	اکوريوم
акдар	اکدر
акдиш	اکدش
акид	اکيد
акидан	اکيداً
акка	عکّه
аккос	اکاس
аккол	اکّال
акколбозӣ	اکّال بازي
акколдаста	اکّال دسته
аккорд	اکّارد
аккордеон	اکّارديآن
аккосзанӣ	اکّاس زني
аккосӣ	عکاسي
аккосхона	عکّاس خانه
аккредитив	اکريدتيو
аккумулятор	اکومليتار
аккумуляторӣ	اکومليتاري
акл	اکل
акмал	اکمل
акмаҳ	اکمه
акноф	اکناف
кунун	کنون
ако	اکا
акобир	اکابر
акобирзода	اکابرزاده
акосира	اکاسيره
акр	اکر
акрам	اکرم
акрихин	اکرخين
акробатика	اکرابتيکه
акробатӣ	اکرابتي
акс	عکس
акса	عکسه
аксандоз	عکس انداز
аксандозӣ	عکس اندازي
аксар	اکثر
аксаран	اکثراً
аксариюн	اکثريون
аксарият	اکثريت
аксбардор	عکس بردار
аксбардорӣ	عکس برداري
аксбарорӣ	عکس براري
аксгир	عکس گير
аксгирӣ	عکس گيري
аксдор	عکس دار
акссоз	عکس ساز
акссозӣ	عکس سازي
аксент	اکسنت
аксиз	اکسيز
аксия	اکسيه
акскунанда	عکس کننده
акскунонӣ	عکس کناني
аксуламал	عکس العمل
аксулинқилоб	عکس الانقلاب
аксулинқилобӣ	عکس الانقلابي
аксулҳаракат	عکس الحرکت
аксулҳаракатчӣ	عکس الحرکتچي
аксулҳуҷум	عکس الهجوم
акт	اکت
актёр	اکتيار
актёрӣ	اکتياري
актив	اکتيو
актиний	اکتنيي
актиния	اکتنيه
актиномитсетҳо	اکتناميتستها
акустика	اکوستيکه
акустикӣ	اکوستيکي
акушер	اکوشير
акушерӣ	اکوشيري
ақаба	عقبه
ақалл	اقل
ақаллан	اقلاً
ақаллиюн	اقلّيون
ақаллият	اقلّيت
ақба	عقبه
ақвом	اقوام
ақвот	اقوات
ақд	عقد
ақдас	اقدس
ақдбандӣ	عقدبندي
ақдкарда	عقدکرده
ақдкардагӣ	عقدکردگي
ақднома	عقدنامه
ақиб	عقب
ақибандоз	عقب انداز
ақибафтода	عقب افتاده
ақибафтодагӣ	عقب افتادگي
ақибгардӣ	عقب گردي
ақибгоҳ	عقب گاه
ақибкашӣ	عقب کشي
ақибмонда	عقب مانده
ақибмондагӣ	عقب ماندگي
ақибмонӣ	عقب ماني
ақибнишинӣ	عقب نشيني
ақибнокӣ	عقب ناکي
ақибравӣ	عقب روي
ақида	عقيده
ақиқ	عقيق
ақиқа	عقيقه
ақиқин	عقيقين
ақиқфом	عقيقفام
ақим	عقيم
ақл	عقل
ақлан	عقلاً
ақлак	عقلک
ақлакӣ	عقلکي
ақлбар	عقل بر
ақлгаро	عقل گرا
ақлгароӣ	عقل گرايي
ақлдузд	عقل دزد
ақлӣ	عقلي
ақлкӯтоҳ	عقل کتاه
ақлмухтасар	عقل مختسر
ақлнок	عقلناک
ақлнорас	عقل نارس
ақлозмой	عقل آزماي
ақлом	اقلام
ақлонӣ	عقلاني
ақлписанд	عقل پسند
ақлрамида	عقل رميده
ақлрас	عقل رس
ақлрасо	عقل رسا
ақлсанҷ	عقل سنج
ақлхиракунанда	عقل خيره کننده
ақмиша	اقمشه
ақоид	عقائد
ақоқиё	عقاقيا
ақор	عقار
ақориб	اقارب
ақраб	اقرب
ақрабак	اقربک
ақрабо	اقربا
ақрабоӣ	اقربايي
ақран	اقرن
ақрон	اقران
ақсар	اقصر
ақсо	اقصي
ақсом	اقسام
ақсум	اقسم
ақтаъ	اقطع
ақъақ	عق عق
алав	الو
алавгирӣ	الوگيري
алавдон	الودان
алавигарӣ	علوي گري
алавия	علويه
алавӣ	علوي
алавкуш	الوکوش
алавмон	الومان
алавпора	الوپاره
алавпошӣ	الوپاشي
алавхона	الوخانه
алағда	الغده
аладдавом	علي الدوام
алайк	عليک
алайкассалом	عليک السلام
алайкум	عليکم
алайҳи…	عليه
алайҳиссалом	عليه السلام
алалфавр	علي الفور
алалхусус	علي الخصوص
алалҳол	علي الحال
алалҷумла	علي الجمله
алам	الم
аламангез	الم انگيز
аламангезона	الم انگيزانه
аламбар	الم بر
аламбарор	الم برار
аламдида	الم ديده
аламдор	الم دار
аламзада	علم زده
аламзадагӣ	الم زدگي
аламкаш	علم کش
аламнок	الم ناک
аламовар	الم آور
аламон	المان
аламрасида	الم رسيده
аланӣ	علني
аланга	النگه
алангадор	النگه دار
аланият	علنيت
алас	الس
алассабоҳ	علي الصباح
алассавия	علي السويه
аласт	الست
алатароқ	التراق
алаф	علف
алафгоҳ	علف گاه
алафғундор	علف غندار
алафғундорӣ	علف غنداري
алафдарав	علف درو
алафдаравӣ	علف دروي
алафзор	علف زار
алафкорӣ	علف کاري
алафмолкунӣ	علف مالکني
алафмонанд	علف مانند
алафпоя	علف پايه
алафхор	علف خوار
алафхӯр	علف خور
алафхӯронӣ	علف خوراني
алаҳуштак	علي هشتک
албастӣ	البستي
албатта	البته
албиса	البسه
албоқӣ	الباقي
албом	البام
алвақт	الوقت
алвидоъ	الوداع
алвон	الوان
алвонпӯш	الوان پوش
алвонҷ	الوانج
алвонҷбозӣ	الوانج بازي
алвонҷдиҳӣ	الوانج دهي
алвонҷхӯранда	الوانج خورنده
алвонҷхӯрӣ	الوانج خوري
алвонҷхӯрон	الوانج خوران
алгебра	الگيبره
алгебрӣ	الگيبري
алгоритм	الگارتم
алғав	الغو
алғараз	الغرض
алғаш	الغش
алғиёс	الغياث
алғов	الغاو
алейк	عليک
алийя	عليه
алил	عليل
алилӣ	عليلي
алилулмизоҷ	عليل المزاج
алим	اليم
алимент	المينت
алиф	الف
алифбо	الفبا
алифбоӣ	الفبايي
алифбонавис	الفبانويس
алифбонависӣ	الفبانويسي
алифбохонӣ	الفباخواني
алифвор	الفوار
алифлом	الف لام
алифосо	الف آسا
алифулқад	الف القد
алкалоид	الکلائد
алкан	الکن
алкимиё	الکيميا
алкул	الکول
алкулӣ	الکولي
алқазо	القضا
алқисса	القصه
алқоб	القاب
алқундӣ	القندي
алла	الّه
аллагӯӣ	الّه گويي
аллакай	الّکي
аллегро	الّيگرا
аллергия	الّيرگيه
аллом	علام
аллома	علامه
аллондан	الاندن
аллотропия	الاتراپيه
аллотропӣ	الاتراپي
аллоф	علاف
аллофӣ	علافي
аллоҳ	الله
алмос	الماس
алмосвор	الماس وار
алмосгун	الماس گون
алмосдор	الماس دار
алмосӣ	الماسي
алмоскорӣ	الماس کاري
алмосмонанд	الماس مانند
алмоспайкон	الماس پيکان
алмоспора	الماس پاره
алмосранг	الماس رنگ
алмостарош	الماس تراش
алмостарошӣ	الماس تراشي
ало	الا
алобуло	الا بلا
алов	الاو
аловбозӣ	الاوبازي
аловгирак	الاوگيرک
аловдон	الاودان
аловӣ	الاوي
аловмон	الاومان
аловхона	الاوخانه
алозолик	علي ذالک
алоиқ	علائق
алоим	علائم
алоӣ	الائي
алоқа	علاقه
алоқагоҳ	علاقه گاه
алоқадор	علاقه دار
алоқадорӣ	علاقه داري
алоқадр	علي قدر
алоқаманд	علاقه مند
алоқамандӣ	علاقه مندي
алоқанок	علاقه ناک
алоқачӣ	علاقچي
алоло	علالا
аломат	علامت
аломатгузорӣ	علامت گذاري
аломушак	الامشک
алония	علانيه
алоҳида	عليحده
алоҳозо	علي هذا
алоча	علاچه
алочабоф	الاچه باف
алочабофӣ	الاچه بافي
алочапӯш	الاچه پوش
алочашм	الا چشم
алочипор	الا چپار
алошақшақа	الاشقشقه
алпинизм	الپينيزم
алсағ	الثغ
алт	الت
алтаф	الطف
алтернатива	التيرنتيوه
алтернативӣ	التيرنتيوي
алтоф	الطاف
алф	الف
алфа	الفه
алфа-зарраҳо	الفه زرها
алфа-коҳиш	الفه کاهش
алфанҷидан	الفنجيدن
алфахтан	الفختن
алфироқ	الفراق
алфоз	الفاظ
алҳазар	الحذر
алҳақ	الحق
алҳамд	الحمد
алҳамдулиллоҳ	الحمد لله
алҳол	الحال
алҳон	الحان
алҷабр	الجبر
алъамон	الامان
алъон	الآن
алюмин	اليومين
алюминий	اليومينيي
алюминӣ	اليوميني
амад	عمد
амадрон	عمدران
амадчӣ	عمدچي
амак	عمک
амакбача	عمک بچه
амакбобо	عمک بابا
амакзода	عمک زاده
амакӣ	عمکي
амакхонд	عمک خواند
амал	عمل
амалан	عملاً
амалдор	عمل دار
амалдорӣ	عمل داري
амалиёт	عمليات
амалия	عمليه
амалӣ	عملي
амалкард	عمل کرد
амалпараст	عمل پرست
амалпарастӣ	عمل پرستي
амалфармо	عمل فرما
амалхона	عمل خانه
амбулатория	امبلتاريه
амбулаторӣ	امبلتاري
амвол	اموال
амвоҷ	امواج
амвоҷзанон	امواج زنان
амд	عمد
амдан	عمداً
амёба	اميابه
амзиҷа	امزجه
амзода	عم زاده
амид	عميد
амиқ	عميق
амиқӣ	عميقي
амиқулфикр	عميق الفکر
амим	عميم
амин	امين
аминокислота	اميناکيسلاته
аминона	امينانه
амир	امير
амирзода	اميرزاده
амирӣ	اميري
амирохур	اميرآخور
амирулбаҳр	اميرالبحر
амирулмӯъминин	امير المؤمنين
амирулҳуҷҷоб	اميرالحجاب
амирушшуаро	اميرالشعرا
амиршинос	اميرشناس
амлас	املس
амлаҳ	املح
амлаҳушшуаро	املح الشعرا
амлок	املاک
амлокдор	املاک دار
амлокдорхона	املاک دارخانه
амм	عم
амма	عمه
аммабача	عمه بچه
аммиак	اميئک
аммо	اما
аммома	عمامه
аммонал	امانل
аммоний	امانيي
аммонит	امانيت
аммор	امار
аммора	اماره
аммофос	عمافاس
амн	امن
амният	امنيت
амниятӣ	امنيتي
амниятхоҳ	امني ت خواه
амниятҷӯй	امني ت جوي
амнобод	امن آباد
амо	عما
амокин	اماکن
амон	امان
амонат	امانت
амонатгузор	امانت گذار
амонатгузорӣ	امانت گذاري
амонатдор	امانت دار
амонатӣ	امانتي
амонаткасса	امانت کسه
амонатнигоҳдор	امانت نگاه دار
амонатфурӯш	امانت فروش
амонатфурӯшӣ	امانت فروشي
амонгоҳ	امان گاه
амонӣ	اماني
амоннома	امان نامه
амонот	امانات
амонпулӣ	امان پولي
аморат	امارت
аморатпаноҳ	امار ت پناه
аморидор	عماري دار
аморикаш	عماري کش
аморӣ	عماري
амортизатор	امارتزتار
амортизатсионӣ	امارتزتسياني
амортизатсия	امارتزتسيه
амоч	اماج
ампер	امپير
амперметр	امپيرميتر
амплитуда	امپليتوده
ампула	امپوله
ампутатсия	امپوتتسيه
амр	امر
амрад	امرد
амрадбозӣ	امردبازي
амрбар	امربر
амрдиҳанда	امردهنده
амрдиҳӣ	امردهي
амрӣ	امري
амркунанда	امرکننده
амроз	امراض
амруд	امرود
амрудбун	امرودبن
амрхат	امرخط
амсол	امثال
амтиа	امتعه
амуд	عمود
амудан	عموداً
амудӣ	عمودي
амфибия	امفيبيه
амфитеатр	امفتأتر
ана	انه
анабазис	انبزيس
анабиоз	انبئاز
анализатор	انليزتار
аналитикӣ	انليتيکي
аналҳақ	اناالحق
ананас	اننس
анархизм	انرخيزم
анархист	انرخست
анархистӣ	انرخستي
анархия	انرخيه
анархосиндикализм	انرخاسيندکليزم
анатом	انتام
анатомия	انتاميه
анатомӣ	انتامي
анахронизм	انخرانيزم
анба	عنبه
анбарафшон	عنبرافشان
анбарбез	عنبربيز
анбарбор	عنبربار
анбарборис	عنبرباريس
анбарбӯй	عنبربوي
анбарга	عنبرگه
анбарзой	عنبرزاي
анбарин	عنبرين
анбарина	عنبرينه
анбарингесӯй	عنبرين گيسوي
анбариндор	عنبرين دار
анбаринмӯй	عنبرين موي
анбарӣ	عنبري
анбармоҳӣ	عنبرماهي
анбармӯй	عنبرموي
анбарнисор	عنبرنثار
анбарогин	عنبرآگين
анбароин	عنبرآئين
анбаролуд	عنبرآلود
анбаромез	عنبرآميز
анбаросо	عنبرآسا
анбарпош	عنبرپاش
анбарсиришт	عنبرسرشت
анбарсиришта	عنبرسرشته
анбарсо	عنبرسا
анбарсӯз	عنبرسوز
анбарфишон	عنبرفشان
анбарфурӯш	عنبرفروش
анбаршикан	عنبرشکن
анбаста	انبسته
анбиё	انبيا
анбиқ	انبيق
анбоз	انباز
анбозӣ	انبازي
анбон	انبان
анбона	انبانه
анбонча	انبانچه
анбор	انبار
анборбон	انباربان
анбордор	انباردار
анбордорӣ	انبارداري
анборзада	انبارزده
анборидан	انباريدن
анборӣ	انباري
анборкунӣ	انبارکني
анборхона	انبارخانه
анборчӣ	انبارچي
анбошта	انباشته
анбоштан	انباشتن
анбурак	انبرک
анбӯҳ	انبوه
анбӯҳӣ	انبوهي
анвар	انور
анвор	انوار
анворафшон	انوارافشان
анвоъ	انواع
анг	انگ
ангабин	انگبين
ангак	انگک
ангал	انگل
ангала	انگله
ангалюн	انگليون
ангар	انگر
ангат	انگت
ангатзор	انگتزار
ангаф	انگف
ангашба	انگشبه
ангез	انگيز
ангеза	انگيزه
ангезанда	انگيزنده
ангезидан	انگيزيدن
ангезиш	انگيزش
ангехта	انگيخته
ангезон	انگيزان
ангезонидан	انگيزانيدن
ангехтан	انگيختن
ангидрид	انگيدرد
ангина	انگينه
ангишт	انگشت
ангиштбарорӣ	انگشت براري
ангиштвор	انگشت وار
ангиштгар	انگشت گر
ангишткан	انگشت کن
ангиштканӣ	انگشت کني
ангиштол	انگشتال
ангиштпора	انگشت پاره
ангиштпулӣ	انگشت پولي
ангиштсанг	انگشت سنگ
ангиштфурӯш	انگشت فروش
ангиштфурӯшӣ	انگشت فروشي
ангиштхона	انگشت خانه
англисзабон	انگليس زبان
англисизабон	انگليسي زبان
англисӣ	انگليسي
ангоз	انگاز
ангор	انگار
ангора	انگاره
ангорахар	انگاره خر
ангоридан	انگاريدن
ангоштан	انگاشتن
ангстрем	انگستريم
ангубин	انگبين
ангубина	انگبينه
ангубиндор	انگبيندار
ангубинлаб	انگبين لب
ангубинхона	انگبين خانه
ангудон	انگودان
ангула	انگوله
ангур	انگور
ангурало	انگورالا
ангурдон	انگوردان
ангурзор	انگورزار
ангурӣ	انگوري
ангурпаз	انگورپز
ангурпазӣ	انگورپزي
ангурпазон	انگورپزان
ангурпарвар	انگورپرور
ангурпарварӣ	انگورپروري
ангурфурӯш	انگورفروش
ангурфурӯшӣ	انگورفروشي
ангурчин	انگورچين
ангурчинӣ	انگورچيني
ангушт	انگشت
ангушта	انگشته
ангуштак	انگشتک
ангуштар	انگشتر
ангуштарин	انگشترين
ангуштарӣ	انگشتري
ангуштвона	انگشتوان
ангуштгаз	انگشتگز
ангуштгазон	انگشت گزان
ангуштмонанд	انگشت مانند
ангуштнамо	انگشت نما
ангуштнамоӣ	انگشت نمائي
ангуштона	انگشتانه
ангуштпеч	انگشت پيچ
ангуштпона	انگشت پانه
ангуштхоӣ	انگشتخائي
ангуштшумор	انگشت شمار
анд	اند
андак	اندک
андакёб	اندک ياب
андакмоя	اندک مايه
андакмоягӣ	اندک مايگي
андак-мундак	اند ک مندک
андакриш	اندک ريش
андаксидан	اندکسيدن
андакхирад	اندک خرد
андакхор	اندک خوار
андакхӯр	اندک خور
андалеб	عندليب
андалебоҳанг	عندليب آهنگ
андама	اندمه
андар	اندر
андарафтодан	اندرافتادن
андаргоҳ	اندرگاه
андаргузаштан	اندرگذشتن
андарёфт	اندريافت
андарз	اندرز
андарзгӯй	اندرزگوي
андарзнома	اندرزنامه
андарзхонӣ	اندرزخواني
андаркашидан	اندرکشيدن
андармон	اندرمان
андармондан	اندرماندن
андармонӣ	اندرماني
андаровардан	اندرآوردن
андаровехтан	اندرآويختن
андаромадан	اندرآمدن
андаррасидан	اندررسيدن
андарун	اندرون
андарунӣ	اندروني
андархур	اندرخور
андархурд	اندرخورد
андархурдан	اندرخوردن
андаршудан	اندرشدن
андаряк	اندريک
анде	اندي
андеш	انديش
андеша	انديشه
андешавар	انديشه ور
андешаварз	انديشه ورز
андешакор	انديشه کار
андешакорӣ	انديشه کاري
андешаманд	انديشه مند
андешамандӣ	انديشه مندي
андешамандона	انديشه مندانه
андешанок	انديشه ناک
андешанокӣ	انديشه ناکي
андешаронӣ	انديشه راني
андешасанҷ	انديشه سنج
андешасигол	انديشه سگال
андешасӯз	انديشه سوز
андешидан	انديشيدن
андова	انداوه
андовагар	انداوه گر
андовакунӣ	انداوه کني
андовачӣ	انداوه چي
андовачӯб	انداوه چوب
андовашуда	انداوه شده
андовидан	انداويدن
андоз	انداز
андоза	اندازه
андозагир	اندازه گير
андозагирӣ	اندازه گيري
андозагузорӣ	اندازه گذاري
андозашинос	اندازه شناس
андоздиҳанда	اندازدهنده
андозпардоз	اندازپرداز
андозсупор	اندازسپار
андозчинӣ	اندازچيني
андоидан	اندائيدن
андоиш	اندايش
андоишгар	اندايشگر
андом	اندام
андохт	انداخت
андохта	انداخته
андохтан	انداختن
андохтанӣ	انداختني
андуд	اندود
андудан	اندودن
андӯз	اندوز
андӯхт	اندوخت
андӯхта	اندوخته
андӯхтан	اندوختن
андӯҳ	اندوه
андӯҳангез	اندوه انگيز
андӯҳгин	اندوه گين
андӯҳгинӣ	اندوه گيني
андӯҳгинона	اندوه گينانه
андӯҳгусор	اندوه گسار
андӯҳгусорӣ	اندوه گساري
андӯҳзада	اندوه زده
андӯҳкаш	اندوه کش
андӯҳманд	اندوه مند
андӯҳнок	اندوه ناک
андӯҳовар	اندوه آور
андӯҳсарой	اندوه سراي
андӯҳхез	اندوه خيز
андӯҳхор	اندوه خوار
анёб	انياب
анзор	انظار
анзур	انزور
анзурат	انزورت
анид	عنيد
аниқ	انيق
аниқӣ	انيقي
анин	انين
анис	انيس
аниф	عنيف
анкабут	عنکبوت
анкета	انکيته
анқариб	عنقريب
анқо	عنقا
аннотатсия	اناتتسيه
ано	عنا
анод	اناد
анодил	عنادل
аноӣ	اناي
анокиб	عناکب
аном	انام
аномалия	انامليه
анонс	انانس
анор	انار
анорбун	اناربن
аноргул	انارگل
анордона	اناردانه
анордонак	اناردانک
анорзор	انارزار
анористон	انارستان
анорӣ	اناري
анорранг	اناررنگ
аносир	عناصر
анофелес	انافيليس
ансамбл	انسمبل
ансоб	انساب
ансор	انصار
ансул	انسول
ансур	انسور
антагонизм	انتگانزم
антенна	انتينه
анти-	انتِ
антибиотикҳо	انتبئاتکها
антиқа	عنتيقه
антиқафурӯш	عنتيقه فروش
антиқафурӯшӣ	عنتيقه فروشي
антиқӣ	عنتيقي
антисептика	انتسيپتکه
антисиклон	انتسکلان
антитезис	انتتيزس
антифашист	انتفشست
антоним	انتانيم
антрополог	انتراپالاگ
антропология	انتراپالاگيه
ануд	انود
анудона	انودانه
анӯша	انوشه
унф	عنف
анф	عنف
анфос	انفاس
анфус	انفس
анҳор	انهار
анча	انچه
анчар	انچر
анҷара	انجره
анҷибар	انجيبر
анҷида	انجيده
анҷидан	انجيدن
анҷир	انجير
анҷирбун	انجيربن
анҷирзор	انجيرزار
анҷирпазон	انجيرپزان
анҷирхор	انجيرخوار
анҷирхӯр	انجيرخور
анҷом	انجام
анҷома	انجامه
анҷомбахш	انجام بخش
анҷомдиҳанда	انجام دهنده
анҷомидан	انجاميدن
анҷомнопазир	انجام ناپزير
анҷомпазир	انجام پزير
анҷомхона	انجام خانه
анҷомшуданӣ	انجام شدني
анҷудон	انجدان
анҷум	انجم
анҷуман	انجمن
анҷуманафрӯз	انجمن افروز
анҷумангоҳ	انجمنگاه
анҷуманоро	انجمن آرا
анҷуманпиро	انجمن پيرا
анҷумансоз	انجمن ساز
анҷумсипоҳ	انجم سپاه
анҷумшинос	انجم شناس
анҷура	انجوره
анҷух	انجوخ
анҷухидан	انجوخيدن
анъана	عنعنه
анъанавӣ	عنعنوي
анъанапараст	عنعنه پرست
анъанапарастӣ	عنعنه پرستي
апа	اپه
апатит	اپتيت
апрел	اپريل
апрелӣ	اپريلي
ар	ار
араб	عرب
арабзабон	عرب زبان
арабзода	عرب زاده
арабизм	عربيزم
арабӣ	عربي
арабпарвард	عرب پرورد
арабшинос	عرب شناس
арабшиносӣ	عرب شناسي
араз	عرض
аразӣ	عرضي
арақ	عرق
арақгирӣ	عرق گيري
арақин	عرقين
арақӣ	عرقي
арақкаш	عرق کش
арақкашӣ	عرق کشي
арақнок	عرق ناک
арақнӯш	عرق نوش
арақнӯшӣ	عرق نوشي
арақоб	عرق آب
арақовар	عرق آور
арақолуд	عرق آلود
арақрез	عرق ريز
арақрезӣ	عرق ريزي
арақрезон	عرق ريزان
арақсӯз	عرق سوز
арақсӯзӣ	عرق سوزي
арақфурӯш	عرق فروش
арақфурӯшӣ	عرق فروشي
арақхӯр	عرق خور
арақхӯрӣ	عرق خوري
арақчин	عرق چين
арақҷӯш	عرق جوش
арақшор	عرق شار
арал	ارل
аралаш	ارلش
аранг	ارنگ
аранге	ارنگي
ар-ар	ار ار
ар-арӣ	ار اري
ар-аркунон	ار ارکنان
арасот	عرصات
арафа	عرفه
араш	ارش
арбада	عربده
арбадакаш	عربده کش
арбадакашон	عربده کشان
арбадакор	عربده کار
арбадакунон	عربده کنان
арбадаҷӯй	عربده جوي
арбадаҷӯёна	عربده جويانه
арбитраж	اربيترژ
арбоб	ارباب
арбобзода	ارباب زاده
арбобӣ	اربابي
арбобона	اربابانه
арванд	اروند
арвона	اروانه
арвоҳ	ارواح
арг	ارگ
арго	ارگا
аргон	ارگان
арғамчин	ارغمچين
арғамчинбоф	ارغمچين باف
арғамчинбофӣ	ارغمچين بافي
арғамчинтобӣ	ارغمچين تابي
арғамчинфурӯш	ارغمچين فروش
арғамчинфурӯшӣ	ارغمچين فروشي
арған	ارغن
арғач	ارغچ
арғом	ارغام
арғувон	ارغوان
арғувониранг	ارغواني رنگ
арғувонӣ	ارغواني
арғун	ارغون
арғунун	ارغنون
арғунунзан	ارغنون زن
арғунунӣ	ارغنوني
арғунуннавоз	ارغنون نواز
арғунуннавозӣ	ارغنون نوازي
арғунунсоз	ارغنون ساز
арғунчак	ارغنچک
арғунчакбозӣ	ارغنچک بازي
ард	ارد
ардам	اردم
ардом	اردام
ардоф	ارداف
аржан	ارژن
арз	ارز
арза	عرضه
арзадошт	عرضه داشت
арзан	ارزن
арзанда	ارزنده
арзандагӣ	ارزندگي
арзанзор	ارزن زار
арзанӣ	ارزني
арзанкорӣ	ارزن کاري
арзанхора	ارزن خوار
арзанхӯрак	ارزن خورک
арзбар	ارض بر
арзбарӣ	ارض بري
арзёб	ارزياب
арзёбӣ	ارزيابي
арзидан	ارزيدن
арзиз	ارزيز
арзиш	ارزش
арзишгузорӣ	ارزش گذاري
арзишёбӣ	ارزش يابي
арзишманд	ارزشمند
арзишнок	ارزشناک
арзӣ	عرضي
арзкунанда	عرض کننده
арзманд	ارزمند
арзнома	عرض نامه
арзоқ	ارزاق
арзол	ارذال
арзон	ارزان
арзонбаҳо	ارزانبها
арзонӣ	ارزاني
арзонфурӯш	ارزانفروش
арзонфурӯшӣ	ارزانفروشي
ариза	عريضه
аризабар	عريضه بر
аризабардор	عريضه بردار
аризабарӣ	عريضه بري
аризабоз	عريضه باز
аризабозӣ	عريضه بازي
аризадиҳанда	عريضه دهنده
аризанавис	عريضه نويس
аризанависӣ	عريضه نويسي
аризахон	عريضه خوان
аризачӣ	عريضچي
аризачӯб	عريضه چوب
арика	اريکه
арин	عرين
арифметика	اريفمتيکه
арифметикӣ	اريفمتيکي
арифмометр	اريفمامتر
ариш	عريش
ария	اريه
арйергард	ارييرگرد
арк	ارک
аркон	ارکان
арктика	ارکتيکه
арктикӣ	ارکتيکي
арқам	ارقم
арқом	ارقام
армад	ارمد
армал	ارمل
армала	ارمله
арманда	ارمنده
арманӣ	ارمني
арманитабор	ارمني تبار
арматура	ارمتوره
арматурбанд	ارمتوربند
арматурсозӣ	ارمتورسازي
арматурчӣ	ارمتورچي
армон	ارمان
армуғон	ارمغان
армуғонӣ	ارمغاني
арнаб	ارنب
ароба	ارابه
аробагард	ارابه گرد
аробагузар	ارابه گذز
аробадаро	ارابه درا
аробакаш	ارابکش
аробакашӣ	ارابکشي
аробарон	ارابران
аробаронӣ	ارابراني
аробасавор	ارابه سوار
аробасаворӣ	ارابه سواري
аробасоз	ارابه ساز
аробасозӣ	ارابه سازي
аробахона	ارابه خانه
аробача	ارابچه
ароз	اراز
арозил	اراذل
арпабодиён	ارپه باديان
арпашолӣ	ارپه شالي
арра	اره
арравор	اره وار
аррагӣ	اره گي
аррадос	اره داس
арразабон	اره زبان
арракаш	اره کش
арракашӣ	اره کشي
аррамайда	اره ميده
аррамонанд	اره مانند
аррамоҳӣ	اره ماهي
аррамӯй	ار ه موي
аррапушт	ارّه پشت
аррапуштдор	اره پشت دار
аррода	عرّاده
арс	ارس
арса	عرصه
арсагоҳ	عرصه گاه
арсалон	ارسلان
арсинҳо	ارسينها
артезианӣ	ارتيزئني
артел	ارتيل
артериосклероз	ارتيرآسکليراز
артикл	ارتيکل
артиллерия	ارتيليريه
артист	ارتيست
артиш	ارتش
арӯз	عروض
арӯзӣ	عروضي
арӯзшинос	عروض شناس
арӯс	عروس
арӯсак	عروسک
арӯсакандоз	عروسک انداز
арӯсакбоз	عروسک باز
арӯсакбозӣ	عروسک بازي
арӯсбарон	عروسک بران
арӯсӣ	عروسي
арӯсталабон	عروس طلبان
арӯсшаванда	عروس شونده
арфа	ارفه
архаизм	ارخئزم
архар	ارخر
архей	ارخيي
археолог	ارخيآلاگ
археология	ارخي آلاگيه
архив	ارخيو
архитектор	ارخيتيکتار
архитектура	ارخيتيکتوره
арҳам	ارحم
арҳамарроҳимин	ارحم الراحمين
арҳом	ارحام
арча	ارچه
арчазор	ارچه زار
арчанд	ارچند
арчи	ارچه
арҷ	ارج
арҷал	ارجل
арҷманд	ارجمند
арҷмандӣ	ارجمندي
арш	عرش
арша	عرشه
аршад	ارشد
аршиён	عرشيان
аршӣ	عرشي
аршнишин	عرش نشين
аршпаймо	عرش پيما
асаб	عصب
асаба	عصبه
асабдард	عصب درد
асабиёна	عصبيانه
асабимизоҷ	عصبي مزاج
асабинамо	عصبي نما
асабият	عصبيت
асабӣ	عصبي
асабкашӣ	عصب کشي
асабкушӣ	عصب کشي
асабоният	عصبانيت
асабонӣ	عصباني
асабшиносӣ	عصب شناسي
асав	اسو
асад	اسد
асал	عسل
асалак	عسلک
асалпарвар	عسل پرور
асалпарварӣ	عسل پروري
асалтаъм	عسل طعم
асамм	اسم
асанн	اسن
асар	اثر
асарбахш	اثربخش
асарбахшӣ	اثربخشي
асаргузор	اثرگذار
асаргузорӣ	اثرگذاري
асардузд	اثردزد
асардуздӣ	اثردوزدي
асаркунанда	اثرکننده
асарнок	اثرناک
асарпазир	اثرپذير
асарпазирӣ	اثرپزيري
асас	عسس
асаф	اسف
асбест	اسبيست
асбоб	اسباب
асбоббарорӣ	اسباب براري
асбобдор	اسباب دار
асбобсоз	اسباب ساز
асбобсозӣ	اسباب سازي
асбобхона	اسباب خانه
асбосемент	اسباسمينت
асгудор	اسگدار
асғар	اصغر
асептика	اسيپتيکه
асетат	اسيتت
асетилен	اسيتيلن
асида	عصيده
асидоз	اسيداز
асил	اصيل
асилзода	اصيل زاده
асилзодагӣ	اصيل زاده گي
асимметрия	اسيمتريه
асинхронӣ	اسينخراني
асир	اسير
асирак	اسيرک
асирафтода	اسيرافتاده
асирвор	اسيروار
асирӣ	اسيري
аскар	عسکر
аскарбача	عسکربچه
аскарбошӣ	عسکرباشي
аскаргирӣ	عسکرگيري
аскарида	اسکريده
аскарӣ	عسکري
аскаркашӣ	عسکرکشي
аскархона	عسکرخانه
аския	اسکيه
аскиябоз	اسکيه باز
аскиягӯӣ	عسکيه گوئي
аскиягӯй	عسکي ه گوي
аскиячӣ	عسکيچي
асқол	اثقال
асл	اصل
аслам	اسلم
аслан	اصلاً
аслаъ	اصلع
аслиҳа	اسلحه
аслиҳадор	اسلحه دار
аслиҳадорӣ	اسلحه داري
аслиҳанок	اسلحه نار
аслиҳанокшавӣ	اسلحه ناکشوي
аслиҳапартоӣ	اسلحه پرتايي
аслиҳасоз	اسلحه ساز
аслиҳасозӣ	اسلحه سازي
аслиҳахона	اسلحه خانه
аслият	اصليت
аслӣ	اصلي
асло	اصلا
аслоф	اسلاف
асмар	اسمر
асмо	اسما
асно	اثنا
аснод	اسناد
асном	اصنام
асноф	اصناف
асо	عصا
асобағал	عصابغل
асобадаст	عصابدست
асозанон	عصازنان
асокаш	عصاکش
асокир	عساکر
асолат	اصالت
асомӣ	اسامي
асорат	اسارت
асоратовар	اسارت آور
асос	اساس
асоса	اثاثه
асосан	اساساً
асосгузор	اساس گذار
асосгузоранда	اساس گذارنده
асосдор	اساس دار
асосӣ	اساسي
асоснок	اساس ناک
асоснокӣ	اساس ناکي
асоснома	اساس نامه
асотир	اساطير
асотирӣ	اساطيري
асотиршинос	اساطيرشناس
асотиршиносӣ	اساطيرشناسي
асофил	اسافل
асочӯб	عصاچوب
асп	اسپ
аспа	اسپه
аспак	اسپک
аспакбозӣ	اسپک بازي
аспакӣ	اسپکي
аспангез	اسپ انگيز
аспарағм	اسپرغم
аспафкан	اسپ افکن
аспбандӣ	اسپ بندي
аспбоз	اسپ باز
аспбозӣ	اسپ بازي
аспбон	اسپ بان
аспбонӣ	اسپ باني
аспвор	اسپ وار
аспдавон	اسپ دوان
аспдавонӣ	اسپ دواني
аспдор	اسپ دار
аспдорӣ	اسپ داري
аспдузд	اسپ دزد
аспдуздӣ	اسپ دزدي
аспдӯст	اسپ دوست
аспил	اسپيل
аспирант	اسپيرنت
аспирантӣ	اسپيرنتي
аспирантура	اسپيرنتوره
аспирин	اسپيرين
аспист	اسپست
аспӣ	اسپي
аспнамад	اسپ نمد
аспона	اسپانه
асппарвар	اسپ پرور
асппарварӣ	اسپ پروري
асппой	اسپ پاي
асппойӣ	اسپ پائي
аспромкунӣ	اسپ رامکني
аспсавор	اسپ سوار
аспсаворӣ	اسپ سواري
асптоз	اسپ تاز
асптозӣ	اسپ تازي
аспхона	اسپ خانه
аспҷаллоб	اسپ جلاب
аспҷаллобӣ	اسپ جلابي
аср	عصر
асримиёнагӣ	عصرميانگي
асрина	عصرينه
асрӣ	عصري
асрор	اسرا
асрорангез	اسرارانگيز
асрорангезона	اسرارانگيزانه
асрорнок	اسرارناک
асроромез	اسرارآميز
асроромезона	اسرارآميزانه
ассало	الصلا
ассалом	السلام
ассамблея	اسمبليه
ассимилятсия	اسيميليتسيه
ассистент	اسيستنت
ассор	عصار
ассотсиатсия	اساتسئتسيه
аст	است
аста	استه
астағфируллоҳ	استغفرالله
астар	استر
астарбор	استربار
астарборӣ	استرباري
астарван	استرون
астарвор	استروار
астарворӣ	استرواري
астардор	استردار
астаршоҳӣ	استرشاهي
астероидҳо	استرائدها
астрология	استرالاگيه
астронавт	استرانوت
астронавтика	استرانوتيکه
астрономия	استراناميه
астрофизика	استرافزيکه
асфалассофилин	اسفل السافلين
асфалт	اسفلت
асфалтпӯш	اسفلت پوش
асфалуссофилин	اسفل السافلين
асфар	اصفر
асфо	اصفي
асҳал	اسهل
асҳоб	اصحاب
асъаб	اصعب
асъад	اسعد
асъор	اسعار
атавизм	اتويزم
атбоъ	اتباع
атвор	اطوار
атиббо	اطبا
атиқ	عتيق
атиқа	عتيقه
атиқафурӯш	عتيقه فروش
атиқафурӯшӣ	عتيقه فروشي
атиқашинос	عتيقه شناس
атиқӣ	عتيقي
атлант	اتلنت
атлас	اطلس
атласбоф	اطلس باف
атласбофӣ	اطلس بافي
атласӣ	اطلسي
атласкурта	اطلس کرته
атласпӯш	اطلس پوش
атмосфера	اتماسفيره
атмосферӣ	اتماسفيري
ато	عطا
атобак	اتابک
атобакон	اتابکان
атобахш	عطابخش
атола	اتاله
атолапазӣ	اتاله پزي
атолапо	اتاله پا
атолахӯр	اتاله خور
атолиқ	اتاليق
атом	اتام
атомӣ	اتامي
атопеша	عطاپيشه
аторуд	عطارد
атр	عطر
атрафзо	عطرافزا
атрафшон	عطرافشان
атрафшонӣ	عطرافشاني
атрбор	عطربار
атрбӯ	عطربو
атргардон	عطرگردان
атргирӣ	عطرگيري
атргул	عطرگل
атрдон	عطردان
атриёт	عطريات
атрӣ	عطري
атрмоя	عطرمايه
атрогин	عطرآگين
атрок	اتراک
атромез	عطرآميز
атроф	اطراف
атрофиён	اطرافيان
атрпошак	عطرپاشک
атрсой	عطرسا
атрсоз	عطرساز
атрсозӣ	عطرسازي
атрсӯз	عطرسوز
атрфазо	عطرفزا
атрфурӯш	عطرفروش
атрфурӯшӣ	عطرفروشي
атса	عطسه
атсаовар	عطسه آور
атташе	اتشي
аттестат	اتيستت
аттестатдиҳӣ	اتيستت دهي
аттестатсионӣ	اتيستت سياني
аттестатсия	اتيستتسيه
аттор	عطار
атторӣ	عطاري
аттраксион	اترکسيان
атф	عطف
атфол	اطفال
атъима	اطعمه
аудит	ائودت
аудитор	ائودتار
аудиторӣ	ائودتاري
аузубиллоҳ	اعوذ باالله
ауксион	ائوکسيان
афандигӣ	افندگي
афандӣ	افندي
аф-аф	اف اف
афв	عفو
афвнопазир	عفو ناپزير
афвот	افوات
афвоҳ	افواه
афвоҷ	افواج
афвпазирӣ	عفوپزيري
афвталабона	عفوطلبانه
афгандан	افگندن
афгона	افگانه
афгор	افگار
афғон	افغان
афғонӣ	افغاني
афдар	افدر
афзал	افضل
афзалият	افضليت
афзалӣ	افضلي
афзоиш	افزايش
афзоишнок	افزايشناک
афзор	افزار
афзорсоз	افزارساز
афзорсозӣ	افزارسازي
афзоянда	افزاينده
афзуда	افزوده
афзудагӣ	افزودگي
афзудан	افزودن
афзуданӣ	افزودني
афзун	افزون
афзунгардонӣ	افزون گرداني
афзунӣ	افزوني
афин	عفن
афиф	عفيف
афифа	عفيفه
афкананда	افکننده
афкандагӣ	افکندگي
афкор	افکار
афлесун	افليسون
афлок	افلاک
афлокӣ	افلاکي
афлокшинос	افلاک شناس
афлотуния	افلاتونيه
афлотунӣ	افلاتوني
афозил	افاضل
афоризм	افاريزم
афрод	افراد
афроз	افراز
афрохтақомат	افراخته قامت
афрохтан	افراختن
афроштан	افراشتن
афрӯз	افروز
афрӯзон	افروزان
афрӯхта	افروخته
афрӯхтагӣ	افروختگي
афрӯхтан	افروختن
афсад	افسد
афсар	افسر
афсарӣ	افسري
афсартироз	افسرطراز
афсаҳ	افصح
афсаҳбаён	افصح بيان
афсона	افسانه
афсонавӣ	افسانوي
афсонавор	افسانوار
афсонагӣ	افسانگي
афсонагӯӣ	افسانه گوئي
афсонагӯй	افسانه گوي
афсонамонанд	افسانه مانند
афсонапараст	افسانه پرست
афсонапардоз	افسانه پرداز
афсонапардозӣ	افسانه پردازي
афсонасаро	افسانه سرا
афсонасароӣ	افسانه سرائي
афсонасоз	افسانه ساز
афсонасозӣ	افسانه سازي
афсонахон	افسانه خوان
афсонахонӣ	افسانه خواني
афсонашунавӣ	افسانه شنوي
афсор	افسار
афсоргусехта	افسارگسيخته
афсун	افسون
афсунгар	افسونگر
афсунгарӣ	افسونگري
афсункор	افسون کار
афсунсоз	افسون ساز
афсунсозӣ	افسون سازي
афсунсухан	افسون سخن
афсунхон	افسون خوان
афсурда	افسرده
афсурдагӣ	افسردگي
афсурдадил	افسرده دل
афсурдадилӣ	افسرده دلي
афсурдан	افسردن
афсурдарӯй	افسرده روي
афсурдахотир	افسرده خاطر
афсурдахотирӣ	افسرده خاطري
афсурдаҷон	افسرده جان
афсурдашуда	افسرده شده
афсӯс	افسوس
афсӯсомез	افسوس آميز
афсӯсхӯрона	افسوس خورانه
афт	افت
афтасӣ	افطسي
афтидан	افتيدن
афтидамонда	افتيده مانده
афтиш	افتش
афтода	افتاده
афтодагӣ	افتادگي
афтодамонда	افتاده مانده
афтодаовоз	افتاده آواز
афтодарӯҳ	افتاده روح
афтодаҳол	افتاده حال
афтон	افتان
афтондан	افتاندن
афтонидан	افتانيدن
афтударафт	افت ودرفت
афтухез	افت و خيز
аффикс	افيکس
афҳом	افهام
афча	افچه
афшон	افشان
афшура	افشوره
афшурда	افشورده
афшурдагом	افشورده گام
афшурдан	افشوردن
афъӣ	افعي
афъол	افعال
афюн	افيون
афюнӣ	افيوني
афюнхӯр	افيون خور
ах	اخ
ахавон	اخوان
ахбор	اخبار
ахбордиҳанда	اخباردهنده
ахбордиҳӣ	اخباردهي
ахборнавис	اخبارنويس
ахборнависӣ	اخبارنويسي
ахборнома	اخبارنامه
ахгар	اخگر
ахгарвор	اخگروار
ахгаристон	اخگرستان
ахгаросо	اخگرآسا
ахгул	اخگل
ахёр	اخيار
ахз	اخذ
ахзар	اخضر
ахзарӣ	اخضري
ахир	اخير
ахиран	اخيراً
ахлоқ	اخلاق
ахлоқан	اخلاقاً
ахлоқиёт	اخلاقيات
ахлоқӣ	اخلاقي
ахлоқомӯзӣ	اخلاق آموزي
ахлот	اخلات
ахлоткашонӣ	اخلات کشاني
ахлотпартоӣ	اخلات پرتائي
ахлотрезӣ	اخلات ريزي
ахлоттӯда	اخلات توده
ахлотхона	اخلات خانه
ахлотҷой	اخلات جاي
ахлоф	اخلاف
ахраб	اخرب
ахрам	اخرم
ахта	اخته
ахтакунӣ	اخته کني
ахтар	اختر
ахтарбин	اختربين
ахтаргӯй	اخترگوي
ахтарӣ	اختري
ахтарнигорӣ	اخترنگاري
ахтарсипоҳ	اخترسپاه
ахтарсӯхта	اخترسوخته
ахтаршинос	اخترشناس
ахтаршиносӣ	اخترشناسي
ахтаршумор	اخترشمار
ахтаршуморӣ	اخترشماري
ахтахона	اخته خانه
ахтор	اخطار
ахфаш	اخفش
ахш	اخش
ахшам	اخشم
ахшеҷ	اخشيج
ахшеҷон	اخشيخان
аҳад	احد
аҳадият	احديت
аҳамм	اهم
аҳамият	اهميت
аҳамиятдор	اهميت دار
аҳамиятнок	اهميتناک
аҳамиятнокӣ	اهميتناکي
аҳбоб	احباب
аҳвал	احول
аҳвар	احور
аҳват	احوط
аҳвол	احوال
аҳволдон	احوال دان
аҳволпурсӣ	احوال پرسي
аҳволфаҳмӣ	احوال فهمي
аҳволҷӯӣ	احوال جوئي
аҳд	عهد
аҳдаб	احدب
аҳдбандӣ	عهدبندي
аҳднома	عهدنامه
аҳдоб	اهداب
аҳдос	احداث
аҳдшикан	عهدشکن
аҳдшиканӣ	عهدشکني
аҳдшиканона	عهدشکنانه
аҳён	احيان
аҳёнан	احياناً
аҳком	احکام
аҳл	اهل
аҳлият	اهليت
аҳлӣ	اهلي
аҳлона	اهلانه
аҳмақ	احمق
аҳмақӣ	احمقي
аҳмақнамо	احمق نما
аҳмақона	احمقانه
аҳмақфиреб	احمق فريب
аҳмар	احمر
аҳодис	احاديث
аҳолинишин	اهالي نشين
аҳолӣ	اهالي
аҳор	اهار
аҳраман	اهرمن
аҳреман	اهريمن
аҳриман	اهريمن
аҳром	اهرام
аҳроммонанд	اهرام مانند
аҳромшакл	اهرام شکل
аҳрор	احرار
аҳсан	احسن
аҳсант	احسنت
аҳуромаздо	اهورا مذدا
аҷаб	عجب
аҷабо	عجبا
аҷал	اجل
аҷала	عجله
аҷалгиёҳ	اجل گياه
аҷалрасида	اجل رسيده
аҷам	عجم
аҷаминажод	عجمي نژاد
аҷамӣ	عجمي
аҷдод	اجداد
аҷдодӣ	اجدادي
аҷз	عجز
аҷзо	اجزا
аҷиб	عجيب
аҷибтабиат	عجيب طبيعت
аҷибулахлоқ	عجيب الاخلاق
аҷина	اجينه
аҷинабодак	اجينه بادک
аҷиназада	اجينه زده
аҷинахона	اجينه خانه
аҷир	اجير
аҷириқ	اجيرق
аҷириқзор	اجيرقزار
аҷнабӣ	اجنبي
аҷнос	اجناس
аҷобат	عجابت
аҷобатангез	عجابت انگيز
аҷоиб	عجائب
аҷоиблибос	عجائب لباس
аҷоибот	عجائبات
аҷоибулмахлуқот	اجائب المخلوقات
аҷоибхилқат	عجائب خلقت
аҷоибхислат	عجائب خصلت
аҷоибхона	عجائب خانه
аҷоибшакл	عجائب شکل
аҷолат	عجالت
аҷониб	اجانب
аҷр	اجر
аҷриқ	اجريق
аҷром	اجرام
аҷсод	اجساد
аҷсом	اجسام
аҷузкампир	عجوزکمپير
аҷул	عجول
аҷулӣ	عجولي
аҷулона	عجولانه
ашадд	اشد
ашаддӣ	اشدي
ашан	اشن
ашақа	اشقه
ашғол	اشغال
ашё	اشياء
ашёъ	اشياع
ашир	عشير
ашк	اشک
ашкафшон	اشک افشان
ашкафшонӣ	اشک افشاني
ашкбор	اشکبار
ашкборӣ	اشکباري
ашковар	اشک آور
ашкол	اشکال
ашколуд	اشکالود
ашкониён	اشکانيان
ашкпаймо	اشک پيما
ашкполо	اشک پالا
ашкрез	اشک ريز
ашкрезӣ	اشک ريزي
ашкрезон	اشک ريزان
ашкӯб	اشکوب
ашкфишон	اشک فشان
ашкфишонӣ	اشک فشاني
ашқар	اشقر
ашна	اشنه
ашоир	عشاير
ашраф	اشرف
ашрафӣ	اشرفي
ашрор	اشرار
ашроф	اشراف
ашрофзода	اشراف زاده
ашрофона	اشرافانه
аштақ	اشتق
аштақӣ	اشتقي
ашӯла	اشوله
ашӯлагӯӣ	اشوله گوئي
ашӯлахон	اشوله خوان
ашӯлахонӣ	اشوله خواني
ашӯлачӣ	اشوله چي
ашхос	اشخاص
ашҳаб	اشهب
ашҳал	اشهل
ашҳар	اشهر
ашҷор	اشجار
ашшор	اشّار
ашъор	اشعار
аъвар	اعور
аъвон	اعوان
аъдо	اعدا
аъдод	اعداد
аъён	اعيان
аъзам	اعظم
аъзо	اعضا
аълам	اعلم
аъламӣ	اعلمي
аълодараҷа	اعليدرجه
аълосифат	اعليصفت
аълом	اعلام
аълохон	اعليخوان
аълохонӣ	اعليخواني
аълоҳазрат	اعليحضرت
аълочӣ	اعليچي
аъмаш	اعمش
аъмо	اعمي
аъмоқ	اعماق
аъмол	اعمال
аъроб	اعراب
аъробӣ	اعرابي
аъроф	اعراف
аъсоб	اعصاب
аъҷуба	اعجوبه
аъшор	اعشار
аъшорӣ	اعشاري
аэродинамика	ائرادينميکه
аэродром	ائرادرام
аэрозол	ائرازال
аэронавигатсия	ائرانويگتسيه
аэронавтика	ائرانوتيکه
аэроплан	ائراپلن
аэропорт	ائراپارت
аэростат	ائراستت
ба	به
баамд	بعمد
баақл	بعقل
баақлӣ	بعقلي
баандеша	بانديشه
баандешагӣ	بانديشگي
баандом	باندام
бабаракат	ببرکت
бабаракатӣ	ببرکتي
бабардошт	ببرداشت
бабр	ببر
бабрафкан	ببرافکن
баввоб	بواب
баввобӣ	بوابي
бавежа	بويژه
бавиҷдон	بوجدان
бавиш	بوش
бавл	بول
бавлидан	بوليدن
бавн	بون
баводӣ	بوادي
бавор	بوار
баворид	بوارد
бавориқ	بوارق
бавосир	بواسير
бавосирӣ	بواسيري
бавосита	بواسطه
бавотин	بواطن
бавоҷиб	بواجب
бавуҷудоварӣ	به وجود آوري
бавуҷудоӣ	بوجودآيي
бавуҷудорӣ	بوجودآري
бавш	بوش
бавшҷӯ	بوشجو
багнӣ	بگني
багона	بگانه
баграс	بگرس
бактар	بکتر
бағайрат	بغيرت
бағайратӣ	بغيرتي
бағайратона	بغيرتانه
бағал	بغل
бағалак	بغلک
бағаласо	بغل عصا
бағалбанд	بغل بند
бағалгоҳ	بغل گاه
бағалӣ	بغلي
бағалкаш	بغلکش
бағалкашӣ	بغل کشي
бағалкиса	بغل کيسه
бағалпанҷара	بغل پنجره
бағалток	بغل تاک
бағалтоқ	بغل تاق
бағалшох	بغل شاخ
бағбаға	بغبغه
бағдодӣ	بغدادي
бағият	بغيت
бағӣ	بغي
бағл	بغل
бағлоба	بغلابه
бағоват	بغاوت
бағоз	بغاز
бағоч	بغاچ
бағоҷ	بغاج
бағоҷкашонӣ	بغاج کشاني
бағоҷмонак	بغاج مانک
бағоҷхона	بغاج خانه
бағоят	بغايت
бағпур	بغپور
бағро	بغرا
бад	بد
бадавзоъ	بداوضاع
бадавият	بدويت
бадавӣ	بدوي
бадавлат	بدولت
бадал	بدل
бадалисозӣ	بدلي سازي
бадалиҷот	بدليجات
бадалӣ	بدلي
бадалшаванда	بدل شونده
бадалшавандагӣ	بدل شوندگي
бадалшавӣ	بدل شوي
бадамал	بدعمل
бадан	بدن
бадана	بدنه
бадандарун	بداندرون
бадандеш	بدانديش
бадандеша	بدانديشه
бадандешӣ	بدانديشي
бадандом	بداندام
баданӣ	بدني
баданҷом	بدانجام
бадар	بدر
бадараҷот	بدرجات
бадарға	بدرغه
бадарғагӣ	بدرغگي
бадарғашуда	بدرغه شده
бадард	بدرد
бадардхӯрд	بدردخورد
бадасл	بداصل
бадаст	بدست
бадаста	بدسته
бадаступо	بدست وپا
бадаступогӣ	بدست وپاگي
бадафт	بدافت
бадафъол	بدافعال
бадахлоқ	بداخلاق
бадахлоқӣ	بداخلاقي
бадахтар	بداختر
бадахтарӣ	بداختري
бадахшӣ	بدخشي
бадахшонӣ	بدخشاني
бадаҳд	بدعهد
бадаҳдӣ	بدعهدي
бадаъмол	بداعمال
бадаъмолӣ	بداعمالي
бадбадрақа	بدبدرقه
бадбанда	بدبنده
бадбандагӣ	بدبندگي
бадбахт	بدبخت
бадбахтӣ	بدبختي
бадбахтона	بدبختانه
бадбашара	بدبشره
бадбин	بدبين
бадбинӣ	بدبيني
бадбинона	بدبينانه
бадботин	بدباطن
бадбуна	بدبنه
бадбунёд	بدبنياد
бадбуриш	بدبرش
бадбурут	بدبروت
бадбӯй	بدبوي
бадбӯӣ	بدبويي
бадбӯшуда	بدبوشده
бадв	بدو
бадвазъ	بدوضع
бадвазъӣ	بدوضعي
бадвоҳима	بدواهمه
бадгавҳар	بدگوهر
бадгавҳарӣ	بدگوهري
бадгап	بدگپ
бадгапӣ	بدگپي
бадгард	بدگرد
бадгашт	بدگشت
бадгаштӣ	بدگشتي
бадгил	بدگل
бадгилӣ	بدگلي
бадгир	بدگير
бадгирӣ	بدگيري
бадгувор	بدگوار
бадгузарон	بدگذران
бадгулӯӣ	بدگلوي
бадгумон	بدگمان
бадгумонӣ	بدگماني
бадгуфтор	بدگفتار
бадгуфторӣ	بدگفتاري
бадгуҳар	بدگهر
бадгӯй	بدگوي
бадгӯӣ	بدگوئي
бадгӯшт	بدگوشت
баддарунӣ	بددروني
баддаҳан	بددهن
баддил	بددل
баддилӣ	بددلي
баддимоғ	بددماغ
баддимоғӣ	بددماغي
баддин	بددين
баддинӣ	بدديني
баддӯзӣ	بددوزي
баддӯхт	بددوخت
бадеа	بديعه
бадеиёт	بديعيات
бадеият	بديعيت
бадеӣ	بديعي
бадеулҷамол	بديع الجمال
бадеҳа	بديهه
бадеҳагӯй	بديهه گوي
бадеҳагӯӣ	بديهه گويي
бадеҳанавоз	بديهه نواز
бадеҳанавозӣ	بديهه نوازي
бадеҳатан	بديهتاً
бадеҳахон	بديهه خوان
бадеҳиёт	بديهيات
бадеҳӣ	بديهي
бадеъ	بديع
бадзабон	بدزبان
бадзабонӣ	بدزباني
бадзаҳр	بدزهر
бадзаҳра	بدزهره
бадзаҳрӣ	بدزهري
бадзин	بدزين
бадзо	بدزا
бадзот	بدذات
бадиқбол	بداقبال
бадиқболӣ	بداقبالي
бадил	بديل
бад-ин	بدين
бадиштиҳо	بداشتها
бадӣ	بدي
бадкалла	بدکلّه
бадкаш	بدکش
бадкеш	بدکيش
бадкешӣ	بدکيشي
бадкирдор	بدکردار
бадкирдорӣ	بدکرداري
бадкирдорона	بدکردارانه
бадком	بدکام
бадкома	بدکامه
бадкор	بدکار
бадкора	بدکاره
бадкорагӣ	بدکارگي
бадкорӣ	بدکاري
бадкуниш	بدکنش
бадкунишӣ	بدکنشي
бадқавл	بدقول
бадқавлӣ	بدقولي
бадқавоқ	بدقواق
бадқавоқӣ	بدقواقي
бадқавора	بدقواره
бадқаворагӣ	بدقوارگي
бадқадам	بدقدم
бадқадамӣ	بدقدمي
бадқалб	بدقلب
бадқалбӣ	بدقلبي
бадқасд	بدقصد
бадқасдӣ	بدقصدي
бадқасдона	بدقصدانه
бадқаҳр	بدقهر
бадқаҳрӣ	بدقهري
бадқаҳрона	بدقهرانه
бадқиёфа	بدقيافه
бадқиёфагӣ	بدقيافگي
бадқилиқ	بدقليق
бадқилиқӣ	بدقليقي
бадқимор	بدقمار
бадқиморӣ	بدقماري
бадлагом	بدلگام
бадлагомӣ	بدلگامي
бадлаҳҷа	بدلهجه
бадлаҷом	بدلجام
бадмаза	بدمزه
бадмазагӣ	بدمزگي
бадмазоқ	بدمذاق
бадмазҳаб	بدمذهب
бадмазҳабӣ	بدمذهبي
бадманзар	بدمنظر
бадманзарӣ	بدمنظري
бадманиш	بدمنش
бадмансаб	بد منصب
бадмаош	بدمعاش
бадмаошӣ	بدمعاشي
бадмард	بدمرد
бадмардӣ	بدمردي
бадмасир	بدمسير
бадмаст	بدمست
бадмастӣ	بدمستي
бадмаҳзар	بدمحضر
бадмеҳр	بدمهر
бадмеҳрӣ	بدمهري
бадмизоҷ	بدمزاج
бадминтон	بدمنتان
бадминтонбоз	بدمنتان باز
бадминтонбозӣ	بدمنتان بازي
бадмуомила	بدمعامله
бадмуомилагӣ	بدمعاملگي
бадмуошират	بدمعاشرت
бадмур	بدمر
баднажод	بدنژاد
бадназар	بدنظر
баднақш	بدنقش
баднамо	بدنما
баднамоӣ	بدنمايي
баднамуд	بدنمود
баднафас	بدنفس
баднафс	بدنفس
баднафсӣ	بدنفسي
баднаъл	بدنعل
баднаълӣ	بدنعلي
бадниҳод	بدنهاد
бадниҳодӣ	بدنهادي
бадният	بدنيت
бадном	بدنام
бадномӣ	بدنامي
бадномкунӣ	بدنام کني
бадо	بدا
бадоат	بداعت
бадобуҳаво	بدآبو هوا
бадоват	بداوت
бадовоз	بدآواز
бадоғ	بداغ
бадодат	بدعادت
бадоеъ	بدايع
бадоин	بدآيين
бадоғоз	بدآغاز
бадомад	بدآمد
бадомез	بدآميز
бадомӯз	بدآموز
бадомӯзӣ	بدآموزي
бадомӯхта	بدآموخته
бад-он	بدان
бадоркашӣ	بدارکشي
бадоҳа	بداهه
бадоҳанавоз	بداهه نواز
бадоҳанавозӣ	بداهه نوازي
бадоҳапардоз	بداهه پرداز
бадоҳасаро	بداهه سرا
бадоҳасароӣ	بداهه سرايي
бадоҳасоз	بداهه ساز
бадоҳат	بداهت
бадоҳатан	بداهتاً
бадоҳахон	بداهه خوان
бадоҳахонӣ	بداهه خواني
бадошт	بداشت
бадоштӣ	بداشتي
бадпайванд	بدپيوند
бадпаймон	بدپيمان
бадписанд	بدپسند
бадпӯшок	بدپوشاک
бадр	بدر
бадра	بدره
бадрав	بدرو
бадраг	بدرگ
бадрагӣ	بدرگي
бадрақа	بدرقه
бадранг	بدرنگ
бадрафтор	بدرفتار
бадрафторӣ	بدرفتاري
бадрашк	بدرشک
бадрашкӣ	بدرشکي
бадрашкона	بدرشکانه
бадрой	بدراي
бадрехт	بدريخت
бадрехтӣ	بدريختي
бадреша	بدريشه
бадрикоб	بدرکاب
бадрикобӣ	بدرکابي
бадройӣ	بدرايي
бадром	بدرام
бадроҳ	بدراه
бадроҳӣ	بدراهي
бадруд	بدرود
бадрӯй	بدروي
бадрӯз	بدروز
бадрӯзгор	بدروزگار
бадрӯзгорӣ	بدروزگاري
бадрӯзӣ	بدروزي
бадрӯӣ	بدروئي
бадсадо	بد صدا
бадсалиқа	بد سليقه
бадсар	بد سر
бадсарӣ	بد سري
бадсигол	بدسگال
бадсиголӣ	بدسگالي
бадсимо	بدسيما
бадсират	بدسيرت
бадсиратӣ	بدسيرتي
бадсиришт	بدسرشت
бадсириштӣ	بدسرشتي
бадсифат	بدصفت
бадсифатӣ	بدصفتي
бадсияр	بدسير
бадсобиқа	بدسابقه
бадсоз	بدساز
бадсозӣ	بدسازي
бадсохт	بدساخت
бадсохтагӣ	بدساختگي
бадсулук	بدسلوک
бадсулукӣ	بدسلوکي
бадсурат	بدصورت
бадсухан	بدسخن
бадтан	بدتن
бадтанӣ	بدتني
бадтаъм	بدطعم
бадтаъмӣ	بدطعمي
бадтинат	بدطينت
бадтинатӣ	بدطينتي
бадтолеӣ	بدطالعي
бадтолеъ	بدطالع
бадфарҷом	بدفرجام
бадфеъл	بد فعل
бадфеълӣ	بد فعلي
бадфикр	بدفکر
бадфитрат	بدفطرت
бадхаёл	بدخيال
бадхаёлӣ	بدخيالي
бадхарҷ	بدخرج
бадхат	بدخط
бадхатӣ	بدخطي
бадхашм	بدخشم
бадхашмӣ	بدخشمي
бадхашмона	بدخشمانه
бадхим	بدخم
бадхислат	بدخصلت
бадхисол	بدخصال
бадхоб	بدخواب
бадхобӣ	بدخوابي
бадхон	بدخوان
бадхонӣ	بدخواني
бадхоҳ	بدخواه
бадхоҳӣ	بدخواهي
бадхоҳона	بدخواهانه
бадхулқ	بدخلق
бадхулқӣ	بدخلقي
бадхӯй	بدخوي
бадхӯӣ	بدخوئي
бадхӯр	بدخور
бадҳаво	بدهوا
бадҳавоӣ	بدهوايي
бадҳазм	بدهضم
бадҳазмӣ	بدهضمي
бадҳайат	بدهيئت
бадҳайбат	بدهيبت
бадҳайбатӣ	بدهيبتي
бадҳайбатона	بدهيبتانه
бадҳиҷоб	بدحجاب
бадҳиҷобӣ	بدحجابي
бадҳол	بدحال
бадҳолат	بدحالت
бадчашм	بدچشم
бадчашмӣ	بدچشمي
бадҷаҳл	بدجهل
бадҷаҳлӣ	بدجهلي
бадҷаҳлона	بدجهلانه
бадҷилав	بدجلو
бадҷинс	بدجنس
бадҷинсӣ	بدجنسي
бадшакл	بدشکل
бадшаклӣ	بدشکلي
бадшиор	بدشعار
бадшугун	بدشگون
бадшугунӣ	بدشگوني
баёз	بياض
баён	بيان
баёния	بيانيه
баёнкунанда	بيان کننده
баённома	بيان نامه
баёнот	بيانات
баёт	بيات
баж	بژ
базз	بز
база	بزه
базалт	بزلت
базарба	بضربه
базаҳ	بزه
базаҳгар	بزهگر
базаҳкор	بزهکار
базаҳкорӣ	بزهکاري
базеб	بزيب
базебӣ	بزيبي
баззоз	بزّاز
баззозӣ	بزّازي
баззол	بذّال
базин	بزين
базис	بزيس
базл	بذل
базла	بزله
базлагӯй	بزله گوي
базлагӯӣ	بزله گويي
базлахонӣ	بزله خواني
базм	بزم
базма	بزمه
базмак	بزمک
базмафрӯз	بزم افروز
базмгард	بزم گرد
базмгардӣ	بزم گردي
базмдӯст	بزمدوست
базмӣ	بزمي
базмнишин	بزم نشين
базмовард	بزم آورد
базморо	بزم آرا
базмороӣ	بزم آرائي
базмсоз	بزم ساز
базмталаб	بزم طلب
базмхона	بزم خانه
базона	بزانه
базр	بذر
базрафшон	بذرافشان
базрулбанҷ	بذر البنج
базӯр	بزور
базӯрӣ	بزوري
баибо	به ابا
баид	بعيد
баидулғавр	بعيدالغور
баидулфикр	بعيدالفکر
баиззат	بعزّت
баинсоф	به انصاف
бай-бай	بي بي
байғора	بيغاره
байғула	بيغوله
байғуланишин	بيغوله نشين
байдақ	بيدق
байдоъ	بيداء
байёъ	بياع
байза	بيضه
байзавӣ	بيضوي
байзақ	بيزق
байзамонанд	بيضه مانند
байзаосо	بيضه آسا
байзашакл	بيضه شکل
байзӣ	بيضي
байзо	بيضا
байина	بينه
байлак	بيلک
байн	بين
байналавом	بين العوام
байналмилал	بين الملل
байналмилалӣ	بين المللي
байналобидин	بين الآبدين
байналхалқӣ	بين الخلقي
байналҳоҷибайн	بين الحاجبين
байнаннаҳрайн	بين النهرين
байнаннос	بين الناس
байнивазоратӣ	بين وزارتي
байнивилоятӣ	بين ولايتي
байнидавлатӣ	بين دولتي
байнидандонӣ	بين دنداني
байнидарӣ	بين دري
байнизабонӣ	بين زباني
байниидоравӣ	بين اداروي
байниидорӣ	بين اداري
байникитобхонавӣ	بين کتابخانوي
байникорхонавӣ	بين کارخانوي
байниқабилавӣ	بين قبيلوي
байниқабурғавӣ	بين قبرغوي
байниқаторӣ	بين قطاري
байниқитъавӣ	بين قطعوي
байнимавсимӣ	بين موسمي
байниминтақавӣ	بين منطقوي
байниноҳиявӣ	بين ناحيوي
байнисайёравӣ	بين سياروي
байнисинфӣ	بين صنفي
байниситоравӣ	بين ستاروي
байнисоҳавӣ	بين ساحوي
байнифакултавӣ	بين فکلتوي
байнихудӣ	بين خودي
байниҳамдигарӣ	بين همدگري
байниҳукуматӣ	بين حکومتي
байниҳуҷайравӣ	بين حجيروي
байниҳуҷравӣ	بين حجروي
байниҷумҳуриявӣ	بين جمهريوي
байниҷумҳурӣ	بين جمهوري
байнишаҳрӣ	بين شهري
байнобайн	بينابين
байрақбар	بيرق بر
байрақбардор	بيرق بردار
байрақдор	بيرق دار
байрақкаш	بيرق کش
байрақситон	بيرق ستان
байрақча	بيرقچه
байт	بيت
байтал	بيتل
байтбандӣ	بيت بندي
байтбарак	بيت برک
байтбаракбозӣ	بيت برک بازي
байтор	بيطار
байторӣ	بيطاري
байтуладвия	بيت الادويه
байтуламал	بيت العمل
байтуларӯс	بيت العروس
байтуласном	بيت الاصنام
байтулаҳзон	بيت الاحزان
байтулғазал	بيت الغزل
байтулкаъба	بيت الکعبه
байтулқасида	بيت القصيده
байтуллаҳм	بيت اللحم
байтуллоҳ	بيت الله
байтулмаъмур	بيت المعمور
байтулмол	بيت المال
байтулмулк	بيت الملک
байтулнаҳл	بيت النحل
байтулхало	بي ت الخلا
байтулҳазан	بيت الحزن
байтулҷунун	بيت الجنون
байтулэҳзон	بيت الاحزان
байтуссамад	بيت الصمد
байтуссанам	بيت الصنم
байтушшараф	بيت الشرف
байтхонӣ	بيت خواني
байъ	بيع
байъат	بيعت
байъатӣ	بيعتي
байъатнома	بيع ت نامه
байънома	بي ع نامه
байъона	بيعانه
байъпулӣ	بي ع پولي
бак	بک
бакабум	بک ه بم
бакавулӣ	بکولي
бакалавр	بکلور
бакора	بکاره
бакорат	بکارت
бактериология	بکت ر آلاگيه
бактериологӣ	بکترآلاگي
бактерия	بکتريه
бактерияшиносӣ	بکتري ه شناسي
бакуллӣ	بکلّي
бақадр	ب ه قدر
баққам	بقم
бақар	بقر
бақаррос	بقراس
бақимат	ب ه قيمت
бақия	بقيه
бақияпулӣ	بقي ه پولي
баққол	بقّال
баққолӣ	بقّالي
бақл	بقل
бақо	بقاء
бақоё	بقايا
бақувват	بقوت
бақувватӣ	بقوتي
бақурб	بقرب
бал	بل
балад	بلد
баладӣ	بلدي
балаззат	بلذّت
балақ-балақ	بل ق بلق
балаққосзанон	بلقّا س زنان
баланд	بلند
баландахтар	بلن د اختر
баландахтарӣ	بلن د اختري
баландболо	بلن د بالا
баландволт	بلندوالت
баландгӯ	بلندگو
баландгӯӣ	بلندگويي
баландгӯяк	بلندگويک
баландғоя	بلن د غايه
баланддевор	بلن د ديوار
баландиёр	بلن د عيار
баландиқбол	بلن د اقبال
баландиқболӣ	بلن د اقبالي
баландин	بلندين
баландирода	بلن د اراده
баландисанҷ	بلند ي سنج
баландихтисос	بلن د اختصاص
баландӣ	بلندي
баландкӯҳ	بلندکوه
баландқад	بلندقد
баландқомат	بلندقامت
баландмазмун	بلن د مضمون
баландмақом	بلن د مقام
баландмартаба	بلن د مرتبه
баландмартабагӣ	بلن د مرتبگي
баландмаҳак	بلن د مهک
баландмаҳсул	بلن د محصول
баландмаърифат	بلن د معرفت
баландмаърифатӣ	بلندمعرفتي
баландназар	بلندنظر
баландназарӣ	بلندنظري
баландном	بلندنام
баландобрӯй	بلندآبروي
баландовоз	بلندآواز
баландовоза	بلندآوازه
баландоҳанг	بلندآهنگ
баландошёна	بلندآشيانه
баландпарвоз	بلندپرواز
баландпарвозӣ	بلندپروازي
баландпоя	بلندپايه
баландпоягӣ	بلندپايگي
баландрутба	بلندرطبه
баландсадо	بلندصدا
баландсифат	بلندصفت
баландсифатӣ	بلندصفتي
баландтабъ	بلندطبع
баландтолеъ	بلندطالع
баландфишор	بلندفشار
баландҳаво	بلندهوا
баландҳарорат	بلندحرارت
баландҳиммат	بلندهمت
баландҳимматӣ	بلندهمتي
баландҳосил	بلندحاصل
баландшаванда	بلندشونده
баландшиддат	بلندشدت
баланс	بلنس
баласон	بلسان
балво	بلوا
балвоангез	بلواانگيز
балвогар	بلواگر
балвогарӣ	بلواگري
балвогарона	بلواگرانه
балғам	بلغم
балғамимизоҷ	بلغمي مزاج
балғамӣ	بلغمي
балғамовар	بلغم آور
балғампартоӣ	بلغم پرتايي
балғур	بلغور
балғурӣ	بلغوري
балда	بلده
балдоқ	بلداق
бале	بلي
балегӯй	بلي گوي
балегӯӣ	بلي گويي
балеғ	بليغ
балет	بليت
балетмейстер	بليت ميستر
балиғ	بليغ
балид	بليد
балиқ	بليق
балила	بليله
балисон	بليسان
балк	بلک
балкан	بلکن
балки	بلکه
балл	بلّ
баллада	بلّده
баллистика	بلّيستيکه
баллистикӣ	بليستيکي
баллон	بلان
бало	بلا
балоангез	بلاانگيز
балогардон	بلاگردان
балоғ	بلاغ
балоғат	بلاغت
балоғӣ	بلاغي
балодат	بلادت
балодида	بلاديده
балозада	بلازده
балозадагӣ	بلا زدگي
балокаш	بلاکش
балокашӣ	بلاکشي
балолак	بلالک
балон	بلان
балоовар	بلاآور
балорак	بلارک
балорасида	بلارسيده
балораҷ	بلارج
балохез	بلاخيز
балохӯр	بلاخور
балохӯрда	بلاخورده
балоҳат	بلاهت
балоча	بلاچه
балоҷ	بلاج
балоҷӯй	بلاجوي
балоя	بلايه
балут	بلوت
балуҷ	بلوج
балуҷӣ	بلوجي
балхӣ	بلخي
балчиқ	بلچيق
балъ	بلع
балъидан	بلعيدن
бам	بم
бамаврид	بمورد
бамаза	بمزه
бамазахӯрак	بمزه خورک
бамаънӣ	بمعني
бамбук	بمبوک
бамӣ	بمي
бамулоҳиза	به ملاحظه
бамулоҳизагӣ	به ملاحظگي
банаворгирӣ	به نوارگيري
банақшагирӣ	بنقشه گيري
банан	بنن
банафш	بنفش
банг	بنگ
бангдона	بنگدانه
бангиёна	بنگيانه
бангихона	بنگي خانه
бангӣ	بنگي
банголӣ	بنگالي
банд	بند
банда	بنده
бандавор	بند ه وار
бандагӣ	بندگي
бандазода	بند ه زاده
бандак	بندک
бандакдор	بند ک دار
бандакҷонишин	بند ک جانشين
банданавоз	بند ه نواز
банданавозӣ	بند ه نوازي
бандапарвар	بند ه پرور
бандапарварӣ	بند ه پروري
бандар	بندر
бандаргоҳ	بندرگاه
бандарӣ	بندري
бандафурӯш	بند ه فروش
бандафурӯшӣ	بند ه فروشي
бандахона	بند ه خانه
бандбоз	بندباز
бандварғ	بندورغ
бандерол	بنديرال
бандибон	بند ي بان
бандивор	بند ي وار
бандина	بندينه
бандихона	بند ي خانه
бандӣ	بندي
бандкана	بندکنه
бандкушоӣ	بندکشايي
бандондан	بنداندن
бандсозӣ	بندسازي
бандубаст	بندوبست
бандча	بندچه
баниз	بنيز
банӣ	بني
банӣ-башар	بن ي بشر
банӣ-одам	بن ي آدم
банк	بنک
банка	بنکه
банкир	بنکر
банкомат	بنکامت
банно	بنا
баногоҳ	بناگاه
баногӯш	بناگوش
баномус	بناموس
баномусӣ	بناموسي
банон	بنان
банорас	بنارس
банот	بنات
банотуннаъш	بنا ت النعش
банохост	بناخواست
баноҳақ	بناحق
баночор	بناچار
банур	بنور
бануфуз	بنفوذ
банҷ	بنج
баобрӯй	بآبروي
баобрӯӣ	بآبرويي
баовозмонӣ	بآوازماني
баодоб	بآداب
баодобӣ	بآدابي
баодобона	بآدابانه
баоқибат	بعاقبت
баос	بئاس
бапо	بپا
бапоиқадам	بپا ي قدم
бапокунанда	بپاکننده
бар	بر
барр	بر
бара	بره
барабас	برعبث
баравнақ	برونق
барак	برک
барака	برکه
баракат	برکت
баракаллоҳ	بر ک الله
баракатнок	برک ت ناک
баракгирак	بر ک گيرک
баракӣ	برکي
баракот	برکات
баракотуларз	برکا ت العرض
баракотуссамоъ	برکا ت السماء
барало	براعلا
баралоина	براعلايينه
барангезанда	برانگيزنده
барангезиш	برانگيزش
барангезонидан	برانگيزانيدن
барангехтан	برانگيختن
барангоштан	برانگاشتن
баранда	برنده
барандагӣ	برندگي
барандоз	برانداز
барандохтан	برانداختن
барандудан	براندودن
барас	برص
барасот	برسات
барафзудан	برافزودن
барафкандан	برافکندن
барафрохтан	برافراختن
барафрошта	برافراشته
барафроштан	برافراشتن
барафрӯхтагӣ	برافروختگي
барафрӯхтан	برافروختن
барафшондан	برافشاندن
бараҳман	برهمن
бараҳмания	برهمنيه
бараҳманӣ	برهمني
бараҳна	برهنه
бараҳнагӣ	برهنگي
бараҳнапой	برهن ه پاي
бараҳнасар	برهن ه سر
бараҳнатан	برهن ه تن
бараъло	براعلا
барбанд	بربند
барбарҳо	بربرها
барбаризм	بربريزم
барбарият	بربريت
барбарӣ	بربري
барбаст	بربست
барбаста	بربسته
барбастан	بربستن
барбат	بربط
барбатзан	بربط زن
барбатнавоз	بربط نواز
барбоддеҳ	بربادده
барбоддиҳанда	برباددهنده
барбоддиҳӣ	برباددهي
барбодравӣ	بربادروي
барбодрафта	بربادرفته
барбурдан	بربردن
барвазидан	بروزيدن
барвақт	بروقت
барвақтакак	بروقتکک
барвақтӣ	بروقتي
барг	برگ
барга	برگه
баргадон	برگ ه دان
баргак	برگک
барганависӣ	برگ ه نويسي
барганҷирӣ	بر گ انجيري
баргарданда	برگردنده
баргардидан	برگرديدن
баргардон	برگردان
баргашт	برگشت
баргашта	برگشته
баргаштаайём	برگشت ه ايام
баргаштаахтар	برگشت ه اختر
баргаштабахт	برگشت ه بخت
баргаштагӣ	برگشتگي
баргаштадавлат	برگشت ه دولت
баргаштамижгон	برگشت ه مژگان
баргаштанӣ	برگشتني
баргаштатолеъ	برگشت ه طالع
баргаштнопазир	برگش ت ناپذير
баргаштнопазирӣ	برگش ت ناپذيري
баргаштпазир	برگش ت پذير
баргаштпазирӣ	برگش ت پذيري
баргдор	بر گ دار
баргзан	برگزن
баргзанӣ	بر گ زني
баргирифтан	برگرفتن
баргоштан	برگاشتن
баргпайванд	بر گ پيوند
баргрез	بر گ ريز
баргрезӣ	برگريزي
баргрезон	برگريزان
баргрезонӣ	برگ ريزاني
баргузардан	برگذردن
баргузаштан	برگذشتن
баргузида	برگزيده
баргузидагӣ	برگزيدگي
баргузидан	برگزيدن
баргузиданӣ	برگزيدني
баргузор	برگذار
баргузорӣ	برگذاري
баргузоштан	برگذاشتن
баргумоштан	برگماشتن
баргустувон	برگستوان
баргустувонвар	برگستوا ن ور
баргустувондор	برگستوان دار
баргуфтан	برگفتن
баргхӯрак	بر گ خورک
баргча	برگچه
баргшакл	بر گ شکل
барғалат	برغلط
бард	برد
барда	برده
бардавида	بردويده
бардавом	بردوام
бардагӣ	بردگي
бардадор	برد ه دار
бардадорӣ	برد ه داري
бардам	بردم
бардама	بردمه
бардамидан	بردميدن
бардамӣ	بردمي
бардамондан	بردماندن
бардафурӯш	برد ه فروش
бардафурӯшӣ	برد ه فروشي
бардидан	برديدن
бардӣ	بردي
бардодан	بردادن
бардор	بردار
бардоранда	بردارنده
бардорузан	بردار و زن
бардошт	برداشت
бардошта	برداشته
бардоштан	برداشتن
бардоштанӣ	برداشتني
бардоштнок	برداشتناک
бардоштнопазир	برداش ت ناپذير
бардоштнопазирӣ	برداش ت ناپذيري
бардоштталаб	برداش ت طلب
бардурӯғ	بردروغ
бардӯхтан	بردوختن
барешим	بريشم
барешимзан	بريش م زن
барешимин	بريشمين
барешимкашӣ	بريش م کشي
барешимнавоз	بريشمنواز
барз	برز
барзагар	برز ه گر
барзагов	برز ه گاو
барзадан	برزدن
барзакор	برز ه کار
барзан	برزن
барзангӣ	برزنگي
барзанда	برزنده
барзах	برزخ
барзгар	برزگر
барзгарӣ	برزگري
барзгор	برزگار
барзигар	برزيگر
барзигарӣ	برزيگري
барзидан	برزيدن
барзиёд	برزياد
барзиёдӣ	برزيادي
барзиш	برزش
барзкӯҳ	برزکوه
барид	بريد
баридӣ	بريدي
баризофа	براضافه
барий	بري
бариқ	بريق
барилова	برعلاوه
барин	برين
баринак	برينک
баристодан	براستادن
баритон	بريتان
барӣ	بري
баркамол	برکمال
баркамолӣ	برکمالي
барканда	برکنده
баркандан	برکندن
барканор	برکنار
барканорӣ	برکناري
баркардан	برکردن
баркаш	برکش
баркашанда	برکشنده
баркашида	برکشيده
баркашидан	برکشيدن
баркӯфтан	برکوفتن
барқ	برق
барқа	برقه
барқад	برقد
барқадор	برق ه دار
барқандоз	بر ق انداز
барқарор	برقرار
барқарорӣ	برقراري
барқароркунанда	برقرارکننده
барқасд	برقصد
барқасдона	برقصدانه
барқафшон	بر ق افشان
барқафшонӣ	بر ق افشاني
барқвор	بر ق وار
барқгардон	بر ق گردان
барқгир	بر ق گير
барқгирифта	بر ق گرفته
барқгирифтагӣ	بر ق گرفتگي
барқдармонӣ	بر ق درماني
барқдор	بر ق دار
барқдуздӣ	بر ق دزدي
барқзабон	بر ق زبان
барқзада	بر ق زده
барқзадагӣ	بر ق زدگي
барқзананда	بر ق زننده
барқзанӣ	بر ق زني
барқзанон	بر ق زنان
барқия	برقيه
барқӣ	برقي
барқкор	بر ق کار
барқкорӣ	بر ق کاري
барқмонанд	بر ق مانند
барқмоҳӣ	بر ق ماهي
барқнамо	بر ق نما
барқнигоҳ	بر ق نگاه
барқнок	بر ق ناک
барқосо	بر ق آسا
барқпарвоз	بر ق پرواز
барқпош	بر ق پاش
барқрав	بر ق رو
барқрасонӣ	بر ق رساني
барқрафтор	بر ق رفتار
барқсанҷ	بر ق سنج
барқсифат	بر ق صفت
барқҷавлон	بر ق جولان
барлос	برلاس
барм	برم
бармало	برملا
барманиш	برمنش
барманишӣ	برمنشي
бармахидан	برمخيدن
бармаҳал	برمحل
бармолидан	برماليدن
барнигоридан	برنگاريدن
барниҳодан	برنهادن
барнишастан	برنشستن
барнишондан	برنشاندن
барно	برنا
барнодил	برنادل
барноӣ	برنايي
барнома	برنامه
барномавӣ	برناموي
барномагузорӣ	برنامه گذاري
барноманавис	برنام ه نويس
барноманависӣ	برنام ه نويسي
барномарезӣ	برنام ه ريزي
барномасанҷӣ	برنام ه سنجي
барномасоз	برنام ه ساز
барномасозӣ	برنام ه سازي
барнос	برناس
бароат	برائت
бароатутталаб	براع ت الطلب
баробар	برابر
баробарандоза	برابراندازه
баробарвазн	برابروزن
баробарвазнӣ	برابروزني
баробарӣ	برابري
баробаркунҷа	برابرکنجه
баробарқимат	برابرقيمت
баробарқувва	برابرقوه
баробармаъно	برابرمعني
баробармаъноӣ	برابرمعنايي
баробармиқдор	برابرمقدار
баробарниҳода	برابرنهاده
баробаро	برآبرآ
баробарпаҳлу	برابرپهلو
баробарсуръат	برابرسرعت
баробартараф	برابرطرف
баробартаъсир	برابرتأثير
баробарҳаҷм	برابرحجم
баробарҳуқуқ	برابرحقوق
баробарҳуқуқӣ	برابرحقوقي
баробаршавӣ	برابرشوي
баровар	برآور
бароваранда	براورنده
баровард	براورد
бароварда	براورده
баровардан	برآوردن
бароварданӣ	برآوردني
баровехтан	برآويختن
бародар	برادر
бародарандар	برادراندر
бародарвор	برادروار
бародарзан	برادرزن
бародарзода	برادرزاده
бародарӣ	برادري
бародаркуш	برادرکش
бародаркушӣ	برادرکشي
бародарона	برادرانه
бародархонд	برادرخواند
бародархонда	برادرخوانده
бародархондагӣ	برادرخواندگي
бародаршаҳр	برادرشهر
бародаршӯй	برادرشوي
бароз	براز
барозанда	برازنده
барозандагӣ	برازندگي
барозидан	برازيدن
барои	براي
бароқ	براق
бароқабрӯ	برا ق ابرو
баромад	برآمد
баромада	برآمده
баромадагӣ	برآمدگي
баромадан	برآمدن
баромадангоҳ	برامدن گاه
баромадгоҳ	برامدگاه
барометр	برامتر
баромехтан	برآميختن
баромудан	برآمودن
барон	بران
баронғор	برانغار
барондан	براندن
барор	برار
бароранда	برارنده
барориш	برارش
барорнок	برارناک
барорнокӣ	برارناکي
баророста	برآراسته
бароростан	برآراستن
баросудан	برآسودن
барот	برات
бароҳат	ب ه راحت
бароҳима	براهمه
бароҳин	براهين
бароҳехтан	براهيختن
барошуфтан	برآشفتن
бароянд	برايند
бароянда	براينده
барпаридан	برپريدن
барпо	برپا
барпокунанда	برپاکننده
барра	برّه
баррабирён	برّ ه بريان
баррагов	بر ه گاو
барразоӣ	بر ه زائي
барракабоб	برّ ه کباب
баррапиёз	برّ ه پياز
баррасидан	برّرسيدن
баррасӣ	برّسي
баррача	برّ ه چه
баррел	بريل
баррӣ	برّي
барроқ	برّاق
баррустан	بررستن
баррӯидан	برروييدن
барс	برس
барсам	برسم
барсом	برسام
барсохтан	برساختن
бартан	برتن
бартанг	برتنگ
бартангӣ	برتنگي
бартанидан	برتنيدن
бартанӣ	برتني
бартар	برتر
бартараф	برطرف
бартарафкунанда	برطر ف کننده
бартарафшуда	برطر ف شده
бартаридошта	برتر ي داشته
бартарин	برترين
бартариҷӯӣ	برتر ي جويي
бартарӣ	برتري
бартер	برتير
бартофтан	برتافتن
барӯйхатгирӣ	برويخ ط گيري
барӯманд	برومند
барф	برف
барфак	برفک
барфактарош	برف ک تراش
барфандоз	بر ف انداز
барфарозанда	برفرازنده
барфарозидан	برفرازيدن
барфарохтан	برفراختن
барфарошта	برفراشته
барфароштан	برفراشتن
барфбелкунӣ	بر ف بيلکني
барфбозӣ	بر ف بازي
барфгир	بر ف گير
барфгирифта	بر ف گرفته
барфикандан	برفکندن
барфин	برفين
барфишондан	برفشاندن
барфӣ	برفي
барфкӯб	بر ف کوب
барфкӯрӣ	بر ف کوري
барфнигоҳдорӣ	بر ف نگا ه داري
барфоб	بر ف آب
барфолуда	بر ف آلوده
барфомехта	برف آميخته
барфосо	بر ف آسا
барфпок	بر ف پاک
барфпоккун	بر ف پا ک کن
барфпора	برف پاره
барфпӯш	برف پوش
барфреза	بر ف ريزه
барфрезон	بر ف ريزان
барфрӯб	بر ف روب
барфрӯба	بر ف روبه
барфрӯбӣ	بر ف روبي
барфсанҷ	بر ف سنج
барфтозакунак	بر ف تاز ه کنک
барфтӯда	بر ف توده
барфтӯфон	بر ف طوفان
барфузудан	برفزودن
барфурӯзондан	برفروزاندن
барфурӯхтан	برفروختن
барх	برخ
бархато	برخطا
бархафч	برخفچ
бархе	برخي
бархостан	برخاستن
бархилоф	برخلاف
бархира	برخيره
бархӣ	برخي
бархон	برخان
бархост	برخاست
бархоста	برخاسته
бархур	برخور
бархуранда	برخورنده
бархурда	برخورده
бархурдор	برخوردار
бархурдорӣ	برخورداري
бархурӯшидан	برخروشيدن
бархӯр	برخور
бархӯрд	برخورد
бархӯрдан	برخوردن
бархӯрдор	برخوردار
бархӯрдорӣ	برخورداري
барҳаво	برهوا
барҳаёт	برحيات
барҳазар	برحذر
барҳақ	برحق
барҳам	برهم
барҳамдиҳӣ	برهم دهي
барҳамзан	برهم زن
барҳамхӯрӣ	برهم خوري
барҳамхӯрдагӣ	برهم خوردگي
барч	برچ
барча	برچه
барчак	برچک
барчасп	برچسپ
барчида	برچيده
барчидагӣ	برچيدگي
барчидан	برچيدن
барҷаста	برجسته
барҷастагӣ	برجستگي
барҷастадӯзӣ	برجسته دوزي
барҷастакор	برجستکار
барҷастакорӣ	برجستکاري
барҷастан	برجستن
барҷастарухсор	برجست ه رخسار
барҷастатабъ	برجست ه طبع
барҷастатабъӣ	برجست ه طبعي
барҷастаустухон	برجست ه استخوان
барҷаҳидан	برجهيدن
барҷо	برجا
барҷомонда	برجامانده
барҷомондагӣ	برجاماندگي
барҷӯшидан	برجوشيدن
баршикаста	برشکسته
баршикофтан	برشکافتن
баршпаз	برشپز
баршуда	برشده
баршудан	برشدن
баршукуфтан	برشکفتن
баршумурдан	برشمردن
баршӯридан	برشوريدن
баръакс	برعکس
баръало	برعلا
баръалоина	برعلاينه
бас	بس
басабр	بصبر
басабрӣ	بصبري
басаброна	بصبرانه
басавлат	بصولت
басағда	بسغده
басазо	بسزا
басал	بصل
басалиқа	بسليقه
басанда	بسنده
басар	بصر
басаришта	بسرشته
басарфа	ب ه صرفه
басарфагӣ	بصرفگي
басафо	بصفا
басаҳнагузоранда	بسحن ه گذارنده
басе	بسي
басечидан	بسيچيدن
басеҷ	بسيج
басеҷидан	بسيجيدن
басим	بسيم
басир	بصير
басират	بصيرت
басит	بسيط
баситеза	بستيزه
баскетбол	بسکتبال
баскетболбоз	بسکتبا ل باز
баскетболбозӣ	بسکتبا ل بازي
баски	بسکه
басмабас	بسمبس
басо	بسا
басованда	بساونده
басовидан	بساويدن
басомад	بسآمد
басомадӣ	بسآمدي
басомон	بسامان
басотин	بساتين
баст	بست
баста	بسته
бастабанд	بست ه بند
бастабандӣ	بست ه بندي
бастагӣ	بستگي
бастагон	بستگان
бастадам	بست ه دم
бастадаст	بست ه دست
бастадаҳон	بست ه دهان
бастадил	بست ه دل
бастазабон	بست ه زبان
бастакор	بست ه کار
бастамиён	بست ه ميان
бастан	بستن
бастанӣ	بستني
бастапо	بست ه پا
бастат	بسطت
басташаванда	بست ه شونده
басташуда	بست ه شده
басуръат	بسرعت
бат	بط
батадбир	بتدبير
батадриҷ	بتدريج
батакрор	بتکرار
батал	بطل
баталион	بتليان
батамкин	بتمکين
батамом	بتمام
батар	بتر
батарея	بتريه
батароват	بطراوت
батартиб	بترتيب
батартибандозӣ	بترتي ب اندازي
батартибоварӣ	بترتي ب آوري
батафсил	بتفصيل
батбот	بتبات
батеъ	بطئ
батин	بطين
баткӯб	بطکوب
батлон	بطلان
батн	بطن
батнӣ	بطني
батоб	بتاب
батоз	بتاز
батолат	بطالت
батсилла	بتسيلّه
баттол	بطّال
баттолӣ	بطّالي
батш	بطش
баумед	باميد
бафайз	بفيض
бафароғат	بفراغت
бафаҳм	بفهم
бафурҷа	بفرجه
бахайр	بخير
бахидан	بخيدن
бахиёза	بخيازه
бахил	بخيل
бахилӣ	بخيلي
бахя	بخيه
бахия	بخيه
бахядӯзӣ	بخي ه دوزي
бахиядӯзӣ	بخي ه دوزي
бахмал	بخمل
бахмалбарг	بخم ل برگ
бахмалгул	بخم ل گل
бахмалин	بخملين
бахмалмонанд	بخم ل مانند
бахнав	بخنو
бахосият	بخاصيت
бахсидан	بخسيدن
бахсонидан	بخسانيدن
бахт	بخت
бахта	بخته
бахтбаргашта	بخ ت برگشته
бахтбаргаштагӣ	بخ ت برگشتگي
бахтбаста	بخ ت بسته
бахтбедор	بخ ت بيدار
бахтвар	بخ ت ور
бахтёр	بختيار
бахтиёр	بختيار
бахтиёрӣ	بختياري
бахтиёрона	بختيارانه
бахткушо	بخ ت کشا
бахткушоӣ	بخ ت کشايي
бахткӯр	بخ ت کور
бахтқаринӣ	بخ ت قريني
бахтнома	بخ ت نامه
бахтовар	بخ ت آور
бахтозмоӣ	بخ ت آزمايي
бахтсафед	بخ ت سفيد
бахтур	بختور
бахтфирӯз	بخ ت فيروز
бахтҷунбон	بخ ت جنبان
бахтҷӯй	بخ ت جوي
бахур	بخور
бахш	بخش
бахшанда	بخشنده
бахшандагӣ	بخشندگي
бахшгоҳ	بخشگاه
бахшида	بخشيده
бахшидан	بخشيدن
бахшиданӣ	بخشيدني
бахшиш	بخشش
бахшишгирӣ	بخش ش گيري
бахшишдиҳӣ	بخش ش دهي
бахшишнома	بخش ش نامه
бахшишнопазир	بخش ش ناپذير
бахшишситонӣ	بخش ش ستاني
бахшӣ	بخشي
бахшоидан	بخشائيدن
бахшоиш	بخشايش
бахшонанда	بخشاننده
бахшондан	بخشاندن
бахшудан	بخشودن
баҳабсгирӣ	بحب س گيري
баҳаво	بهوا
баҳавсала	بحوصله
баҳавсалагӣ	بحوصلگي
баҳмангон	بهمنگان
баҳамзид	بهمضد
баҳамомезӣ	به م آميزي
баҳаракатдарорӣ	بحرک ت دراري
баҳ-баҳ	ب ه به
баҳима	بهيمه
баҳиммат	ب ه همت
баҳисобгирӣ	بحسا ب گيري
баҳӣ	بهي
баҳла	بهله
баҳладӯз	بهله دوز
баҳман	بهمن
баҳмон	بهمان
баҳмут	بهموت
баҳо	بها
баҳогузор	بهاگذار
баҳогузорӣ	بهاگذاري
баҳодиҳанда	بهادهنده
баҳодиҳӣ	به ا دهي
баҳодор	بهادار
баҳодур	بهادر
баҳодурӣ	بهادري
баҳодурона	بهادرانه
баҳоим	بهايم
баҳоия	بهائيه
баҳоӣ	بهايي
баҳокунанда	بهاکننده
баҳомонӣ	بهاماني
баҳона	بهانه
баҳонагир	بهان ه گير
баҳонаков	بهان ه کاو
баҳонаковӣ	بهان ه کاوي
баҳонаталаб	بهان ه طلب
баҳонаталабӣ	بهان ه طلبي
баҳонатарошӣ	بهان ه تراشي
баҳонаҷӯй	بهان ه جوي
баҳонаҷӯӣ	بهان ه جويي
баҳор	بهار
баҳоргоҳ	بهارگاه
баҳориёт	بهاريات
баҳорикорӣ	بهار ي کاري
баҳористон	بهارستان
баҳория	بهاريه
баҳорӣ	بهاري
баҳорон	بهاران
баҳорона	بهارانه
баҳоррӯя	بهاررويه
баҳорхоб	بهارخواب
баҳорхона	بهارخانه
баҳр	بحر
баҳра	بهره
баҳраандӯз	بهر ه اندوز
баҳраандӯзӣ	بهر ه اندوزي
баҳрабар	بهر ه بر
баҳрабардор	بهر ه بردار
баҳрабардорӣ	بهر ه برداري
баҳрабарӣ	بهر ه بري
баҳравар	بهر ه ور
баҳраварӣ	بهر ه وري
баҳраёб	بهر ه ياب
баҳраёбӣ	بهر ه يابي
баҳрайн	بحرين
баҳрайнӣ	بحريني
баҳраманд	بهر ه مند
баҳрамандӣ	بهر ه مندي
баҳрамон	بهر ه مان
баҳргард	بح ر گرد
баҳргардӣ	بحرگردي
баҳрдаст	بح ر دست
баҳрӣ	بحري
баҳрнавард	بحرنورد
баҳрнавардӣ	بحرنوردي
баҳрнигор	بحرنگار
баҳром	بهرام
баҳрома	بهرامه
баҳросо	بحرآسا
баҳрпаймо	بحرپيما
баҳрпаймоӣ	بحرپيمايي
баҳс	بحث
баҳсангез	بح ث انگيز
баҳсбарангез	بحث برانگيز
баҳсмабаҳс	بحثمبحث
баҳснок	بحثناک
баҳснопазир	بحث ناپذير
баҳсноталаб	بح ث ناطلب
баҳспазир	بح ث پذير
баҳсталаб	بح ث طلب
баҳт	بحت
баҳуда	بهوده
баҳузур	بحضور
баҳуш	بهوش
баҳҷат	بهجت
бача	بچه
бачабоз	بچ ه باز
бачабозӣ	بچ ه بازي
бачабон	بچ ه بان
бачабонӣ	بچ ه باني
бачагӣ	بچگي
бачагона	بچ ه گانه
бачағар	بچ ه غر
бачадон	بچ ه دان
бачадор	بچ ه دار
бачадорӣ	بچ ه داري
бачадузд	بچ ه دزد
бачадуздӣ	بچ ه دزدي
бачадӯст	بچ ه دوست
бачазо	بچ ه زا
бачазоӣ	بچ ه زايي
бачакуш	بچ ه کش
бачакушак	بچ ه کشک
бачамард	بچ ه مرد
бачамардум	بچ ه مردم
бачамур	بچ ه مور
бачамурда	بچ ه مرده
бачапарто	بچ ه پرتا
бачапартоӣ	بچ ه پرتايي
бачапой	بچ ه پاي
бачапоӣ	بچ ه پائي
бачахор	بچ ه خوار
бачахӯр	بچ ه خور
бачахӯрак	بچ ه خورک
бачача	بچ ه چه
бачаяк	بچ ه يک
бачилла	بچله
бачкам	بچکم
бачкӣ	بچکي
баҷо	بجا
баҷонрасонанда	بجان رساننده
баҷооваранда	بجاآورنده
баҷооварӣ	بجاآوري
баҷуръат	بجرأت
баш	بش
башавқомада	بشو ق آمده
башар	بشر
башара	بشره
башардӯст	بشردوست
башардӯстӣ	بشردوستي
башардӯстона	بش ر دوستانه
башарият	بشريت
башарӣ	بشري
башаст	بشست
башиддат	بشدت
башир	بشير
башитоб	بشتاب
башк	بشک
башкам	بشکم
башлидан	بشليدن
башм	بشم
башн	بشن
башорат	بشارت
башоратнома	بشار ت نامه
башошат	بشاشت
башшош	بشاش
баъд	بعد
баъдан	بعداً
баъдиинқилобӣ	بع د انقلابي
баъдина	بعدينه
баъдиҷангӣ	بع د جنگي
баъдӣ	بعدي
баъзан	بعضاً
баъзе	بعضي
баъс	بعث
баэҳтиёт	باحتياط
баэътибор	باعتبار
баюгон	بيوگان
баюсидан	بيوسيدن
баякбор	بيکبار
баян	بين
бе	بي
беабр	بي ابر
беабрӣ	بي ابري
беабрӯ	بي ابرو
беавзон	بي اوزان
беавлод	بي اولاد
беодоб	بي آداب
беодобӣ	بي آدابي
беадабона	بي ادبانه
беадад	بي عدد
беадил	بي عديل
беадолат	بي عدالت
беадолатӣ	بي عدالتي
беадолатона	بي عدالتانه
беазият	بي اذيت
беаз м	بي عزم
беазмӣ	بي عزمي
беайб	بي عيب
беайбӣ	بي عيبي
беақида	بي عقيده
беақл	بي عقل
беақлӣ	بي عقلي
беақлона	بي عقلانه
беалаф	بي علف
беалафӣ	بي علفي
беалкогол	بي الکاگال
беалоиқ	بي علايق
беалоқа	بي علاقه
беалоқагӣ	بي علاقگي
беамал	بي عمل
беамалӣ	بي عملي
беамлок	بي املاک
беамон	بي امان
беамонат	بي امانت
беамонатӣ	بي امانتي
беанбоз	بي انباز
беангушт	بي انگشت
беандеша	بي انديشه
беандешагӣ	بي انديشگي
беандоз	بي انداز
беандоза	بي اندازه
беандом	بي اندام
беандомӣ	بي اندامي
беанҷом	بي انجام
беанҷомӣ	بي انجامي
беарз	بي ارز
беарзиш	بي ارزش
беармон	بي ارمان
беарҷ	بي ارج
беасал	بي عسل
беасар	بي اثر
беасбоб	بي اسباب
беасл	بي اصل
беаслиҳа	بي اسلحه
беасолат	بي اصالت
беасос	بي اساس
беасосӣ	بي اساسي
беастар	بي استر
беаҳамият	بي اهميت
беаҳамиятӣ	بي اهميتي
беаҳд	بي عهد
беаҳдӣ	بي عهدي
беаҳолӣ	بي اهالي
бебадал	بي بدل
бебадӣ	بي بدي
бебақо	بي بقا
бебақоӣ	بي بقايي
бебандубор	بي بندوبار
бебандуборӣ	بي بندوباري
бебар	بي بر
бебаракатӣ	بي برکتي
бебарг	بي برگ
бебаргӣ	بي برگي
бебарӣ	بي بري
бебаркаш	بي برکش
бебарқ	بي برق
бебарор	بي برار
бебарорӣ	بي براري
бебарф	بي برف
бебасар	بي بصر
бебасарӣ	بي بصري
бебахт	بي بخت
бебахш	بي بخش
бебаҳо	بي بها
бебаҳр	بي بهر
бебаҳра	بي بهره
бебаҳс	بي بحث
бебача	بي بچه
бебачагӣ	بي بچگي
бебизоат	بي بضاعت
бебизоатӣ	بي بضاعتي
бебим	بي بيم
бебинӣ	بي بيني
бебисот	بي بساط
бебод	بي باد
бебодӣ	بي بادي
бебозгашт	بي بازگشت
бебок	بي باک
бебокӣ	بي باکي
бебокона	بي باکانه
бебокча	بي باکچه
бебол	بي بال
беболобандӣ	بي بالابندي
бебор	بي بار
бебориш	بي بارش
беборишӣ	بي بارشي
беборон	بي باران
беборонӣ	بي باراني
бебохт	بي باخت
бебоҷ	بي باج
бебунёд	بي بنياد
бебунёдӣ	بي بنيادي
бебуриш	بي برش
бебуришӣ	بي برشي
бебурут	بي بروت
бебӯй	بي بوي
бева	بيوه
бевагӣ	بيوگي
бевазан	بيو ه زن
бевазн	بي وزن
бевазнӣ	بي وزني
бевақт	بي وقت
бевақтирӯзӣ	بي وقت روزي
бевақтӣ	بي وقتي
бевақфа	بي وقفه
бевамарг	بيو ه مرگ
бевамард	بيو ه مرد
бевапир	بيو ه پير
бевар	بيور
беватан	بي وطن
беватанӣ	بي وطني
бевафо	بي وفا
бевафоӣ	بي وفايي
беваҳм	بي وهم
беваҷҳ	بي وجه
бевиқор	بي وقار
бевиҷдон	بي وجدان
бевиҷдонӣ	بي وجداني
бевиҷдонона	بي وجدانانه
бевора	بي واره
беворис	بي وارث
беворисӣ	بي وارثي
бевосита	بي واسطه
бевузӯъ	بي وضوء
бевуқуф	بي وقوف
бевуҷуд	بي وجود
бевуҷудӣ	بي وجودي
бег	بيگ
бегазанд	بي گزند
бегап	بي گپ
бегаҳ	بيگه
бегаҳӣ	بيگهي
бегаҳхез	بيگ ه خيز
бегиёҳ	بي گياه
бегиёҳӣ	بي گياهي
бегила	بي گله
бегим	بيگيم
бегиҷон	بيگ ي جان
бегӣ	بيگي
бегона	بيگانه
бегонавор	بيگان ه وار
бегонагӣ	بيگانگي
бегоназабон	بيگان ه زبان
бегоназамин	بيگان ه زمين
бегонапараст	بيگان ه پرست
бегонапарастӣ	بيگانه پرستي
бегонаписанд	بيگان ه پسند
бегонарӯ	بيگان ه رو
бегор	بيگار
бегорӣ	بيگاري
бегоҳ	بيگاه
бегоҳирӯзӣ	بيگاهي روزي
бегоҳӣ	بيگاهي
бегоҳхез	بيگا ه خيز
бегузашт	بي گذشت
бегумон	بي گمان
бегуноҳӣ	بي گناهي
бегурда	بي گرده
бегурдагӣ	بي گردگي
бегуфтугӯй	بي گفتوگوي
бегӯш	بي گوش
бегӯшт	بي گوشت
беғавғо	بي غوغا
беғайрат	بي غيرت
беғайратӣ	بي غيرتي
беғалат	بي غلط
беғалоғула	بي غلاغوله
беғам	بي غم
беғамӣ	بي غمي
беғамона	بي غمانه
беғараз	بي غرض
беғаразӣ	بي غرضي
беғаразона	بي غرضانه
беғаш	بي غش
беғил	بي غل
беғоя	بي غايه
беғубор	بي غبار
беғурбат	بي غربت
беғӯла	بي غوله
беғӯланишин	بي غول ه نشين
бед	بيد
беда	بيده
бедабурак	بيد ه برک
бедабурӣ	بيد ه بري
бедавлат	بي دولت
бедавлатӣ	بي دولتي
бедаво	بي دوا
бедавом	بي دوام
бедалел	بي دليل
бедалелӣ	بي دليلي
бедам	بي دم
бедандон	بي دندان
бедандонӣ	بي دنداني
беданҷир	بيدانجير
бедар	بي در
бедарак	بي درک
бедаранг	بي درنگ
бедарангӣ	بي درنگي
бедарахт	بي درخت
бедарахтӣ	بي درختي
бедарвоза	بي دروازه
бедард	بي درد
бедардгардонӣ	بي دردگرداني
бедардисар	بي دردسر
бедардӣ	بي دردي
бедареғ	بي دريغ
бедармон	بي درمان
бедармонӣ	بي درماني
бедаромад	بي درامد
бедаст	بي دست
бедаста	بي دسته
бедастар	بي د ستر
бедастгоҳ	بي دستگاه
бедастгоҳӣ	بي دستگاهي
бедастёр	بي دستيار
бедастёрӣ	بي دستياري
бедахл	بي دخل
бедахона	بيد ه خانه
бедбарг	بي د برگ
бедбун	بيدبن
бедгул	بي د گل
бедгун	بيدگون
бедевор	بي ديوار
бедзор	بيدزار
бедиёнат	بي ديانت
бедиёнатӣ	بي ديانتي
бедиққат	بي دقّت
бедиққатӣ	بي دقّتي
бедил	بيدل
бедилӣ	بيدلي
бедилон	بي دلان
бедилхон	بيدلخوان
бедилхонӣ	بيد ل خواني
бедилшинос	بيدل شناس
бедилшиносӣ	بيدل شناسي
бедимоғ	بي دماغ
бедимоғӣ	بي دماغي
бедин	بي دين
бединӣ	بي ديني
бедистон	بيدستان
бедмушк	بيدمشک
бедов	بيداو
бедоғ	بي داغ
бедод	بي داد
бедодгар	بي دادگر
бедодгарӣ	بي دادگري
бедодгарона	بي دادگرانه
бедодӣ	بي دادي
бедодпеша	بي دادپيشه
бедол	بي دال
бедона	بيدانه
бедонабоз	بيدان ه باز
бедонабозӣ	بيدان ه بازي
бедонак	بيدانک
бедониш	بي دانش
бедонишӣ	بي دانشي
бедор	بيدار
бедорбахт	بيداربخت
бедорбош	بيدارباش
бедордил	بيداردل
бедордилӣ	بيداردلي
бедорӣ	بيداري
бедормағз	بيدارمغز
бедорфикр	بيدارفکر
бедорхоб	بيدارخواب
бедорхобӣ	بيدارخوابي
бедоршуда	بيدارشده
бедошт	بي داشت
бедуд	بي دود
бедудмон	بي دودمان
бедум	بي دم
беёвар	بي ياور
беёварӣ	بي ياوري
беёд	بي ياد
беёр	بي يار
без	بيز
безабон	بي زبان
безабонӣ	بي زباني
безавқ	بي ذوق
безавқӣ	بي ذوقي
безавол	بي زوال
безаволӣ	بي زوالي
безада	بي زده
безамин	بي زمين
безамина	بي زمينه
безаминӣ	بي زميني
безан	بي زن
безанӣ	بي زني
безар	بي زر
безарар	بي ضرر
безарда	بي زرده
безарӣ	بي زري
безарф	بي ظرف
безарфият	بي ظرفيت
безарфиятӣ	بي ظرفيتي
безарфӣ	بي ظرفي
безаҳмат	بي زحمت
безаҳра	بي زهره
безаҳрагӣ	بي زهرگي
безгак	بيزگک
безеб	بي زيب
безебӣ	بي زيبي
безиё	بي ضيا
безиён	بي زيان
безиёнӣ	بي زياني
безобита	بي ضابطه
безобитагӣ	بي ضابطگي
безовар	بيزاور
безод	بي زاد
безон	بيزان
безор	بيزار
безорӣ	بيزاري
безоркунанда	بيزارکننده
безот	بي ذات
безурёт	بي ذريات
безурётӣ	بي ذرياتي
беибо	بي ابا
беибоёна	بي ابايانه
беидея	بي اديه
беидрок	بي ادراک
беидрокӣ	بي ادراکي
беиёр	بي عيار
беиззат	بي عزّّت
беиззатӣ	بي عزّتي
беиқтидор	بي اقتدار
беиқтидорӣ	بي اقتداري
беиллат	بي علت
беиллатӣ	بي علتي
беилм	بي علم
беилмӣ	بي علمي
беилоҷ	بي علاج
беилоҷӣ	بي علاجي
беилтифот	بي ي التفات
беилтифотӣ	بي التفاتي
беилтифотона	بي التفاتانه
беимдод	بي امداد
беимдодӣ	بي امدادي
беимзо	بي امضا
беимон	بي ايمان
беимонӣ	بي ايماني
беимтиёз	بي امتياز
беимтиҳон	بي امتحان
беинсоф	بي انصاف
беинсофӣ	بي انصافي
беинсофона	بي انصافانه
беинтизом	بي انتظام
беинтизомӣ	بي انتظامي
беинтиҳо	بي انتها
беинтиҳоӣ	بي انتهايي
беирода	بي اراده
беиродагӣ	بي ارادگي
беисбот	بي اثبات
беисм	بي اسم
беист	بي ايست
беистеъдод	بي استعداد
беистеъдодӣ	بي استعدادي
беистисно	بي استثنا
беистифода	بي استفاده
беистиҳола	بي استحاله
беитминон	بي اطمنان
беитминонӣ	بي اطمناني
беитоат	بي اطاعت
беитоатӣ	بي اطاعتي
беиттилоӣ	بي اطّلاعي
беиттилоъ	بي اطّلاع
беихлос	بي اخلاص
беихлосӣ	بي اخلاصي
беихтиёр	بي اختيار
беихтиёрона	بي اختيارانه
беихтилоф	بي اختلاف
беихтилофӣ	بي اختلافي
беиштибоҳ	بي اشتباه
беиштиҳоӣ	بي اشتهايي
беиҷозат	بي اجازت
бек	بيک
бекайф	بي کيف
бекалла	بي کله
бекам	بي کم
бекамар	بي کمر
бекамбудӣ	بي کمبودي
бекамузиёд	بي ک م وزياد
бекамукостӣ	بي ک م وکاستي
беканор	بي کنار
беканора	بي کناره
беканорӣ	بي کناري
бекарон	بي کران
бекарона	بي کرانه
бекас	بي کس
бекасӣ	بي کسي
бекафан	بي کفن
бекафанӣ	بي کفني
бекзода	بيکزاده
бекзотӣ	بي ک ذاتي
бекигарӣ	بيک ي گري
бекина	بي کينه
бекинагӣ	بي کينگي
бекирдор	بي کردار
бекитоб	بي کتاب
бекифоят	بي کفايت
бекифоятӣ	بي کفايتي
бекишт	بي کشت
бекӣ	بيکي
беком	بي کام
бекомӣ	بي کامي
беконкурс	بي کانکرس
бекор	بيکار
бекора	بيکاره
бекорагард	بيکار ه گرد
бекорагӣ	بيکارگي
бекоргард	بيکارگرد
бекоргардӣ	بيکارگردي
бекористӣ	بيکارايستي
бекорӣ	بيکاري
бекормонда	بيکارمانده
бекормонӣ	بيکارماني
бекорубор	بيکا ر و بار
бекорхобида	بيکا ر خوابيده
бекорхобӣ	بيکارخوابي
бекорхӯҷа	بيکارخوجه
бекорхӯҷагӣ	بيکارخوجگي
бекоршуда	بيکارشده
бекост	بيکاست
бектошӣ	بيکتاشي
бекудурат	بي کدورت
бекулоҳ	بي کلاه
бекулоҳӣ	بي کلاهي
бекӯй	بيکوي
беқавл	بي قول
беқавлӣ	بي قولي
беқавора	بي قواره
беқадр	بي قدر
беқадрӣ	بي قدري
беқайд	بي قيد
беқайдӣ	بي قيدي
беқайдона	بي قيدانه
беқарин	بي قرين
беқарор	بي قرار
беқарорӣ	بي قراري
беқаророна	بي قرارانه
беқасаб	بيقصب
беқасаббоф	بيقص ب باف
беқасам	بي قسم
беқатъият	بي قطعيت
беқатъиятӣ	بي قطعيتي
беқиёс	بي قياس
беқиёфа	بي قيافه
беқилтиқ	بي قلتق
беқилуқол	بي قي ل و قال
беқимат	بي قيمت
беқобилият	بي قابليت
беқобилиятӣ	بي قابليتي
беқоида	بي قاعده
беқоидагӣ	بي قاعدگي
беқолиб	بي قالب
беқонунӣ	بي قانوني
беқофия	بي قافيه
беқош	بي قاش
беқувват	بي قوت
беқувватӣ	بي قوتي
беқурб	بي قرب
беқурбшавӣ	بيقر ب شوي
бел	بيل
белаб	بي لب
белаганда	بي لگنده
белагом	بي لگام
белаёқат	بي لياقت
белаёқатӣ	بي لياقتي
белаззат	بي لذت
белаззатӣ	بي لذتي
белак	بيلک
белакка	بيلکه
белақаб	بي لقب
белатофат	بي لطافت
белафз	بي لفظ
белаҷом	بي لجام
белаҷомӣ	بي لجامي
белбинӣ	بي ل بيني
белгардон	بي ل گردان
белгиягӣ	بيلگيگي
белдандон	بي ل دندان
белдор	بي ل دار
белзан	بي ل زن
белзанӣ	بي ل زني
белинчак	بيلنچک
белкаш	بيلکش
белкашӣ	بيلکشي
белкорӣ	بيلکاري
белона	بي لانه
белоф	بي لاف
белпой	بي ل پاي
белутф	بي لطف
белутфӣ	بي لطفي
белча	بيلچه
бемавқеъ	بي موقع
бемаврид	بي مورد
бемағз	بي مغز
бемағзӣ	بي مغزي
бемаданият	بي مدنيت
бемаданиятӣ	بي مدنيتي
бемадор	بي مدار
бемадорӣ	بي مداري
бемадоро	بي مدارا
бемадорона	بي مدارانه
бемаза	بي مزه
бемазагӣ	بي مزگي
бемазмун	بي مضمون
бемазҳаб	بي مذهب
бемазҳабӣ	بي مذهبي
бемайл	بي ميل
бемайлӣ	بي ميلي
бемайлон	بي ميلان
бемайлона	بي ميلانه
бемайна	بي مينه
бемакон	بي مکان
бемаконӣ	بي مکاني
бемакр	بي مکر
бемақсад	بي مقصد
бемалол	بيملال
бемамониат	بي ممانعت
беманзил	بي منزل
беманзилӣ	بي منزلي
бемантиқ	بي منطق
бемантиқӣ	بي منطقي
беманфиат	بي منفعت
беманфиатӣ	بي منفعتي
бемаош	بي معاش
бемарг	بي مرگ
бемаргӣ	بي مرگي
бемарз	بي مرز
бемароқ	بي مراق
бемароқӣ	بي مراقي
бемароқона	بي مراقانه
бемарҳамат	بي مرحمت
бемарҳаматӣ	بي مرحمتي
бемаслак	بي مسلک
бемаслакӣ	بي مسلکي
бемаслиҳат	بي مصلحت
бемасраф	بي مصرف
бемасъулият	بي مسئوليت
бемасъулиятӣ	بي مسئوليتي
бемасъулиятона	بي مسئوليتانه
бематлаб	بي مطلب
бемаҳак	بي محک
бемаҳал	بي محل
бемаҳсул	بي محصول
бемаҳтоб	بي مهتاب
бемаҷол	بي مجال
бемашаққат	بي مشقّت
бемаънавият	بي معنويت
бемаънавиятӣ	بي معنويتي
бемаънигӣ	بي معنيگي
бемаънигӯӣ	بي معني گويي
бемаънӣ	بي معني
бемаъно	بي معنا
бемаърифат	بي معرفت
бемаърифатӣ	بي معرفتي
бемева	بي ميوه
бемеҳнат	بي محنت
бемеҳр	بي مهر
бемеҳрӣ	بي مهري
бемиқдор	بي مقدار
беминнат	بي منّت
бемисл	بي مثل
бемисол	بي مثال
бемодар	بي مادر
бемодарӣ	بي مادري
бемол	بي مال
бемонанд	بي مانند
бемонеа	بي مانعه
бемор	بيمار
беморак	بيمارک
беморбинӣ	بيماربيني
беморгуна	بيمارگونه
бемордил	بيماردل
бемордор	بيماردار
бемордорӣ	بيمارداري
беморёбӣ	بيماريابي
беморизо	بيمار ي زا
бемористон	بيمارستان
беморӣ	بيماري
беморнамо	بيمارنما
беморона	بيمارانه
беморпараст	بيمارپرست
беморпарастӣ	بيمارپرستي
беморпурс	بيمارپرس
беморпурсӣ	بيمارپرسي
беморпурсон	بيمارپرسان
беморсон	بيمارسان
беморхез	بيمارخيز
беморхона	بيمارخانه
бемоя	بي مايه
бемуболиға	بي مبالغه
бемубоҳиса	بي مباحثه
бемуваффақият	بي موفقيت
бемуваффақиятӣ	بي موفقيتي
бемуддат	بي مدت
бемудово	بي مداوا
бемузд	بي مزد
бемукофот	بي مکافات
бемулк	بي ملک
бемулоҳиза	بي ملاحظه
бемулоҳизагӣ	بي ملاحظگي
бемуносибат	بي مناسبت
бемунтаҳо	بي منتها
бемурод	بي مراد
бемуродӣ	بي مرادي
бемурувват	بي مروت
бемурувватӣ	بي مروتي
бемурур	بي مرور
бемустасно	بي مستثنا
бемуттако	بي متکا
бемуҳобот	بي محابات
бемуҳокима	بي محاکمه
бемӯй	بي موي
бемӯйлаб	بي مويلب
бемӯнис	بي مونس
бемӯҳлат	بي مهلت
бемӯҳра	بي مهره
бенавбат	بي نوبت
бенаво	بينوا
бенавоёна	بي نوايانه
бенавоӣ	بي نوايي
бенадид	بي نديد
бенаём	بي نيام
беназарӣ	بي نظري
беназир	بي نظير
беназм	بي نظم
беназмӣ	بي نظمي
беназокат	بي نزاکت
беназокатӣ	بي نزاکتي
беназорат	بي نظارت
беназоратӣ	بي نظارتي
бенайранг	بي نيرنگ
бенақс	بي نقص
бенақша	بي نقشه
бенамак	بي نمک
бенамакӣ	بي نمکي
бенамоз	بي نماز
бенамозӣ	بي نمازي
бенамуд	بي نمود
бенамудӣ	بي نمودي
бенанг	بي ننگ
бенангӣ	بي ننگي
бенасаб	بي نسب
бенасиб	بي نصيب
бенасибӣ	بي نصيبي
бенасл	بي نسل
бенаслӣ	بي نسلي
бенатиҷа	بي نتيجه
бенафас	بي نفس
бенафосат	بي نفاست
бенафъ	بي نفع
бенаъл	بي نعل
бензин	بينزين
бензинандозак	بينزي ن اندازک
бензиндиҳӣ	بينزي ن دهي
бензинкаш	بينزي ن کش
бензинфурӯш	بينزين فروش
бензинфурӯшӣ	بينزين فروشي
бензол	بينزال
бенигаҳбон	بي نگهبان
бенигоҳубин	بي نگا ه وبين
бениёз	بي نياز
бениёзӣ	بي نيازي
бениём	بي نيام
бенизоӣ	بي نزاعي
бенизом	بي نظام
бенизомӣ	بي نظامي
бенизоъ	بي نزاع
беникоҳ	بي نکاح
бениқоб	بي نقاب
бениҳоят	بي نهايت
бенишон	بي نشان
бенишонӣ	بي نشاني
беном	بي نام
беномунанг	بي نا م وننگ
беномус	بي ناموس
беномусӣ	بي ناموسي
беномусона	بي ناموسانه
бенон	بي نان
бенохун	بي ناخون
бенуқс	بي نقص
бенуқсон	بي نقصان
бенур	بي نور
бенурӣ	بي نوري
бенутқ	بي نطق
бенуфус	بي نفوس
бенӯг	بي نوگ
бенӯхта	بي نوخته
беоб	بي آب
беобгурез	بي ابگريز
беобӣ	بي آبي
беобрав	بي ابرو
беобуранг	بي آ ب ورنگ
беобурангӣ	بي آ ب ورنگي
беобрӯй	بي ابروي
беобрӯӣ	بي آبرويي
беовоз	بي آواز
беодам	بي آدم
беодамӣ	بي آدمي
беодобона	بي آدابانه
беозарм	بي آزرم
беозармӣ	بي آزرمي
беозмун	بي آزمون
беозор	بي آزار
беозорӣ	بي آزاري
беоила	بي عائله
беоилагӣ	بي عائلگي
беоқибат	بي عاقبت
беоқибатӣ	بي عاقبتي
беолоиш	بي آلايش
беолоишӣ	بي آلايشي
беор	بي عار
беорӣ	بي عاري
беормон	بي آرمان
беором	بي آرام
беоромӣ	بي آرامي
беосеб	بي آسيب
беостин	بي آستين
беофат	بي آفت
беофтоб	بي آفتاب
беохир	بي آخر
беохирӣ	بي آخري
беоҳанг	بي آهنگ
бепадар	بي پدر
бепайвандак	بي پيوندک
бепайкон	بي پيکان
бепаноҳ	بي پناه
бепаноҳӣ	بي پناهي
бепар	بي پر
бепарастор	بي پرستار
бепарасторӣ	بي پرستاري
бепарво	بي پروا
бепарвоёна	بي پروايانه
бепарвоӣ	بي پروائي
бепарвофалак	بي پروافلک
бепарда	بي پرده
бепардагӣ	بي پردگي
бепардагӯӣ	بي پرد ه گويي
бепардоз	بي پرداز
бепартов	بي پرتاو
бепарҳез	بي پرهيز
бепасоянд	بي پسايند
бепат	بي پت
бепешоянд	بي پيشايند
бепир	بي پير
бепироя	بي پرايه
бепироягӣ	بي پرايگي
бепой	بي پاي
беповусар	بي پاوسر
беподош	بي پاداش
бепоён	بي پايان
бепоёнӣ	بي پاياني
бепосбон	بي پاسبان
бепошна	بي پاشنه
бепоя	بي پايه
бепоягӣ	بي پايگي
бепринсип	بي پرينسپ
бепринсипӣ	بي پرينسپي
бепринсипона	بي پرينسپانه
бепул	بي پول
бепулӣ	بي پولي
бепурсиш	بي پرسش
бепушт	بي پشت
бепуштибон	بي پشتبان
бепуштупаноҳ	بي پش ت وپناه
бепӯст	بي پوست
берабт	بي ربط
берабтӣ	بي ربطي
беравған	بي روغن
беравнақ	بي رونق
берағбат	بي رغبت
берағбатӣ	بي رغبتي
берад	بي رد
берамақ	بي رمق
берамақӣ	بي رمقي
беранг	بي رنگ
берангӣ	بي رنگي
берангубор	بي رنگوبار
берангубӯ	بي رنگوبو
беранҷ	بي رنج
бераҳ	بي ره
бераҳа	بي رهه
бераҳӣ	بي رهي
бераҳм	بي رحم
бераҳмӣ	بي رحمي
бераҳмат	بي رحمت
бераҳмона	بي رحمانه
бересмон	بي ريسمان
береҷа	بي ريجه
береша	بي ريشه
берешагӣ	بي ريشگي
беривоҷ	بي رواج
беривоҷӣ	بي رواجي
бериё	بي ريا
бериёӣ	بي ريائي
бериш	بي ريش
беробита	بي رابطه
бероҳагӣ	بي راهگي
бероҳат	بي راحت
бероҳашуда	بيراه ه شده
берун	بيرون
беруна	بيرونه
берунишаҳрӣ	بيرو ن شهري
берунӣ	بيروني
берунмарзӣ	بيرو ن مرزي
берухсат	بي رخصت
берӯёна	بي رويانه
берӯзӣ	بي روزي
берӯӣ	بيرويي
берӯҳ	بي روح
берӯҳӣ	بي روحي
бесабаб	بي سبب
бесабр	بي صبر
бесабрӣ	بي صبري
бесаброна	بي صبرانه
бесавод	بي سواد
бесаводӣ	بي سوادي
бесаводона	بي سوادانه
бесадо	بي صدا
бесадоқат	بي صداقت
бесадоқатӣ	بي صداقتي
бесазо	بي سزا
бесайқал	بي صيقل
бесалаб	بي سلب
бесалиқа	بي سليقه
бесалиқагӣ	بي سليقگي
бесалоҳият	بي صلاحيت
бесалоҳиятӣ	بي صلاحيتي
бесамар	بي ثمر
бесамара	بي ثمره
бесамарӣ	بي ثمري
бесанг	بي سنگ
бесар	بي سر
бесаранҷом	بي سرانجام
бесаранҷомӣ	بي سرانجامي
бесаранҷомона	بي سرنجامانه
бесаришта	بي سرشته
бесариштагӣ	بي سررشتگي
бесарӣ	بي سري
бесаробон	بي سرابان
бесаробонӣ	بي سراباني
бесарпаноҳ	بي سرپناه
бесарпаноҳӣ	بي سرپناهي
бесарпараст	بي سرپرست
бесарпарастӣ	بي سرپرستي
бесарунӯг	بي سرونوگ
бесарунӯгӣ	بي سرونوگي
бесарупой	بي سروپاي
бесарупоӣ	بي روپايي
бесарусадо	بي سروصدا
бесарусомон	بي سر و سامان
бесарусомонӣ	بي سروساماني
бесарфа	بي صرفه
бесатр	بي ستر
бесатрӣ	بي ستري
бесафо	بي صفا
бесаҳв	بي سهو
бесаҳн	بي صحن
бесиёсат	بي سياست
бесиёсатӣ	بي سياستي
бесикка	بي سکّه
бесилоҳ	بي سلاح
бесим	بي سيم
бесимӣ	ب يسيمي
бесимо	بي سيما
бесинф	بي صنف
бесипос	بي سپاس
бесипосӣ	بي سپاسي
бесират	بي سيرت
бесиратӣ	بي سيرتي
бесироят	بي سرايت
беситора	بي ستاره
бесифат	بي صفت
бесифатӣ	بي صفتي
бесобиқа	بي سابقه
бесоз	بي ساز
бесозиш	بي سازش
бесомон	بي سامان
бесомонӣ	بي ساماني
бесоҳиб	بي صاحب
бесоҳибӣ	بي صاحبي
бесоҳибмонда	بي صاحب مانده
бесоҳил	بي ساحل
бесубот	بي ثبات
бесуботӣ	بي ثباتي
бесуд	بي سود
бесуккон	بي سکّان
бесукун	بي سکون
бесулуқ	بي سلوق
бесурат	بي صورت
бесутун	بي ستون
бесутунмӯҳра	بي ستون مهره
бесухан	بي سخن
бесӯз	بي سوز
бесӯк	بي سوک
бетааззур	بي تعذر
бетааллуқ	بي تعلّق
бетааллуқӣ	بي تعلّقي
бетааммул	بي تأمل
бетааммулӣ	بي تأملي
бета-афканиш	بيت ه افکنش
бетаваққуф	بي توقّف
бетаваққӯъ	بي توقّع
бетаваҷҷӯҳ	بي توجه
бетаваҷҷӯҳӣ	بي توجهي
бетавон	بيتوان
бетавфиқ	بي توفيق
бетавфиқӣ	بي توفيقي
бетаг	بي تگ
бетағйир	بي تغيير
бетадбир	بي تدبير
бетадбирӣ	بي تدبيري
бетазалзул	بي تزلزل
бета-зарраҳо	بيت ه زرها
бетазвир	بي تزوير
бетакаллуф	بي تکلّف
бетакаллуфӣ	بي تکلّفي
бетакаллуфона	بي تکلّفانه
бета-коҳиш	بيت ه کاهش
бетақсир	بي تقصير
бетақсирӣ	بي تقصيري
беталаф	بي تلف
беталафот	بي تلفات
бетамаӣ	بي طمعي
бетамаллуқ	بي تملّق
бетамаллуқӣ	بي تملّقي
бетамаъ	بي طمع
бетамиз	بي تميز
бетамизӣ	بي تميزي
бетана	بي تنه
бетанаффус	بي تنفس
бетаносуб	بي تناسب
бетаносубӣ	بي تناسبي
бетаоруф	بي تعارف
бетараф	بي طرف
бетарафӣ	بي طرفي
бетарафона	بي طرفانه
бетараҳҳум	بي ترحم
бетараҳҳумӣ	بي ترحمي
бетарбиятӣ	بي تربيتي
бетардид	بي ترديد
бетароват	بي طراوت
бетартиб	بي ترتيب
бетартибӣ	بي ترتيبي
бетартибона	بي ترتيبانه
бетафовут	بي تفاوت
бетафовутӣ	بي تفاوتي
бетахаллуф	بي تخلّف
бетаҳ	بي ته
бетаҳаммул	بي تحمل
бетаҳаммулӣ	بي تحملي
бетаҳаррук	بي تحرّک
бетаҳаррукӣ	بي تحرّکي
бетаҳорат	بي طهارت
бетаҳоратӣ	بي طهارتي
бетаҳошӣ	بي تحاشي
бетаҳошо	بي تحاشا
бетаҷриба	بي تجربه
бетаҷрибагӣ	بي تجربگي
беташаббус	بي تشبث
беташаббусӣ	بي تشبثي
беташвиш	بي تشويش
беташвишӣ	بي تشويشي
бетаъмир	بي تعمير
бетаърих	بي تأريخ
бетаъсир	بي تأثير
бетаъсирӣ	بي تأثيري
бетаъхир	يي تأخير
бетимор	بي تيمار
бетиморӣ	بي تيماري
бетимсол	بي تمثال
бетир	بي تير
бетоат	بي طاعت
бетоатӣ	بي طاعتي
бетоб	بي تاب
бетобӣ	بي تابي
бетоқат	بي طاقت
бетоқатӣ	بي طاقتي
бетоқатона	بي طاقتانه
бетолеӣ	بي طالعي
бетолеъ	بي طالع
бетон	بيتان
бетонгар	بيتانگر
бетонӣ	بيتاني
бетонпӯш	بيتا ن پوش
бетонпӯшӣ	بيتا ن پوشي
бетонрез	بيتا ن ريز
бетонрезӣ	بيتا ن ريزي
бетор	بي تار
бетухм	بي تخم
бетӯш	بي توش
бетӯша	بي توشه
беулфат	بي الفت
беулфатӣ	بي الفتي
беуммат	بي امت
беустухон	بي استخوان
бефайз	بي فيض
бефайзӣ	بي فيضي
бефазл	بي فضل
бефазлӣ	بي فضلي
бефано	بي فنا
бефаранҷӣ	بي فرنجي
бефардо	بي فردا
бефарёд	بي فرياد
бефарзанд	بي فرزند
бефарзандӣ	بي فرزندي
бефарқ	بي فرق
бефармон	بي فرمان
бефармонӣ	بي فرماني
бефаровез	بي فراويز
бефаросат	بي فراست
бефаросатӣ	بي فراستي
бефарҳанг	بي فرهنگ
бефарҳангӣ	بي فرهنگي
бефарҷом	بي فرجام
бефасоҳат	بي فصاحت
бефаҳм	بي فهم
бефаҳмӣ	بي فهمي
бефаъолият	بي فعاليت
бефаъолиятӣ	بي فعاليتي
бефикр	بي فکر
бефикрӣ	بي فکري
бефоида	بي فائده
бефоиз	بي فايظ
бефосила	بي فاصله
бефурӯғ	بي فروغ
бефурӯз	بي فروز
бефурӯшанда	بي فروشنده
бех	بيخ
бехабар	بي خبر
бехабарӣ	بي خبري
бехавотир	بي خواطر
бехавф	بي خوف
бехавфӣ	بي خوفي
бехаёл	بي خيال
бехаёлона	بي خيالانه
бехазон	بي خزان
бехайр	بي خير
бехалал	بي خلل
бехарҷ	بي خرج
бехарҷӣ	بي خرجي
бехат	بي خط
бехатар	بي خطر
бехатарӣ	بي خطري
бехатӣ	بي خطي
бехато	بي خطا
бехатусаводӣ	بي خط وسوادي
бехгӯшӣ	بيخگوشي
бехеш	بي خويش
бехешованд	بي خويشاوند
бехештан	بي خويشتن
бехешутабор	بي خويش وتبار
бехирад	بي خرد
бехирадӣ	بي خردي
бехироҷ	بي خراج
бехӣ	بيخي
бехкан	بيخکن
бехканда	بيخکنده
бехмева	بيخميوه
бехоб	بي خواب
бехобӣ	بي خوابي
бехона	بي خانه
бехонавода	بي خانواده
бехонадон	بي خاندان
бехор	بي خار
бехосият	بي خاصيت
бехост	بي خواست
бехоста	بي خواسته
бехотира	بي خاطره
бехпиёз	بيخپياز
бехта	بيخته
бехтан	بيختن
бехуд	بيخود
бехудӣ	بيخودي
бехудо	بي خدا
бехудованд	بي خداوند
бехудона	بي خودانه
бехун	بي خون
бехунӣ	بي خوني
бехӯрок	بي خوراک
бехӯрокӣ	بي خوراکي
бехҷаст	بيخجست
беҳ	به
беҳавас	بي هوس
беҳавасӣ	بي هوسي
беҳаво	بي هوا
беҳавсала	بي حوصله
беҳавсалагӣ	بي حوصلگي
беҳадд	بي حد
беҳадаф	بي هدف
беҳаё	بي حيا
беҳаёгӣ	بي حياگي
беҳаёӣ	بي حيايي
беҳаёона	بي حيايانه
беҳайсият	بي حيثيت
беҳайсиятӣ	بي حيثيتي
беҳаловат	بي حلاوت
беҳаловатӣ	بي حلاوتي
беҳамият	بي حميت
беҳамиятӣ	بي حميتي
беҳамто	بي همتا
беҳанҷор	بي هنجار
беҳанҷорӣ	بي هنجاري
беҳаракат	بي حرکت
беҳаракатӣ	بي حرکتي
беҳарос	بي هراس
беҳафтод	به افتاد
беҳаяҷон	بي هيجان
беҳ-беҳ	به به
беҳбуд	بهبود
беҳбудӣ	بهبودي
беҳгузин	به گزين
беҳдошт	بهداشت
беҳдоштӣ	بهداشتي
беҳзистӣ	بهزيستي
беҳзодӣ	بهزادي
беҳикмат	بي حکمت
беҳила	بي حيله
беҳиммат	بي همت
беҳимматӣ	بي همتي
беҳимматона	بي همتانه
беҳимоят	بي حمايت
беҳин	بهين
беҳисс	بي حس
беҳискунанда	بي حس کننده
беҳисоб	بي حساب
беҳисобӣ	بي حسابي
беҳиссӣ	بي حسي
беҳифоз	بي حفاظ
беҳиҷоб	بي حجاب
беҳӣ	بهي
беҳмадон	بهمدان
беҳнона	بهنانه
беҳокимиятӣ	بي حاکميتي
беҳол	بي حال
беҳолӣ	بيحالي
беҳолкунанда	بي حال کننده
беҳолона	بي حالانه
беҳомӣ	بي حامي
беҳосил	بي حاصل
беҳосилӣ	بي حاصلي
беҳрӯз	بهروز
беҳрӯзӣ	بهروزي
беҳтар	بهتر
беҳувият	بي هويت
беҳуда	بيهوده
беҳудагард	بيهوده گرد
беҳудагардӣ	بيهوده گردي
беҳудагӣ	بيهودگي
беҳудагӯй	بيهوده گوي
беҳудагӯӣ	بيهوده گوئي
беҳудуд	بي حدود
беҳузур	بي حضور
беҳузурӣ	بي حضوري
беҳуқуқ	بي حقوق
беҳуқуқӣ	بي حقوقي
беҳунар	بي هنر
беҳунарӣ	بي هنري
беҳунарона	بي هنرانه
беҳурмат	بي حرمت
беҳурматӣ	بي حرمتي
беҳусн	بي حسن
беҳуш	بي هوش
беҳушӣ	بي هوشي
беҳушона	بي هوشانه
бечашм	بي چشم
бечашмӣ	بي چشمي
бечашмурӯ	بي چشم ورو
бечашмурӯӣ	بي چشم ورويي
бечиз	بي چيز
бечизӣ	بي چيزي
бечора	بيچاره
бечоравор	بيچاره وار
бечорагӣ	بيچارگي
бечорапарвар	بيچاره پرور
бечораҳол	بيچاره حال
бечун	بيچون
бечунӣ	بيچوني
бечунучаро	بي چون وچرا
беҷавоб	بي جواب
беҷавҳар	بي جوهر
беҷавҳарӣ	بي جوهري
беҷазо	بي جزا
беҷамол	بي جمال
беҷанҷол	بي جنجال
беҷаранг	بي جرنگ
беҷигар	بي جگر
беҷило	بي جلا
беҷирм	بي جرم
беҷиҳат	بي جهت
беҷиҳоз	بي جهاز
беҷо	بيجا
беҷогард	بيجاگرد
беҷогардӣ	بيجاگردي
беҷода	بيجاده
беҷодагӣ	بيجادگي
беҷодагун	بيجاده گون
беҷодалаб	بيجاده لب
беҷодаранг	بيجاده رنگ
беҷой	بيجاي
беҷойгоҳ	بيجايگاه
беҷон	بيجان
беҷонӣ	بيجاني
беҷохарҷӣ	بيجاخرجي
беҷурм	بي جرم
беҷуръат	بي جرئت
беҷуръатӣ	بي جرئتي
беҷуръатона	بي جرئتانه
беш	بيش
биш	بيش
беша	بيشه
бешабоғ	بيشه باغ
бешабон	بيشه بان
бешабонӣ	بيشه باني
бешавқ	بي شوق
бешавҳар	بي شوهر
бешавҳарӣ	بي شوهري
бешагӣ	بيشگي
бешадашт	بيشه دشت
бешадор	بيشه دار
бешадорӣ	بيشه داري
бешадошта	بيشه داشته
бешазор	بيشه زار
бешакк	بي شک
бешакл	بي شکل
бешаклӣ	بي شکلي
бешамол	بي شمال
бешамолӣ	بي شمالي
бешараф	بي شرف
бешарафӣ	بي شرفي
бешарафона	بي شرفانه
бешарик	بي شريک
бешарм	بي شرم
бешармӣ	بي شرمي
бешармона	بي شرمانه
бешарофат	بي شرافت
бешарофатӣ	بي شرافتي
бешафқат	بي شفقت
бешафқатӣ	بي شفقتي
бешахс	بي شخص
бешаҳрӣ	بي شهري
бешикаст	بي شکست
бешиква	بي شکوه
бешина	بيشينه
бешир	بي شير
бешитоб	بي شتاب
бешӣ	بيشي
бешогирд	بي شاگرد
бешох	بي شاخ
бешоха	بي شاخه
бештар	بيشتر
бештарин	بيشترين
бешубҳа	بي شبهه
бешумар	بي شمر
бешумор	بي شمار
бешумур	بي شمر
бешуур	بي شعور
бешуурӣ	بي شعوري
бешуурона	بي شعورانه
бешӯй	بي شوي
бешӯӣ	بي شويي
бешӯхӣ	بي شوخي
беэҳтиёт	بي احتياط
беэҳтиётӣ	بي احتياطي
беэҳтиётона	بي احتياطانه
беэҳтиёҷ	بي احتياج
беэҳтиёҷӣ	بي احتياجي
беэҳтиром	بي احترام
беэҳтиромона	بي احترامانه
беэҳтиромӣ	بي احترامي
беэътибор	بي اعتبار
беэътиборӣ	بي اعتباري
беэътиборона	بي اعتبارانه
беэътидол	بي اعتدال
беэътидолӣ	بي اعتدالي
беэътиқод	بي اعتقاد
беэътиқодӣ	بي اعتقادي
беэътимод	بي اعتماد
беэътимодӣ	بي اعتمادي
беэътино	بي اعتنا
беэътиноёна	بي اعتنايانه
беэътиноӣ	بي اعتنايي
беэътироз	بي اعتراض
беяроқ	بي يراق
беяроқӣ	بي يراقي
биатлон	بيئَتلان
бибикайвонӣ	بيبي کيواني
бибикалон	بيبي کلان
бибиотун	بيبي آتون
бибисешанбе	بيبي سه شنبه
бибихалифа	بيبي خليفه
бибича	بيبيچه
бибиҷон	بيبيجان
бибӣ	بيبي
библиография	ببلياگرفيه
библиографӣ	ببلياگرفي
бигзор	بگذار
бигиз	بگز
бигмоз	بگماز
бигузор	بگذار
бидав	بدو
бидаст	بدست
бидир-бидир	بدربدر
бидиррос	بدراس
бидоат	بدائت
бидон	بدان
бидоят	بدايت
бидруд	بدرود
бидуни	بدون
бидъат	بدعت
бидъаткор	بدعت کار
биё	بيا
биёбон	بيابان
биёбонгард	بيابان گرد
биёбонгардӣ	بيابان گردي
биёбонзудоӣ	بيابان زدايي
биёбонӣ	بياباني
биёбонмарг	بيابان مرگ
биёбоннавард	بيابان نورد
биёбоннавардӣ	بيابان نوردي
биёбоннишин	بيابان نشين
бизан	بزن
бизангоҳ	بزنگاه
биззарурат	بالضرورت
биззот	بالذات
бизнес	بزنيس
бизнесмен	بزنيسمين
бизоат	بضاعت
бизон	بزان
бизъа	بضع
бий	بي
бика	بکه
бикр	بکر
бикруламал	بکرالعمل
билет	بليت
билетфурӯш	بليت فروش
билетфурӯшӣ	بليت فروشي
билкулл	بالکل
билқувва	بالقوه
биллаҳ	بالله
билиярд	بليرد
билиярдбоз	بليردباز
билиярдбозӣ	بليردبازي
биллион	بليان
биллоҳ	بالله
билмарра	بالمرّه
билмуояна	بالمعاينه
било	بلا
билоамал	بلاعمل
билод	بلاد
билоиваз	بلا عوض
билоирода	بلااراده
билол	بلال
билониҳоя	بلا نهايه
билоохир	بلااخر
билотаваққуф	بلا توقف
билотаъхир	بلا تأخير
билохира	بالآخره
билфавр	بالفور
билфарз	بالفرض
билфеъл	بالفعل
билхосса	بالخاصه
билҷумла	بالجمله
билъакс	بالعکس
билярд	بليرد
билярдбоз	بليردباز
билярдбозӣ	بليربازي
бим	بيم
бима	بيمه
бимагар	بيمه گر
бимагузор	بيمه گذار
биманома	بيمه نامه
бимашуда	بيمه شده
бимгоҳ	بيمگاه
бимзада	بيم زده
бимнок	بيمناک
бимолуд	بيم آلود
бин	بن
бинанда	بيننده
биниборик	بيني باريک
бинидарӣ	بيني دري
бинидароз	بيني دراز
бинидарозакҳо	بيني درازکها
биникалон	بيني کلان
биникаҷ	بيني کج
биникашӣ	بيني کشي
бинипачақ	بيني پچق
бинипучуқ	بيني پچق
бинисурх	بيني سرخ
биниш	بينش
бинишвар	بينشور
бинӣ	بيني
бино	بنا
биноан	بناء
бинобар	بنابر
биногар	بناگر
бинодил	بينادل
биноӣ	بينائي
бинокор	بناکار
бинокорӣ	بناکاري
бинокунанда	بناکننده
биносоз	بناساز
биносозӣ	بناسازي
бинсир	بنصر
бинт	بنت
бинтпеч	بنت پيچ
биолог	بِآلاگ
биология	بِآلاگيه
биологӣ	بيآلاگي
бионика	بيآنکه
биосеноз	بيآسيناز
биосфера	بيآسفيره
биофизика	بيآفيزيکه
биофизикӣ	بيآفيزيکي
биохимик	بيآخيميک
биохимикӣ	بيآخيميکي
биохимия	بيآخيميه
бир	بير
бирешим	بريشم
бирешимӣ	بريشمي
бирешимнавоз	بريشم نواز
бирён	بريان
биржа	برژه
биринҷ	برنج
биринҷдор	برنج دار
биринҷзор	برنج زار
биринҷӣ	برنجي
биринҷкор	برنج کار
биринҷкорӣ	برنج کاري
биринҷоба	برنج آبه
биринҷфурӯш	برنج فروش
биринҷфурӯшӣ	برنج فروشي
биришта	برشته
бириштан	برشتن
бирка	برکه
бирр	بر
бисёр	بسيار
бисёрасра	بسيارعصره
бисёрдида	بسيارديده
бисёрзабонӣ	بسيارزباني
бисёрзанӣ	بسيارزني
бисёрӣ	بسياري
бисёркунҷа	بسيارکنجه
бисёрқабата	بسيارقبته
бисёрқимата	بسيارقيمته
бисёрқутба	بسيارقطبه
бисёрмағз	بسيارمغز
бисёрманзила	بسيارمنزله
бисёрмар	بسيارمر
бисёрникоҳӣ	بسيارنکاحي
бисёрнуқта	بسيارنقطه
бисёровоз	بسيارآواز
бисёровоза	بسيارآوازه
бисёрошёна	بسيارآشيانه
бисёрпарда	بسيارپرده
бисёрпоза	بسيارپازه
бисёррӯя	بسياررويه
бисёрсардорӣ	بسيارسرداري
бисёрсола	بسيارساله
бисёрсоҳа	بسيارساحه
бисёртар	بسيارتر
бисёртарин	بسيارترين
бисёртира	بسيارتيره
бисёрузва	بسيارعضوه
бисёрфан	بسيارفن
бисёрхудоӣ	بسيارخدائي
бисёрхӯр	بسيارخور
бисёрҳарба	بسيارحربه
бисёрҳизбӣ	بسيارحزبي
бисёрҳокимиятӣ	بسيارحاکميتي
бисёрҳуҷра	بسيارحجره
бисёрчена	بسيارچينه
бисёрҷониба	بسيارجانبه
бисёршавҳарӣ	بسيارشوهري
бисмадон	بسمدان
бисмил	بسمل
бисмиллоҳ	بسملله
бисот	بساط
бисотдор	بساطدار
биссектриса	بسيکتريسه
бист	بيست
бистар	بستر
бистаришуда	بستري شده
бистарӣ	بستري
бистгонӣ	بيستگاني
бистсола	بيست ساله
бистсолагӣ	بيست سالگي
бистӯҳ	بستوه
бистяк	بيست يک
бисулфат	بسلفت
битнат	بطنت
битолат	بطالت
битум	بتم
бифштекс	بفشتکس
бихрад	بخرد
бихрадӣ	بخردي
биҳигин	بهيگين
биҳигӣ	بهيگي
биҳил	بهل
биҳишт	بهشت
биҳиштирӯй	بهشت روي
биҳиштӣ	بهشتي
биҳӣ	بهي
бичак	بچک
бишкуфа	بشکفه
бишкӯлидан	بشکوليدن
бишӯлида	بشکوليده
бишӯлидан	بشوليدن
бия	بيه
блок	بلاک
блюминг	بليومنگ
бо	با
боадаб	باادب
боадабӣ	باادبي
боадабона	باادبانه
боадолат	باعدالت
боадолатӣ	باعدالتي
боадолатона	باعدالتانه
боазамат	باعظمت
боазм	باعزم
боақл	باعقل
боақлак	باعقلک
боақлӣ	باعقلي
боақлона	باعقلانه
боандеша	باانديشه
боандешагӣ	باانديشگي
боандом	بااندام
боасос	بااساس
боб	باب
бобак	بابک
бобақо	بابقا
бобаракатӣ	بابرکتي
бобардошт	بابرداشت
бобарор	بابرار
бобарорӣ	بابراري
бобат	بابت
бобзан	بابزن
бобизоат	بابضاعت
бобил	بابيل
бобия	بابيه
бобӣ	بابي
бобо	بابا
бобоёна	بابايانه
бобоӣ	بابائي
бобокалон	باباکلان
бобопирак	باباپيرک
бобохона	باباخانه
бобоҷон	باباجان
бобуна	بابونه
бовар	باور
боварибахш	باور ي بخش
боваринок	باوريناک
боварӣ	باوري
боваркунанда	باورکننده
бовархат	باورخط
бовафо	باوفا
бовафоӣ	باوفائي
бовиқор	باوقار
бовиқорӣ	باوقاري
бовиқорона	باوقارانه
бовиҷдон	باوجدان
бовиҷдонӣ	باوجداني
бовиҷдонона	باوجدانانه
боғ	باغ
боғайрат	باغيريت
боғайратӣ	باغيرتي
боғайратона	باغيرتانه
боғараз	باغرض
боғаразона	باغرضانه
боғбанд	باغبند
боғбон	باغبان
боғбонӣ	باغباني
боғдор	باغدار
боғдорӣ	باغداري
боғистон	باغستان
боғӣ	باغي
боғкор	باغکار
боғкӯчӣ	باغکوچي
боғнишин	باغنشين
боғот	باغات
боғпарвар	باغپرور
боғпарварӣ	باغپروري
боғперой	باغپيراي
боғсоз	باغساز
боғсозӣ	باغسازي
боғулғула	باغلغله
боғунда	باغنده
боғурур	باغرور
боғча	باغچه
боғчадор	باغچه دار
боғшаҳр	باغ شهر
бод	باد
бода	باده
бодабдаба	بادبدبه
бодавлат	بادولت
бодагусор	باده گسار
бодагусорӣ	باده گساري
бодадеҳ	باده ده
бодакаш	باده کش
бодакашӣ	باده کشي
бодангез	بادانگيز
боданӯш	باده نوش
боданӯшӣ	باده نوشي
бодапаймо	باده پيما
бодапаймоӣ	باده پيمايي
бодапараст	باده پرست
бодапарастӣ	باده پرستي
бодаранг	باده رنگ
бодаступо	بادست وپا
бодафроҳ	بادافراه
бодафурӯш	باده فروش
бодафурӯшӣ	باده فروشي
бодахона	باده خانه
бодахор	باده خوار
бодахорӣ	باده خواري
бодахоҳ	باده خواه
бодаҳо	بادها
бодбадаст	بادبدست
бодбанд	بادبند
бодбандӣ	بادبندي
бодбарак	بادبرک
бодбаракбоз	بادبرک باز
бодбаракбозӣ	بادبرک بازي
бодбаракпарронӣ	بادبرک پراني
бодбезак	بادبيزک
бодбезакмонанд	بادبيزکمانند
бодбезакшакл	بادبيزک شکل
бодбезан	بادبيزن
бодбон	بادبان
бодбондор	بادبان دار
бодбонӣ	بادباني
бодбур	بادبر
бодвор	بادوار
бодгар	بادگر
бодгардон	بادگردان
бодгарӣ	بادگري
бодгир	بادگير
бодгирифта	باد گرفته
боддаро	باددرا
боддаст	باددست
боддастӣ	باددستي
боддиҳак	باددهک
боддиҳанда	باددهنده
боддор	باددار
бодигар	بادي گر
бодигарӣ	بادي گري
бодигӣ	باديگي
бодиён	باديان
бодиёна	باديانه
бодиёнат	باديانت
бодиёнӣ	بادياني
бодиққат	بادقّت
бодиққатӣ	بادقّتي
бодил	بادل
бодинон	بادعنان
бодинҷон	بادنجان
бодиринг	بادرنگ
бодия	باديه
бодиягард	باديه گرد
бодиягардӣ	باديه گردي
бодиянишин	باديه نشين
бодиянишинӣ	باديه نشيني
бодияпаймо	باديه پيما
бодӣ	بادي
бодкарда	بادکرده
бодкаш	بادکش
бодкашак	بادکشک
бодмонанд	بادمانند
бодмӯрӣ	بادموري
боднамо	بادنما
боднок	بادناک
бодо	بادا
бодобод	باداباد
бодовард	بادآورد
бодоварда	بادآورده
бодовар	بادآور
бодом	بادام
бодомак	بادامک
бодомгул	بادام گل
бодомзор	بادام زار
бодомӣ	بادامي
бодомистон	بادامستان
бодомча	بادامچه
бодомчагул	بادامچه گل
бодомчашм	بادامچشم
бодомшакл	بادامشکل
бодосо	بادآسا
бодпаймой	بادپيماي
бодпаймоӣ	بادپيمائي
бодпой	بادپاي
бодранг	بادرنگ
бодранҷбӯя	بادرنجبويه
бодрафтор	بادرفتار
бодреса	بادريسه
бодрум	بادرم
бодруҷ	بادروج
бодрӯза	بادروزه
бодрӯя	بادرويه
бодсанҷ	بادسنج
бодсар	بادسر
бодсор	بادسار
бодсорӣ	بادساري
бодхез	بادخيز
бодхон	بادخوان
бодхӯр	بادخور
бодхӯра	بادخوره
бодхӯрак	بادخورک
бодхӯрда	بادخورده
бодшикан	بادشکن
боеъ	بايع
боёна	بايانه
бож	باژ
божгоҳ	باژگاه
божгуна	باژگونه
бождор	باژدار
божситон	باژستان
боз	باز
боза	بازه
бозавқ	باذوق
бозаковат	باذکاوت
бозанда	بازنده
бозандешидан	بازانديشيدن
бозарба	باضربه
бозаргон	بازرگان
бозаргонӣ	بازرگاني
бозарофат	باظرافت
бозарофатӣ	باظرافتي
бозафар	باظفر
бозафкандан	بازافکندن
бозбаста	بازبسته
бозбастан	بازبستن
бозбинӣ	بازبيني
бозбон	بازبان
бозгард	بازگرد
бозгарданда	بازگردنده
бозгардидан	بازگرديدن
бозгашт	بازگشت
бозгашта	بازگشته
бозгаштан	بازگشتن
бозгаштӣ	بازگشتي
бозгаштнопазир	بازگشت ناپذير
бозгирифтан	بازگرفتن
бозгирӣ	بازگيري
бозгузаштан	بازگزشتن
бозгузоштан	بازگذاشتن
бозгуна	بازگونه
бозгусастан	بازگسستن
бозгустурдан	بازکستردن
бозгуфтан	بازگفتن
бозгӯй	بازگوي
бозгӯӣ	بازگوئي
бозгӯкунанда	بازگوکننده
боздеҳ	بازده
боздеҳӣ	بازدهي
боздид	بازديد
боздидкунанда	بازديدکننده
боздод	بازداد
боздодан	بازدادن
боздонистан	بازدانستن
боздор	بازدار
боздоранда	بازدارنده
боздорӣ	بازداري
боздошт	بازداشت
боздошта	بازداشته
боздоштан	بازداشتن
боздоштгоҳ	بازداشت گاه
боздоштшуда	بازداشت شده
бозеҳн	باذهن
бозёбӣ	بازيابي
бозёфт	بازيافت
бозёфта	بازيافته
бозёфтан	بازيافتن
бозигар	بازيگر
бозигардон	بازي گردان
бозигардонӣ	بازي گرداني
бозигарӣ	بازي گري
бозигоҳ	بازي گاه
бозигӯш	بازي گوش
бозидан	بازيدن
бозидеҳ	بازي ده
бозил	باذل
бозин	بازين
бозинат	بازينت
бозингар	بازنگر
бозистодан	بازايستادن
бозича	بازيچه
бозичафурӯш	بازيچه فروش
бозичафурӯшӣ	بازيچه فروشي
бозӣ	بازي
бозкашидан	بازکشيدن
бозкунанда	بازکننده
бозкӯшидан	بازکوشيدن
бозмонда	بازمانده
бозмондан	بازماندن
бозмонондан	بازماناندن
бознамудан	بازنمودن
бознигарӣ	بازنگري
бознишаста	بازنشسته
бозногард	بازناگرد
бознома	بازنامه
бозомадан	بازآمدن
бозомӯзӣ	بازآموزي
бозондан	بازاندن
бозор	بازار
бозоракӣ	بازارکي
бозоргард	بازارگرد
бозоргардӣ	بازارگردي
бозоргир	بازارگير
бозоргон	بازارگان
бозоргонӣ	بازارگاني
бозоргоҳ	بازارگاه
бозорёб	بازارياب
бозорёбӣ	بازاريابي
бозоридӯз	بازاري دوز
бозоридӯзӣ	بازاري دوزي
бозориёна	بازاري يانه
бозоризода	بازاري زاده
бозорӣ	بازاري
бозорногузар	بازارناگذر
бозорча	بازارچه
бозорчӣ	بازارچي
бозорҷой	بازارجاي
бозоршинос	بازارشناس
бозоршиносӣ	بازارشناسي
бозпайвастан	بازپيوستن
бозпарвардан	بازپروردن
бозпарварӣ	بازپروري
бозпардохт	بازپرداخت
бозпардохтан	بازپرداختن
бозпас	بازپس
бозпасгирӣ	بازپس کيري
бозпасин	بازپسين
бозпеч	بازپيچ
бозпироӣ	بازپيرائي
бозпурс	بازپرس
бозпурсидан	بازپرسيدن
бозпурсӣ	بازپرسي
бозпухт	بازپخت
бозрас	بازرس
бозрасӣ	بازرسي
бозрастан	بازرستن
бозрафтан	بازرفتن
бозсозӣ	بازسازي
бозу	بازو
бозубанд	بازوبند
бозудароз	بازودراز
бозӯ	بازو
бозхарид	بازخريد
бозхаридан	بازخريدن
бозхонд	بازخواند
бозхонда	بازخوانده
бозхондан	بازخواندن
бозхонӣ	بازخواني
бозхост	بازخواست
бозхостан	بازخواستن
бозхоҳ	بازخواه
бозҷустан	بازجستن
бозҷӯӣ	بازجويي
бозшуморӣ	بازشماري
боидрок	باادراک
боиззат	باعزت
боизтироб	بااضطراب
боиқтидор	بااقتدار
боилтифот	باالتفات
боилтифотӣ	باالتفاتي
боимон	باايمان
боимтиёз	باامتياز
боимҷон	بايمجان
боинсоф	باانصاف
боинсофӣ	باانصافي
боинсофона	باانصافانه
боинтизом	باانتظام
боинтизомӣ	باانتظامي
боирода	بااراده
боис	باعث
боисмат	باعصمت
боисматӣ	باعصمتي
боисрор	بااصرار
боист	بايست
боиста	بايسته
боистагӣ	بايستگي
боистан	بايستن
боистанӣ	بايستني
боистеҳқоқ	بااستحقاق
боистеъдод	بااستعداد
боистеъдодӣ	بااستعدادي
боифтихор	باافتخار
боиффат	باعفت
боиффатӣ	باعفتي
боихтисос	بااختصاص
боихтисосӣ	بااختصاصي
бой	باي
бойбача	بايبچه
бойбачагӣ	بايبچگي
бойбачча	بايبچه
бойбика	بايبکه
бойбобо	باي بابا
бойгон	بايگان
бойгонӣ	بايگاني
бойдиҳанда	باي دهنده
бойдода	بايداده
бойдухтар	بايدختر
бойзан	باي زن
бойигарӣ	بائگري
бойимҷон	بايمجان
бойӣ	بائي
бойча	بايچه
бойчечак	بايچيچک
бойшавӣ	بايشوي
бок	باک
бокалла	باکلّه
бокарруфар	باکرّوفر
бокира	باکره
бокирагӣ	باکرگي
бокифоят	باکفايت
бокӣ	باکي
бокс	باکس
боксит	باکسيت
бокситдор	باکسيت دار
боксчӣ	باکسچي
бокура	باکوره
бокурра	باکرّه
боқидор	باقي دار
боқимонда	باقي مانده
боқӣ	باقي
боқувват	باقوت
боқувватӣ	باقوتي
боқудрат	باقدرت
боқудратӣ	باقدرتي
бол	بال
болаёқат	بالياقت
болаёқатӣ	بالياقتي
болаззат	بالذت
болаззатӣ	بالذتي
боланда	بالنده
болатофат	بالطافت
болафшон	بال افشان
болафшонӣ	بال افشاني
болвоя	بالوايه
болға	بالغه
болғача	بالغچه
болдор	بالدار
болзанон	بالزنان
болиғ	بالغ
болиғдавлат	بالغ دولت
болиғдил	بالغ دل
болиғназар	بالغ نظر
болид	باليد
болида	باليده
болидан	باليدن
болин	بالين
болиш	بالش
болиштак	بالشتک
болиштча	بالشتچه
боло	بالا
болой	بالاي
болобаланд	بالابلند
болобаландӣ	بالا بلندي
болобар	بالابر
болобардор	بالا بردار
болобардорӣ	بالابرداري
болобароӣ	بالابرائي
бологарав	بالاگرو
бологузар	بالا گذر
болодараҷа	بالا درجه
болод	بالاد
болодарӣ	بالادري
болодароз	بالادراز
болодаст	بالادست
болодастӣ	بالادستي
болодор	بالادار
болоиқутбӣ	بالائي قطبي
болоиҳам	بالايي هم
болоӣ	بالايي
болокорӣ	بالاکاري
болокушода	بالاکشاده
болокӯча	بالاکوچه
болон	بالان
болонишин	بالانشين
болонишинӣ	بالانشيني
болооб	بالاآب
болопур	بالاپر
болопӯш	بالاپوش
болопӯшак	بالاپوشک
болопӯшида	بالاپوشيده
болор	بالار
болоравӣ	بالاروي
болорӣ	بالاري
болосанг	بالاسنگ
болосохт	بالاساخت
болохона	بالاخانه
болохонадор	بالاخانه دار
болсурх	بال سرخ
болу	بالو
болуа	بالوعه
болуғ	بالغ
болшевизм	بالشويزم
болшевик	بالشويک
болшевикӣ	بالشويکي
болшикаста	بالشکسته
бом	بام
бомағз	بامغز
бомаданият	بامدنيت
бомаданиятӣ	بامدنيتي
бомаза	بامزه
бомалоҳат	باملاحت
боманиш	بامنش
бомантиқ	بامنطق
бомаслак	بامسلک
бомаслиҳат	بامصلحت
боматонат	بامتانت
бомаҳорат	بامهارت
бомашаққат	بامشقّت
бомашаққатӣ	بامشقّتي
бомаълумот	بامعلومات
бомаънӣ	بامعني
бомаърифат	بامعرفت
бомаърифатӣ	بامعرفتي
бомб	بامب
бомба	بامبه
бомбаандоз	بامبه انداز
бомбаандозӣ	بامبه اندازي
бомбаборон	بامبه باران
бомбапарто	بامبه پرتا
бомбапартоӣ	بامبه پرتايي
бомгоҳ	بامگاه
бомгӯша	بامگوشه
бомдод	بامداد
бомдодӣ	بامدادي
бомдодон	بامدادان
бомдор	بام دار
бомзад	بام زد
бомеҳр	بامهر
бомпӯш	بام پوش
бомпӯшӣ	بام پوشي
бомуваффақият	باموفقيت
бомузд	بامزد
бомулоҳиза	باملاحظه
бомулоҳизагӣ	باملاحظگي
бомуҳаббат	بامحبت
бомча	بامچه
бон	بان
бонаво	بانوا
боназокат	بانزاکت
боназокатӣ	بانزاکتي
бонафосат	بانفاست
бонг	بانگ
бонеъмат	بانعمت
бонизом	بانظام
бонишот	بانشاط
бонӣ	باني
бонк	بانک
бонка	بانکه
бонкдор	بانکدار
бонкдорӣ	بانکداري
бонкӣ	بانکي
бону	بانو
бонуфуз	بانفوذ
бообрӯй	باآبروي
боодоб	باآداب
боодобӣ	باآدابي
боодобона	باآدابانه
бор	بار
бора	باره
борагӣ	بارگي
борағбат	بارغبت
борак	بارک
боракаллоҳ	بارکلله
боранда	بارنده
борандагӣ	بارندگي
борандоз	بارانداز
борандозӣ	باراندازي
борафканӣ	بارافکني
борафтида	بارافتيده
бораҳм	بارحم
борашк	بارشک
борбанд	باربند
борбандак	باربندک
борбандӣ	باربندي
борбар	باربر
борбардор	باربردار
борбардорӣ	باربرداري
борвар	بارور
борварӣ	باروري
борварсозӣ	بارورسازي
борвор	باروار
боргаҳ	بارگه
боргин	بارگين
боргир	بارگير
боргиранда	بارگيرنده
боргирӣ	بارگيري
боргоҳ	بارگاه
боргузорӣ	بارگذاري
бордеҳ	بارده
бордиҳӣ	باردهي
бордон	باردان
бордор	باردار
бордорӣ	بارداري
бореша	باريشه
бореъ	بارع
борёб	بارياب
борид	بارد
боридан	باريدن
бориз	بارز
борик	باريک
борикандеш	باريک انديش
борикандешӣ	باريک انديشي
борикандом	باريک اندام
борикбадан	باريک بدن
борикбин	باريک بين
борикбинӣ	باريک بيني
борикгир	باريک گير
борикӣ	باريکي
борикмиён	باريک ميان
бориксанҷ	باريک سنج
борикхаёл	باريک خيال
бориқ	بارق
бориқа	بارقه
бориш	بارش
боришнок	بارشناک
боришот	بارشات
борӣ	باري
борӣ-таоло	باري تعالي
боркаш	بارکش
боркашӣ	بارکشي
боркашон	بارکشان
боркашонӣ	بارکشاني
боркунак	بارکنک
боркунанда	بارکننده
бормонак	بارمانک
борнома	بارنامه
боровар	بارآور
бороварӣ	بارآوري
борон	باران
боронак	بارانک
боронгарӣ	باران گري
боронгир	باران گير
боронгузар	بارانگذر
борондида	باران ديده
боронзо	باران زا
боронидан	بارانيدن
боронӣ	باراني
боронногузар	باران ناگذر
боронрасида	باران رسيده
боронсанҷ	باران سنج
боронсанҷӣ	باران سنجي
боронхӯрда	باران خورده
борсанҷ	بارسنج
борсолор	بارسالار
борт	بارت
бортмеханик	بارتميخنيک
бортрадист	بارت رديست
бору	بارو
борубуна	بارو بنه
борут	باروت
борутдон	باروت دان
борутӣ	باروتي
боруткӯб	باروت کوب
боруткӯбӣ	باروت کوبي
борутсоз	باروت ساز
борутсозӣ	باروت سازي
борутхона	باروت خانه
борфиристанда	بارفرستنده
борфиристонанда	بارفرستاننده
борфиристонӣ	بارفرستاني
борфурор	بارفرار
борфурорӣ	بارفراري
борфурӯшӣ	بارفروشي
борхалта	بارخلته
борхат	بارخط
борхез	بارخيز
борхезӣ	بارخيزي
борхона	بارخانه
борхоҳ	بارخواه
борхудо	بارخدا
борҷома	بارجامه
босабот	باثبات
босаботӣ	باثباتي
босабр	باصبر
босабрӣ	باصبري
босаброна	باصبرانه
босавлат	باصولت
босавод	باسواد
босаводӣ	باسوادي
босаводона	باسوادانه
босадоқат	باصداقت
босалиқа	باسليقه
босалобат	باصلابت
босалобатӣ	باصلابتي
босаодат	باسعادت
босаодатӣ	باسعادتي
босарват	باثروت
босаришта	باسرشته
босариштагӣ	باسرشتگي
босарфа	باصرفه
босафо	باصفا
босахо	باسخا
босаховат	باسخاوت
босиёсат	باسياست
босиқ	باسق
босир	باصر
босира	باصره
босифат	باصفت
босқоқ	باسقاق
босқон	باسقان
бослиқ	باسليق
босма	باسمه
босмачигарӣ	باسمچيگري
босмачигӣ	باسمچيگي
босмачӣ	باسمچي
бостон	باستان
бостонгароӣ	باستان گرايي
бостонӣ	باستاني
бостоншинос	باستانشناس
бостоншиносӣ	باستان شناسي
бостурма	باسترمه
босубот	باثبات
босуботӣ	باثباتي
босур	باسور
босуръат	باسرعت
ботааҷҷуб	باتعجب
ботадбир	باتدبير
ботадбирӣ	باتدبيري
ботадриҷ	باتدريج
ботакаллуф	باتکلف
ботакаллуфӣ	باتکلفي
ботакаллуфона	باتکلفانه
боталотум	باتلاطم
ботамиз	باتميز
ботамизӣ	باتميزي
ботамкин	باتمکين
ботамкинӣ	باتمکيني
ботамкинона	باتمکينانه
ботаник	باتنيک
ботаника	باتنيکه
ботаникӣ	باتنيکي
ботантана	باطنطنه
ботараҳҳум	باترحم
ботара	باتره
ботароват	باطراوت
ботартиб	باترتيب
ботартибӣ	باترتيبي
ботафсил	باتفصيل
ботаҳаммул	باتحمل
ботаҷриба	باتجربه
боташаббус	باتشبث
ботаъсир	باتأثير
ботаъҷил	باتعجيل
ботил	باطل
ботин	باطن
ботинан	باطناً
ботинбин	باطن بين
ботинӣ	باطني
ботинсиёҳ	باطن سياه
ботинхароб	باطن خراب
ботиншинос	باطن شناس
ботия	باطيه
ботлоқ	باتلاق
ботлоқзамин	باتلاق زمين
ботлоқзор	باتلاق زار
ботлоқӣ	باتلاقي
ботур	باتور
боумед	بااميد
боф	باف
бофа	بافه
бофазилат	بافضيلت
бофазл	بافضل
бофайз	بافيض
бофанда	بافنده
бофандагӣ	بافندگي
бофарр	بافر
бофароғат	بافراغت
бофаросат	بافراست
бофаросатӣ	بافراستي
бофарҳанг	بافرهنگ
бофарҳангӣ	بافرهنگي
бофасоҳат	بافصاحت
бофатонат	بافطانت
бофаҳм	بافهم
бофтбанд	بافتبند
бофтбандӣ	بافتبندي
бофдум	بافدم
бофзан	بافزن
бофидан	بافيدن
бофт	بافت
бофта	بافته
бофтан	بافتن
бофтанӣ	بافتني
бофташинос	بافته شناس
бофташиносӣ	بافته شناسي
бофтбардорӣ	بافت برداري
бофтшиносӣ	بافت شناسي
боха	باخه
бохабар	باخبر
бохат	باخط
бохирад	باخرد
бохирадӣ	باخردي
бохт	باخت
бохта	باخته
бохтан	باختن
бохтар	باختر
бохтарзамин	باخترزمين
бохтарӣ	باختري
бохтхез	باخت خيز
боҳ	باه
боҳаво	باهوا
боҳавсала	باحوصله
боҳавсалагӣ	باحوصلگي
боҳадаф	باهدف
боҳаё	باحيا
боҳаёӣ	باحيائي
боҳайбат	باهيبت
боҳаловат	باحلاوت
боҳамзид	باهمضد
боҳарорат	باحرارت
боҳашамат	باحشمت
боҳиммат	باهمت
боҳимматӣ	باهمتي
боҳир	باهر
боҳиҷоб	باحجاب
боҳтур	باهتور
боҳу	باهو
боҳунар	باهنر
боҳур	باحور
боҳурӣ	باحوري
боҳурмат	باحرمت
боҳуро	باحورا
боҳуш	باهوش
боҳушӣ	باهوشي
бочка	باچکه
бочкамонанд	باچکه مانند
бочкасоз	باچکه ساز
боҷ	باج
боҷа	باجه
боҷавҳар	باجوهر
боҷгир	باجگير
боҷгирӣ	باجگيري
боҷгоҳ	باجگاه
боҷгузор	باجگذار
боҷгузорӣ	باجگذاري
боҷдеҳ	باجده
боҷдов	باجداو
боҷпулӣ	باجپولي
боҷситон	باج ستان
боҷситонӣ	باج ستاني
боҷуръат	باجرأت
боҷуръатӣ	باجرأتي
боҷуръатона	باجرأتانه
боҷхона	باجخانه
боҷхоҳ	باج خواه
бош	باش
боша	باشه
бошавкат	باشوکت
бошавқ	باشوق
бошад	باشد
бошанг	باشنگ
бошанда	باشنده
бошараф	باشرف
бошарафӣ	باشرفي
бошарафона	باشرفانه
бошарофат	باشرافت
бошафқат	باشفقت
бошаҳомат	باشهامت
бошгоҳӣ	باشگاهي
бошида	باشيده
бошидан	باشيدن
бошиддат	باشدت
бошитоб	باشتاب
бошиш	باشش
бошқирд	باشقرد
бошқирдӣ	باشقردي
бошукӯҳ	باشکوه
бошуур	باشعور
бошуурӣ	باشعوري
бошуурона	باشعورانه
бошуҷоат	باشجاعت
боэҳтиёт	بااحتياط
боэҳтиётӣ	بااحتياطي
боэҳтимом	بااهتمام
боэҳтиром	بااحترام
боэътибор	بااعتبار
боэътидол	بااعتدال
боэътиқод	بااعتقاد
боэътимод	بااعتماد
бояд	بايد
бояроқ	بايراق
брак	برک
брезент	بريزينت
брезентӣ	بريزينتي
брезентпӯш	بريزينتپوش
брикет	بريکيت
бриллиант	بريلينت
бройлер	برايلير
брокер	براکير
бром	برام
брон	بران
бронхит	برانخيت
бронхҳо	برانخها
брутселлёз	بروتسيلياز
буб	بوب
бубу	بوبو
бува	بوه
бувад	بود
бувиш	بوش
бугон	بوگان
буғ	بوغ
буғанбор	بوغ انبار
буғгард	بوغ گرد
буғгардонӣ	بوغ گرداني
буғгармкунак	بوغ گرم کنک
буғдиҳӣ	بوغدهي
буғдода	بوغداده
буғз	بغض
буғикунанда	بوغي کننده
буғӣ	بوغي
буғкашӣ	بوغکشي
буғкунак	بوغ کنک
буғма	بوغمه
буғранҷ	بوغرنج
буғронак	بوغرانک
буғронӣ	بوغراني
буғсардкунак	بوغ سردکنک
буғтақсимкунак	بوغ تقسيم کنک
буғтоб	بوغ تاب
буғтобшуда	بوغ تابشده
буғум	بغوم
буғумак	بغومک
буғумдард	بغومدرد
буғумпойҳо	بغوم پايها
буғӯз	بغوز
буғӯзак	بغوزک
буғӯзӣ	بغوزي
буғхона	بوغخانه
буғча	بغچه
буғшавандагӣ	بوغ شوندگي
буғшавӣ	بوغ شوي
буғҷома	بغجامه
буд	بود
буда	بوده
будагӣ	بودگي
будан	بودن
буданӣ	بدني
будгор	بودگار
буддизм	بدزم
буддоия	بدائيه
буддоӣ	بدائي
будоғ	بداغ
будубош	بودوباش
буз	بز
бузак	بزک
бузбозӣ	بزبازي
бузвор	بزوار
бузғола	بزغاله
буздил	بزدل
буздилӣ	بزدلي
буздилона	بزدلانه
бузича	بزيچه
бузкаш	بزکش
бузкашак	بزکشک
бузкашӣ	بزکشي
бузпарварӣ	بزپروري
бузраҳа	بزرهه
бузриш	بزريش
бузург	بزرگ
бузургвор	بزرگوار
бузургворона	بزرگوارانه
бузургдил	بزرگ دل
бузургдилӣ	بزرگ دلي
бузургдошт	بزرگداشت
бузургзода	بزرگزاده
бузургзодагӣ	بزرگزادگي
бузургӣ	بزرگي
бузургманиш	بزرگ منش
бузургманишӣ	بزرگ منشي
бузургманишона	بزرگ منشانه
бузургмард	بزرگ مرد
бузургмардӣ	بزرگ مردي
бузургона	بزرگانه
бузургсол	بزرگ سال
бузургсолӣ	بزرگ سالي
бузургҳаҷм	بزرگحجم
бузургҷусса	بزرگجثّه
буккак	بوکّک
буко	بکا
букрӣ	بوکري
буксир	بکسير
буктерхалта	بوکترخلته
буқаламун	بوقلمون
буққа	بقّه
буқоқ	بقاق
буқъа	بقعه
булаҷаб	بلعجب
булбул	بلبل
булбула	بلبله
булбулагардон	بلبله گردان
булбулагардонӣ	بلبله گرداني
булбулак	بلبلک
булбулвор	بلبلوار
булбулзабон	بلبل زبان
булбулзабонӣ	بلبل زباني
булбулистон	بلبلستان
булбулнаво	بلبلنوا
булбулситон	بلبل ستان
булвафо	بوالوفا
булға	بلغه
булғок	بلغاک
булғор	بلغار
булғорӣ	بلغاري
булғур	بلغور
булдозер	بلدازير
булдозерчӣ	بلدازيرچي
булканҷак	بلکنجک
булкарам	بوالکرم
булкафд	بلکفد
булуғ	بلوغ
булук	بلوک
булуқ	بلق
булут	بلوط
булутзор	بلوطزار
булутӣ	بلوطي
булӯр	بلور
булӯрвор	بلوروار
булӯргардӣ	بلورگردي
булӯрин	بلورين
булӯрина	بلورينه
булӯрӣ	بلوري
булӯршакл	بلورشکل
булӯршиносӣ	بلورشناسي
булфузул	بوالفضول
булҳавас	بوالهوس
булҳавасӣ	بوالهوسي
булҳавасона	بوالهوسانه
бум	بوم
бумазӣ	بومزي
бумӣ	بومي
бумҳан	بومهن
буна	بنه
бунадор	بنه دار
бунак	بنک
бунакдиҳӣ	بنک دهي
бунақдор	بنکدار
бунафш	بنفش
бунафша	بنفشه
бунафшагун	بنفشه گون
бунафшазор	بنفشه زار
бунафшаранг	بنفشه رنگ
бунахез	بنه خيز
бунбаст	بنبست
бунгоҳӣ	بنگاهي
бундор	بندار
бундуқ	بندق
бундуқдор	بندقدار
бунёд	بنياد
бунёдгар	بنيادگر
бунёдгаро	بنيادگرا
бунёдгароӣ	بنيادگرايي
бунёдгузор	بنيادگذار
бунёдгузорӣ	بنيادگذاري
бунёдӣ	بنيادي
бунёдкан	بنيادکن
бунёдкор	بنيادکار
бунёдкорӣ	بنيادکاري
бунёдкорона	بنيادکارانه
бунёдкунанда	بنيادکننده
бунён	بنيان
бунёнгузор	بنيان گذار
бунёнгузорӣ	بنيان گذاري
бунёнӣ	بنياني
бунёнкан	بنيان کن
бунёнфикан	بنيان فکن
бунигарданӣ	بنيگردني
буния	بنيه
бунлод	بنلاد
бунмоя	بنمايه
буногӯш	بناگوش
бунсола	بن ساله
бунча	بنچه
буня	بنيه
бур	بر
бурр	بر
буранда	برنده
бурандагӣ	برندگي
бурган	برگن
бургут	برگوت
бургутбинӣ	برگوتبيني
бурғу	برغو
бурд	برد
бурда	برده
бурдагӣ	بردگي
бурдан	بردن
бурдбор	بردبار
бурдборӣ	بردباري
бурднок	بردناک
бурдуовард	برد وآورد
буржуазия	برژوازيه
буржуазӣ	برژوازي
бурз	برز
бурида	بريده
буридан	بريدن
буриш	برش
буришгоҳ	برشگاه
бурқаъ	برقع
бурма	برمه
бурнус	برنوس
буроқ	براق
бурро	برا
буррогӣ	براگي
бурроӣ	برايي
буррон	بران
бурс	برس
бурудат	برودت
бурудӯз	برودوز
буруз	بروز
бурун	برون
буруна	برونه
бурунафканӣ	برون افکني
бурунӣ	بروني
бурунмарзӣ	برون مرزي
бурунрез	برون ريز
бурунсӯ	برون سو
буруншаҳрӣ	برون شهري
бурут	بروت
бурутӣ	بروتي
буруфа	بروفه
буруҷ	بروج
бурҳон	برهان
бурчак	برچک
бурҷ	برج
бурҷсозӣ	برج سازي
бурят	بريت
бурятӣ	بريتي
буссад	بسد
буссадин	بسدين
бустон	بستان
бут	بت
бутала	بوتله
бутафория	بوتفاريه
бутафорӣ	بوتفاري
бутгар	بتگر
бутгарӣ	بتگري
бутемор	بوتيمار
бутерброд	بوتيربراد
бутимор	بوتيمار
буткада	بتکده
бутлон	بطلان
бутпараст	بتپرست
бутпарастӣ	بتپرستي
бутпарастона	بتپرستانه
бутта	بتّه
буттабур	بتّه بور
буттагӣ	بتّگي
буттадевор	بتّه ديوار
буттазор	بتّه زار
буттарош	بت تراش
буттарошӣ	بت تراشي
бутун	بتون
бутхона	بتخانه
бутшикан	بتشکن
буфер	بوفير
буфет	بفيت
буфетчӣ	بفيتچي
бухгалтер	بخگلتير
бухгалтерия	بخگلتيريه
бухгалтерӣ	بخگلتيري
бухл	بخل
бухор	بخار
бухоригӣ	بخاريگي
бухоридӯхт	بخاري دوخت
бухорисоз	بخاري ساز
бухорисозӣ	بخاري سازي
бухорӣ	بخاري
бухоркунак	بخارکنک
бухормонанд	بخارمانند
бухороӣ	بخاراي
бухоролуд	بخارآلود
бухорпаз	بخارپز
бухорхона	بخارخانه
бухорхудот	بخارخدات
бухс	بخس
бухтӣ	بختي
бухтур	بختور
бухур	بخور
бухурдон	بخوردان
буҳайра	بحيره
буҳур	بحور
буча	بچه
бучча	بچه
буҷет	بوجيت
буҷетӣ	بوجيتي
буҷӣ	بوجي
буҷулак	بجولک
буҷулбоз	بجلباز
буҷулбозӣ	بجلبازي
буҷҷак	بجک
буш	بش
бушол	بشال
бӯй	بوي
бӯбурд	بورد
бӯган	بوگن
бӯганд	بوگند
бӯгин	بوگين
бӯгир	بوگير
бӯгирифта	بوگرفته
бӯғурсоқ	بوغرساق
бӯғча	بوغچه
бӯғчабандӣ	بوغچه بندي
бӯғчабардор	بوغچه بردار
бӯғчадор	بوغچه دار
бӯғчазада	بوغچه زده
бӯғчапеч	بوغچه پيچ
бӯдиҳанда	بودهنده
бӯдор	بودار
бӯё	بويا
бӯза	بوزه
бӯзахона	بوزه خانه
бӯзахӯр	بوزه خور
бӯзахӯрӣ	بوزه خوري
бӯзбала	بزبله
бӯзина	بوزينه
бӯзинагӣ	بوزينگي
бӯидан	بوئيدن
бӯйбар	بوي بر
бӯйбарӣ	بوي بري
бӯйгир	بويگير
бӯйгирифта	بوگرفته
бӯйдор	بويدار
бӯйкашӣ	بويکشي
бӯймодарон	بويمادران
бӯйнок	بويناک
бӯқ	بوق
бӯқӣ	بوقي
бӯқаламун	بوقلمون
бӯқаламунӣ	بوقلموني
бӯқаламунсифат	بوقلمون صفت
бӯқаламунсифатӣ	بوقلمون صفتي
бӯлак	بولک
бӯр	بور
бӯра	بوره
бӯрабраш	بورابرش
бӯрак	بورک
бӯрдоқӣ	برداقي
бӯрё	بوريا
бӯрёбоф	بورياباف
бӯрёбофӣ	بوريابافي
бӯрёӣ	بوريائي
бӯрёкӯбон	بورياکوبان
бӯрёпеч	بورياپيچ
бӯрёпулӣ	بورياپولي
бӯрёпӯш	برياپوش
бӯрёча	بورياچه
бӯрикалла	بوريکله
бӯрон	بوران
бӯронӣ	بوراني
бӯроновар	بوران آور
бӯрранг	بوررنگ
бӯс	بوس
бӯса	بوسه
бӯсаафшон	بوسه افشان
бӯсабозӣ	بوسه بازي
бӯсаборон	بوسه باران
бӯсагир	بوسه گير
бӯсагоҳ	بوسه گاه
бӯсарабо	بوسه ربا
бӯсаситон	بوسه ستان
бӯсафиреб	بوسه فريب
бӯсачин	بوسه چين
бӯсаҷой	بوسه جاي
бӯсидан	بوسيدن
бӯсобӯс	بوسابوس
бӯсобӯсӣ	بوسابوسي
бӯстон	بوستان
бӯстонафрӯз	بوستان افروز
бӯстонӣ	بوستاني
бӯстонсарой	بوستان سراي
бӯта	بوته
бӯтабанд	بته بند
бӯтабандӣ	بته بندي
бӯтақолиб	بته قالب
бӯтана	بوتنه
бӯтасоз	بوته ساز
бӯтахишт	بوته خشت
бӯхча	بوخچه
бӯҳрон	بحران
бӯҳронӣ	بهراني
бӯҳтон	بهتان
бӯҳтонгӯӣ	بهتان گويي
бӯҳтонгӯй	بهتان گوي
бӯҳтонзан	بهتان زن
бӯҳтономез	بهتان آميز
бӯшаҳрӣ	بوشهري
бӯшинос	بوشناس
бӯъд	بعد
бӯя	بويه
бӯянда	بوينده
бюллетен	بيوليتين
бюро	بيورا
бюрократ	بيوراکرت
бюрократизм	بيوراکرتيزم
бюрократия	بيوراکرتيه
бюрократӣ	بيوراکرتي
ва	و
вабар	وبر
вабо	وبا
вабогирифта	وباگرفته
вабозада	وبازده
вабоӣ	وبائي
вабол	وبال
вабохона	وباخانه
вагон	وگان
вагонсозӣ	وگان سازي
вагонча	وگانچه
вағар-вағар	وغر وغر
вағар-вуғур	وغر وغور
вағастан	وغستن
вағ-вағ	وغ وغ
вағғас	وغس
вағғи	وغي
вағеш	وغيش
вағниҷ	وغنيج
вағо	وغا
вадаа	ودعه
вадаванг	ودونگ
видод	وداد
вадод	وداد
вадоеъ	ودايع
вадоъ	وداع
вадуд	ودود
важжи	وژّي
важжос	وژّاس
в-аз	وز
вазағ	وزغ
вазак	وزک
вазелин	وزيلين
вазеъ	وضيع
вазиа	وضيعه
вазидан	وزيدن
вазима	وضيمه
вазир	وزير
вазирак	وزيرک
вазирзода	وزيرزاده
вазирӣ	وزيري
вазирона	وزيرانه
вазифа	وظيفه
вазифагир	وظيفه گير
вазифадор	وظيفه دار
вазифаталаб	وظيفه طلب
вазифахоҳ	وظيفه خواه
вазифахӯр	وظيفه خور
вазифашинос	وظيفه شناس
вазифашиносӣ	وظيفه شناسي
вазиш	وزش
вазн	وزن
вазна	وزنه
вазнабардор	وزن بردار
вазнабардорӣ	وزن برداري
вазнан	وزناً
вазндор	وزن دار
вазндорӣ	وزن داري
вазнин	وزنين
вазнинак	وزنينک
вазнинакак	وزنينکک
вазнинбор	وزنين بار
вазнинӣ	وزنيني
вазнинқадам	وزنين قدم
вазниннаво	وزنين نوا
вазниновоз	وزنين آواز
вазнинона	وزنينانه
вазниноҳанг	وزنين آهنگ
вазнинтабиат	وزنين طبيعت
вазнинтан	وزنين تن
вазнинҷусса	وزنين جثّه
вазнкашӣ	وزن کشي
вазннокӣ	وزن ناکي
вазоат	وضاعت
вазон	وزان
вазорат	وزارت
вазоратӣ	وزارتي
вазоратпаноҳ	وزارت پناه
вазоратхона	وزارت خانه
вазоҳат	وضاحت
вазъ	وضع
вазъан	وضعاً
вазъият	وضعيت
вазъӣ	وضعي
ваид	وعيد
ваилло	والا
вай	وي
вайл	ويل
вайла	ويله
вайрон	ويران
вайрона	ويرانه
вайронагӣ	ويرانگي
вайроназор	ويرانه زار
вайронгар	ويران گر
вайронгарӣ	ويران گري
вайронзот	ويران ذات
вайронӣ	ويراني
вайронкор	ويران کار
вайронкорӣ	ويران کاري
вайронкунанда	ويران کننده
вайроннашаванда	ويران نشونده
вайроннопазир	ويران ناپذير
вайроншавӣ	ويران شوي
вайроншуда	ويران شده
вайҳак	ويحک
вакил	وکيل
вакилӣ	وکيلي
вакилкунанда	وکيل کننده
ваколат	وکالت
ваколатдиҳанда	وکالت دهنده
ваколатдор	وکالت دار
ваколатӣ	وکالتي
ваколатнома	وکالت نامه
ваколатхона	وکالت خانه
вакр	وکر
ваксина	وکسينه
вакуум	وکئوم
вакуумсанҷ	وکئوم سنج
вақар-вақар	وقر وقر
вақ-вақ	وق وق
вақзада	وق زده
вақеҳ	وقيح
вақеҳахӯй	وقيحه خوي
вақид	وقيد
ваққод	وقّاد
ваққос	وقّاس
вақоеъ	وقايع
вақоеънавис	وقايع نويس
вақоеънависӣ	وقايع نويسي
вақоеънигорӣ	وقايع نگاري
вақоеънома	وقايع نامه
вақоҳат	وقاحت
вақт	وقت
вақтбайъ	وقت بيع
вақтгир	وقت گير
вақтгузаронӣ	وقت گذراني
вақтӣ	وقتي
вақткашӣ	وقت کشي
вақтхуш	وقت خوش
вақтхушӣ	وقت خوشي
вақтчоқ	وقت چاق
вақтчоқӣ	وقت چاقي
вақтшинос	وقت شناس
вақтшиносӣ	وقت شناسي
вақтшумор	وقت شمار
вақуд	وقود
вақф	وقف
вақфа	وقفه
вақфия	وقفيه
вақфкор	وقف کار
вақфнома	وقف نامه
вақфхӯр	وقف خور
вақфхӯрӣ	وقف خوري
вақъ	وقع
валав	ولو
валад	ولد
валадуззино	ولدالزنا
валангидан	ولنگيدن
валангор	ولنگار
валангорӣ	ولنگاري
валангоршуда	ولنگارشده
валаъ	ولع
валвала	ولوله
вале	ولي
валек	وليک
валекин	وليکين
валентнокӣ	ولينت ناکي
валиаҳд	ولي عهد
валиаҳдӣ	ولي عهدي
валигӣ	وليگي
валима	وليمه
валинеъмат	ولي نعمت
валинеъматӣ	ولي نعمتي
валитарошӣ	ولي تراشي
валиуллоҳ	ولي الله
валишинос	ولي شناس
валӣ	ولي
валламат	ولمت
валлоҳ	والله
валодат	ولادت
валодатгоҳ	ولادت گاه
валодатнома	ولادت نامه
валокин	ولاکين
валс	ولس
валуд	ولود
валӯъ	ولوع
вананг	وننگ
ванг	ونگ
вангас	ونگس
ванг-ванг	ونگ گونگ
вангос	ونگاس
ванд	وند
вандал	وندل
вандализм	وندليزم
в-андар	واندر
ванил	ونيل
ванилдор	ونيل دار
ванилин	ونيلين
ванна	ونّه
ваннахона	ونّه خانه
ваноғ	وناغ
ванона	ونانه
ванҷ	ونج
ванҷанак	ونجنک
ваор	وعار
в-ар	ور
-вар	ور
варазм	ورزم
варақ	ورق
варақа	ورقه
варақасоз	ورقه ساز
варақзанӣ	ورق زني
варақин	ورقين
варақпора	ورق پاره
варақсанг	ورق سنگ
варам	ورم
варамида	ورميده
варамидан	ورميدن
варамкарда	ورم کرده
варандоз	ورانداز
варандохтан	ورانداختن
варанҷ	ورنج
варанҷӣ	ورنجي
вараса	ورثه
варафтодан	ورافتادن
вараҷа	ورجه
вараҷагирифта	ورجه گرفته
вараҷахона	ورجه خانه
варашон	ورشان
вараъ	ورع
варбастан	وربستن
варвар	ورور
варваризм	وروريزم
варғ	ورغ
варғбанд	ورغ بند
вард	ورد
вардана	وردنه
вардарида	وردريده
вардаст	وردست
вардоштан	ورداشتن
варз	ورز
варза	ورزه
варзгар	ورزگر
варзида	ورزيده
варзидан	ورزيدن
варзиш	ورزش
варзишгар	ورزش گر
варзишгоҳ	ورزش گاه
варзишдармонӣ	ورزش درماني
варзишӣ	ورزشي
варзишнавис	ورزش نويس
варзишхона	ورزش خانه
варзӣ	ورزي
варзо	ورزا
вариант	وريئنت
вариантнокӣ	وريئنت ناکي
варид	وريد
варкок	ورکاک
варқо	ورقا
варқонӣ	ورقاني
варна	ورنه
варо	ورا
вароъ	وراء
варовардан	وراوردن
варом	ورام
варомадан	ورامدن
варосат	وراثت
варосудан	وراسودن
варпаридан	ورپريدن
варрасида	وررسيدن
варрафон	وررفان
варрафтан	وررفتن
варроқ	وراق
варсоқигӯӣ	ورساقي گويي
варсоқихонӣ	ورساقي خواني
варсоқӣ	ورساقي
варта	ورطه
вартиш	ورتش
вартишбоз	ورتش باز
вартишбозӣ	ورتش بازي
вартовистан	ورتاوستن
вартоҷ	ورتاج
вархезидан	ورخيزيدن
варчидан	ورچيدن
варҷ	ورج
варҷманд	ورج مند
варшикаст	ورشکست
варшикаста	ورشکسته
варшикастагӣ	ورشکستگي
варшикастан	ورشکستن
варшудан	ورشدن
васан	وثن
васарға	وسرغه
васат	وسط
васатӣ	وسطي
васатуссамоъ	وسط السماع
васах	وسخ
васваса	وسوسه
васвасаангез	وسوسه انگيز
васвасабоз	وسوسه باز
васвасагар	وسوسه گر
васвасакор	وسوسه کار
васвасаманд	وسوسه مند
васвос	وسواس
васвосӣ	وسواسي
васвосомез	وسواس آميز
васеӣ	وسيعي
васеъ	وسيع
васеъпешонӣ	وسيع پيشاني
васеъҷӯяк	وسيع جويک
васеъшавӣ	وسيع شوي
васигӣ	وصيگي
васиқ	وثيق
васиқа	وثيقه
васила	وسيله
василасоз	وسيله ساز
василасозӣ	وسيله سازي
василаҷӯӣ	وسيله جويي
василаҷӯй	وسيله جوي
васим	وسيم
васият	وصيت
васиятгар	وصيت گر
васияткунанда	وصيت کننده
васиятнома	وصيت نامه
васӣ	وصي
васкора	وسکاره
васл	وصل
васла	وصله
васладор	وصله دار
васлак	وصلک
васлгар	وصل گر
васлгарӣ	وصل گري
васлӣ	وصلي
васлкунанда	وصل کننده
васлхоҳ	وصل خواه
васлҷӯ	وصل جو
васлшаванда	وصل شونده
васлшуда	وصل شده
васма	وسمه
васмат	وصمت
васнӣ	وسني
васнод	وسناد
васовис	وساوس
васоё	وصايا
васоёнома	وصايانامه
васоиқ	وثائق
васоил	وسائل
васоит	وسائط
васоқат	وثاقت
васотат	وساطت
васоят	وصايت
васоятан	وصايتاً
васса	وسه
вассабӯрё	وسه بوريا
вассал	وسل
вассалом	والسلام
вассаҷуфт	وسه جفت
вассоф	وصاف
вассофӣ	وصافي
вастӣ	وستي
васф	وصف
васфия	وصفيه
ватан	وطن
ватанбезор	وطن بيزار
ватангадо	وطن گدا
ватангурез	وطن گريز
ватандор	وطن دار
ватандӯст	وطن دوست
ватандӯстӣ	وطن دوستي
ватандӯстона	وطن دوستانه
ватанӣ	وطني
ватанпараст	وطن پرست
ватанпарастӣ	وطن پرستي
ватанпарастона	وطن پرستانه
ватанпарвар	وطن پرور
ватанпарварӣ	وطن پروري
ватанфурӯш	وطن فروش
ватанфурӯшӣ	وطن فروشي
ватанхоҳ	وطن خواه
ватанхоҳӣ	وطن خواهي
ватар	وتر
ватвот	وطواط
ватерполо	وتيرپالا
ватира	وتيره
вато	وطا
ватт	وت
ватт-соат	وت ساعت
вафд	وفد
вафӣ	وفي
вафлӣ	وفلي
вафо	وفا
вафоандеш	وفاانديش
вафогар	وفاگر
вафодор	وفادار
вафодорӣ	وفاداري
вафокеш	وفاکيش
вафонома	وفانامه
вафопарварда	وفاپرورده
вафопеша	وفاپيشه
вафот	وفات
вафоҷӯй	وفاجوي
вахим	وخيم
вахомат	وخامت
вахоматомез	وخامت آميز
вахонӣ	وخاني
вахш	وخش
вахшиҷ	وخشيج
вахшур	وخشور
ваҳ	وه
ваҳаб	وهب
ваҳақ	وحق
ваҳал	وهل
ваҳанг	وهنگ
ваҳб	وهب
ваҳбӣ	وهبي
ваҳдат	وحدت
ваҳдатистон	وحدتستان
ваҳдатобод	وحدت آباد
ваҳдатсаро	وحدت سرا
ваҳдоният	وحدانيت
ваҳдонӣ	وحداني
ваҳид	وحيد
ваҳидан	وحيداً
ваҳиш	وحش
ваҳй	وحي
ваҳқ	وهق
ваҳл	وهل
ваҳла	وهله
ваҳлатан	وهلتاً
ваҳм	وهم
ваҳмангез	وهم انگيز
ваҳмгирифта	وهم گرفته
ваҳмидан	وهميدن
ваҳмӣ	وهمي
ваҳмнок	وهم ناک
ваҳҳоб	وهاب
ваҳҳобия	وهابيه
ваҳҳобӣ	وهابي
ваҳҳоҷ	وهاج
ваҳш	وحش
ваҳшат	وحشت
ваҳшатангез	وحشت انگيز
ваҳшатафзо	وحشت افزا
ваҳшатгоҳ	وحشت گاه
ваҳшатзада	وحشت زده
ваҳшатзадагӣ	وحشت زدگي
ваҳшатзо	وحشت زا
ваҳшаткада	وحشت کده
ваҳшатнок	وحشت ناک
ваҳшатобод	وحشت آباد
ваҳшатовар	وحشت آور
ваҳшатсаро	وحشت سرا
ваҳшатфизой	وحشت فزاي
ваҳшивор	وحشي وار
ваҳшигарӣ	وحشي گري
ваҳшигӣ	وحشيگي
ваҳшиёна	وحشيانه
ваҳшимизоҷ	وحشي مزاج
ваҳшисиришт	وحشي سرشت
ваҳшисифат	وحشي صفت
ваҳшитабиат	وحشي طبيعت
ваҳшитабъ	وحشي طبع
ваҳшият	وحشيت
ваҳшӣ	وحشي
ваҳшоният	وحشانيت
ваҳшонӣ	وحشاني
ваҷ	وج
ваҷаб	وجب
ваҷал	وجل
ваҷанот	وجنات
ваҷаулбатн	وجع البطن
ваҷҷарос	وجرّاس
ваҷаъ	وجع
ваҷд	وجد
ваҷдафзо	وجدافزا
ваҷдомез	وجدآميز
ваҷеҳ	وجيه
ваҷеъ	وجيع
ваҷиз	وجيز
ваҷнат	وجنت
ваҷозат	وجازت
ваҷоҳат	وجاهت
ваҷҳ	وجه
ваҷҳан	وجهاً
ваш	وش
вашақ	وشق
вашанг	وشنگ
вашибоф	وشي باف
вашивор	وشي وار
вашик	وشيک
вашина	وشينه
вашшираз	وشي رز
вашифом	وشي فام
вашӣ	وشي
вашкарда	وشکرده
вашкаридан	وشکريدن
вашм	وشم
вашмкарда	وشم کرده
вашо	وشا
вашонӣ	وشاني
вашт	وشت
ваштан	وشتن
ваъда	وعده
ваъдабоз	وعده باز
ваъдабозӣ	وعده بازي
ваъдагӣ	وعد گي
ваъдагоҳ	وعده گاه
ваъдадор	وعده دار
ваъдакаж	وعده کژ
ваъданома	وعده نامه
ваъдахилоф	وعده خلاف
ваъдахилофӣ	وعده خلافي
ваъдашикан	وعده شکن
ваъдашиканӣ	وعده شکني
ваъз	وعظ
ваъзгӯӣ	وعظ گوئي
ваъзгӯй	وعظ گوي
ваъзомез	وعظ آميز
ваър	وعر
вегетативӣ	ويگيتتيوي
вегетатсионӣ	ويگيتتسياني
вегетатсия	ويگيتتسيه
вежа	ويژه
вексел	ويکسيل
вектор	ويکتار
векторӣ	ويکتاري
вел	ويل
велгард	ويلگرد
велгардӣ	ويلگردي
велосипед	ويلاسپيد
велосипедрон	ويلاسپيدران
велосипедронӣ	ويلاسپيدراني
велосипедсавор	ويلاسپيدسوار
венерикӣ	وينيرکي
венеролог	وينيرالاگ
венерология	وينيرالاگيه
венерологӣ	وينيرالاگي
вентил	وينتيل
вентилятор	وينتيليتار
вентилятсия	وينتيليتسيه
вергул	ويرگول
вертолёт	ويرتاليات
ветеринария	ويتيرنريه
ветнамӣ	ويطنمي
вето	ويتا
взвод	وزواد
вибратор	ويبرتار
вибратсия	ويبرتسيه
вибрион	ويبريآن
вигон	ويگان
виғна	ويغنه
видео-	ويديا
видеомагнитофон	ويديامگنتافان
видеонавор	ويديانوار
видеосидӣ	ويدياسيدي
видеотолор	ويدياتالار
видеофилм	ويديافلم
видоӣ	وداعي
видоъ	وداع
видоънома	وداع نامه
вижа	ويژه
вижагӣ	ويژ گي
виза	ويزه
виз-виз	ويز ويز
визвизак	ويزويزک
визр	وزر
виқор	وقار
виқоъ	وقاع
виқоя	وقايه
вилла	ولّه
вилодат	ولادت
вилоят	ولايت
вилоятгир	ولايت گير
вилоятгирӣ	ولايت گيري
вилоятдорӣ	ولايت داري
вилоятӣ	ولايتي
вилояткушо	ولايت کشا
вилоятситон	ولايت ستان
вилт	ولت
в-ин	وين
вингос	ونگاس
виолончел	وآلانچيل
виолончелнавоз	وآلانچيل نواز
вир	وير
вирд	ورد
виро	ورا
вирус	ويروس
вирусдор	ويروس دار
вирусӣ	ويروسي
вируснок	ويروس ناک
вирусшинос	ويروس شناس
вирусшиносӣ	وروس شناسي
висидӣ	و س د
виски	وسکي
висода	وساده
висол	وصال
висоқ	وثاق
витамин	ويتمين
витаминдор	ويتمين دار
витаминӣ	ويتميني
вифқ	وفق
вифоқ	وفاق
вифоқат	وفاقت
виҷдон	وجدان
виҷдонан	وجداناً
виҷдонӣ	وجداني
виҷдоннок	وجدان ناک
виҷдонфурӯш	وجدان فروش
виҷдонфурӯшӣ	وجدان فروشي
виҷиррос	وجرّاس
виҷор	وجار
вишоҳ	وشاه
во	وا
воафтодан	واافتادن
вобанд	وابند
вобаста	وابسته
вобастагӣ	وابستگي
вобастан	وابستن
вобил	وابل
вобуридан	وابريدن
вобӯсидан	وابوسيدن
вов	واو
вовайло	واويلا
вогардидан	واگرديدن
вогароидан	واگرائدن
вогароӣ	واگرائي
вогашт	واگشتن
вогир	واگير
вогирдор	واگيردار
вогирифтан	واگيرفتن
вогирӣ	واگيري
вогузар	واگذر
вогузор	واگذار
вогузоштан	واگذاشتن
вогурехтан	واگريختن
вогуфтан	واگفتن
водевил	واديويل
водидан	واديدن
водинишин	وادي نشين
водӣ	وادي
вододан	وادادن
водор	وادار
водоштан	واداشتن
воёфтан	وايافتن
вожа	واژه
вожагон	واژه گان
вожагоннигор	واژه گان نگار
вожагоннигорӣ	واژه گان نگاري
вожагоншинос	واژه گان شناس
вожагоншиносӣ	واژه گان شناسي
вожанома	واژه نامه
вожапардоз	واژه پرداز
вожапардозӣ	واژه پردازي
вожасозӣ	واژه سازي
вожатарошӣ	واژه تراشي
вожашинос	واژه شناس
вожашиносӣ	واژه شناسي
вожгунбахт	واژگون بخت
вожгунбахтӣ	واژگون بختي
вожгунӣ	واژگوني
вожидан	واژيدن
воз	واز
возеҳ	واضح
возеҳият	واضحيت
возеҳӣ	واضحي
возеъ	واضع
возир	وازر
возиҷ	واذيج
воиз	واعظ
воизӣ	واعظي
воистодан	وااستادن
воиш	وائش
вой	واي
войзан	واي زن
вокарда	واکرده
вокафидан	واکفيدن
вокашидан	واکشيدن
вокзал	واکزل
вокуниш	واکنش
вокунишгар	واکنشگر
вокушодан	واکشادن
вокушудан	واکشودن
воқеа	واقعه
воқеагарӣ	واقعه گري
воқеадида	واقعه ديده
воқеан	واقعاً
воқеанавис	واقعه نويس
воқеанависӣ	واقعه نويسي
воқеанигор	واقعه نگار
воқеанигорӣ	واقعه نگاري
воқеаталаб	واقعه طلب
воқеаҷӯ	واقعه جو
воқеият	واقعيت
воқеӣ	واقعي
воқеот	واقعات
воқеъ	واقع
воқеъбин	واقع بين
воқеъбинӣ	واقع بيني
воқеъбинона	واقع بينانه
воқеъгарой	واقعگراي
воқеъгароёна	واقع گرايانه
воқеъгароӣ	واقع گرائي
воқеъгӯ	واقعگو
воқеънамо	واقع نما
воқеънамоӣ	واقع نمائي
воқеънигор	واقع نگار
воқеънигорӣ	واقع نگاري
воқиф	واقف
вол	وال
вола	واله
воламидан	والميدن
волейбол	والييبال
волейболбоз	والييبال باز
волейболбозӣ	والييبال بازي
волеҳ	واله
волигарӣ	والي گري
волид	والد
волида	والده
волидайн	والدين
волӣ	والي
воло	والا
волобоф	والاباف
волод	والاد
волоиш	والائش
волоият	والايت
волоӣ	والائي
волоқадр	والاقدر
воломақом	والامقام
воломаниш	والامنش
воломартаба	والامرتبه
волон	والان
волонажод	والانژاد
волоназар	والانظر
волотабор	والاتبار
волотаборӣ	والاتباري
волохирад	والاخرد
волоҳазрат	والاحضرت
волоҳиммат	والاهمت
волоҳимматӣ	والاهمتي
волоҷаноб	والاجناب
волоҷоҳ	والاجاه
волт	والت
волтметр	والت متر
волтсанҷ	والت سنج
волфрам	والفرم
-вом	وام
вом	وام
вомбарг	وام برگ
вомвожа	وام واژه
вомгир	وام گير
вомгиранда	وام گيرنده
вомгирӣ	وام گيري
вомгузор	وام گذار
вомдор	وام دار
вомдорӣ	وام داري
вомиқ	وامق
вомӣ	وامي
вомолидан	واماليدن
вомонда	وامانده
вомондагӣ	واماندگي
вомондан	واماندن
в-он	وآن
вон	وان
вонавис	وانويس
вонамуд	وانمود
вонамудан	وانمودن
вонигаристан	وانگريستن
вониҳодан	وانهادن
вонишастан	وانشستن
вонишондан	وانشاندن
вопардохтан	واپرداختن
вопаридан	واپريدن
вопас	واپس
вопасгаро	واپس گرا
вопасгароёна	واپس گرايانه
вопасгароӣ	واپس گرائي
вопасин	واپسين
вопасӣ	واپسي
вопасмонда	واپس مانده
вопасмондагӣ	واپس ماندگي
вопасрав	واپس رو
вопечидан	واپيچيدن
вопурсидан	واپرسيدن
вопӯшидан	واپوشيدن
-вор	وار
вор	وار
вора	واره
ворамидан	وارميدن
воран	وارن
воранг	وارنگ
ворангӣ	وارنگي
ворасидан	وارسيدن
ворасӣ	وارسي
ворасондан	وارساندن
вораста	وارسته
ворастагӣ	وارستگي
ворастан	وارستن
ворафта	وارفته
ворафтагӣ	وارفتگي
ворафтан	وارفتن
вораҳидан	وارهيدن
ворез	واريز
ворехта	واريخته
ворехтагӣ	واريختگي
ворехтан	واريختن
ворид	وارد
ворида	وارده
воридгар	واردگر
воридкунанда	واردکننده
воридот	واردات
воридотӣ	وارداتي
ворис	وارث
ворисият	وارثيت
ворисӣ	وارثي
ворун	وارون
воруна	وارونه
ворунагӯӣ	وارونه گوي
ворунӣ	واروني
восеъ	واسع
восиқ	واثق
восил	واصل
восила	واصله
восит	واسط
восита	واسطه
воситагар	واسطه گر
воситагарӣ	واسطه گري
воситачӣ	واسطچي
воситашаванда	واسطه شونده
воситаҷӯй	وا سطه جوي
восиф	وا صف
восупорӣ	وا سپاري
восӯхт	واسوخت
восӯхта	وا سوخته
восӯхтагӣ	وا سوختگي
восӯхтан	وا سوختن
восӯхтанӣ	وا سوختني
вот	وات
вотаконидан	واتکانيدن
воткаш	وات کش
воткашӣ	وات کشي
вофид	وافد
вофир	وافر
вофиристодан	وافرستادن
вофӣ	وافي
вофур	وافور
вофурӣ	وافوري
вофуркаш	وافورکش
вофуркашӣ	وافور کشي
вофурхона	وافور خانه
вофурӯш	وافروش
вофурӯшӣ	وافروشي
вох	واخ
вохазидан	واخزيدن
вохаридан	واخريدن
вохида	واخيده
вохидан	واخيدن
вохондан	واخواندن
вохост	واخواست
вохоста	واخواسته
вохостан	واخواستن
вохоҳ	واخواه
вохоҳӣ	واخواهي
вохӯрдан	واخوردن
вохӯрдӣ	واخوردي
вохӯрӣ	واخوري
воҳ	واه
воҳа	واحه
воҳиб	واهب
воҳид	واحد
воҳилидан	واهليدن
воҳима	واهمه
воҳимаангез	واهمه انگيز
воҳимаандоз	واهمه انداز
воҳимагар	واهمه گر
воҳимадор	واهمه دار
воҳимадорӣ	واهمه داري
воҳимазада	واهمه زده
воҳиманок	واهمه ناک
воҳимаовар	واهمه آور
воҳимачӣ	واهمچي
воҳиштан	واهشتن
воҳӣ	واهي
вочидан	واچيدن
воҷ	واج
воҷиб	واجب
воҷибӣ	واجبي
воҷибот	واجبات
воҷибуддафъ	واجب الدفع
воҷибулвуҷуд	واجب الوجود
воҷибулизъон	واجب الاذعان
воҷибулқатл	واجب القتل
воҷибулманъ	واجب المنع
воҷид	واجد
воҷуст	واجست
воҷустан	واجستن
воша	واشه
вошаванда	واشونده
вошгуна	واشگونه
вошикофтан	واشکافتن
вошинохтан	واشناختن
вошӣ	واشي
вошудан	واشدن
вошукуфтан	واشکفتن
вошумурдан	واشمردن
вошунидан	واشنيدن
вошустан	واشستن
воя	وايه
воякаш	وايه کش
воясозӣ	وايه سازي
вубол	وبال
вузаро	وزرا
вузӯ	وضو
вузӯҳ	وضوح
вукало	وکلا
вуқуф	وقوف
вуқӯъ	وقوع
вуқӯъгоҳ	وقوع گاه
вулгаризм	ولگريزم
вулгарӣ	ولگري
вулкан	ولکن
вулканизатсия	ولکنيزتسيه
вулканӣ	ولکني
вулканшинос	ولکنشناس
вулканшиносӣ	ولکنشناسي
вулқон	ولقان
вулот	ولات
вулӯъ	ولوع
вуреб	وريب
вуруд	ورود
вурудӣ	ورودي
вуслат	وصلت
вусма	وسمه
вусмадон	وسمه دان
вусмакашида	وسمه کشيده
вусмакашӣ	وسمه کشي
вусуқ	وثوق
вусто	وسطا
вусул	وصول
вусъат	وسعت
вусъатгирӣ	وسعت گيري
вусъатдиҳӣ	وسعت دهي
вусъатёбӣ	وسعت يابي
вусъатнок	وسعت ناک
вусъатобод	وسعت آباد
вуфур	وفور
вуҳуш	وحوش
вуҳушпарвар	وحوش پرور
вуҳушпарварӣ	وحوش پروري
вуҷуд	وجود
вуҷӯҳ	وجوه
вуҷӯҳулайн	وجوه العين
вушм	وشم
вушоқ	وشاق
габар	گبر
габз	گبز
габзӣ	گبزي
габр	گبر
габрӣ	گبري
гав	گو
гавазн	گوزن
гавазнбарра	گوزنبره
гавазнбача	گوزنبچه
гавазнпарвар	گوزنپرور
гавазнпарварӣ	گوزنپروري
гавак	گوک
гаваккашӣ	گوک کشي
гаваккашон	گوک کشان
гавбоз	گوباز
гавгум	گوگم
гавғалтак	گوغلتک
гавд	گود
гавда	گوده
гавдадор	گوده دار
гавдакалон	گوده کلان
гавдара	گودره
гавдаҳаром	گوده حرام
гавдбардорӣ	گودبرداري
гавдӣ	گودي
гавднишаст	گودنشست
гавднишин	گودنشين
гавдоб	گودآب
гавдол	گودال
гавдрафта	گودرفته
гавдӯша	گودوشه
гавз	گوز
гавзбоз	گوزباز
гавзбун	گوزبن
гавзоб	گوزاب
гавзода	گوزاده
гавлес	گوليس
гавлоқ	گولاق
гавмеш	گوميش
гавмижа	گوميژه
гавожа	گواژه
гавоз	گواز
гаволидан	گواليدن
гавонпаҳлавон	گوانپهلوان
гавонҷӣ	گوانجي
гавора	گواره
гавпора	گوپاره
гаврон	گوران
гаврона	گورانه
гавхона	گوخانه
гавҳар	گوهر
гавҳарак	گوهرک
гавҳарафшон	گوهرافشان
гавҳарафшонӣ	گوهرافشاني
гавҳарбор	گوهربار
гавҳаргар	گوهرگر
гавҳаргин	گوهرگين
гавҳардор	گوهردار
гавҳарзо	گوهرزا
гавҳарзод	گوهرزاد
гавҳарин	گوهرين
гавҳарӣ	گوهري
гавҳаркаш	گوهرکش
гавҳармоя	گوهرمايه
гавҳарнажод	گوهرنژاد
гавҳарнигин	گوهرنگين
гавҳарнигор	گوهرنگار
гавҳарнишон	گوهرنشان
гавҳарпора	گوهرپاره
гавҳарпош	گوهرپاش
гавҳаррез	گوهرريز
гавҳарсанҷ	گوهرسنج
гавҳарфишон	گوهرفشان
гавҳарфурӯш	گوهرفروش
гавҳарфурӯшӣ	گوهرفروشي
гавҳархез	گوهرخيز
гавҳарчин	گوهرچين
гавҳаршинос	گوهرشناس
гавҳаршиносӣ	گوهرشناسي
гавҳаршумор	گوهرشمار
гавҷигар	گوجگر
гадак	گدک
гадик	گديک
гадой	گداي
гадобача	گدابچه
гадобозӣ	گدابازي
гадогурусна	گداگرسنه
гадогушна	گداگشنه
гадодухтар	گدادختر
гадоёна	گدايانه
гадозан	گدازن
гадозода	گدازاده
гадозодагӣ	گدازادگي
гадоӣ	گدائي
гадойбача	گداي بچه
гадокуш	گداکش
гадоманиш	گدامنش
гадомонанд	گدامانند
гадопеша	گداپيشه
гадорафтор	گدارفتار
гадорӯй	گداروي
гадосимо	گداسيما
гадосифат	گداصفت
гадосифатӣ	گداصفتي
гадотабъ	گداطبع
гадохислат	گداخصلت
гадохислатӣ	گداخصلتي
гадохона	گداخانه
гадохулқ	گداخلق
гадоҳиммат	گداهمت
гадочашм	گداچشم
гадочашмӣ	گداچشمي
гадя	گديه
гадяпараст	گديه پرست
гаж	گژ
гаждум	گژدم
гаждума	گژدمه
гаждумак	گژدمک
гаждумвор	گژدم وار
газ	گز
газа	گزه
газак	گزک
газакворӣ	گزکواري
газан	گزن
газангубин	گزانگبين
газанд	گزند
газанда	گزنده
газандагӣ	گزندگي
газандрасон	گزندرسان
газар	گزر
газвор	گزوار
газворбоф	گزوارباف
газворбофӣ	گزواربافي
газворӣ	گزواري
газворфурӯш	گزوارفروش
газворфурӯшӣ	گزوارفروشي
газ-газ	گزگز
газгузар	گزگذر
газгузарон	گزگزران
газгузаронӣ	گزگزراني
газгун	گزگون
газгунӣ	گزگوني
газгӯш	گزگوش
газгӯшт	گزگوشت
газгӯштӣ	گزگوشتي
газдор	گزدار
газдум	گزدم
газета	گزيته
газида	گزيده
газидан	گزيدن
газина	گزينه
газир	گزير
газистон	گزيستان
газиш	گزش
газкафшер	گزکفشير
газкафшергар	گزکفشيرگر
газлак	گزلک
газм	گزم
газма	گزمه
газмол	گزمال
газмонанд	گزمانند
газна	گزنه
газназор	گزنه زار
газногузар	گزناگزر
газнок	گزناک
газоб	گزاب
газобетон	گزابيتان
газобетонӣ	گزابيتاني
газовангон	گزاوانگان
газогенератор	گزاگنرتار
газой	گزاي
газоидан	گزايدن
газолин	گزالين
газолуд	گزآلود
газолудагӣ	گزآلودگي
газолудӣ	گزآلودي
газон	گزان
газондан	گزاندن
газопровод	گزاپراواد
гизоф	گزاف
газоф	گزاف
гизофа	گزافه
газофа	گزافه
газофгӯй	گزافگوي
газофгӯӣ	گزافگوئي
газофкор	گزافکار
газофкорӣ	گزافکاري
газоянда	گزاينده
газпошак	گزپاشک
газсанҷ	گزسنج
газсифат	گزصفت
газтақсимкунӣ	گزتقسيمکني
газтанвир	گزتنوير
газтозакунак	گزتازه کنک
газтозакунӣ	گزتازه کني
газхез	گز خيز
газхона	گزخانه
газҳосилкунӣ	گزحاصل کني
газчароғ	گزچراغ
газченкун	گزچنکن
газчӯб	گزچوب
гайка	گيکه
гайкатоб	گيکه تاب
геҳон	گهان
гайҳон	گيهان
геҳонхидев	گهان خديو
гайҳонхидев	گيهانخديو
галла	گلّه
гала	گله
галлабаҳодур	گله بهادر
галлабон	گله بان
галлабонӣ	گله باني
галлагов	گله گاو
галладор	گله دار
галладорӣ	گله داري
галактика	گلکتيکه
галлаосиё	گله آسيا
галларав	گله رو
галласитора	گله ستاره
галласоҳибӣ	گله صاحبي
галлаҷазира	گله جزيره
галванизатсия	گلونيزتسيه
галванӣ	گلوني
галванометр	گلونامتر
галерея	گلريه
галифе	گليفه
галлон	گلان
галогенҳо	گلاگنها
галогенӣ	گلاگني
гамаст	گمست
гамбит	گمبيت
гамбусак	گمبسک
гамбуск	گمبسک
гамбусквор	گمبسکوار
гамӣ	گمي
гамма	گمه
гамма-шуоъҳо	گمه شعاع ها
ганг	گنگ
гангбор	گنگبار
гангор	گنگار
гангстер	گنگستر
гангстеризм	گنگستريزم
ганд	گند
ганда	گنده
гандабар	گنده بر
гандабур	گنده بر
гандабурид	گنده بريد
гандабӯй	گنده بوي
гандагап	گنده گپ
гандагапӣ	گنده گپي
гандагард	گنده گرد
гандагашт	گنده گشت
гандагӣ	گندگي
гандагӯ	گنده گو
гандагӯӣ	گنده گوئي
гандадарав	گنده درو
гандадаҳон	گنده دهان
гандадимоғ	گنده دماغ
гандадимоғӣ	گنده دماغي
гандакор	گنده کار
гандакорӣ	گنده کاري
гандамағз	گنده مغز
гандамағзӣ	گنده مغزي
ганданавис	گنده نويس
ганданависӣ	گنده نويسي
гандано	گندنا
гандапарон	گنده پران
гандапаронӣ	گنده پراني
гандапир	گنده پير
гандахиштак	گنده خشتک
гандбол	گندبال
гандболбоз	گندبالباز
ганддаҳон	گنددهان
ганддимоғ	گنددماغ
гандзада	گندزده
гандзадагӣ	گندزدگي
гандзудо	گندزدا
гандзудоӣ	گندزدائي
гандида	گنديده
гандидагӣ	گنديدگي
гандидан	گنديدن
гандӣ	گندي
гандо	گندا
гандоб	گندآب
гандобрав	گندآبرو
гандондан	گنداندن
гандпир	گندپير
гандум	گندم
гандумак	گندمک
гандумбардорӣ	گندم برداري
гандумбирён	گندم بريان
гандумбо	گندم با
гандумгун	گندم گون
гандумгуна	گندم گونه
гандумгунӣ	گندم گوني
гандумдарав	گندم درو
гандумдаравӣ	گندم دروي
гандумзор	گندم زار
гандумиён	گندميان
гандумин	گندمين
гандумӣ	گندمي
гандумкор	گندم کار
гандумкорӣ	گندم کاري
гандумкӯбӣ	گندم کوبي
гандумкӯча	گندم کوچه
гандумнамо	گندم نما
гандумнамоӣ	گندم نمائي
гандумпоя	گندم پايه
гандумранг	گندم رنگ
гандумфурӯш	گندم فروش
гандумфурӯшӣ	گندم فروشي
гандумхез	گندم خيز
гандумҷӯш	گندم جوش
гандумҷӯшак	گندم جوشک
гандумшӯрак	گندم شورک
гантел	گنتيل
ганҷ	گنج
ганҷа	گنجه
ганҷавӣ	گنجوي
ганҷафшонӣ	گنج افشاني
ганҷбахш	گنج بخش
ганҷбахшӣ	گنج بخشي
ганҷбон	گنج بان
ганҷдон	گنج دان
ганҷёб	گنج ياب
ганҷина	گنجينه
ганҷинадор	گنجينه دار
ганҷинасанҷ	گنجينه سنج
ганҷӣ	گنجي
ганҷков	گنج کاو
ганҷковӣ	گنج کاوي
ганҷнома	گنج نامه
ганҷоган	گنج آگن
ганҷпардоз	گنج پرداز
ганҷрез	گنج ريز
ганҷсанҷ	گنج سنج
ганҷур	گنجور
ганҷура	گنجوره
ганҷурӣ	گنجوري
ганҷхона	گنج خانه
ганҷхудо	گنج خدا
ганҷҷӯӣ	گنج جويي
ганҷҷӯй	گنج جوي
гап	گپ
гапбардор	گپ بردار
гапбоз	گپ باز
гапбозӣ	گپ بازي
гапбоф	گپ باف
гапбофӣ	گپ بافي
гапгардонӣ	گپ گرداني
гапгир	گپ گير
гапгирӣ	گپ گيري
гапгузаронак	گپ گزرانک
гапгузаронӣ	گپ گزراني
гапдаро	گپ درا
гапдон	گپ دان
гапдонӣ	گپ داني
гапдузд	گي دزد
гапдӯст	گپ دوست
гапзанӣ	گپ زني
гапзанон	گپ زنان
гапӣ	گپي
гапкалон	گپ کلان
гапков	گپ کاو
гапковӣ	گپ کاوي
гапнабардор	گپ نبردار
гапнабардорӣ	گپ نبرداري
гапнобардор	گپ نابردار
гапногир	گپ ناگير
гапнодаро	گپ نادرا
гапнофаҳм	گپ نافهم
гапношунав	گپ ناشنو
гаппаронӣ	گپ پراني
гаппурсӣ	گپ پرسي
гаправ	گپ رو
гапфаҳм	گپ فهم
гапфурӯш	گپ فروش
гапфурӯшӣ	گپ فروشي
гапхӯр	گپ خور
гапхӯрӣ	گپ خوري
гапча	گپچه
гапчин	گپچين
гапчинӣ	گپچيني
-гар	گر
гар	گر
гарав	گرو
гаравбандӣ	گروبندي
гаравгир	گروگير
гаравгирӣ	گروگيري
гаравгон	گروگان
гаравгонгирӣ	گروگان گيري
гаравгузор	گروگذار
гаравгузорӣ	گروگذاري
гаравдеҳ	گروده
гаравдиҳанда	گرودهنده
гаравдор	گرودار
гаравидан	گرويدن
гаравиш	گروش
гаравӣ	گروي
гаравкашӣ	گروکشي
гаравмон	گرومان
гаравнома	گرونامه
гаравондан	گرواندن
гаравпулӣ	گروپولي
гаравхат	گروخط
гаравхона	گروخانه
гараж	گرژ
гарам	گرم
гаранг	گرنگ
гарангӣ	گرنگي
гарангнамо	گرنگ نما
гарангшуда	گرنگ شده
гаргин	گرگين
гард	گرد
гарда	گرده
гардак	گردک
гардан	گردن
гардана	گردنه
гарданагир	گردنه گير
гарданафроз	گردن افراز
гарданафрохта	گردن افراخته
гарданбанд	گردن بند
гарданборик	گردن باريک
гарданбурида	گردن بريده
гардангир	گردن گير
гардангоҳ	گرنگاه
гарданғафс	گردن غفس
гарданғафсӣ	گردن غفسي
гарданда	گردنده
гардандагӣ	گردندگي
гардандароз	گردن دراز
гардандарозӣ	گردن درازي
гардандодагӣ	گردن دادگي
гарданзан	گردن زن
гарданӣ	گردني
гарданканда	گردن کنده
гарданкаҷ	گردن کج
гарданкаш	گردن کش
гарданкашӣ	گردن کشي
гарданкӯтоҳ	گردن کوتاه
гардано	گردنا
гардановар	گردن آور
гарданон	گردنان
гарданпеч	گردن پيچ
гарданпечонак	گردن پيچانک
гардантобӣ	گردن تابي
гарданфароз	گردن فراز
гарданфарозӣ	گردن فرازي
гарданшах	گردن شخ
гарданшахӣ	گردن شخي
гарданшикаста	گردن شکسته
гардар	گردر
гардафшонӣ	گردافشاني
гардгир	گردگير
гардгирак	گردگيرک
гардгирифта	گردگرفته
гардгирӣ	گردگيري
гарддон	گرددان
гарддоршавӣ	گرددارشوي
гардероб	گردراب
гардидан	گرديدن
гардина	گردينه
гардиш	گردش
гардишбоб	گردش باب
гардишгар	گردش گر
гардишгарӣ	گردش گري
гардишгоҳ	گردشگاه
гардишдор	گردش دار
гардишкунон	گردش کنان
гардӣ	گردي
гардкам	گردکم
гардкашак	گردکشک
гардногузар	گردناگذر
гарднурӣ	گردنوري
гардо	گردا
гардоба	گردآبه
гардогард	گرداگرد
гардолуд	گردآلود
гардолуда	گردآلوده
гардолудшавӣ	گردآلودشوي
гардон	گردان
гардона	گردانه
гардонанда	گرداننده
гардпош	گردپاش
гардпошак	گردپاشک
гардун	گردون
гардуна	گردونه
гардунгузор	گردون گزار
гардункаш	گردون کش
гардункулоҳ	گردون کلاه
гардуннавард	گردون نورد
гардунсавор	گردون سوار
гардуншукӯҳ	گردون شکوه
гардухокӣ	گردوخاکي
гардфишон	گردفشان
гардченкунак	گردچنکنک
гардчин	گردچين
гирева	گريوه
гурза	گرزه
гарза	گرزه
гарзан	گرزن
гарм	گرم
гарма	گرمه
гармак	گرمک
гармакфурӯш	گرمک فروش
гармалаф	گرم علف
гармбӯсӣ	گرم بوسي
гармгоҳ	گرم گاه
гармдил	گرم دل
гармдимоғ	گرم دماغ
гармдимоғӣ	گرم دماغي
гармдор	گرم دار
гармдору	گرم دارو
гармибар	گرمي بر
гармибардор	گرمي بردار
гармибардорӣ	گرمي برداري
гармибахш	گرمي بخش
гармигузарон	گرمي گزران
гармигузаронӣ	گرمي گزراني
гармиғунҷоиш	گرمي غنجايش
гармидиҳанда	گرمي دهنده
гармидор	گرمي دار
гармидӯст	گرمي دوست
гармиён	گرميان
гармиивазкунак	گرمي عوض کنک
гармиивазкунӣ	گرمي عوض کني
гарминигоҳдор	گرمي نگاه دار
гарминигоҳдорӣ	گرمي نگاه داري
гарминогузар	گرمي ناگزر
гармипазир	گرمي پذير
гармисанҷ	گرمي سنج
гармитобовар	گرمي تاب آور
гармихоҳ	گرمي خواه
гармича	گرميچه
гармӣ	گرمي
гармкинӣ	گرم کيني
гармкунак	گرم کنک
гармкунанда	گرم کننده
гармкунӣ	گرم کني
гармқоқ	گرم قاق
гарммизоҷ	گرم مزاج
гармнафас	گرم نفس
гармнигоҳ	گرم نگاه
гармо	گرما
гармоба	گرمابه
гармобабон	گرمابه بان
гармобадор	گرمابه دار
гармогарм	گرماگرم
гармогармӣ	گرماگرمي
гармодармонӣ	گرمادرماني
гармозада	گرمازده
гармозадагӣ	گرمازدگي
гармоиш	گرمايش
гармоишӣ	گرمايشي
гармоӣ	گرمائي
гармон	گرمان
гармония	گرمانيه
гармоннавоз	گرمان نواز
гармосанҷ	گرماسنج
гармоташхис	گرماتشخيص
гармоҳанг	گرم آهنگ
гармпурсӣ	گرم پرسي
гармрав	گرم رو
гармрафтор	گرم رفتار
гармрухсор	گرم رخسار
гармрӯй	گرم روي
гармсайр	گرم سير
гармсарӣ	گرم سري
гармсел	گرم سيل
гармселзада	گرم سيل زده
гармсер	گرم سير
гармсерӣ	گرم سيري
гармсӯҳбат	گرم صحبت
гармтабъ	گرم طبع
гармтак	گرم تک
гармтоз	گرم تاز
гармхез	گرم خيز
гармхезӣ	گرم خيزي
гармхона	گرم خانه
гармхун	گرم خون
гармхунӣ	گرم خوني
гармхушк	گرم خشک
гармхӯ	گرم خو
гармхӯӣ	گرم خوئي
гармчашма	گرم چشمه
гармчеҳра	گرم چهره
гармҷӯшӣ	گرم جوشي
гармшавӣ	گرم شوي
гармшикамӣ	گرم شکمي
гарна	گرنه
гарнизон	گرنيزان
гарнизонӣ	گرنيزاني
гарнитур	گرنيتور
гароидан	گرائيدن
гироиш	گرايش
гароиш	گرايش
гарон	گران
гаронбаҳо	گران بها
гаронбор	گران بار
гаронборӣ	گران باري
гаронборона	گران بارانه
гаронгӯш	گرانگوش
гаронгӯшӣ	گرانگوشي
гарондаст	گران دست
гарондастӣ	گران دستي
гарониш	گرانش
гаронишӣ	گرانشي
гаронӣ	گراني
гаронқадр	گران قدر
гаронқимат	گران قمت
гаронмоя	گرانمايه
гаронмоягӣ	گرانمايگي
гароннарх	گران نرخ
гаронпоя	گران پايه
гаронрав	گران رو
гаронрикоб	گران رکاب
гаронрикобӣ	گران رکابي
гаронсайр	گران سير
гаронсанг	گران سنگ
гаронсангӣ	گران سنگي
гаронсар	گران سر
гаронсоя	گران سايه
гаронтамкин	گران تمکين
гаронфурӯш	گران فروش
гаронфурӯшӣ	گران فروشي
гаронхез	گران خيز
гаронхоб	گران خواب
гаронхор	گران خوار
гаронҷон	گران جان
гаронҷонӣ	گران جاني
гароянда	گراينده
гарчанд	گرچند
гарчи	گرچه
гастрит	گستريت
гастроэнтерология	گستراانترالاگيه
гаҳ	گه
гаҳанбор	گهنبار
гаҳбуд	گهبد
гаҳвора	گهواره
гаҳворабандон	گهواره بندان
гаҳворабахш	گهواره بخش
гаҳворапӯш	گهواره پوش
гаҳворапӯшак	گهواره پوشک
гаҳворасоз	گهواره ساز
гаҳвораҷунбон	گهواره جنبان
гаҳвораҷунбонӣ	گهواره جنباني
гаҳгир	گه گير
гаҳгирӣ	گه گيري
гач	گچ
гача	گچه
гачабозӣ	گچه بازي
гачбандӣ	گچبندي
гачкорӣ	گچکاري
гачча	گچه
гаҷ	گج
гаҷандуд	گج اندود
гаҷбандӣ	گجبندي
гаҷбур	گجبر
гаҷбурӣ	گجبري
гаҷгар	گجگر
гаҷгарӣ	گجگري
гаҷдӯст	گجدوست
гаҷин	گجين
гаҷир	گجير
гаҷӣ	گجي
гаҷкор	گج کار
гаҷкорӣ	گجکاري
гаҷкӯб	گج کوب
гаҷкӯбӣ	گجکوبي
гаҷпаз	گج پز
гаҷпазӣ	گج پزي
гаҷсанг	گج سنگ
гаҷсоз	گج ساز
гаҷсозӣ	گج سازي
гаҷхок	گج خاک
гаш	گش
гашан	گشن
гашансор	گشن سار
гашниз	گشنيز
гашниза	گشنيزه
гашнизӣ	گشنيزي
гашничак	گشنيچک
гашт	گشت
гашта	گشته
гаштак	گشتک
гаштан	گشتن
гаштанӣ	گشتني
гаштасар	گشته سر
гаштзанӣ	گشت زني
гаштирӯзӣ	گشت روزي
гаштӣ	گشتي
гаштогашт	گشتاگشت
гаштор	گشتار
гашторӣ	گشتاري
гаштугузор	گشت وگزار
гвардия	گورديه
гева	گيوه
гевакаш	گيوه کش
гейзер	گيزير
гектар	گکتر
гекто	گکتا
гектоватт	گيکتاوت
гектолитр	گيکتالتر
гектометр	گيکتامتر
гелий	گلي
гелио	گليا
гелиография	گلياگرفيه
гелиодастгоҳ	گليادستگاه
гелиомарказӣ	گليا مرکزي
гелиометр	گليامتر
гелиотехника	گلياتخنيکه
гелос	گيلاس
гелосӣ	گيلاسي
гематология	گمتالاگيه
гемоглобин	گماگلابين
ген	گن
гендер	گندر
гендерӣ	گندري
генезис	گنزيس
генерал	گنرل
генерал-губернатор	گنرل گوبرنتار
генералиссимус	گنرلسيموس
генералитет	گنرلتيت
генералӣ	گنرلي
генератор	گنرتار
генераторӣ	گنرتاري
генетика	گنتيکه
генетикӣ	گنتيکي
генотсид	گناتسيد
генофонд	گنافاند
генсозӣ	گن سازي
геоботаника	گياباتنيکه
география	گياگرفيه
геодезия	گيادزيه
геодезӣ	گيادزي
геология	گيالاگيه
геометрия	گيامتريه
геосентризм	گياسنتريزم
геофизика	گيافيزيکه
геофизикӣ	گيافيزيکي
геохимия	گياخيميه
гепатит	گيپتيت
гипо	گيپا
геран	گرن
герб	گرب
гербарий	گربريي
гербитсид	گربيتسيد
германий	گرمنيي
германӣ	گرمني
героин	گراين
геронтология	گرانتالاگيه
гес	گيس
гесбоф	گيس باف
гесбофӣ	گيس بافي
гестапо	گستپا
гесу	گيسو
гесубанд	گيسوبند
гесубурида	گيسوبريده
гесудор	گيسودار
гетиафрӯз	گيتي افروز
гетибон	گيتي بان
гетидор	گيتي دار
гетикушой	گيتي کشاي
гетинавард	گيتي نورد
гетинамой	گيتي نماي
гетинигор	گيتي نگار
гетиоро	گيتي آرا
гетипажӯҳ	گيتي پژوه
гетипаймо	گيتي پيما
гетипаноҳ	گيتي پناه
гетиситон	گيتي ستان
гетифурӯз	گيتي فروز
гетишинос	گيتي شناس
гетӣ	گيتي
гетто	گيتّا
гигабайт	گيگه بيت
гигиена	گيگيينه
гигиенӣ	گيگييني
гигро-	گيگرا
гигрометр	گيگرامتر
гигроскоп	گيگراسکاپ
гигроскопӣ	گيگراسکاپي
гидра	گيدره
гидрат	گيدرت
гидро-	گيدرا
гидроагрегат	گيدرااگريگت
гидроген	گيدراگن
гидрогенератор	گيدراگنرتار
гидрогеология	گيدراگيالاگيه
гидродинамика	گيدرادينميکه
гидродинамикӣ	گيدرادينميکي
гидролиз	گيدراليز
гидрология	گيدرالاگيه
гидромелиоративӣ	گيدراملي آرتيوي
гидромелиоратсия	گيدراملي آرتسيه
гидротехника	گيدراتخنيکه
гидротурбина	گيدراتروبينه
гидя	گديه
гидяпараст	گديه پرست
гиё	گيا
гиёбун	گيابن
гиёғ	گياغ
гиёдору	گيادارو
гиёзор	گيازار
гиёосо	گياآسا
гиёхок	گياخاک
гиёхор	گياخوار
гиёҳ	گياه
гиёҳак	گياهک
гиёҳдармонӣ	گياه درماني
гиёҳзор	گياه زار
гиёҳӣ	گياهي
гиёҳманд	گياه مند
гиёҳнома	گياه نامه
гиёҳоба	گياه آبه
гиёҳон	گياهان
гиёҳпизишк	گياه پزشک
гиёҳпизишкӣ	گياه پزشکي
гиёҳхор	گياه خوار
гиёҳхорӣ	گياه خواري
гиёҳхӯрд	گياه خورد
гиёҳшинос	گياه شناس
гиёҳшиносӣ	گياه شناسي
гиз	گيز
гизофгӯй	گزافگوي
гизофкор	گزفکار
гил	گل
гила	گله
гилагузорӣ	گله گزاري
гилакунон	گله کنان
гиламанд	گله مند
гиламандона	گله مندانه
гиландуд	گل اندود
гилаомез	گله آميز
гилаомезона	گله آميزانه
гилбӯта	گل بوته
гилгар	گل گر
гилгир	گل گير
гилгин	گلگين
гилғилмон	گلغلمان
гилдор	گلدار
гилза	گيلزه
гилем	گليم
гилембоф	گليم باف
гилембофӣ	گليم بافي
гилемпора	گليم پاره
гилемфурӯш	گليم فروش
гилемфурӯшӣ	گليم فروشي
гилемча	گليمچه
гилин	گلين
гилӣ	گلي
гилкаш	گلکش
гилкашӣ	گلکشي
гилкор	گلکار
гилкорӣ	گلکاري
гилмола	گلماله
гилмолӣ	گلمالي
гилмоя	گلمايه
гилмӯҳра	گل مهره
гилнок	گلناک
гилоба	گلابه
гилолуд	گل آلود
гилолуда	گل آلوده
гилоя	گلايه
гилоякунон	گلايه کنان
гилояомез	گلايه آميز
гилтобӣ	گلتابي
гилфарш	گلفر
гилхок	گلخاک
гилхора	گلخاره
гимназия	گيمنزيه
гимнастика	گيمنستيکه
гимнастикӣ	گيمنستيکي
гинекология	گينکالاگيه
гинекологӣ	گينکالاگي
гипербола	گيپرباله
гипертрофия	گيپارترافيه
гипноз	گيپناز
гипнозгар	گيپنازگر
гипнозкунанда	گيپنازکننده
гипнотизм	گيپناتيزم
гипотенуза	گيپا تنوزه
гипс	گيپس
гир	گير
гиранда	گيرنده
гиргирак	گيرگيرک
гиргиракбозӣ	گيرگيرکبازي
гирд	گرد
-гирд	گرد
гирда	گرده
гирдак	گردک
гирдакон	گردکان
гирдапаз	گرده پز
гирдапартоӣ	گرده پرتايي
гирдарӯ	گرده رو
гирдасӯҳон	گرده سوهان
гирдбагирдон	گردبگردان
гирдбод	گردباد
гирдбода	گردباده
гирдбодмонанд	گردبادمانند
гирдбодосо	گردبادآسا
гирдболиш	گردبالش
гирдбон	گردبان
гирдбоф	گردباف
гирдбур	گردبر
гирдгард	گردگرد
гирдгарданда	گردگردنده
гирдгардон	گردگردان
гирдгоҳ	گردگاه
гирддандон	گرددندان
гирдиҳамоӣ	گردهم آيي
гирдӣ	گردي
гирдно	گردنا
гирдмон	گردمان
гирдоб	گردآب
гирдобваш	گرداب وش
гирдоваранда	گردآورنده
гирдоварӣ	گردآوري
гирдогирд	گرداگرد
гирдомада	گردآمده
гирдпеч	گردپيچ
гирдпой	گردپاي
гирдрон	گردران
гирдрӯй	گردروي
гирдсӯз	گردسوز
гирду	گردو
гирдубозӣ	گردوبازي
гирдхон	گردخان
гиребон	گريبان
гиребонбанд	گريبان بند
гиребонгир	گريبان گير
гиребонгирӣ	گريبان گيري
гиребондарида	گريبان دريده
гиребонӣ	گريباني
гиребонкушод	گريبان کشاد
гиребонкушода	گريبان کشاده
гиребончок	گريبان چاک
гиребоняла	گريبان يله
гиревоз	گريواز
гиреҳ	گره
гиреҳбанд	گره بند
гиреҳбаста	گره بسته
гиреҳбур	گره بر
гиреҳгир	گره گير
гиреҳгоҳ	گرهگاه
гиреҳдор	گره دار
гиреҳзада	گره زده
гиреҳзанӣ	گره زني
гиреҳкушо	گره کشا
гиреҳкушой	گره کشاي
гиреҳкушоӣ	گره کشايي
гиреҳмӯй	گره موي
гиреҳпеч	گره پيچ
гиреҳпешонӣ	گره پيشاني
гирён	گريان
гирёнчак	گريانچک
гирёнчакӣ	گريانچکي
гирим	گيرم
гиристан	گرستن
гирифт	گرفت
гирифта	گرفته
гирифтагӣ	گرفتگي
гирифтазабон	گرفته زبان
гирифталаб	گرفته لب
гирифтан	گرفتن
гирифтанӣ	گرفتني
гирифтахотир	گرفته خاطر
гирифтор	گرفتار
гирифторӣ	گرفتاري
гирифтугир	گرفت وگير
гирифтумон	گرفت ومان
гириҳа	گرهه
гиркиш	گرکيش
гиро	گيرا
гирогир	گيراگير
гироидан	گرائيدن
гироӣ	گرايي
гиромӣ	گرامي
гирондан	گراندن
гирудор	گرودار
гирумон	گرومان
гиря	گريه
гиряангез	گريه انگيز
гирянда	گرينده
гиряовар	گريه آور
гиряолуд	گريه آلود
гиряомез	گريه آميز
гистология	گيستلاگيه
гитара	گيتره
гитаранавоз	گيتره نواز
гитаранавозӣ	گيتره نوازي
гиҷ	گج
гиҷҷа	گيجه
глитсерин	گليتسرين
глобализатсия	گلابليزتسيه
глобус	گلابوس
глюкоза	گليوکازه
гносеология	گناسيآلاگيه
гносеологӣ	گناسيآلاگي
гноститсизм	گناستيسيزم
гов	گاو
говарс	گاورس
говарса	گاورسه
говбанд	گاوبند
говбандӣ	گاوبندي
говбоз	گاوباز
говбозӣ	گاوبازي
говбон	گاوبان
говбонӣ	گاوباني
говбора	گاوباره
говгаданг	گاوگدنگ
говгоҳ	گاوگاه
говгум	گاوگم
говгун	گاوگون
говгӯш	گاوگوش
говдил	گاودل
говдор	گاودار
говдорӣ	گاوداري
говдум	گاودم
говдӯш	گاودوش
говдӯша	گاودوشه
говдӯшӣ	گاودوشي
говёл	گاويال
говзабон	گاوزبان
говзанбӯр	گاوزنبور
говзаҳра	گاوزهره
говзӯр	گاوزور
говзӯрӣ	گاوزوري
говигарӣ	گاويگري
говизана	گاويزنه
говӣ	گاوي
говкаш	گاوکش
говкиса	گاوکيسه
говландӣ	گاولندي
говмалах	گاوملخ
говмаргӣ	گاومرگي
говмеш	گاوميش
говмирӣ	گاوميري
говмонанд	گاومانند
говмоҳӣ	گاوماهي
говора	گاواره
говоҳан	گاوآهن
говпайкар	گاوپيکر
говпараст	گاوپرست
говпарастӣ	گاوپرستي
говпоӣ	گاوپايي
говпой	گاوپاي
говпӯст	گاوپوست
говравған	گاوروغن
говранг	گاورنگ
говриш	گاوريش
говрон	گاوران
говрона	گاورانه
говронӣ	گاوراني
говрӯй	گاوروي
говсандуқ	گاوصندوق
говсар	گاوسر
говсор	گاوسار
говтабъӣ	گاطبعي
говтоз	گاوتاز
говтозӣ	گاوتازي
говхалта	گاوخلته
говхона	گاوخانه
говхӯр	گاوخور
говчарон	گاوچران
говчаронӣ	گاوچراني
говчашм	گاوچشم
говчеҳр	گاوچهر
говҷаллоб	گاوجلاب
говҷаллобӣ	گاوجلابي
говҷигар	گاوجگر
говҷусса	گاوجثّه
говҷӯш	گاوجوش
говҷӯшӣ	گاوجوشي
говшир	گاوشير
гоз	گاز
гоза	گازه
гозур	گازور
гозургоҳ	گازورگاه
гол	گال
голидан	گاليدن
голландӣ	گالندي
гом	گام
гомофония	گامافانيه
гомшумор	گام شمار
горд	گارد
горилла	گاريله
гормон	گارمان
госпитал	گاسپيتل
готика	گاتيکه
готикӣ	گاتيکي
гоф	گاف
гоҳ	گاه
гоҳанбор	گاهن بار
гоҳангон	گاهنگان
гоҳбор	گاهبار
гоҳвор	گاهوار
гоҳвора	گاهواره
гоҳгир	گاه گير
гоҳӣ	گاهي
гоҳо	گاها
гоҳнома	گاه نامه
гоҳҷӯй	گاه جوي
гоҳшуморӣ	گاه شماري
гоҷ	گاج
гоҷигарӣ	گاجي گري
гоҷӣ	گاجي
гоштан	گاشتن
гражданин	گرژدنين
гражданӣ	گرژدني
грамм	گرم
грамматика	گرمتيکه
грамматикӣ	گرمتيکي
граната	گرنته
гранатаандоз	گرنته انداز
грант	گرنت
граф	گرف
графика	گرفيکه
грейдер	گريدر
грим	گريم
грипп	گريپ
гроссмейстер	گراسميستر
гувожа	گواژه
гуволидан	گواليدن
гувор	گوار
гуворанда	گوارنده
гуворандагӣ	گوارندگي
гуворидан	گواريدن
гувориш	گواريش
гуворо	گوارا
гувороӣ	گوارايي
гуворон	گواران
гувоҳ	گواه
гувоҳинома	گواهي نامه
гувоҳӣ	گواهي
гувоҳнома	گواهنامه
гувоштан	گواشتن
гудоз	گداز
гудоза	گدازه
гудозанда	گدازنده
гудозвар	گدازور
гудозишгар	گدازش گر
гудозида	گدازيده
гудозидан	گدازيدن
гудозиш	گدازش
гудохт	گداخت
гудохта	گداخته
гудохтан	گداختن
гудохтанӣ	گداختني
гудрон	گودران
гужор	گژار
гузар	گذر
гузаранда	گذرنده
гузаргаҳ	گذرگه
гузаргоҳ	گذرگاه
гузариш	گذرش
гузарӣ	گذري
гузаро	گذرا
гузарон	گذران
гузаронанда	گذراننده
гузашт	گذشت
гузашта	گذشته
гузаштагароӣ	گذشته گرايي
гузаштагон	گذشتگان
гузаштан	گذشتن
гузаштанӣ	گذشتني
гузашткунанда	گذشت کننده
гузида	گزيده
гузидан	گزيدن
гузин	گزين
гузир	گزير
гузор	گزار
гузора	گزاره
гузоранда	گزارنده
гузорд	گزارد
гузордан	گزاردن
гузоридан	گزاريدن
гузориш	گزارش
гузоришгар	گزارشگر
гузоришдиҳӣ	گزارش دهي
гузоришнома	گزارش نامه
гузорӣ	گزاري
гузоштан	گزاشتن
гул	گل
гула	گله
гулак	گلک
гулакдӯзӣ	گلک دوزي
гулангдон	گلنگدان
гулангубин	گل انگبين
гуландоз	گل انداز
гуландом	گل اندام
гуландохта	گل انداخته
гуланор	گل انار
гулафсор	گل افسار
гулафшон	گل افشان
гулафшонӣ	گل افشاني
гулбадан	گلبدن
гулбазм	گل بزم
гулбанд	گلبند
гулбандӣ	گلبندي
гулбарг	گلبرگ
гулбаргрӯй	گلبرگ روي
гулбасар	گل بسر
гулбахмал	گل بخمل
гулбахмалпӯш	گل بخمل پوش
гулбаҳор	گلبهار
гулбез	گلبيز
гулбиҳӣ	گل بهي
гулбоғ	گلباغ
гулбод	گلباد
гулбодом	گلبادام
гулбоз	گلباز
гулбом	گلبام
гулбон	گلبان
гулбонг	گلبانگ
гулбор	گلبار
гулборон	گلباران
гулбофт	گلبافت
гулбун	گلبن
гулбур	گلبر
гулбурӣ	گلبري
гулбутта	گلبوته
гулбӯй	گلبوي
гулвожа	گلواژه
гулвом	گلوام
гулгардон	گل گردان
гулгардонӣ	گل گرداني
гулгаҷ	گلگج
гулгашт	گل گشت
гулгирак	گل گيرک
гулгузорӣ	گل گزاري
гулгул	گل گل
гулгун	گلگون
гулгуна	گلگونه
гулгунӣ	گلگوني
гулгункафан	گلگون کفن
гулгунқабо	گلگون قبا
гулгунрух	گلگون روخ
гулгунрухсор	گلگون رخسار
гулгунсавор	گلگون سوار
гулғанда	گلغنده
гулғар	گلغر
гулғунча	گل غنچه
гулдаст	گلدست
гулдаста	گلدسته
гулдом	گلدام
гулдон	گلدان
гулдор	گلدار
гулдурос	گلدوراس
гулдурросзанон	گلدوراس زنان
гулдӯз	گلدوز
гулдӯзӣ	گلدوزي
гулдӯст	گلدوست
гулзор	گلزار
гулзорбон	گلزاربان
гулистон	گلستان
гулӣ	گلي
гулкарам	گل کرم
гулкарда	گل کرده
гулкор	گلکار
гулкорӣ	گلکاري
гулқанд	گلقند
гулмахмал	گل مخمل
гулмахмалпӯш	گل مخمل پوش
гулмех	گل ميخ
гулмижа	گل مژه
гулмоҳӣ	گلماهي
гулнақш	گل نقش
гулнам	گلنم
гулнасаб	گل نسب
гулнисор	گلنثار
гулнор	گلنار
гулноргун	گلنارگون
гулнорӣ	گلناري
гулнӯш	گلنوش
гулоб	گلاب
гулобгар	گلابگر
гулобгир	گلابگير
гулобгирӣ	گلابگيري
гулобдон	گلابدان
гулобзан	گلابزن
гулобиранг	گلابي رنگ
гулобитоб	گلابي تاب
гулобӣ	گلابي
гулобпош	گلابي پاش
гулобтун	گلابتون
гуловез	گل اويز
гулола	گلاله
гулон	گلان
гулоҷ	گلاج
гулпар	گلپر
гулпараст	گل پرست
гулпарастӣ	گل پرستي
гулпарвар	گل پرور
гулпарварӣ	گل پروري
гулпартоӣ	گل پرتايي
гулпераҳан	گلپيرهن
гулпечак	گل پيچک
гулпош	گلپاش
гулпошӣ	گلپاشي
гулпӯш	گلپوش
гулранг	گل رنگ
гулрез	گلريز
гулреза	گلريزه
гулрезон	گلريزان
гулрух	گلرخ
гулрухсор	گلرخسار
гулрӯй	گلروي
гулсанг	گل سنگ
гулсангшиносӣ	گلسنگ شناسي
гулситон	گلستان
гулсифат	گل صفت
гулӯ	گلو
гулӯафшонӣ	گلوافشاني
гулӯбанд	گلوبند
гулӯбанда	گلوبنده
гулӯбандагӣ	گلوبندگي
гулӯгир	گلوگير
гулӯгирифта	گلوگرفته
гулӯгирифтагӣ	گلوگرفتگي
гулӯгоҳ	گلوگاه
гулӯдард	گلودرد
гулӯзиндонак	گلوزندانک
гулӯла	گلوله
гулӯлаандозӣ	گلوله اندازي
гулӯлаборон	گلوله باران
гулӯлазанӣ	گلوله زني
гулӯлакамон	گلوله کمان
гулӯлапаронӣ	گلوله پراني
гулӯлапора	گلوله پاره
гулӯларез	گلوله ريز
гулӯсӯз	گلوسوز
гулӯфишор	گلوفشار
гулфаҳшанг	گلفهشنگ
гулфишон	گلفشان
гулфишонӣ	گلفشاني
гулфом	گلفام
гулфурӯш	گلفروش
гулфурӯшӣ	گلفروشي
гулхан	گلخن
гулханафрӯз	گلخن افروز
гулхангиронӣ	گلخن گراني
гулханӣ	گلخني
гулханнишин	گلخن نشين
гулханнишинӣ	گلخن نشيني
гулханда	گل خنده
гулхантоб	گلخن تاب
гулхат	گلخط
гулхез	گلخيز
гулхона	گلخانه
гулхӯрак	گلخورک
гулчанбар	گل چنبر
гулчеҳр	گلچهر
гулчеҳра	گلچهره
гулчин	گلچين
гулчиндор	گلچين دار
гулчинӣ	گلچيني
гулчой	گلچاي
гулҷом	گل جام
гулҷӯш	گلجوش
гулшакар	گلشکر
гулшан	گلشن
гулшанӣ	گلشني
гулшаноро	گلشن آرا
гулшансаро	گلشن سرا
гулъизор	گلعزار
гулъузор	گلعزار
гум	گم
гуманизм	گومنيزم
гуманитарӣ	گمنيتري
гумбуда	گم بوده
гумбудагӣ	گم بودگي
гумбурос	گمبراس
гумгашта	گمگشته
гумгаштагӣ	گمگشتگي
гум-гум	گم گم
гумгурс	گم گرس
гумзадароҳ	گمزده راه
гумиз	گميز
гумиздон	گميزدان
гумкарда	گمکرده
гумкардадил	گمکرده دل
гумкардапай	گمکرده پي
гумкардароҳ	گم کرده راه
гумном	گمنام
гумномӣ	گمنامي
гумон	گمان
гумона	گمانه
гумоназанӣ	گمانه زني
гумонбар	گمان بر
гумонбарӣ	گمان بري
гумондор	گمان دار
гумонзад	گمان زد
гумонзада	گمان زده
гумонидан	گمانيدن
гумонманд	گمانمند
гумонмандӣ	گمانمندي
гумономез	گمان آميز
гумонпазир	گمان پذير
гумор	گمار
гуморанда	گمارنده
гумошта	گماشته
гумоштан	گماشتن
гумраҳ	گمره
гумраҳӣ	گمرهي
гумроҳ	گمراه
гумроҳӣ	گمراهي
гумроҳшуда	گمراه شده
гумрук	گمرک
гумрукӣ	گمرکي
гумрукхона	گمرکخانه
гумугӯр	گم وگور
гумус	گموس
гумҷӯӣ	گم جويي
гумшуда	گم شده
-гун	گون
гун	گون
гуна	گونه
гунаҳ	گنه
гунаҳгор	گنهگار
гунаҳгорӣ	گنهگاري
гунаҳгорона	گنهگارانه
гунаҳкор	گنه کار
гунаҳкорӣ	گنه کاري
гунаҳкорона	گنه کارانه
гунаҳомурз	گنه آمورز
гунаҳсӯз	گنه سوز
гунбад	گنبد
гунбадӣ	گنبدي
гунбадмонанд	گنبدمانند
гунбадсарой	گنبدسراي
гунбадхона	گنبدخانه
гунбаз	گنبز
гунбаздор	گنبزدار
гунбазӣ	گنبزي
гунбазмонанд	گنبزمانند
гунбазча	گنبزچه
гунбазшакл	گنبزشکل
гунг	گنگ
гунгӣ	گنگي
гунгор	گنگار
гунда	گنده
гундӣ	گندي
гундо	گندا
гундовар	گندآور
гундоварӣ	گندآوري
гунё	گنيا
гуниё	گنيا
гунӣ	گوني
гуногун	گوناگون
гуногунандешӣ	گوناگون انديشي
гуногунбарг	گوناگون برگ
гуногунвақт	گوناگون وقت
гуногунжанр	گوناگون ژنر
гуногунзабон	گوناگون زبان
гуногунзабонӣ	گوناگون زباني
гуногунзот	گوناگون ذات
гуногунихтисос	گوناگون اختصاص
гуногунӣ	گوناگوني
гуногункасб	گوناگون کسب
гуногунқад	گوناگون قد
гуногунлафз	گوناگون لفظ
гуногунмавзӯъ	گوناگون موضوع
гуногунмазмун	گوناگون مضمون
гуногунмаъно	گوناگون معنا
гуногунмил	گوناگون ميل
гуногунмиллат	گوناگون ملّت
гуногуннасл	گوناگون نسل
гуногунном	گوناگون نام
гуногуновоз	گوناگون آواز
гуногуновозӣ	گناگون آوازي
гуногуноҳанг	گوناگون آهنگ
гуногуноҳангӣ	گوناگون اهنگي
гуногунпаҳлу	گوناگون پهلو
гуногунранг	گوناگون رنگ
гуногунрутба	گوناگون رتبه
гуногунсавия	گوناگون سويه
гуногунсимо	گوناگون سيما
гуногунсол	گوناگون سال
гуногунсохт	گوناگون ساخت
гуногунсоҳа	گوناگون ساحه
гуногунтабақа	گوناگون طبقه
гуногунтабиат	گوناگون طبيعت
гуногунтамға	گوناگون تمغه
гуногунтасриф	گوناگون تسريف
гуногунтоифа	گوناگون طايفه
гуногунтухм	گوناگون تخم
гуногунхол	گوناگون خال
гуногунҳаҷм	گوناگون حجم
гуногунҷинс	گوناگون جنس
гуногунҷинса	گوناگون جنسه
гуногуншакл	گوناگون شکل
гуноҳбахш	گناه بخش
гуноҳгорӣ	گناه گاري
гуноҳгорона	گناه گارانه
гуноҳкор	گناه کار
гуноҳкорӣ	گناه کاري
гуноҳкорона	گناه کارانه
гуноҳолуд	گناه آلود
гуноҳомурз	گناه آمورز
гунҷидан	گنجيدن
гунҷишк	گنجشک
гунҷишкак	گنجشکک
гунҷишкӣ	گنجشکي
гунҷишкрӯзӣ	گنجشک روزي
гунҷо	گنجا
гунҷоиш	گنجايش
гунҷоишдор	گنجايش دار
гунҷоӣ	گنجايي
гунҷула	گنجوله
гупол	گوپال
гуппидаста	گوپي دسته
гуппизанӣ	گوپي زني
гуппича	گوپيچه
гуппичӯб	گوپي چوب
гуппӣ	گوپي
гупсар	گوپ سر
гупсарсавор	گوپسرسوار
гупчак	گوپچک
гурба	گربه
гурбабед	گربه بيد
гурбавор	گربه وار
гурбагӣ	گربگي
гурбагун	گربه گون
гурбадав	گربه دو
гурбадавак	گربه دوک
гурбалиқо	گربه لقا
гурбамонанд	گربه مانند
гурбамоҳӣ	گربه ماهي
гурбарав	گربه رو
гурбарӯй	گربه روي
гурбасон	گربه سان
гурбасонон	گربه سانان
гурбача	گربچه
гурбачашм	گربه چشم
гурбачашмӣ	گربه چشمي
гурбашӯй	گربه شوي
гурбуз	گربز
гурбузӣ	گربزي
гург	گرگ
гургак	گرگک
гургбанд	گرگ بند
гургбача	گرگ بچه
гургвор	گرگوار
гургдав	گرگ دو
гургдандон	گرگ دندان
гургзода	گرگ زاده
гургин	گرگين
гургина	گرگينه
гургинадӯз	گرگينه دوز
гургиначарм	گرگينه چرم
гургӣ	گرگي
гургкирдор	گرگ کردار
гургманиш	گرگ منيش
гургмаст	گرگ مست
гургмизоҷ	گرگ مزاج
гургмонанд	گرگ مانند
гургов	گرگاو
гургона	گرگانه
гургошноӣ	گرگ آشنايي
гургоштӣ	گرگ آشتي
гургпо	گرگ پا
гурграбоӣ	گرگ ربايي
гургсаг	گرگ سگ
гургсират	گرگ سيرت
гургсифат	گرگ صفت
гургсор	گرگسار
гургтабиат	گرگ طبيعت
гургтинат	گرگ تينت
гургхона	گرگ خانه
гурд	گرد
гурда	گرده
гурдагоҳ	گرده گاه
гурдадор	گرده دار
гурдак	گردک
гурдакаф	گرده کف
гурдаолу	گرده آلو
гурдафкан	گردافکن
гурдгир	گردگير
гурдзод	گردزاد
гурдӣ	گردي
гурдос	گرداس
гурез	گريز
гуреза	گريزه
гурезагӣ	گريزگي
гурезанда	گريزنده
гурезгоҳ	گريزگاه
гурезгаҳ	گريزگه
гурезиш	گريزش
гурезогурез	گريزاگريز
гурезон	گريزان
гурезона	گريزانه
гурезонӣ	گريزاني
гурезпой	گريزپاي
гурехта	گريخته
гурехтагӣ	گريختگي
гурехтан	گريختن
гурехтангоҳ	گريختن گاه
гурехтанӣ	گريختني
гурз	گرز
гурзбон	گرزبان
гурздор	گرزدار
гурӣ	گوري
гурм	گرم
гурмдор	گرم دار
гурмча	گرمچه
гуроз	گراز
гуроза	گرازه
гуроздандон	گراز دندان
гурозидан	گرازيدن
гурозон	گرازان
гурозсум	گرازسم
гуррос	گرّاس
гурс	گرس
гурсина	گرسينه
гурунҷ	گرنج
гурусна	گرسنه
гуруснагӣ	گرسنگي
гуруснамаргӣ	گرسنه مرگي
гуруснанишинӣ	گرسنه نشيني
гурусначашм	گرسنه چشم
гурусначашмӣ	گرسنه چشمي
гурӯҳ	گروه
гурӯҳак	گروهک
гурӯҳбандӣ	گروه بندي
гурӯҳбоз	گروه باز
гурӯҳбозӣ	گروه بازي
гурӯҳбон	گروه بان
гурӯҳӣ	گروهي
гурӯҳогурӯҳ	گروهاگروه
гурӯҳон	گروهان
гурҷӣ	گرجي
гусаста	گسسته
гусастагӣ	گسستگي
гусастадам	گسسته دم
гусастадил	گسسته دل
гусастаинон	گسسته عنان
гусасталиҷом	گسسته لجام
гусистан	گسستن
гусастан	گسستن
гусастанопазир	گسسته ناپذير
гусастаравон	گسسته روان
гусастараг	گسسته رگ
гусастаумед	گسسته اميد
гусастахирад	گسسته خرد
гусел	گسيل
гуселкунанда	گسيل کننده
гусехта	گسيخته
гусехтан	گسيختن
гусилидан	گسليدن
гусилонидан	گسلانيدن
гусистамиҳор	گسسته مهار
гусор	گسار
гусоранда	گسارنده
густар	گستر
густара	گستره
густарак	گسترک
густарданӣ	گستردني
густарин	گسترين
густариш	گستريش
густох	گستاخ
густохвор	گستاخوار
густохдаст	گستاخ دست
густохӣ	گستاخي
густохкорӣ	گستاخکاري
густохона	گستاخانه
густувон	گستوان
густурда	گسترده
густурдан	گستردن
густурданӣ	گستردني
гуфт	گفت
гуфта	گفته
гуфтан	گفتن
гуфтанбоб	گفتن باب
гуфтанӣ	گفتني
гуфтор	گفتار
гуфтордармонӣ	گفتاردرماني
гуфторӣ	گفتاري
гуфторфурӯш	گفتارفروش
гуфтугузор	گفت وگزار
гуфтугӯй	گفت وگوي
гуфтугӯӣ	گفت وگويي
гуфтушунид	گفت وشنيد
гуфтушунуфт	گفت وشنفت
гуҳар	گهر
гуҳарафшон	گهرافشان
гуҳарафшонӣ	گهرافشاني
гуҳарбахш	گهربخش
гуҳарбез	گهربيز
гуҳарбор	گهربار
гуҳардор	گهردار
гуҳарзо	گهرزا
гуҳарзод	گهرزاد
гуҳарӣ	گهري
гуҳаркаш	گهرکش
гуҳарнамой	گهرنماي
гуҳарнисор	گهرنثار
гуҳарпарвар	گهرپرور
гуҳарпок	گهرپاک
гуҳарпош	گهرپاش
гуҳарпӯш	گهرپوش
гуҳаррез	گهرريز
гуҳарсанҷ	گهرسنج
гуҳарфишон	گهرفشان
гуҳарфурӯш	گهرفروش
гуҳархез	گهرخيز
гуҷум	گجم
гушн	گشن
гушна	گشنه
гушнагадо	گشنه گدا
гушнагӣ	گشنگي
гушнамаст	گشنه مست
гушнамурда	گشنه مرده
гушнапурзӯр	گشنه پرزور
гушначашм	گشنه چشم
гушначашмӣ	گشنه چشمي
гушнгирӣ	گشن گيري
гушнидан	گشنيدن
гушнӣ	گشني
гушосб	گشاسب
гуштой	گشتاي
гӯ	گو
гӯгирд	گوگرد
гӯгирддор	گوگرددار
гӯгирдзанӣ	گوگردزني
гӯгирдӣ	گوگردي
гӯгирдқуттӣ	گوگرد قطي
гӯгирдчӯб	گوگردچوب
гӯё	گويا
гӯёӣ	گويايي
гӯёндан	گوياندن
гӯиё	گوئيا
гӯиш	گويش
гӯӣ	گويي
гӯйбозӣ	گوي بازي
гӯйвор	گويوار
гӯйиш	گويش
гӯл	گول
гӯла	گوله
гӯлах	گولخ
гӯлахӣ	گولخي
гӯлгард	گولگرد
гӯлгир	گولگير
гӯлгирӣ	گولگيري
гӯлзан	گول زن
гӯлӣ	گولي
гӯлнамо	گول نما
гӯлхӯр	گول خور
гӯлхӯрда	گول خورده
гӯпол	گوپال
гӯпон	گوپان
гӯр	گور
гӯрасп	گورسپ
гӯрафганӣ	گورافگني
гӯрафкан	گورافکن
гӯрафканӣ	گورافکني
гӯрбон	گوربان
гӯргаҳ	گورگه
гӯргиёҳ	گورگياه
гӯргир	گورگير
гӯргирӣ	گورگيري
гӯргоҳ	گورگاه
гӯрғулӣ	گورغلي
гӯрзо	گورزا
гӯрзод	گورزاد
гӯрида	گوريده
гӯридан	گوريدن
гӯристон	گورستان
гӯрӣ	گوري
гӯркан	گورکن
гӯрканӣ	گرکني
гӯрков	گورکاو
гӯрковак	گورکاوک
гӯрковӣ	گورکاوي
гӯрмонанд	گورمانند
гӯроб	گوراب
гӯроба	گورابه
гӯрогӯр	گوراگور
гӯрпушта	گورپشته
гӯрсум	گورسم
гӯрсӯхта	گورسخته
гӯрхар	گورخر
гӯрхона	گورخانه
гӯрӯғлисаро	گوروغلي سرا
гӯрӯғлихон	گوروغلي خوان
гӯрӯғлӣ	گوروغلي
гӯрчашм	گورچشم
гӯршикан	گورشکن
гӯсола	گوساله
гӯсолабон	گوساله بان
гӯсолабонӣ	گوساله باني
гӯсоламизоҷ	گوساله مزاج
гӯсолапараст	گوساله پرست
гӯсолапарастӣ	گوسالهپرستي
гӯсолачашм	گوساله چشم
гӯспанд	گوسپند
гӯспандкушон	گوسپندکشان
гӯсфанд	گوسفند
гӯсфандбон	گوسفندبان
гӯсфандбонӣ	گوسفندباني
гӯсфандвор	گوسفندوار
гӯсфанддор	گوسفنددار
гӯсфанддорӣ	گوسفندداري
гӯсфандӣ	گوسفندي
гӯсфандпарвар	گوسفندپرور
гӯсфандпарварӣ	گوسفندپروري
гӯсфандтарош	گوسفندتراش
гӯсфандтарошӣ	گوسفندتراشي
гӯсфандхона	گوسفندخانه
гӯсфандчаронӣ	گوسفندچراني
гӯсфандҷаллоб	گوسفندجلاب
гӯсфандҷаллобӣ	گوسفندجلابي
гӯш	گوش
гӯша	گوشه
гӯшагир	گوشه گير
гӯшагирӣ	گوشه گيري
гӯшагӣ	گوشگي
гӯшадор	گوشه دار
гӯшак	گوشک
гӯшакаш	گوشه کش
гӯшакашӣ	گوشه کشي
гӯшакдор	گوشکدار
гӯшакӣ	گوشکي
гӯшанишин	گوشه نشين
гӯшанишинӣ	گوشه نشيني
гӯшапаймо	گوشه پيما
гӯшбақимор	گوش بقمار
гӯшбанд	گوشبند
гӯшбистар	گوش بستر
гӯшбур	گوش بر
гӯшбурида	گوش بريده
гӯшбурӣ	گوش بري
гӯшвазнин	گوش وزنين
гӯшвазнинӣ	گوش وزنيني
гӯшвон	گوش وان
гӯшвонӣ	گوش واني
гӯшвор	گوشوار
гӯшвора	گوشواره
гӯшворак	گوشوارک
гӯшгарон	گوش گران
гӯшгаронӣ	گوش گراني
гӯшгир	گوش گير
гӯшгузор	گوش گذار
гӯшдард	گوش درد
гӯшдароз	گوش دراز
гӯшдарояк	گوش درايک
гӯшдиҳанда	گوش دهنده
гӯшдор	گوش دار
гӯшзад	گوش زد
гӯшида	گوشيده
гӯшидан	گوشيدن
гӯшӣ	گوشي
гӯшкалон	گوش کلان
гӯшкар	گوش کر
гӯшкаркунанда	گوش کرکننده
гӯшкашак	گوش کشک
гӯшкашӣ	گوش کشي
гӯшкашон	گوش کشان
гӯшковак	گوش کاوک
гӯшмол	گوش مال
гӯшмолак	گوش مالک
гӯшмолӣ	گوش مالي
гӯшмонак	گوش مانک
гӯшмоҳӣ	گوش ماهي
гӯшнавоз	گوش نواز
гӯшношунид	گوش ناشنيد
гӯшношунида	گوش ناشنيده
гӯшовез	گوش آويز
гӯшогӯш	گوشاگوش
гӯшона	گوشانه
гӯшоҳанг	گوش آهنگ
гӯшпайванд	گوش پيوند
гӯшпаҳн	گوش پهن
гӯшпеч	گوش پيچ
гӯшрас	گوش رس
гӯшрӯз	گوش روز
гӯшсих	گوش سيخ
гӯшт	گوشت
гӯштбирён	گوشت بريان
гӯштбурда	گوشت برده
гӯштдор	گوشت دار
гӯштдорӣ	گوشت داري
гӯштез	گوش تيز
гӯштезӣ	گوش تيزي
гӯштигир	گوشتي گير
гӯштигирӣ	گوشتي گيري
гӯштин	گوشتين
гӯштингир	گوشتين گير
гӯштингирӣ	گوشتين گيري
гӯштиодамхӯр	گوشت آدم خور
гӯштӣ	گوشتي
гӯшткӯб	گوشت کوب
гӯшткӯбӣ	گوشت کوبي
гӯшткӯбак	گوشت کوبک
гӯштқима	گوشت قيمه
гӯштқимакунак	گوشت قيمه کنک
гӯштнок	گوشتناک
гӯштоб	گوشتاب
гӯштоба	گوشتابه
гӯштобак	گوش تابک
гӯштовар	گوشت آور
гӯштолуд	گوشت آلود
гӯштпора	گوشت پاره
гӯштфурӯш	گوشت فروش
гӯштфурӯшӣ	گوشت فروشي
гӯштхор	گوشتخوار
гӯштхорӣ	گوشتخواري
гӯштхӯр	گوشتخور
гӯштхӯрӣ	گوشت خوري
гӯшфил	گوشفيل
гӯшхазак	گوش خزک
гӯшхарош	گوش خراش
гӯшхез	گوش خيز
гӯшхезак	گوش خيزک
гӯшхона	گوشخانه
гӯшхор	گوشخار
гӯшшӯӣ	گوش شويي
гӯшшӯй	گوش شوي
гӯянда	گوينده
ғабғаб	غبغب
ғабғаба	غبغبه
ғабғабдор	غبغب دار
ғабин	غبين
ғабӣ	غبي
ғабн	غبن
ғабоват	غباوت
ғабоза	غبازه
ғаброъ	غبراء
ғаброӣ	غبرائي
ғабуқ	غبوق
ғов	غاو
ғавбандӣ	غوبندي
ғаввос	غواص
ғаввосӣ	غواصي
ғаввосона	غواصانه
ғавғо	غوغا
ғавғогар	غوغاگر
ғавғосолорӣ	غوغاسالاري
ғавғоталаб	غوغاطلب
ғавӣ	غوي
ғаводӣ	غوادي
ғавомиз	غوامض
ғавоят	غوايت
ғавр	غور
ғавс	غوث
ғавчӯб	غوچوب
ғавшод	غوشاد
ғад	غد
ғаданг	غدنگ
ғадв	غدو
ғаддор	غدار
ғаддорӣ	غداري
ғаддорона	غدارانه
ғадир	غدير
ғадоир	غدائر
ғадр	غدر
ғадуд	غدود
ғадуддор	غدوددار
ғадудӣ	غدودي
ғадудча	غدودچه
ғаж	غژ
ғажгов	غژگاو
ғаж-ғаж	غژغژ
ғажд	غژد
ғажжас	غژس
ғажидан	غژيدن
ғазаб	غضب
ғазабангез	غضب انگيز
ғазаббор	غضب بار
ғазабнок	غضب ناک
ғазабнокӣ	غضب ناکي
ғазабовар	غضب آور
ғазаболуд	غضب آلود
ғазабомез	غضب آميز
ғазавот	غزوات
ғазал	غزل
ғазалгӯӣ	غزل گويي
ғазалгӯй	غزل گوي
ғазалиёт	غزلبات
ғазалнавис	غزل نويس
ғазалнависӣ	غزل نويسي
ғазалсаро	غزل سرا
ғазалсароӣ	غزل سرايي
ғазалхон	غزل خوان
ғазалхонӣ	غزل خواني
ғазалхонон	غزل خوانان
ғазанфар	غضنفر
ғазбон	غضبان
ғазва	غزوه
ғазо	غزا
ғазозат	غضاضت
ғазол	غزال
ғазола	غزاله
ғазорат	غزارت
ғазоталаб	غزاطلب
ғайб	غيب
ғайба	غيبه
ғайбат	غيبت
ғайбатгар	غيبت گر
ғайбатгоҳ	غيبت گاه
ғайбатгӯй	غيبت گوي
ғайбатгӯӣ	غيبت گويي
ғайбатдӯст	غيبت دوست
ғайбаткунанда	غيبت کننده
ғайбатхона	غيبت خانه
ғайбатчӣ	غيبتچي
ғайббин	غيب بين
ғайбгӯй	غيب گوي
ғайбгӯӣ	غيب گوئي
ғайбдон	غيب دان
ғайбдонӣ	غيب داني
ғайбзада	غيب زده
ғайбӣ	غيبي
ғайбнамой	غيب نماي
ғайз	غيض
ғайм	غيم
ғайн	غين
ғайр	غير
ғайра	غيره
ғайрат	غيرت
ғайратбахш	غيرت بخش
ғайратдор	غيرت دار
ғайратӣ	غيرتي
ғайраткаш	غيرت کش
ғайраткашӣ	غيرت کشي
ғайратманд	غيرت مند
ғайратмандӣ	غيرت مندي
ғайратмандона	غيرت مندانه
ғайратнок	غيرت ناک
ғайратнокӣ	غيرت ناکي
ғайриадабӣ	غيري ادبي
ғайриамалӣ	غيرعملي
ғайриандозӣ	غيراندازي
ғайриаслӣ	غير اصلي
ғайриасосӣ	غيراساسي
ғайрибеҳдоштӣ	غيربهداشتي
ғайривоқеӣ	غيرواقعي
ғайривоҷиб	غيرواجب
ғайридавлатӣ	غيردولتي
ғайридемократӣ	غيردماکرتي
ғайридинӣ	غيرديني
ғайризаминӣ	غيرزميني
ғайризарурӣ	غيرضروري
ғайриилмӣ	غيرعلمي
ғайриимкон	غيرامکان
ғайриинсонӣ	غيرانساني
ғайриинтизорӣ	غيرانتظاري
ғайриихтиёрӣ	غيراختياري
ғайрикапиталистӣ	غيرکپيتلستي
ғайрикасбӣ	غيرکسبي
ғайрикомил	غيرکامل
ғайрикорӣ	غيرکاري
ғайрикофӣ	غيرکافي
ғайриқаноатбахш	غيرقناعت بخش
ғайриқаторӣ	غيرقطاري
ғайриқонунӣ	غيرقانوني
ғайримаданӣ	غيرمدني
ғайримактабӣ	غيرمکتبي
ғайриманкуҳа	غيرمنکوحه
ғайримантиқӣ	غيرمنطقي
ғайримаскун	غيرمسکون
ғайримаскунӣ	غيرمسکوني
ғайримасъул	غيرمسئول
ғайриматлуб	غيرمطلوب
ғайримаҷбурӣ	غيرمجبوري
ғайримаҷозӣ	غيرمجازي
ғайримашрӯъ	غيرمشروع
ғайримаъзур	غيرمعذور
ғайримаъмул	غيرمعمول
ғайримаъруф	غيرمعروف
ғайримоддӣ	غيرمادي
ғайримуқаррарӣ	غيرمقرري
ғайримуқимӣ	غيرمقيمي
ғайримумкин	غيرممکن
ғайримуназзам	غيرمنظم
ғайримунсариф	غيرمنصرف
ғайримунтазам	غيرمنتظم
ғайримунтазира	غيرمنتظره
ғайримунташир	غيرمنتشر
ғайримустақил	غيرمستقل
ғайримустақим	غيرمستقيم
ғайримуташаккил	غيرمتشکل
ғайримуҳим	غيرمهم
ғайримӯътадил	غيرمعتدل
ғайринавбатӣ	غيرنوبتي
ғайринизомӣ	غيرنظامي
ғайриноқил	غيرناقل
ғайринофиз	غيرنافذ
ғайриодилона	غيرعادلانه
ғайриодӣ	غيرعادي
ғайриорганикӣ	غيرآرگنيکي
ғайрирасмӣ	غيررسمي
ғайрисамимӣ	غيرصميمي
ғайрисанитарӣ	غيرسنيتري
ғайрисареҳ	غيرصريح
ғайрисинфӣ	غيرصنفي
ғайристандартӣ	غيرستندرتي
ғайрисунъӣ	غيرصنعي
ғайритабиӣ	غيرطبيعي
ғайритамосӣ	غيرتماسي
ғайритасрифӣ	غير تصريفي
ғайритаъҷилӣ	غيرتعجيلي
ғайритиҷоратӣ	غيرتجارتي
ғайрифаъол	غيرفعال
ғайрихолис	غيرخالص
ғайриҳаётӣ	غيرحياتي
ғайриҳақиқӣ	غيرحقيقي
ғайриҳарбӣ	غيرحربي
ғайриҳизбӣ	غيرحزبي
ғайриҳирфаӣ	غيرحرفه اي
ғайриҳукуматӣ	غيرحکومتي
ғайричашмдошт	غيرچشم داشت
ғайриҷиддӣ	غيرجدي
ғайришаръӣ	غيرشرعي
ғайришаффоф	غيرشفّاف
ғайриштатӣ	غيرشتتي
ғайрият	غيريت
ғайрӣ	غيري
ғайрпараст	غيرپرست
ғайрпарастӣ	غيرپرستي
ғалаба	غلبه
ғалабаовар	غلبه آور
ғалабанопазир	غلبه ناپذير
ғалаён	غليان
ғалаёномез	غليان آميز
ғалақа	غلقه
ғалақадаро	غلقه درا
ғаламус	غلموس
ғалат	غلط
ғалатандоз	غلط انداز
ғалатандозӣ	غلط اندازي
ғалатафшон	غلط افشان
ғалатбин	غلط بين
ғалатбинӣ	غلط بيني
ғалатгир	غلط گير
ғалатгирӣ	غلط گيري
ғалатёб	غلط ياب
ғалатӣ	غلطي
ғалаткорӣ	غلط کاري
ғалатнависӣ	غلط نويسي
ғалатнома	غلط نامه
ғалатфаҳмӣ	غلط فهمي
ғалатфаҳмонӣ	غلط فهماني
ғалатхонӣ	غلط خواني
ғалбакан	غلبکن
ғалбер	غلبير
ғалбербоф	غلبيرباف
ғалбербофӣ	غلبيربافي
ғалбервор	غلبيروار
ғалғал	غلغل
ғалевоҷ	غليواج
ғалён	غليان
ғализ	غليظ
ғализӣ	غليظي
ғализулқалб	غليظ القلب
ғалла	غلّه
ғаллабезак	غلّه بيزک
ғаллабум	غلّه بم
ғаллагӣ	غلّگي
ғаллағундор	غلّه غندار
ғаллағундорӣ	غلّه غنداري
ғалладаравӣ	غلّه دروي
ғалладон	غلّه دان
ғалладона	غلّه دانه
ғалладонакор	غلّه دانه کار
ғаллазор	غلّه زار
ғаллакашонӣ	غلّه کشاني
ғаллакор	غلّه کار
ғаллакорӣ	غلّه کاري
ғаллакӯбак	غلّه کوبک
ғаллакӯбӣ	غلّه کوبي
ғалламус	غلّه موس
ғаллапоя	غلّه پايه
ғалласупорӣ	غلّه سپاري
ғаллафурӯш	غلّه فروش
ғаллафурӯшӣ	غلّه فروشي
ғаллахез	غلّه خيز
ғаллахушккунак	غلّه خشک کنک
ғаллахушконак	غلّه خشکانک
ғаллаҷаллоб	غلّه جلاّب
ғаллаҷаллобӣ	غلّه جلاّبي
ғалмағал	غلمغل
ғало	غلا
ғалоғул	غلاغل
ғалоғула	غلاغله
ғалоғуланок	غلاغله ناک
ғалсама	غلسمه
ғалсамагӣ	غلسمگي
ғалсамадор	غلسمه دار
ғалт	غلت
ғалтак	غلتک
ғалтакароба	غلتک ارابه
ғалтакдор	غلتک دار
ғалтакӣ	غلتکي
ғалтгоҳ	غلتگاه
ғалтзанон	غلت زنان
ғалтида	غلتيده
ғалтидан	غلتيدن
ғалтиш	غلتش
ғалтон	غلتان
ғалча	غلچه
ғалҷ	غلج
ғам	غم
ғамак	غمک
ғамангез	غم انگيز
ғамандеш	غم انديش
ғамандӯз	غم اندوز
ғаманҷом	غم انجام
ғамафзо	غم افزا
ғамбардор	غم بردار
ғамбарор	غم برار
ғамбемор	غم بيمار
ғамбода	غم باده
ғамбор	غم بار
ғамгин	غمگين
ғамгинӣ	غمگيني
ғамгинона	غمگينانه
ғамгирифта	غم گرفته
ғамгусор	غم گسار
ғамгусорӣ	غم گساري
ғамгусорона	غم گسارانه
ғамдида	غم ديده
ғамдор	غم دار
ғамз	غمز
ғамза	غمزه
ғамзагар	غمزه گر
ғамзада	غمزده
ғамзадагӣ	غمزدگي
ғамзадор	غمزه دار
ғамзазан	غمزه زن
ғамзакунанда	غمزه کننده
ғамзакор	غمزه کار
ғамзудой	غم زداي
ғамида	غميده
ғамидадил	غميده دل
ғамин	غمين
ғамӣ	غمي
ғамкада	غمکده
ғамкоҳ	غم کاه
ғаммоз	غماز
ғаммозак	غمازک
ғаммозӣ	غمازي
ғамнок	غمناک
ғамнокӣ	غمناکي
ғамнома	غمنامه
ғамобод	غم آباد
ғамовар	غم آور
ғамолуд	غم آلود
ғамолуда	غم آلوده
ғамомез	غم آميز
ғамошом	غم آشام
ғампараст	غم پرست
ғампарвар	غم پرور
ғамрасида	غم رسيده
ғамрӯзӣ	غم روزي
ғамсаро	غم سرا
ғамсӯз	غم سوز
ғамус	غمس
ғамфарсо	غم فرسا
ғамфарсуда	غم فرسوده
ғамфизо	غم فزا
ғамхона	غمخانه
ғамхор	غمخوار
ғамхора	غمخواره
ғамхорагӣ	غمخوارگي
ғамхорӣ	غمخواري
ғамхорона	غمخوارانه
ғамхӯр	غمخور
ғамхӯрӣ	غمخوري
ғамшарик	غمشريک
ған	غن
ғанаб	غنب
ғанав	غنو
ғанавидан	غنويدن
ғанак	غنک
ғанам	غنم
ғанг	غنگ
ғаним	غنيم
ғанимат	غنيمت
ғаниматӣ	غنيمتي
ғанӣ	غني
ғано	غنا
ғановат	غناوت
ғаноим	غنائم
ғанҷ	غنج
ғанҷол	غنجال
ғанҷор	غنجار
ғар	غر
ғараз	غرض
ғаразварзӣ	غرض ورزي
ғаразгӯй	غرض گوي
ғараздор	غرض دار
ғаразӣ	غرضي
ғаразкор	غرض کار
ғаразкорӣ	غرض کاري
ғаразкорона	غرض کارانه
ғаразнок	غرضناک
ғаразнокӣ	غرض ناکي
ғаразолуд	غرض آلود
ғаразомез	غرض آميز
ғарам	غرم
ғарамзор	غرمزار
ғаранг	غرنگ
ғарб	غرب
ғарбӣ	غربي
ғарбпараст	غرب پرست
ғарбпарастӣ	غرب پرستي
ғарв	غرو
ғарғар	غرغر
ғарғара	غرغره
ғариб	غريب
ғариба	غريبه
ғарибак	غريبک
ғарибгӯр	غريب گور
ғарибдӯст	غريب دوست
ғарибдӯстӣ	غريب دوستي
ғарибзода	غريب زاده
ғарибистон	غريبستان
ғарибӣ	غريبي
ғарибкуш	غريب کش
ғарибмарг	غريب مرگ
ғарибнавоз	غريب نواز
ғарибнавозӣ	غريب نوازي
ғарибона	غريبانه
ғарибпарвар	غريب پرور
ғарибпарварӣ	غريب پروري
ғарибхона	غريب خانه
ғариз	غريز
ғариза	غريزه
ғаризагароӣ	غريزه گرائي
ғаризӣ	غريزي
ғариқ	غريق
ғарим	غريم
ғарин	غرين
ғарӣ	غري
ғарқ	غرق
ғарқа	غرقه
ғарқагоҳ	غرقه گاه
ғарқоб	غرقاب
ғарқоба	غرقابه
ғарқпухта	غرق پخته
ғарқшаванда	غرق شونده
ғарқшуда	غرق شده
ғароба	غرابه
ғаробат	غرابت
ғароиб	غرايب
ғароибот	غرايبات
ғаромат	غرامت
ғарора	غراره
ғарош	غراش
ғарошидан	غراشيدن
ғарра	غرّه
ғаррос	غرّاس
ғаррасутун	غرّه ستون
ғарро	غرّا
ғарс	غرس
ғарф	غرف
ғарч	غرچ
ғарча	غرچه
ғарч-ғарч	غرچ غرچ
ғасаён	غثيان
ғасақ	غسق
ғасб	غصب
ғасбан	غصباً
ғасбӣ	غصبي
ғасён	غثيان
ғассол	غسال
ғассолхона	غسالخانه
ғасул	غسول
ғафабанд	غفه بند
ғафир	غفير
ғафлат	غفلت
ғафлатандеш	غفلت انديش
ғафлатбурда	غفلت برده
ғафлатварз	غفلت ورز
ғафлатзада	غفلت زده
ғафлатӣ	غفلتي
ғафлаткор	غفلت کار
ғафлаткорӣ	غفلت کاري
ғафлатобод	غفلت آباد
ғафлатпараст	غفلت پرست
ғафлатпеша	غفلت پيشه
ғафс	غفس
ғафсбадан	غفس بدن
ғафсӣ	غفسي
ғафсовоз	غفس آواز
ғафспӯст	غفس پوست
ғафссадо	غفس صدا
ғафстана	غفس تنه
ғафур	غفور
ғаффа	غفه
ғаффор	غفّار
ғаффорӣ	غفّاري
ғаҷар-ғаҷар	غجرغجر
ғаҷаррос	غجرّاس
ғаш	غش
ғашш	غش
ғашамшам	غشمشم
ғашгир	غشگير
ғашғов	غش غاو
ғашдор	غش دار
ғашён	غشيان
ғашй	غشي
ғашм	غشم
ғашнок	غش ناک
ғашова	غشاوه
ғашовар	غش آور
ғашум	غشوم
ғаюр	غيور
ғаюрӣ	غيوري
ғаюрона	غيورانه
ғев	غيو
ғежидан	غيژيدن
ғел	غيل
ғелак	غيلک
ғелаккабоб	غيلک کباب
ғелакшӯрбо	غيلک شوربا
ғеланда	غيلنده
ғелғелак	غيلغيلک
ғелғелон	غيلغيلان
ғелида	غيليده
ғелидан	غيليدن
ғелиш	غيلش
ғелоғел	غيلاغيل
ғелон	غيلان
ғеҷида	غيجيده
ғеҷидан	غيجيدن
ғеҷон	غيجان
ғеҷонак	غيجانک
ғеша	غيشه
ғибта	غبطه
ғид-ғид	غدغد
ғидӣ-ғидӣ	غدي غدي
ғиёб	غياب
ғиёс	غياث
ғижак	غيژک
ғиж-ғиж	غژ غژ
ғижжак	غيژک
ғижиррос	غژراس
ғиззас	غزّس
ғизо	غذا
ғизобахш	غذابخش
ғизобахшӣ	غذابخشي
ғизогирӣ	غذاگيري
ғизодиҳанда	غذادهنده
ғизодиҳӣ	غذادهي
ғизодор	غذادار
ғизоӣ	غذائي
ғизокаш	غذاکش
ғизол	غزال
ғизола	غزاله
ғизолона	غزالانه
ғизонок	غذاناک
ғизонокӣ	غذاناکي
ғизохӯр	غذاخور
ғизохӯрӣ	غذاخوري
ғил	غل
ғилдирак	غلدرک
ғилдиракдор	غلدرک دار
ғилдираксоз	غلدرک ساز
ғилзат	غلظت
ғилзатсанҷ	غلظت سنج
ғилл	غل
ғилмак	غلمک
ғилмон	غلمان
ғилоф	غلاف
ғилофак	غلافک
ғилофбанд	غلافبند
ғилофдор	غلافدار
ғилофӣ	غلافي
ғилч	غلچ
ғинг-ғинг	غنگ غنگ
ғино	غنا
ғиногар	غناگر
ғиноӣ	غنايي
ғирбол	غربال
ғир-ғир	غر غر
ғирғирак	غر غرک
ғирғиракбозӣ	غر غرک بازي
ғирев	غريو
ғиревидан	غريويدن
ғиревон	غريوان
ғиринг-ғиринг	غرنگ غرنگ
ғирингос	غرنگاس
ғиром	غرام
ғиромӣ	غرامي
ғирр	غرّ
ғирора	غراره
ғирри	غرّي
ғирч-ғирч	غرچ غرچ
ғитоъ	غطاء
ғич	غيچ
ғичиррос	غچراس
ғиҷим	غجيم
ғиҷимшуда	غجيم شده
ғиҷин	غجين
ғиҷир-ғиҷир	غجيرغجير
ғиҷиррос	غجيرّاس
ғиҷҷак	غجک
ғиҷҷакнавоз	غجک نواز
ғиҷҷи	غجي
ғишша	غشّه
ғоб	غاب
ғоба	غابه
ғовӣ	غاوي
ғовшанг	غاوشنگ
ғовшу	غاوشو
ғодир	غادر
ғодия	غاديه
ғоз	غاز
ғоза	غازه
ғозгардан	غازگردن
ғозидан	غازيدن
ғозипеша	غازي پيشه
ғозия	غاذيه
ғозӣ	غازي
ғозсӯхта	غازسوخته
ғоиб	غايب
ғоиббоз	غائب باز
ғоибӣ	غايبي
ғоибнамо	غائب نما
ғоибона	غايبانه
ғоибхон	غايب خوان
ғоила	غايله
ғоӣ	غائي
ғол	غال
ғола	غاله
ғолиб	غالب
ғолибан	غالباً
ғолибият	غالبيت
ғолибӣ	غالبي
ғолибона	غالبانه
ғолидан	غاليدن
ғолит	غالط
ғолия	غاليه
ғолиябор	غاليه بار
ғолиябӯй	غاليه بوي
ғолиягун	غاليه گون
ғолиядон	غاليه دان
ғолиязулф	غاليه زلف
ғолиямӯй	غاليه موي
ғолиясой	غاليه ساي
ғолияфом	غاليه فام
ғомиз	غامض
ғон	غان
ғоним	غانم
ғор	غار
ғорат	غارت
ғоратгар	غارت گر
ғоратгарӣ	غارت گري
ғоратгарона	غارت گرانه
ғоратдида	غارت ديده
ғоратзада	غارت زده
ғоратзадагӣ	غارت زدگي
ғоратӣ	غارتي
ғоратпеша	غارت پيشه
ғоратшуда	غارت شده
ғоратшудагӣ	غارت شدگي
ғориб	غارب
ғориқ	غارق
ғористон	غارستان
ғорнишин	غارنشين
ғорнишинӣ	غارنشيني
ғоршиносӣ	غارشناسي
ғосиб	غاصب
ғосибӣ	غاصبي
ғосибона	غاصبانه
ғосиқ	غاسق
ғофил	غافل
ғофилгир	غافل گير
ғофилӣ	غافلي
ғофилона	غافلانه
ғофир	غافر
ғош	غاش
ғошия	غاشيه
ғошиябардор	غاشيه بردار
ғоя	غايه
ғоявӣ	غايوي
ғоядор	غايه دار
ғоянокӣ	غايه ناکي
ғоят	غايت
ғубайро	غبيرا
ғубор	غبار
ғуборгирифта	غبارگرفته
ғубордор	غباردار
ғуборзудоӣ	غبارزدائي
ғуборӣ	غباري
ғуборкаш	غبارکش
ғуборнок	غبارناک
ғуборолуда	غبارآلوده
ғуборрӯбӣ	غبارروبي
ғуввасзанӣ	غوس زني
ғув-ғув	غوغو
ғуд-ғуд	غدعد
ғудда	غده
ғужб	غژب
ғужм	غژم
ғузруф	غضروف
ғук	غوک
ғукчашм	غوک چشم
ғул	غلّ
ғулба	غلبه
ғулбача	غلبچه
ғулбашакл	غلبه شکل
ғулғул	غلغل
ғулғула	غلغله
ғулғулаангез	غلغله انگيز
ғулғулаандоз	غلغله انداز
ғулғулаафкан	غلغله افکن
ғулғуладор	غلغله دار
ғулғуланок	غلغله ناک
ғулғулафикан	غلغله فکن
ғулдур-ғулдур	غلدرغلدر
ғуллӣ	غولي
ғулобча	غلابچه
ғулом	غلام
ғуломак	غلامک
ғуломбача	غلامبچه
ғуломвор	غلاموار
ғуломворона	غلاموارانه
ғуломгард	غلام گرد
ғуломгардиш	غلام گردش
ғуломдор	غلام دار
ғуломдорӣ	غلام داري
ғуломзода	غلام زاده
ғуломӣ	غلامي
ғуломона	غلامانه
ғуломтозӣ	غلام تازي
ғуломфурӯш	غلام فروش
ғуломфурӯшӣ	غلام فروشي
ғуломхона	غلام خانه
ғуломҷаллоб	غلام جلاّب
ғуломҷаллобӣ	غلام جلاّبي
ғулув	غلو
ғулул	غلول
ғумой	غماي
ғумойзор	غماي زار
ғумум	غموم
ғун	غن
ғунан	غنن
ғунг-ғунг	غنگ غنگ
ғунд	غند
ғунда	غنده
ғундор	غندار
ғундоранда	غندارنده
ғундошта	غنداشته
ғундоштан	غنداشتن
ғунна	غنّه
ғуноҷин	غناجين
ғунувида	غنويده
ғунуда	غنوده
ғунудагӣ	غنودگي
ғунудан	غنودن
ғунучин	غن وچين
ғунча	غنچه
ғунчагӣ	غنچه گي
ғунчадаҳон	غنچه دهان
ғунчамонанд	غنچه مانند
ғунчасон	غنچه سان
ғунчахусб	غنچه خسب
ғунҷ	غنج
ғунҷидан	غنجيدن
ғунҷоиш	غنجايش
ғуншаванда	غن شونده
ғуншавӣ	غن شوي
ғуншуда	غن شده
ғӯра	غوره
ғура	غوره
ғурра	غره
ғурак	غرک
ғурранда	غرّنده
ғуррас	غرّس
ғурбат	غربت
ғурбатдида	غربت ديده
ғурбатзада	غربت زده
ғурбатсаро	غربت سرا
ғурбатхона	غربت خانه
ғурвоша	غرواشه
ғур-ғур	غرغر
ғурғуркунон	غرغرکنان
ғурридан	غريدن
ғурриш	غرش
ғурм	غرم
ғурмагас	غورمگس
ғурмаҷ	غرمج
ғурмаҷоб	غرمجاب
ғурмдор	غرمدار
ғуроб	غراب
ғуробранг	غراب رنگ
ғуррон	غرّان
ғуррондан	غرّاندن
ғуррос	غرّاس
ғурросзанон	غرّاس زنان
ғурр	غرّ
ғурридор	غرّيدار
ғурринок	غرّي ناک
ғуррипешона	غرّي پيشانه
ғуррӣ	غرّي
ғуруб	غروب
ғурубгоҳ	غروب گاه
ғурубидан	غروبيدن
ғурунгас	غرنگس
ғурунг-ғурунг	غرنگ غرنگ
ғурунгидан	غرنگيدن
ғурур	غرور
ғурурнок	غرورناک
ғурӯша	غروشه
ғурӯшонидан	غروشانيدن
ғурфа	غرفه
ғусл	غسل
ғуслгоҳ	غسلگاه
ғуслхона	غسل خانه
ғусн	غصن
ғусса	غصه
ғуссаангез	غصه انگيز
ғуссадор	غصه دار
ғуссаманд	غصه مند
ғуссамарг	غصه مرگ
ғуссаовар	غصه آور
ғуссахона	غصه خانه
ғуссахӯр	غصه خور
ғут-ғут	غت غت
ғуфрон	غفران
ғуҷ	غوج
ғуҷум	غجوم
ғӯза	غوزه
ғӯзакашӣ	غوزه کشي
ғӯзакор	غوزه کار
ғӯзакорӣ	غوزه کاري
ғӯзамол	غوزه مال
ғӯзаобила	غوزه آبله
ғӯзапоя	غوزه پايه
ғӯзапояғундорӣ	غوزه پايه غنداري
ғӯзачашм	غوزه چشم
ғӯзачинӣ	غوزه چيني
ғӯзаҷаллоб	غوزه جلاّب
ғӯл	غول
ғӯла	غوله
ғӯлабур	غوله بر
ғӯлабурӣ	غوله بري
ғӯладинг	غوله دنگ
ғӯлак	غولک
ғӯлакандоз	غولک انداز
ғӯламонанд	غوله مانند
ғӯлафарш	غوله فرش
ғӯлача	غولچه
ғӯлачӯб	غوله چوب
ғӯлбак	غولبک
ғӯлинг	غولينگ
ғӯлингоб	غولينگ آب
ғӯлингхоӣ	غولينگ خايي
ғӯлӣ	غولي
ғӯлунг	غولنگ
ғӯлунгоб	غولنگ آب
ғӯлосо	غول آسا
ғӯлпайкар	غول پيکر
ғӯрабандӣ	غوره بندي
ғӯрагил	غوره گل
ғӯрамарг	غوره مرگ
ғӯраоб	غوره آب
ғӯриён	غوريان
ғӯрӣ	غوري
ғӯт	غوت
ғӯтида	غوتيده
ғӯтидан	غوتيدن
ғӯш	غوش
ғӯша	غوشه
даб	دب
дабанг	دبنگ
дабара	دبره
дабардӯқӣ	دبردوقي
дабарон	دبران
дабба	دبه
даббоғ	دباغ
даббоғӣ	دباغي
даббоғхона	دباغ خانه
дабдаба	دبدبه
дабдабадор	دبدبه دار
дабдабанок	دبدبه ناک
дабдала	دبدله
дабиқӣ	دبيقي
дабила	دبيله
дабир	دبير
дабирвор	دبيروار
дабиристон	دبيرستان
дабиристонӣ	دبيرستاني
дабирӣ	دبيري
дабирона	دبيرانه
дабирпеша	دبيرپيشه
дабирхона	دبيرخانه
дабистон	دبستان
дабистонӣ	دبستاني
дабоғат	دباغت
дабур	دبور
даббус	دبوس
дав	دو
давак	دوک
даванг	دونگ
даванд	دوند
даванда	دونده
давандагӣ	دوندگي
даварон	دوران
даваронӣ	دوراني
даввор	دوار
дав-давак	دودوک
дав-давакбозӣ	دودوکبازي
дав-давон	دودوان
давида	دويده
давидан	دويدن
давидаравон	دويده روان
давиш	دوش
давлат	دولت
давлатдорӣ	دولت داري
давлатёр	دولت يار
давлатёрӣ	دولت ياري
давлатӣ	دولتي
давлатманд	دولتمند
давлатмандӣ	دولتمندي
давлатпаноҳ	دولت پناه
давлатсаро	دولت سرا
давлатхона	دولت خانه
давлатхоҳ	دولت خواه
давлатхоҳӣ	دولت خواهي
давлатхоҳона	دولت خواهانه
давлатшаҳр	دول ت شهر
даво	دوا
давобб	دواب
давобахш	دوابخش
давобдор	دوابدار
давовин	دواوين
давогар	دواگر
даводав	دوادو
даводавӣ	دوادوي
давоир	دوائر
давоӣ	دوائي
давокунанда	دواکننده
давол	دوال
давола	دواله
даволбоз	دوالباز
даволбозӣ	دوال بازي
даволӣ	دوالي
давом	دوام
давомат	دوامت
давомдеҳ	دوام ده
давомдиҳанда	دوامدهنده
давомдор	دوام دار
давомдорӣ	دوام داري
давомият	دواميت
давомкунанда	دوام کننده
давомнок	دوام ناک
давомнокӣ	دوام ناکي
давомот	دوامات
давомпазир	دوام پذير
давон	دوان
давона	دوانه
давонанда	دواننده
давонопазир	دواناپذير
давопазир	دواپذير
давосоз	دواساز
давосозӣ	دواسازي
давот	دوات
давотгар	دوات گر
давотгарӣ	دوات گري
давотдор	دوات دار
давотӣ	دواتي
давотсоз	دوات ساز
давотсозӣ	دوات سازي
давотхона	دوات خانه
давоулмиск	دواالمسک
давоҷ	دواج
давошаванда	دواشونده
давр	دور
давра	دوره
даврагард	دوره گرد
даврагардӣ	دوره گردي
даврагӣ	دورگي
давраиҷангӣ	دورٍة جنگي
даврапилта	دوره پلته
давргард	دورگرد
давргир	دورگير
даврзананда	دورزننده
даврзанӣ	دورزني
даврият	دوريت
даврӣ	دوري
давродавр	دورادور
даврон	دوران
даврондида	دوران ديده
даврсанҷ	دورسنج
даврубар	دوروبر
давуғеҷ	دووغيج
давутоз	دووتاز
давҳа	دوحه
давча	دوچه
дағ	دغ
дағал	دغل
дағалбоз	دغلباز
дағалбозӣ	دغلبازي
дағалбофт	دغل بافت
дағалӣ	دغلي
дағалкорӣ	دغل کاري
дағалмизоҷ	دغل مزاج
дағалмуомила	دغل معامله
дағалмуомилагӣ	دغل معاملگي
дағалмӯй	دغل موي
дағалона	دغلانه
дағалпашм	دغل پشم
дағалтабиат	دغل طبيعت
дағар-буғур	دغربغر
дағ-дағ	دغ دغ
дағдаға	دغدغه
дағдағадор	دغدغه دار
дағдағак	دغدغک
дағдағон	دغدغان
дағеҷ	دغيج
дағо	دغا
дағобоз	دغاباز
дағобозӣ	دغابازي
дағопеша	دغاپيشه
дад	دد
дада	دده
дадӣ	ددي
дадманиш	ددمنش
дадманишона	ددمنشانه
дадо	ددا
дажғим	دژغيم
дажғол	دژغال
дажғолбетон	دژغال بيتان
дай	دي
дайду	ديدو
дайдугӣ	ديدوگي
дайдузан	ديدوزن
дайён	ديان
дайёр	ديار
даймоҳӣ	ديماهي
дайн	دين
дайр	دير
дайрнишин	ديرنشين
дайҳим	ديهيم
дайҳимдор	ديهيم دار
дайҷур	ديجور
дайюс	ديوس
дакаданг	دکدنگ
даканг	دکنگ
дакар-дукур	دکر دکر
дак-дак	دک دک
дакка	دکه
дақ	دق
даққ	دق
дақёнус	دقيانوس
дақёнусӣ	دقيانوسي
дақиқ	دقيق
дақиқа	دقيقه
дақиқагард	دقيقه گرد
дақиқагӣ	دقيقگي
дақиқадон	دقيقه دان
дақиқаёб	دقيقه ياب
дақиқаёбӣ	دقيقه يابي
дақиқан	دقيقاً
дақиқасанҷ	دقيقه سنج
дақиқахӯй	دقيقه خوي
дақиқашинос	دقيقه شناس
дақиқашумор	دقيقه شمار
дақиқашуморӣ	دقيقه شماري
дақиқбин	دقيق بين
дақиқӣ	دقيقي
дақиқкор	دقيق کار
дақиқкорӣ	دقيق کاري
дақиқкорона	دقيق کارانه
дақиқназар	دقيق نظر
дақиқназарона	دقيق نظرانه
дақиқона	دقيقانه
даққоқ	دقاق
даққоқӣ	دقاقي
дақоиқ	دقائق
дала	دله
далв	دلو
далел	دليل
далелӣ	دليلي
далелнок	دليل ناک
далер	دلير
далервор	دليروار
далерӣ	دليري
далерона	دليرانه
далқ	دلق
далқпӯш	دلق پوش
далла	دله
даллагӣ	دلگي
даллок	دلاک
даллокӣ	دلاکي
даллол	دلال
даллола	دلاّله
даллолагӣ	دلاّله گي
даллолӣ	دلاّلي
даллолона	دلاّلانه
далоил	دلائل
далол	دلال
далолат	دلالت
далфин	دلفين
дам	دم
дама	دمه
дамавимизоҷ	دمويمزاج
дамавӣ	دموي
даман	دمن
даманда	دمنده
дамбал	دمبل
дамбалӣ	دمبلي
дамбар-дамбур	دمبر دمبر
дамбаста	دمبسته
дамбуқ	دمبوق
дамгар	دمگر
дамгаҳ	دمگه
дамгир	دمگير
дамгирифта	دمگرفته
дамгирӣ	دمگيري
дамгоҳ	دمگاه
дамдама	دمدمه
дамдамакӣ	دمدمکي
дамдор	دم دار
дамдузд	دم دزد
дамдуздӣ	دم دزدي
дамдуздона	دم دزدانه
дамида	دميده
дамидагӣ	دميدگي
дамидан	دميدن
дамиш	دمش
дамкарда	دم کرده
дамкардагӣ	دم کردگي
дамкарданӣ	دم کردني
дамкаш	دم کش
дамлама	دملمه
дамоба	دم آبه
дамодам	دمادم
дамолуда	دم آلوده
дамома	دمامه
дамон	دمان
дамондан	دماندن
дамосат	دماثت
дампаз	دم پز
дампухт	دم پخت
дампухта	دم پخته
дампухтагӣ	دم پختگي
дамсард	دم سرد
дамсоз	دمساز
дамсозӣ	دمسازي
дамтабақ	دمطبق
дамтез	دمتيز
дамхӯр	دمخور
дамхӯрда	دمخورده
дамҳоткарда	دم هات کرده
дамъ	دمع
данн	دن
дана	دنه
данг	دنگ
дангал	دنگل
дангар-дангар	دنگردنگر
данг-данг	دنگ دنگ
дангил	دنگل
дангӣ	دنگي
дангона	دنگانه
дангоса	دنگاسه
дангосагӣ	دنگاسگي
данд	دند
данда	دنده
дандана	دندنه
дандон	دندان
дандона	دندانه
дандонабурӣ	دندانه بري
дандонадор	دندانه دار
дандонакашӣ	دندانه کشي
дандонамола	دندانه ماله
дандонбар	دندان بر
дандонгир	دندان گير
дандонгузар	دندان گذر
дандондард	دندان درد
дандондароз	دندان دراز
дандондор	دندان دار
дандонзад	دندان زد
дандонзанӣ	دندان زني
дандонӣ	دنداني
дандонкан	دندان کن
дандонмола	دندان ماله
дандоннамо	دندان نما
дандонногузар	دندان ناگذر
дандонпизишк	دندان پزشک
дандонпизишкӣ	دندان پزشکي
дандонрехта	دندان ريخته
дандонсадаф	دندان صدف
дандонсафед	دندان سفيد
дандонсоз	دندان ساز
дандонсозӣ	دندان سازي
дандонтилло	دندان طلا
дандонхилол	دندان خلال
дандонхой	دندان خاي
дандонхояк	دندان خايک
дандоншикан	دندان شکن
дандоншӯӣ	دندان شوئي
дандоншӯяк	دندان شويک
данидан	دنيدن
данӣ	دني
данон	دنان
даовӣ	دعاوي
дар	در
дара	دره
дарав	درو
даравгар	دروگر
даравгарӣ	دروگري
даравидан	درويدن
дарак	درک
дарақ-дарақ	درق درق
дараққос	درقّاس
даранг	درنگ
даранг-даранг	درنگ درنگ
дарангидаранг	درنگ درنگ
дарангӣ	درنگي
дарангпеша	درنگ پيشه
даранда	درنده
дарандавор	درنده وار
дарандагӣ	درندگي
дарандохтан	درانداختن
дарандудан	دراندودن
дарафзудан	درافزودن
дарафкандан	درافکندن
дарафрӯхтан	درافروختن
дарафш	درفش
дарафшондан	درافشاندن
дарахт	درخت
дарахтак	درختک
дарахтбур	درخت بر
дарахтбурӣ	درخت بري
дарахтдор	درخت دار
дарахтзор	درخت زار
дарахтистон	درختستان
дарахтсунба	درخت سنبه
дарахтшинонӣ	درخت شناني
дараҷа	درجه
дараҷабандӣ	درجه بندي
дараҷадор	درجه دار
дараҷадорӣ	درجه داري
дарб	درب
дарбадар	دربدر
дарбадаргардӣ	دربدرگردي
дарбадарӣ	دربدري
дарбадевор	دربديوار
дарбанд	دربند
дарбандон	دربندان
дарбаргиранда	دربرگيرنده
дарбаста	دربسته
дарбастан	دربستن
дарбача	دربچه
дарбеҳ	دربه
дарбеҳдор	دربه دار
дарбеҳнок	دربه ناک
дарбоист	دربايست
дарбоиста	دربايسته
дарбон	دربان
дарбонӣ	درباني
дарбонхона	دربان خانه
дарбор	دربار
дарборӣ	درباري
дарбофтан	دربافتن
дарбохтан	درباختن
дарвеза	درويزه
дарвезагарӣ	درويزه گري
дарвеш	درويش
дарвешдӯст	درويش دوست
дарвешӣ	درويشي
дарвешнавоз	درويش نواز
дарвешнавозӣ	درويش نوازي
дарвешнамо	درويش نما
дарвешона	درويشانه
дарвешпарвар	درويش پرور
дарвешсират	درويش سيرت
дарвешсифат	درويش صفت
дарвешсифатӣ	درويش صفتي
дарвоза	دروازه
дарвозабон	دروازه بان
дарвозабонӣ	دروازه باني
дарвозадор	دروازه دار
дарвозахона	دروازه خانه
дарвозӣ	دروازي
дарвоист	دروايست
дарвоистан	دروايستن
дарвох	درواخ
даргаҳ	درگه
даргаҳӣ	درگهي
даргашта	درگشته
даргаштан	درگشتن
даргир	درگير
даргиранда	درگيرنده
даргирифта	درگرفته
даргирифтан	درگرفتن
даргирӣ	درگيري
даргирондан	درگراندن
даргиронидан	درگرانيدن
даргоҳӣ	درگاهي
даргоҳнишин	درگاه نشين
даргузар	درگذر
даргузаронидан	درگذرانيدن
даргузашт	درگذشت
даргузашта	درگذشته
даргузаштан	درگذشتن
даргусехтан	درگسيختن
дарғ	درغ
дарғазаб	درغضب
дарғот	درغات
дарғотпулӣ	درغات پولي
дарғотсозӣ	درغات سازي
дард	درد
дардам	دردم
дардамида	دردميده
дардамидан	دردميدن
дардангез	دردانگيز
дардарак	دردرک
дардафзо	دردافزا
дардбор	دردبار
дардзада	دردزده
дардкаш	دردکش
дардкашида	دردکشيده
дардкашӣ	دردکشي
дардманд	دردمند
дардмандӣ	دردمندي
дардмандона	دردمندانه
дарднок	دردناک
дарднокарданӣ	دردناکردني
дардо	دردا
дардовар	دردآور
дардодан	دردادن
дардолуд	دردآلود
дардомез	دردآميز
дардор	دردار
дардошно	دردآشنا
дардпарвар	دردپرور
дардханд	دردخند
дардчин	دردچين
дардшинос	دردشناس
даревос	دريواس
дареғ	دريغ
дареғгӯӣ	دريغ گويي
дареғо	دريغا
дареғогӯй	دريغاگوي
дарё	دريا
дарёб	درياب
дарёбанда	دريابنده
дарёбандагӣ	دريابندگي
дарёбод	درياباد
дарёбор	دريابار
дарёваш	درياوش
дарёгард	درياگرد
дарёгардӣ	درياگردي
дарёдамкаш	دريادمکش
дарёдаркаш	دريادرکش
дарёдил	دريادل
дарёдилӣ	دريادلي
дарёдилона	دريادلانه
дарёӣ	دريائي
дарёкаш	درياکش
дарёнавард	دريانورد
дарёнавардӣ	دريانوردي
дарёфт	دريافت
дарёфтан	دريافتن
дарёча	درياچه
дарёшинос	درياشناس
дарёшукӯҳ	درياشکوه
дарз	درز
дарза	درزه
дарзабанд	درزه بند
дарзадан	درزدن
дарздӯз	درزدوز
дарздӯзӣ	درزدوزي
дарзигӣ	درزيگي
дарзӣ	درزي
дарзмол	درزمال
дарида	دريده
даридагӣ	دريدگي
даридадаҳан	دريده دهن
даридадаҳон	دريده دهان
даридалибос	دريده لباس
даридан	دريدن
даридаҷома	دريده جامه
даризабон	دري زبان
дарихона	دريخانه
дарича	دريچه
даричадор	دريچه دار
дарӣ	دري
дарк	درک
даркардан	درکردن
даркашидан	درکشيدن
даркор	درکار
даркорӣ	درکاري
даркушо	درکشا
даркушода	درکشاده
даркушоӣ	درکشائي
даркӯбӣ	درکوبي
даркӯшидан	درکوشيدن
даркшаванда	درکشونده
даркшавандагӣ	درکشوندگي
дармана	درمنه
дармиён	درميان
дармиёнӣ	درمياني
дармон	درمان
дармонбахш	درمان بخش
дармонгар	درمانگر
дармонгарӣ	درمان گري
дармонгоҳ	درمان گاه
дармонгоҳӣ	درمان گاهي
дармонда	درمانده
дармондагӣ	درماندگي
дармондан	درماندن
дармонӣ	درماني
дармоннопазир	درمان ناپزير
дармонондан	درماناندن
дармонпазир	درمان پذير
дарнавардидан	درنورديدن
дарнаваштан	درنوشتن
дарнагиранда	درنگيرنده
дарнамудан	درنمودن
дарнигаристан	درنگرستن
дарниҳодан	درنهادن
дарнишастан	درنشستن
дарнишондан	درنشاندن
дарногир	درناگير
дарногирӣ	درناگيري
даро	درا
дарой	دراي
даробаро	درابرا
даровардан	درآوردن
даровехта	درآويخته
даровехтан	درآويختن
дароганда	درآگنده
дарогандан	درآگندن
дародаро	در ادرا
дароз	دراز
дарозак	درازک
дарозбинӣ	درازبيني
дарозболо	درازبالا
дарозгапӣ	درازگپي
дарозгардан	درازگردن
дарозгӯӣ	درازگوئي
дарозгӯш	درازگوش
дароздаст	درازدست
дароздаста	درازدسته
дароздастӣ	درازدستي
дароздоман	درازدامن
дароздум	درازدم
дарозӣ	درازي
дарозкашида	درازکشيده
дарозқад	درازقد
дарозмавҷ	درازموج
дарозмил	درازميل
дарозмуддат	درازمدت
дарозмӯй	درازموي
дарозмӯҳлат	درازمهلت
дарознавис	درازنويس
дарознависӣ	درازنويسي
дарознах	درازنخ
дарозно	درازنا
дарознӯл	درازنول
дарозо	درازا
дарозоҳанг	درازآهنگ
дарозпанҷа	درازپنجه
дарозпой	درازپاي
дарозпоя	درازپايه
дарозриш	درازريش
дарозрӯй	درازروي
дарозрӯя	درازرويه
дарозумр	درازعمر
дарозумрӣ	درازعمري
дарозшакл	درازشکل
дарозшаклӣ	درازشکلي
дарозшир	درازشير
даромад	درامد
даромада	درامده
даромадан	درامدن
даромадгоҳ	درامدگاه
даромаддиҳанда	درامددهنده
даромаддиҳӣ	درامددهي
даромаднок	درامدناک
даромаднокӣ	درامدناکي
даромехта	درآميخته
даромехтагӣ	درآميختگي
даромехтан	درآميختن
даромӯхтан	درآموختن
даронидан	درانيدن
дарошуфтан	درآشفتن
дароянда	دراينده
дарпазир	درپذير
дарпарда	درپرده
дарпечидан	درپيچيدن
дарра	دره
даррабудан	درربودن
даррав	درو
даррадаст	دره دست
дарразан	دره زن
дарразанӣ	دره زني
даррасидан	دررسيدن
даррасондан	دررساندن
даррафтан	دررفتن
даррок	دراک
дарс	درس
дарсгоҳ	درسگاه
дарсгузаронӣ	درس گذراني
дарсгӯӣ	درس گويي
дарсгӯй	درس گوي
дарсдиҳӣ	درس دهي
дарсӣ	درسي
дарсоат	درساعت
дарсоз	درساز
дарсомӯз	درس آموز
дарсомӯзӣ	درس آموزي
дарсохтан	درساختن
дарсфаҳмӣ	درس فهمي
дарсхон	درس خوان
дарсхона	درس خانه
дарсхонӣ	درس خواني
дартоз	درتاز
дарун	درون
даруна	درونه
дарунакӣ	درونکي
дарунафрӯз	درون افروز
дарунаҷ	درونج
дарунбар	درون بر
дарунбин	درون بين
дарунбинӣ	درون بيني
дарунгаро	درون گرا
дарунгароӣ	درون گرايي
дарундор	درون دار
дарунзо	درون زا
дарунӣ	دروني
дарунковок	درون کاواک
дарунмарзӣ	درون مرزي
дарунмоя	درون مايه
даруннигарӣ	درون نگري
даруннигорӣ	درون نگاري
даруннокӣ	درون ناکي
дарунпарвар	درون پرور
дарунрав	درون رو
дарунравӣ	درون روي
дарунронӣ	درون راني
дарунсиёҳ	درون سياه
дарунсоф	درون صاف
дарунсӯз	درون سوز
дарунсӯзӣ	درون سوزي
дарунсӯхта	درون سوخته
дарунтиҳӣ	درون تهي
дарунхолӣ	درون خالي
даруншаҳрӣ	درون شهري
даруфтодан	درافتادن
дарфанҷак	درفنجک
дарфитодан	درفتادن
дарфузудан	درفزودن
дархазидан	درخزيدن
дархестан	درخيستن
дархиромидан	درخراميدن
дархост	درخواست
дархостан	درخواستن
дархосткунанда	درخواست کننده
дархур	درخور
дархӯрд	درخورد
дархӯрдан	درخوردن
дарҳам	درهم
дарҳамзада	درهم زده
дарҳамӣ	درهمي
дарҳамкашида	درهم کشيده
дарҳамомеза	درهم آميزه
дарҳамомезӣ	درهم آميزي
дарҳамомехта	درهم آميخته
дарҳамомехтагӣ	درهم آميختگي
дарҳампечида	درهم پيچيده
дарҳамрафта	درهم رفته
дарҳамрехта	درهم ريخته
дарҳамшикаста	درهم شکسته
дарҳамшикастагӣ	درهم شکستگي
дарҳол	درحال
дарча	درچه
дарчидан	درچيدن
дарҷ	درج
дарҷшуда	درج شده
даршикастан	درشکستن
даршудан	درشدن
дарюза	دريوزه
дарюзагар	دريوزه گر
дасиса	دسيسه
дасисабоз	دسيسه باز
дасисабозӣ	دسيسه بازي
дасисакор	دسيسه کار
дасисакорӣ	دسيسه کاري
дасисакорона	دسيسه کارانه
даст	دست
даста	دسته
дастабандӣ	دسته بندي
дастабиринҷӣ	دسته برنجي
даставвал	دست اول
дастагул	دسته گل
дастадароз	دسته دراز
дастак	دستک
дастакдор	دستکدار
дастакдӯзӣ	دستک دوزي
дастакзан	دستک زن
дастакзанон	دستک زنان
дастакифурӯш	دستکي فروش
дастакифурӯшӣ	دستکي فروشي
дастакӣ	دستکي
дастакӯтоҳ	دسته کوتاه
дастанбӯй	دستنبوي
дастанбӯя	دستنبويه
дастандоз	دست انداز
дастандозӣ	دست اندازي
дастануқра	دسته نقره
дастарра	دست اره
дастархон	دسترخوان
дастархондор	دسترخوان دار
дастархондорӣ	دسترخوان داري
дастархончӣ	دسترخوانچي
дастасадаф	دسته صدف
дастасозӣ	دسته سازي
дастафзор	دست افزار
дастафшон	دست افشان
дастафшор	دست افشار
дастаҷамъӣ	دسته جمعي
дастаҷамъона	دسته جمعانه
дастбагиребон	دست بگريبان
дастбагиребонӣ	دست بگريباني
дастбадаст	دست بدست
дастбакор	دست بکار
дастбанд	دست بند
дастбаста	دست بسته
дастбахок	دست بخاک
дастбозӣ	دست بازي
дастболо	دست بالا
дастбофт	دست بافت
дастбурд	دست برد
дастбӯс	دست بوس
дастбӯсӣ	دست بوسي
даствора	دست واره
дастгармӣ	دست گرمي
дастгароӣ	دست گرائي
дастгарой	دست گراي
дастгаҳ	دستگه
дастгир	دستگير
дастгирак	دستگيرک
дастгирӣ	دستگيري
дастгиршуда	دستگير شده
дастгоҳ	دستگاه
дастгоҳсоз	دستگاه ساز
дастгоҳсозӣ	دستگاه سازي
дастдароз	دست دراز
дастдарозӣ	دست درازي
дастдиҳӣ	دست دهي
дастёб	دست ياب
дастёр	دستيار
дастёрӣ	دستياري
дастзад	دست زد
дастзан	دست زن
дастина	دستينه
дастисохт	دستي ساخت
дастӣ	دستي
дасткафон	دست کفان
дасткаҷ	دست کج
дасткаҷӣ	دست کجي
дасткаш	دستکش
дасткашида	دست کشيده
дасткашӣ	دست کشي
дасткишт	دست کشت
дасткола	دست کاله
дастком	دستکام
дасткор	دستکار
дасткорӣ	دستکاري
дасткушода	دست کشاده
дасткушодӣ	دست کشادي
дасткӯтоҳ	دست کوتاه
дасткӯтоҳӣ	دست کوتاهي
дастлоф	دست لاف
дастмол	دستمال
дастмолӣ	دستمالي
дастмолкаду	دستمال کدو
дастмоя	دستمايه
дастмузд	دستمزد
дастмӯза	دست موزه
дастнавис	دست نويس
дастнавишт	دست نوشت
дастнавишта	دست نوشته
дастнахӯрда	دست نخورده
дастнигар	دست نگر
дастнигарӣ	دست نگري
дастнигор	دست نگار
дастниҳол	دست نهال
дастнишин	دست نشين
дастнишон	دست نشان
дастнишонда	دست نشانده
дастнорас	دست نارس
дастовард	دست آورد
дастовез	دست آويز
дастодаст	دستادست
дастозмоӣ	دست آزمايي
дастомӯз	دست آموز
дастон	دستان
дастонгӯ	دستان گو
дастоннавоз	دستان نواز
дастоннавозӣ	دستان نوازي
дастонсарой	دستان سراي
дастонсоз	دستان ساز
дастор	دستار
дасторак	دستارک
дастордор	دستاردار
дастордорӣ	دستارداري
дасторон	دستاران
дасторхон	دستارخوان
дасторча	دستارچه
дастос	دست آس
дастпаймон	دست پيمان
дастпарвар	دست پرور
дастпарвард	دست پرورد
дастпарварда	دست پرورده
дастпеч	دست پيچ
дастпок	دست پاک
дастпокӣ	دست پاکي
дастпоккун	دست پاک کن
дастпона	دست پانه
дастпоча	دست پاچه
дастпухт	دست پخت
дастпӯшак	دست پوشک
дастранҷ	دسترنج
дастрас	دسترس
дастрасӣ	دست رسي
дастрасо	دست رسا
дастром	دست رام
дастрӯймол	دست رويمال
дастрӯмол	دست رومال
дастсоз	دست ساز
дастсой	دست ساي
дастсохт	دست ساخت
дастсӯз	دست سوز
дасттангӣ	دست تنگي
дасттанҳо	دست تنها
дасттанҳоӣ	دست تنهايي
дасттеша	دست پيشه
дасттиҳӣ	دست تهي
даступанҷадор	دست وپنجه دار
даступобаста	دست وپابسته
даступодор	دست و پادار
даступозанӣ	دست و پازني
дастур	دستور
дастурамал	دستورعمل
дастурдиҳанда	دستوردهنده
дастурдиҳӣ	دستوردهي
дастурзода	دستورزاده
дастурӣ	دستوري
дастуруламал	دستورالعمل
дастурӯшӯӣ	دست وروشويي
дастурӯшӯяк	دست وروشويک
дастурхон	دسترخوان
дастфол	دستفال
дастфишорӣ	دست فشاري
дастфишурӣ	دست فشوري
дастфурӯш	دست فروش
дастфурӯшӣ	دست فروشي
дастхат	دست خط
дастхолӣ	دست خالي
дастхуш	دست خوش
дастхушк	دست خشک
дастхушкӣ	دست خشکي
дастхӯрда	دست خورده
дастчин	دست چين
дастҷамъӣ	دست جمعي
дастҷунбонӣ	دست جنباني
дастшикаста	دست شکسته
дастшинон	دست شنان
дастшинонда	دست شنانده
дастшӯяк	دست شويک
даф	دف
дафгардон	دف گردان
дафзан	دف زن
дафзанон	دف زنان
дафин	دفين
дафина	دفينه
дафӣ	دفي
дафн	دفن
дафнавоз	دف نواز
дафнук	دفنوک
дафтар	دفتر
дафтардор	دفتردار
дафтардорӣ	دفتر داري
дафтарӣ	دفتري
дафтархона	دفترخانه
дафтарча	دفترچه
даффоф	دفّاف
дафъ	دفع
дафъа	دفعه
дафъатан	دفعتا
дафънопазир	دفع ناپذير
дафъулвақт	دفع الوقت
дахил	دخيل
дахл	دخل
дахлдор	دخل دار
дахма	دخمه
дахмабон	دخمه بان
дахмабонӣ	دخمه باني
дахмагоҳ	دخمه گاه
дахмаса	دخمسه
дахолат	دخالت
дахолатнопазир	دخالت ناپزير
дахолатнопазирӣ	دخالت ناپذيري
дахш	دخش
даҳ	ده
даҳа	دهه
даҳан	دهن
даҳанакӣ	دهنکي
даҳанбаста	دهن بسته
даҳанбин	دهن بين
даҳанбоз	دهن باز
даҳанвасеъ	دهن وسيع
даҳандарида	دهن دريده
даҳандӯз	دهن دوز
даҳандӯхта	دهن دوخته
даҳанзада	دهن زده
даҳанкалон	دهن کلان
даҳанкалонӣ	دهن کلاني
даҳанмард	دهن مرد
даҳансӯз	دهن سوز
даҳансӯхта	دهن سوخته
даҳанфарох	دهن فراخ
даҳанширинӣ	دهن شيريني
даҳанялагӣ	دهن يلگي
даҳонялагӣ	دهان يلگي
даҳбошӣ	دهباشي
даҳгаза	ده گزه
даҳдаҳӣ	ده دهي
даҳдила	ده دله
даҳзабон	ده زبان
даҳӣ	دهي
даҳкарата	ده کرته
даҳлез	دهليز
даҳлезӣ	دهليزي
даҳманӣ	ده مني
даҳмарда	ده مرده
даҳмардагӯй	ده مرده گوي
даҳо	دها
даҳож	دهاژ
даҳоз	دهاز
даҳоқин	دهاقين
даҳона	دهانه
даҳонакӣ	دهانکي
даҳонбанд	دهان بند
даҳонбандӣ	دهان بندي
даҳонбефаровез	دهان بيفراويز
даҳонзада	دهان زده
даҳонӣ	دهاني
даҳонкалон	دهان کلان
даҳонкушоӣ	دهان کشايي
даҳонпизишк	دهان پزشک
даҳонпизишкӣ	دهان پزشکي
даҳонсӯз	دهان سوز
даҳонсӯхта	دهان سوخته
даҳонтанг	دهان تنگ
даҳор	دهار
даҳпанҷӣ	ده پنجي
даҳр	دهر
даҳра	دهره
даҳригӣ	دهريگي
даҳриёна	دهريانه
даҳрӣ	دهري
даҳрӯза	ده روزه
даҳрӯзагӣ	ده روزگي
даҳрӯя	ده رويه
даҳсола	ده ساله
даҳсолагӣ	ده سالگي
даҳтоӣ	ده تايي
даҳум	دهم
даҳчанд	ده چند
даҳчор	ده چار
даҳшат	دهشت
даҳшатангез	دهشت انگيز
даҳшатангезӣ	دهشت انگيزي
даҳшатангезона	دهشت انگيزانه
даҳшатафзо	دهشت افزا
даҳшатафзоӣ	دهشت افزايي
даҳшатафкан	دهشت افکن
даҳшатбор	دهشت بار
даҳшатзада	دهشت زده
даҳшатзадагӣ	دهشت زدگي
даҳшатзо	دهشت زا
даҳшатнок	دهشت ناک
даҳшатовар	دهشت آور
даҳшатолуда	دهشت آلوده
даҳяк	ده يک
даҳякгир	ده يک گير
даҳякхӯр	ده يک خور
даҳякчӣ	ده يکچي
даҷла	دجله
даҷҷол	دجال
дашна	دشنه
дашном	دشنام
дашт	دشت
даштбозор	دشت بازار
даштбон	دشتبان
даштӣ	دشتي
даштнавард	دشت نورد
даштнишин	دشت نشين
даштпаймо	دشت پيما
даштрӯя	دشت رويه
даъб	دأب
даъват	دعوت
даъватгар	دعوت گر
даъватгаҳ	دعوت گه
даъватӣ	دعوتي
даъватнома	دعوت نامه
даъватшаванда	دعوت شونده
даъватшуда	دعوت شده
даъвӣ	دعوي
даъво	دعوا
даъвогар	دعواگر
даъвогарӣ	دعواگري
даъвоӣ	دعوائي
даюс	ديوث
дебет	ديبيت
дебит	دبيت
дебо	ديبا
деборух	ديبارخ
дебоча	ديباچه
дебочанавис	ديباچه نويس
дебют	ديبيوت
дев	ديو
дева	ديوه
девак	ديوک
девалватсия	ديولوتسيه
девахтар	ديواختر
девбанд	ديوبند
девбандӣ	ديوبندي
девбача	ديوبچه
девбашара	ديوبشره
девбод	ديو باد
девбода	ديوباده
девгоҳ	ديوگاه
девдил	ديودل
девдилӣ	ديودلي
девдор	ديودار
девзада	ديوزده
девзира	ديوزيره
девзод	ديوزاد
девкада	ديوکده
девкирдор	ديوکردار
девкор	ديوکار
девкорӣ	ديوکاري
девлох	ديولاخ
девмард	ديومرد
девмардум	ديومردم
девмонанд	ديومانند
девмор	ديومار
девол	ديوال
девон	ديوان
девона	ديوانه
девонаавзоъ	ديوانه اوضاع
девонавор	ديوانه وار
девонагӣ	ديوانگي
девонамизоҷ	ديوانه مزاج
девонамонанд	ديوانه مانند
девонанамо	ديوانه نما
девонасифат	ديوانه صفت
девонатабиат	ديوانه طبيعت
девонафеъл	ديوانه فعل
девонафеълӣ	ديوانه فعلي
девонахона	ديوانه خانه
девонбегӣ	ديوان بيگي
девонбон	تديوان گ
девонӣ	ديواني
девонсолор	ديوان سالار
девонсолорӣ	ديوان سالاري
девонхона	ديوان خانه
девор	ديوار
девора	ديواره
деворафкан	ديوارافکن
деворбадевор	ديواربديوار
деворбаланд	ديواربلند
деворбанд	ديوار بند
деворбаст	ديواربست
деворбутта	ديواربته
деворгар	ديوارگر
деворгарӣ	ديوارگري
девордармиён	ديواردرميان
девордор	ديواردار
деворзан	ديوارزن
деворзанӣ	ديوارزني
деворӣ	ديواري
деворкан	ديوارکن
деворкашӣ	ديوارکشي
деворкӯб	ديوارکوب
деворнавишта	ديوارنوشته
деворнигора	ديوارنگاره
деворнигорӣ	ديوارنگاري
деворпаст	ديوارپست
деворхишт	ديوارخشت
деворшикан	ديوارشکن
девпо	ديوپا
девпой	ديوپاي
девсавор	ديوسوار
девсимо	ديوسيما
девсират	ديوسيرت
девсиришт	ديوسرشت
девсияр	ديوسير
девсор	ديوسار
девсурат	ديوصورت
девтабъ	ديوطبع
девтинат	ديوطينت
девхона	ديوخانه
девча	ديوچه
девҷавҳар	ديوجوهر
девшакл	ديوشکل
дег	ديگ
дегазатсия	ديگزتسيه
деггардиш	ديگ گردش
деггирак	ديگ گيرک
дегдон	ديگدان
дегӣ	ديگي
деглес	ديگ ليس
деглесӣ	ديگ ليسي
дегмонак	ديگمانک
дегпоя	ديگ پايه
дегпӯшак	ديگ پوشک
дегрез	ديگ ريز
дегрезӣ	ديگ ريزي
дегсалла	ديگ سلّه
дегхона	ديگ خانه
дегча	ديگچه
дегҷӯш	ديگجوش
дегшакл	ديگ شکل
дегшӯ	ديگشو
дегшӯй	ديگشوي
дедуксия	ديدوکسيه
деза	ديزه
дезинфексия	ديزنفيکسيه
дезӣ	ديزي
деизм	دييزم
декабр	ديکبر
декабрӣ	ديکبري
декалитр	ديکلتر
декан	ديکن
деканат	ديکنت
декатонна	ديکتانه
декламатсия	ديکلمتسيه
декрет	ديکريت
делфин	ديلفين
демография	ديماگرفيه
демографӣ	ديماگرفي
демократ	ديماکرت
демократия	ديماکرتيه
демократӣ	ديماکرتي
демпинг	ديمپنگ
денатурат	دينتورت
департамент	ديپرتمنت
депо	ديپا
дер	دير
деранд	ديرند
дербовар	ديرباور
дербоз	ديرباز
дергоҳ	ديرگاه
дергудоз	ديرگداز
дергузар	ديرگذر
дерзӣ	ديرزي
дерин	ديرين
дерина	ديرينه
деринабунёд	ديرينه بنياد
деринагӣ	ديرينگي
деринарӯз	ديرينه روز
деринасол	ديرينه سال
деринасос	ديرين اساس
дерӣ	ديري
деркард	ديرکرد
дерматология	ديرمتالاگيه
дермон	ديرمان
дермонда	ديرمانده
дермонӣ	ديرماني
дермуддат	ديرمدت
дермур	ديرمر
деродер	ديرادير
деромӯз	ديرآموز
дерором	ديرآرام
дерошно	ديرآشنا
дерпаз	ديرپز
дерпазак	ديرپزک
дерпой	ديرپاي
деррасида	ديررسيده
дерсоз	ديرساز
дерсол	ديرسال
дерсола	ديرساله
дерсӯз	ديرسوز
дерфаҳм	ديرفهم
дерфаҳмӣ	ديرفهمي
дерхез	ديرخيز
дерхуфта	ديرخفته
дерҳазм	ديرهضم
дерҷунб	ديرجنب
десант	ديسنت
десантӣ	ديسنتي
десантчӣ	ديسنتچي
детектив	ديتيکتيو
детсиметр	ديت سميتر
дефис	ديفيس
деҳ	ده
деҳа	ديهه
деҳагӣ	ديهگي
деҳанишин	ديهه نشين
деҳистон	دهستان
деҳкада	دهکده
деҳқон	دهقان
деҳқонбача	دهقان بچه
деҳқонзода	دهقان زاده
деҳқонӣ	دهقاني
деҳқонписар	دهقان پسر
деҳнишин	ده نشين
деҳот	دهات
деҳотӣ	دهاتي
деҳхудо	دهخدا
деҳшӯро	ده شورا
дзюдо	دزيودا
диабет	ديئبيت
диаграмма	ديئگرمه
диалектизм	ديئليکتزم
диалектика	ديئليکتيکه
диалектикӣ	ديئليکتيکي
диалог	ديئلاگ
диафрагма	ديئفرگمه
дибоғат	دباغت
дивизион	ديويزيان
дивизия	ديويزيه
дигарандеш	ديگرانديش
дигарандешӣ	ديگرانديشي
дигарбор	ديگربار
дигарбора	ديگرباره
дигаргун	ديگرگون
дигаргуна	ديگرگونه
дигаргунӣ	ديگرگوني
дигаргунсозӣ	ديگرگون سازي
дигаргуншаванда	ديگرگون شونده
дигаргуншавандагӣ	ديگرگون شوندگي
дигарӣ	ديگري
дигарсарой	ديگرسراي
дигарсон	ديگرسان
дигархел	ديگرخيل
дигархела	ديگرخيله
дид	ديد
дида	ديده
дидаафрӯз	ديده افروز
дидабоз	ديده باز
дидабӯсӣ	ديده بوسي
дидавар	ديده ور
дидаварӣ	ديده وري
дидагирён	ديده گريان
дидагӣ	ديدگي
дидагоҳ	ديده گاه
дидадаро	ديده درا
дидадароӣ	ديده دارائي
дидадор	ديده دار
дидадӯз	ديده دوز
дидакаш	ديده کش
дидактика	ديدکتيکه
дидактикӣ	ديدکتيکي
дидан	ديدن
диданашуда	ديده نشده
диданбоб	ديدن باب
диданӣ	ديدني
дидатар	ديده تر
дидахона	ديده خانه
дидашаванда	ديده شونده
дидбон	ديدبان
дидбонгоҳ	ديدبان گاه
дидбонӣ	ديدباني
дидгоҳ	ديدگاه
дидор	ديدار
дидорбинӣ	ديداربيني
дидорӣ	ديداري
диёнат	ديانت
диёр	ديار
диж	دژ
дижам	دژم
дижамрӯй	دژم روي
дижан	دژن
дижбон	دژبان
диждор	دژدار
дижогоҳ	دژآگاه
дижолуд	دژآلود
дижоҳанг	دژآهنگ
дижхим	دژخيم
дизел	ديزيل
дизелӣ	ديزيلي
дизентерия	ديزينتيريه
диккак	دکک
дикта	ديکته
диктант	ديکتنت
диктатор	ديکتتار
диктатура	ديکتتوره
диктофон	ديکتافان
дил	دل
дилак	دلک
дилангез	دل انگيز
дилафгор	دل افگار
дилафгорӣ	دل افگاري
дилафрӯз	دل افروز
дилафсурда	دل افسرده
дилафтода	دل افتاده
дилбазан	دل بزن
дилбанд	دلبند
дилбар	دلبر
дилбарак	دلبرک
дилбардор	دل بردار
дилбардорӣ	دل برداري
дилбарӣ	دلبري
дилбарона	دلبرانه
дилбаста	دلبسته
дилбастагӣ	دلبستگي
дилбеҳузурӣ	دل بي حضوري
дилбеҳузуркунанда	دل بي حضور کننده
дилбеҷокунанда	دل بي جاکننده
дилбоз	دلباز
дилбозӣ	دلبازي
дилбохта	دلباخته
дилбохтагӣ	دلباختگي
дилбурда	دلبرده
дилбурдагӣ	دلبردگي
дилвасеъ	دل وسيع
дилгарм	دلگرم
дилгармӣ	دلگرمي
дилгарон	دل گران
дилгир	دلگير
дилгирӣ	دلگيري
дилгиркунанда	دلگيرکننده
дилгирона	دلگيرانه
дилгудоз	دل گداز
дилгудохта	دل گداخته
дилгурусна	دل گرسنه
дилдода	دلداده
дилдодагӣ	دلدادگي
дилдор	دلدار
дилдорӣ	دلداري
дилдузд	دل دزد
дилдӯз	دلدوز
дилер	ديلير
дилерӣ	ديليري
дилёб	دل ياب
дилёбӣ	دل يابي
дилзаиф	دل ضعيف
дилзанӣ	دل زني
дилзинда	دل زنده
дилканда	دل کنده
дилкаф	دلکف
дилкаш	دلکش
дилкашол	دل کشال
дилкашолӣ	دل کشالي
дилкушо	دلکشا
дилкушод	دل کشاد
дилкушоӣ	دلکشائي
дилкӯр	دل کور
дилмонда	دل مانده
дилмондагӣ	دل ماندگي
дилмурда	دل مرده
дилмурдагӣ	دل مردگي
дилнавоз	دلنواز
дилнавозӣ	دلنوازي
дилнарм	دلنرم
дилнармӣ	دلنرمي
дилнигарон	دل نگران
дилнигаронӣ	دل نگراني
дилнишин	دلنشين
дилнишон	دلنشان
дилнозук	دل نازک
дилнозукӣ	دل نازکي
дилнокаш	دل ناکش
дилнохоҳона	دل ناخواهانه
дилнохуш	دل ناخوش
дилнохушӣ	دل ناخوشي
дилобкунанда	دل آبکننده
дилобхӯр	دل آبخور
диловар	دلاور
диловарӣ	دلاوري
диловарона	دلاورانه
диловез	دلاويز
диловезӣ	دلاويزي
дилогоҳ	دلآگاه
дилогоҳӣ	دلآگاهي
дилозор	دل آزار
дилозорӣ	دل آزاري
дилозурда	دل آزرده
дилозурдагӣ	دل آزردگي
дилом	دلام
дилоро	دلآرا
дилороӣ	دل آرائي
дилором	دل آرام
дилосо	دل آسا
дилосоӣ	دل آسائي
дилосуда	دل آسوده
дилошно	دل آشنا
дилошуфта	دل آشفته
дилошӯб	دل آشوب
дилпазир	دل پذير
дилпазирӣ	دل پذيري
дилписанд	دل پسند
дилписандӣ	دل پسندي
дилпок	دل پاک
дилпокӣ	دل پاکي
дилпора	دل پاره
дилпур	دل پر
дилпурӣ	دل پري
дилпурона	دل پرانه
дилпурсӣ	دل پرسي
дилпуршаванда	دل پرشونده
дилрабо	دل ربا
дилрабоёна	دل ربايانه
дилрабоӣ	دل ربائي
дилрабоянда	دل رباينده
дилреш	دل ريش
дилсард	دلسرد
дилсардӣ	دل سردي
дилсардона	دل سردانه
дилсафед	دل سفيد
дилсахт	دل سخت
дилсахтӣ	دل سختي
дилсиёҳ	دل سياه
дилсиёҳӣ	دل سياهي
дилситон	دلستان
дилсоф	دل صاف
дилсофӣ	دل صافي
дилсофона	دل صافانه
дилсӯз	دل سوز
дилсӯзӣ	دل سوزي
дилсӯзона	دل سوزانه
дилсӯхта	دل سوخته
дилтанг	دلتنگ
дилтангӣ	دلتنگي
дилфарох	دلفراخ
дилфигор	دلفگار
дилфиреб	دلفريب
дилфиребӣ	دلفريبي
дилфиребона	دلفريبانه
дилхароб	دلخراب
дилхаробӣ	دلخرابي
дилхарош	دلخراش
дилхаста	دلخسته
дилхастагӣ	دلخستگي
дилхиҷил	دلخجل
дилхиҷилӣ	دلخجلي
дилхост	دلخواست
дилхоста	دلخواسته
дилхоҳ	دلخواه
дилхун	دلخون
дилхунук	دلخنک
дилхунукӣ	دلخنکي
дилхуш	دلخوش
дилхушӣ	دلخوشي
дилхушкунанда	دلخوش کننده
дилҳазин	دلحزين
дилчасп	دلچسپ
дилчаспӣ	دلچسپي
дилчок	دلچاک
дилҷавон	دلجوان
дилҷазир	دل جزير
дилҷамъ	دلجمع
дилҷамъӣ	دلجمعي
дилҷамъона	دلجمعانه
дилҷӯй	دلجوي
дилҷӯёна	دلجويانه
дилҷӯӣ	دلجوئي
дилшикан	دل شکن
дилшикаста	دل شکسته
дилшикастагӣ	دل شکستگي
дилшикор	دل شکار
дилшикорӣ	دل شکاري
дилшод	دلشاد
дилшодӣ	دلشادي
дилшодкунанда	دلشادکننده
дилшодона	دلشادانه
дилшуда	دلشده
дим	دم
димна	دمنه
димоғ	دماغ
димоға	دماغه
димоғбаланд	دماغ بلند
димоғӣ	دماغي
димоғошуфта	دماغ آشفته
димоғпарвар	دماغ پرور
димоғсӯз	دماغ سوز
димоғсӯзӣ	دماغ سوزي
димоғсӯхта	دماغ سوخته
димоғсӯхтагӣ	دماغ سوختگي
димоғчоқ	دماغ چاق
димоғчоқӣ	دماغ چاقي
димор	دمار
дин	دين
дина	دينه
динамика	دينميکه
динамикӣ	دينميکي
динамит	دينميت
динамо	دينما
динамометр	دينماميتر
динарӯз	دينه روز
динашаб	دينه شب
динаяк	دينه يک
динбовар	دين باور
динбоварӣ	دين باوري
дингила	دنگيله
диндор	ديندار
диндорӣ	دينداري
диндорона	ديندارانه
диния	دينيه
динӣ	ديني
диноат	دنائت
диновар	دين آور
динозавр	دنازور
динор	دينار
динорбахш	ديناربخش
динорбор	ديناربار
диноргон	دينارگان
диноргун	دينارگون
динорӣ	ديناري
динорсанҷ	دينارسنج
динпазир	دين پذير
динпараст	دين پرست
динпарвар	دين پرور
динпарварӣ	دين پروري
динфурӯш	دين فروش
динфурӯшӣ	دين فروشي
диплом	ديپلام
дипломатия	ديپلامتيه
дипломатӣ	ديپلامتي
дипломдор	ديپلامدار
дипломӣ	ديپلامي
дипломнавис	ديپلام نويس
дипломнависӣ	ديپلام نويسي
дира	ديره
дирам	درم
дирамдор	درم دار
дирамдӯст	درم دوست
дирамзан	درم زن
дирамрез	درم ريز
дирамхарид	درم خريد
дирафш	درفش
дирафшидан	درفشيدن
дирафшон	درفشان
дир-дир	دِردِر
директор	ديريکتار
директорӣ	ديريکتاري
дирижабл	ديريژبل
дирижёр	ديريژيار
дирижёрӣ	ديريژياري
диринг-диринг	درنگ درنگ
диросат	دراست
дироят	درايت
диррос	دراس
дирӯз	ديروز
дирӯза	ديروزه
дирӯзакак	ديروزکک
дирӯзина	ديروزينه
дирӯзӣ	ديروزي
дирҳам	درهم
диръ	درع
диръпӯш	درع پوش
диск	ديسک
дискотека	ديسکاتيکه
дисор	دثار
диспансер	ديسپنسير
диссертатсия	ديسيرتتسيه
диссимилятсия	ديسيميليتسيه
дистиллятсия	ديستيليتسيه
дифоъ	دفاع
дифтонг	ديفتانگ
дифференсиал	ديفيرينسِئل
дифференсиалӣ	ديفيرينسئلي
диффузия	ديفوزيه
диҳанда	دهنده
диҳиш	دهش
дишаб	ديشب
дишаба	ديشبه
дият	ديت
диятситон	ديت ستان
дӣ	دي
добба	دابه
дов	داو
довар	داور
доваргоҳ	داورگاه
доварӣ	داوري
довталаб	داوطلب
довталабӣ	داوطلبي
довталабона	داوطلبانه
догма	داگمه
догматизм	داگمتيزم
догматикӣ	داگمتيکي
доғ	داغ
доғгар	داغگر
доғгаҳ	داغ گه
доғгирифта	داغ گرفته
доғгоҳ	داغ گاه
доғдида	داغ ديده
доғдил	داغ دل
доғдоғ	داغ داغ
доғдор	داغ دار
доғзан	داغ زن
доғӣ	داغي
доғкарда	داغ کرده
доғоб	داغ آب
доғоҳан	داغ آهن
дод	داد
дода	داده
додагӣ	دادگي
додан	دادن
доданӣ	دادني
додар	دادر
додарак	دادرک
додарарӯс	دادرعروس
додарзода	دادرزاده
додарӣ	دادري
додарона	دادرآنه
додаршӯй	دادرشوي
додбахш	دادبخش
додбахшӣ	دادبخشي
додбегӣ	دادبيگي
додвар	دادور
додгар	دادگر
додгарӣ	دادگري
додгоҳ	دادگاه
додгоҳӣ	دادگاهي
додгустар	دادگستر
додгустарӣ	دادگستري
додгӯ	دادگو
додгӯӣ	دادگوئي
додзананда	دادزننده
додзанӣ	دادزني
доднома	دادنامه
додо	دادا
додор	دادار
додофарид	دادآفريد
додофарин	دادآفرين
додпаноҳ	دادپناه
додпараст	دادپرست
додпарвар	دادپرور
додпарварӣ	دادپروري
додпок	دادپاک
додрас	دادرس
додрасӣ	دادرسي
додсарой	دادسراي
додситон	دادستان
додситонӣ	دادستاني
додугирифт	دادوگرفت
додуситад	دادوستد
додхоҳ	دادخواه
додхоҳӣ	دادخواهي
додҷӯ	دادجو
доим	دائم
доиман	دائماً
доимбаҳор	دائم بهار
доимият	دائميت
доимӣ	دائمي
доимо	دائما
доир	دائر
доира	دائره
доиравор	دائره وار
доирагӣ	دائره گي
доиразан	دائره زن
доиракаш	دائره کش
доирамонанд	دائره مانند
доиранавоз	دائره نواز
доиранавозӣ	دائره نوازي
доиратулмаориф	دائرت المعارف
доирашакл	دائره شکل
доия	داعيه
доӣ	داعي
дойра	دايره
дойрабазм	دايره بزم
дойравор	دايره وار
дойрагӣ	دايرگي
дойрадаст	دايره دست
дойрадастӣ	دايره دستي
дойразан	دايره زن
дойразанӣ	دايره زني
дойракаш	دايره کش
дойранавоз	دايره نواز
дойранавозӣ	دايره نوازي
дойрахабар	دايره خبر
дока	داکه
докагӣ	داکگي
докапеч	داکه پيچ
доктор	داکتار
докторант	داکتارنت
докторантура	داکتارنتوره
докторӣ	داکتاري
доқёнус	داقيانوس
доқёнусӣ	داقيانوسي
дол	دال
долл	دال
долак	دالک
доллар	دالّر
долон	دالان
дом	دام
доман	دامن
домана	دامنه
доманадор	دامنه دار
доманафшонӣ	دامن افشاني
доманбасар	دامن بسر
домангир	دامن گير
домандароз	دامن دراز
доманкаш	دامن کش
доманкашон	دامن کشان
доманолуда	دامن آلوده
доманолудагӣ	دامن آلودگي
доманрас	دامن رس
домантар	دامن تر
доманфарох	دامن فراخ
домгоҳ	دامگاه
домино	دامينا
доминобоз	داميناباز
доминобозӣ	دامينابازي
домкрат	دامکرت
домод	داماد
домодбарорӣ	دامادبراري
домодбаророн	دامادبراران
домодбоб	دامادباب
домоддаророн	داماددراران
домоддор	داماددار
домодӣ	دامادي
домодталабон	دامادطلبان
домодшаванда	دامادشونده
домон	دامان
домулло	داملاّ
домуллонамо	داملاّنما
домуллотарош	داملاّتراش
дон	دان
-дон	دان
дона	دانه
донаафшон	دانه افشان
донабайъ	دانه بيع
донабаркаш	دانه برکش
донагӣ	دانگي
донадор	دانه دار
донак	دانک
донакбозӣ	دانک بازي
донакдор	دانکدار
донакшӯрак	دانک شورک
донамонанд	دانه مانند
донанда	داننده
донапош	دانه پاش
донасӯз	دانه سوز
донафурӯшӣ	دانه فروشي
донахӯр	دانه خور
донахӯрак	دانه خورک
донача	دانچه
донашакл	دانه شکل
донашӯрак	دانه شورک
донг	دانگ
донгона	دانگانه
донгсанг	دانگ سنگ
дониста	دانسته
донистагӣ	دانستگي
донистакор	دانسته کار
донистан	دانستن
донистанӣ	دانستني
дониш	دانش
донишалфанҷ	دانش الفنج
донишандӯз	دانش اندوز
донишандӯзӣ	دانش اندوزي
донишандӯхта	دانش اندوخته
донишафрӯз	دانش افروز
донишвар	دانش ور
донишварӣ	دانش وري
донишгоҳ	دانشگاه
донишгоҳӣ	دانشگاهي
донишгустар	دانش گستر
донишдӯст	دانش دوست
донишдӯстӣ	دانش دوستي
донишӣ	دانشي
донишкада	دانشکده
донишқарин	دانش قرين
донишманд	دانشمند
донишмандӣ	دانشمندي
донишмандона	دانشمندانه
донишнома	دانشنامه
донишомӯз	دانش آموز
донишомӯзӣ	دانش آموزي
донишомӯхта	دانش آموخته
донишпажӯҳ	دانش پژوه
донишпажӯҳӣ	دانش پژوهي
донишпазир	دانش پذير
донишпараст	دانش پرست
донишпарвар	دانش پرور
донишпарварӣ	دانش پروري
доништалаб	دانش طلب
доништалабӣ	دانش طلبي
донишфурӯз	دانش فروز
донишҷӯӣ	دانش جوئي
донишҷӯй	دانش جوي
донкоса	دان کاسه
доно	دانا
донодил	دانادل
доноӣ	دانائي
донотарош	داناتراش
донотарошӣ	داناتراشي
донпошӣ	دان پاشي
донхӯр	دان خور
донча	دانچه
дор	دار
дорак	دارک
дорам	دارم
дорамӣ	دارمي
доранда	دارنده
дорандагӣ	دارندگي
дорафзин	دارافزين
дорбаст	داربست
дорбоз	دارباز
дорбозӣ	داربازي
дорбом	داربام
дорбӯй	داربوي
доркаду	دارکدو
доро	دارا
дороӣ	دارائي
дорпарниён	دارپرنيان
дору	دارو
дорубард	داروبرد
дорувор	دارووار
доруворӣ	داروواري
доругир	داروگير
доругӣ	داروگي
доругузаронӣ	داروگذراني
доруға	داروغه
доруғагӣ	داروغگي
дорудон	دارودان
дорудор	دارودار
дорузанӣ	داروزني
доруззарб	دارالضّرب
доруззиёфат	دارالضّيافت
дорукада	داروکده
дорукӯбак	داروکوبک
доруқуттӣ	داروقطّي
доруламон	دارالامان
доруламорат	دارالامارت
дорулахлоқ	دارالاخلاق
дорулбавор	دارالبوار
дорулбайъ	دارالبيع
дорулбақо	دارالبقا
дорулислом	دارالاسلام
дорулкутуб	دارالکتب
дорулқазо	دارالقضا
дорулқироат	دارالقراعت
дорулмуаллимин	دارالمعلمين
дорулмулк	دارالملک
дорулфано	دارالفنا
дорулфунун	دارالفنون
дорулхилофат	دارالخلافة
дорупаз	داروپز
дорупошак	داروپاشک
дорупошӣ	داروپاشي
дорусоз	داروساز
дорусозӣ	داروسازي
доруссалтана	دارالسلطنه
доруссурур	دارالسرور
доруфурӯш	داروفروش
доруфурӯшӣ	داروفروشي
дорухона	داروخانه
доручаконак	داروچکانک
дорушинос	داروشناس
дорушиносӣ	داروشناسي
дорушшифо	دارالشّفا
дорчин	دارچين
дорчинӣ	دارچيني
дорчинранг	دارچين رنگ
дос	داس
досак	داسک
досарра	داس اره
доскалла	داس کلّه
доскола	داسکاله
досранда	داس رنده
достак	داستک
достон	داستان
достонгӯй	داستان گوي
достонгӯӣ	داستان گوئي
достонзеб	داستان زيب
достонӣ	داستاني
достоннавис	داستان نويس
достоннависӣ	داستان نويسي
достонсарой	داستان سراي
достонсароӣ	داستان سرائي
достонсоз	داستان ساز
достонсозӣ	داستان سازي
достонхон	داستان خوان
достонхонӣ	داستان خواني
дотсент	داتسينت
дотсентӣ	داتسينتي
доуссаълаб	داع الثّعلب
дофеъ	دافع
дохил	داخل
дохила	داخله
дохилӣ	داخلي
дохилшаванда	داخل شونده
дохилшавӣ	داخل شوي
дохилшуда	داخل شده
дохул	داخول
дохунда	داخنده
доҳигӣ	داهيگي
доҳиёна	داهيانه
доҳия	داهيه
доҳӣ	داهي
доҳул	داهل
доҷ	داج
дош	داش
дошан	داشن
дошӣ	داشي
дошод	داشاد
дошт	داشت
дошта	داشته
доштан	داشتن
доштанӣ	داشتني
доштдор	داشت دار
доштнок	داشت ناک
доштнокӣ	داشت ناکي
дошхона	داش خانه
доя	دايه
доягӣ	دايگي
драма	درمه
драмавӣ	درموي
драманавис	درمه نويس
драманависӣ	درمه نويسي
драматизм	درمتيزم
драматург	درمترگ
драматургия	درمترگيه
драматургӣ	درمترگي
драп	درپ
ду	دو
дуализм	دواليزم
дуалист	دواليست
дуалистӣ	دواليستي
дуандеш	دوانديش
дуандешӣ	دوانديشي
дуаррагӣ	دوارگي
дуаспа	دواسپه
дубайта	دوبيته
дубайтӣ	دوبيتي
дубара	دوبره
дубарга	دوبرگه
дубаргӣ	دوبرگي
дубаста	دوبسته
дубастӣ	دوبستي
дубахта	دوبخته
дубаҳра	دوبهره
дубб	دب
дубеза	دوبيزه
дубела	دوبيله
дубин	دوبين
дубинӣ	دوبيني
дубола	دوباله
дуболаҳо	دوبالها
дуболо	دوبالا
дубора	دوباره
дуборадӯзӣ	دوباره دوزي
дуборакорӣ	دوباره کاري
дуборапаз	دوباره پز
дуборӣ	دوباري
дубурҷа	دوبرجه
дубурҷӣ	دوبرجي
дувал	دول
дувист	دويست
дувоздаҳ	دوازده
дувоздаҳангушта	دوازده انگشته
дувоздаҳангуштӣ	دوازده انگشتي
дувоздаҳбурҷ	دوازده برج
дувоздаҳгиреҳ	دوازده گره
дувоздаҳгона	دوازده گانه
дувоздаҳимома	دوازده امامه
дувоздаҳқабата	دوازده قبطه
дувоздаҳқатора	دوازده قطاره
дувоздаҳмақом	دوازده مقام
дувоздаҳошёна	دوازده آشيانه
дувоздаҳпарда	دوازده پرده
дувоздаҳрӯза	دوازده روزه
дувоздаҳсоата	دوازده ساعته
дувоздаҳсоатӣ	دوازده ساعتي
дувоздаҳсола	دوازده ساله
дувоздаҳтира	دوازده تيره
дувоздаҳум	دوازدهم
дувум	دوم
дувумдараҷа	دوم درجه
дувумин	دومين
дуг	دوگ
дугаза	دوگزه
дугазӣ	دوگزي
дугбинӣ	دوگبيني
дугесӯ	دوگيسو
дугетӣ	دوگيتي
дугона	دوگانه
дугонабоз	دوگانه باز
дугонабозӣ	دوگانه بازي
дугонагӣ	دوگانگي
дугонапараст	دوگانه پرست
дугонапарастӣ	دوگانه پرستي
дугонасӯз	دوگانه سوز
дугоник	دوگانک
дугонӣ	دوگاني
дугоҳ	دوگاه
дугпушт	دوگ پشت
дугумона	دوگمانه
дугурӯҳӣ	دوگروهي
дугӯӣ	دوگوئي
дугӯша	دوگوشه
дуғдоғ	دوغ داغ
дуғилдирака	دوغلدرکه
дуд	دود
дуда	دوده
дудам	دودم
дудама	دودمه
дудангез	دودانگيز
дудандуд	دوداندود
дудар	دودر
дудара	دودره
дудаста	دودسته
дудафкан	دودافکن
дудафканӣ	دودافکني
дудахард	دوده خورد
дудахӯрд	دوده خورد
дудбаро	دودبرا
дудбароӣ	دودبرائي
дудгирифта	دودگرفته
дудгоҳ	دودگاه
дудғӯла	دودغوله
дуддиҳӣ	دوددهي
дуддода	دودداده
дуддор	دوددار
дудзада	دودزده
дудзадагӣ	دودزدگي
дудила	دودله
дудилагӣ	دودلگي
дудилона	دودلانه
дудӣ	دودي
дудкаш	دودکش
дудмон	دودمان
дудмонанд	دودمانند
дуднок	دودناک
дудолуд	دودآلود
дудосо	دودآسا
дудоҳанг	دودآهنگ
дудпулӣ	دودپولي
дудранг	دودرنگ
дудсифат	دودصفت
дудхона	دودخانه
дудхӯрда	دودخورده
дужхим	دژخيم
дузабар	دوزبر
дузабон	دوزبان
дузабона	دوزبانه
дузабонӣ	دوزباني
дузана	دوزنه
дузанагӣ	دوزنگي
дузарда	دوزرده
дузд	دزد
дузданда	دزدنده
дуздафшон	دزدافشان
дуздафшонӣ	دزدافشاني
дуздафшор	دزدافشار
дуздбашара	دزدبشره
дуздбозор	دزدبازار
дуздбурда	دزدبرده
дуздвор	دزدوار
дуздгоҳ	دزدگاه
дуздзада	دزدزده
дуздида	دزديده
дуздидан	دزديدن
дуздӣ	دزدي
дуздодуздӣ	دزدادزدي
дуздона	دزدانه
дуздондан	دزداندن
дуздпеша	دزدپيشه
дуздсифат	دزدصفت
дуздхона	دزدخانه
дузист	دوزيست
дузистӣ	دوزيستي
дузону	دوزانو
дуият	دوئيت
дуӣ	دوئي
дук	دوک
дука	دوکه
дукарата	دوکرته
дукаратӣ	دوکرتي
дукаса	دوکسه
дукасӣ	دوکسي
дукафа	دوکفه
дукафон	دوکفان
дукбинӣ	دوک بيني
дук-дук	دوک دوک
дукка	دکّه
дукдон	دوکدان
дукӣ	دوکي
дуккон	دکّان
дукора	دوکاره
дукорда	دوکارده
дукрес	دوک ريس
дуктарош	دوک تراش
дуктарошӣ	دوک تراشي
дукур-дукур	دکردکر
дукӯҳа	دوکوهه
дукӯҳона	دوکوهانه
дукшакл	دوک شکل
дуқабата	دوقبطه
дуқабатӣ	دوقبطي
дуқавла	دوقوله
дуқанота	دوقناته
дуқат	دوقت
дуқатора	دوقطاره
дуқутба	دوقطبه
дулабӣ	دولبي
дулдул	دلدل
дулмул	دلمل
дулунҷа	دولنجه
дулфин	دلفين
дум	دم
думағз	دومغز
думағза	دومغزه
думаънидор	دومعني دار
думаънодор	دومعنادار
думаъноӣ	دومعنائي
думба	دمبه
думбадор	دمبه دار
думбак	دمبک
думбал	دمبل
думбардор	دم بردار
думбардорӣ	دم برداري
думбол	دمبال
думбул	دمبل
думбура	دمبره
думбурак	دمبرک
думбур-думбур	دمبردمبر
думбурида	دم بريده
думғоза	دم غازه
думдароз	دم دراز
думдор	دمدار
думеҳвара	دومحوره
думила	دوميله
думкалта	دم کلته
думкӯтоҳ	دم کوتاه
думликконӣ	دم لکّاني
думмал	دمل
думодум	دمادم
думотора	دوماتاره
думоҳа	دوماهه
думрав	دم رو
думравӣ	دم روي
думӯҳра	دو مهره
думча	دمچه
думчадор	دمچه دار
думчачин	دمچه چين
думҷунбон	دم جنبان
думҷунбонӣ	دم جنباني
дӯм-дӯм	دوم دوم
дун	دون
дунажода	دونژاده
дунан	دنن
дунафарӣ	دونفري
дунб	دنب
дунба	دنبه
дунбагудоз	دنبه گداز
дунбадор	دنبه دار
дунбакалон	دنبه کلان
дунбол	دنبال
дунбола	دنباله
дунболагир	دنباله گير
дунболагирӣ	دنباله گيري
дунболадор	دنباله دار
дунболапур	دنباله پر
дунболбурида	دنبال بريده
дунболгирӣ	دنبال گيري
дунболгир	دنبال گير
дунболча	دنبالچه
дунбул	دنبل
дунбулбирён	دنبل بريان
дунбура	دنبره
дунбуранавоз	دنبره نواز
дунбуранавозӣ	دنبره نوازي
дунё	دنيا
дунёбезор	دنيابيزار
дунёбезорӣ	دنيابيزاري
дунёбин	دنيابين
дунёвӣ	دنياوي
дунёгардӣ	دنياگردي
дунёгир	دنياگير
дунёдида	دنياديده
дунёдидагӣ	دنياديدگي
дунёдор	دنيادار
дунёдушман	دنيادشمن
дунёдӯст	دنيادوست
дунёӣ	دنيائي
дунёпараст	دنياپرست
дунёпарастӣ	دنياپرستي
дунёталаб	دنياطلب
дунёҷӯй	دنياجوي
дуним	دونيم
дунима	دونيمه
дунпараст	دون پرست
дунпарвар	دون پرور
дунпарварӣ	دون پروري
дунпоя	دون پايه
дунуқта	دو نقطه
дунҳиммат	دون همت
дунҳимматӣ	دون همتي
дунявӣ	دنيوي
дуо	دعا
дуоба	دوآبه
дуогар	دعاگر
дуогӯён	دعاگويان
дуогӯӣ	دعاگوئي
дуогӯй	دعاگوي
дуонавис	دعانويس
дуоташа	دوآتشه
дуохон	دعاخوان
дуохонӣ	دعاخواني
дуоҳана	دوآهنه
дуошёна	دوآشيانه
дупайкар	دوپيکر
дупалла	دوپلّه
дупо	دوپا
дупозагӣ	دوپازگي
дупора	دوپاره
дупоя	دوپايه
дуппа-дуруст	دپه درست
дупула	دوپوله
дупушта	دوپشته
дупӯста	دوپوسته
дур	دور
дурр	در
дурага	دورگه
дуранг	دورنگ
дуранга	دورنگه
дурангӣ	دورنگي
дурандеш	دورانديش
дурандешӣ	دورانديشي
дурандешона	دورانديشانه
дурандоз	دورانداز
дурафкан	دورافکن
дурафтода	دورافتاده
дурафтодагӣ	دورافتادگي
дурафш	درفش
дурфишон	درفشان
дурахш	درخش
дурахшидан	درخشيدن
дурахшон	درخشان
дурахшонӣ	درخشاني
дураҳа	دورهه
дурбин	دربين
дурбинӣ	دوربيني
дурбинона	دوربينانه
дурбош	دورباش
дурбурд	دوربرد
дургард	دورگرد
дурда	درده
дурдаст	دوردست
дурдикаш	دردي کش
дурдинӯш	دردي نوش
дурдиомез	دردي آميز
дурдиошом	دردي آشام
дурдихор	دردي خوار
дурдолуда	دردآلوده
дурдона	دردانه
дуредгар	دريدگر
дуредгарӣ	دريدگري
дурзан	دورزن
дурзанӣ	دورزني
дурӣ	دوري
дурмадароз	دورمدراز
дурмонда	دورمانده
дурмондагӣ	دورماندگي
дурнавис	دورنويس
дурназар	دورنظر
дурназарӣ	دورنظري
дурнамо	دورنما
дурнамосоз	دورنماساز
дурнигар	دورنگر
дурнигарӣ	دورنگري
дурнигор	دورنگار
дурнигорӣ	دورنگاري
дуродур	دورادور
дуроҳа	دوراهه
дуроҳӣ	دوراهي
дурпарвоз	دورپرواز
дуррав	دوررو
дурроа	دراعه
дурроҷ	دراج
дуруд	درود
дурудан	درودن
дурудароз	دورودراز
дурукна	دورکنه
дуруст	درست
дурустандеш	درست انديش
дурустӣ	درستي
дурусткор	درست کار
дурусткорӣ	درست کاري
дурустнависӣ	درست نويسي
дурустпаймон	درست پيمان
дурустрафтор	درست رفتار
дурустшуданӣ	درست شدني
дурушт	درشت
дуруштбоф	درشت باف
дуруштбофт	درشت بافت
дуруштгӯӣ	درشت گوئي
дуруштгӯй	درشت گوي
дуруштӣ	درشتي
дуруштмуомила	درشت معامله
дуруштмуомилагӣ	درشت معاملگي
дуруштпашм	درشت پشم
дуруштрӯӣ	درشت روئي
дуруштрӯй	درشت روي
дуруштхӯ	درشت خو
дурӯ	دورو
дурӯғ	دروغ
дурӯғакӣ	دروغکي
дурӯғбоф	دروغ باف
дурӯғбофӣ	دروغ بافي
дурӯғгӯй	دروغ گوي
дурӯғгӯӣ	دروغ گوئي
дурӯғзан	دروغ زن
дурӯғин	دروغين
дурӯғӣ	دروغي
дурӯғомез	دروغ آميز
дурӯғпардоз	دروغ پرداز
дурӯғпардозӣ	دروغ پردازي
дурӯғпароканӣ	دروغ پراکني
дурӯза	دوروزه
дурӯӣ	دوروئي
дурӯя	دورويه
дурӯягӣ	دورويگي
дурҷ	درج
дусад	دوصد
дусадӣ	دوصدي
дусадум	دوصدم
дусамта	دوسمته
дусар	دوسر
дусара	دوسره
дусоата	دوساعته
дусоатина	دوساعتينه
дусоатӣ	دوساعتي
дусола	دوساله
дусолагӣ	دوسالگي
дуст	دوست
дусутуна	دوستونه
дутабаиятӣ	دوتبعيتي
дутабақа	دوطبقه
дутарафа	دوطرفه
дутеға	دوتيغه
дуто	دوتا
дутоӣ	دوتائي
дутор	دوتار
дуторӣ	دوتاري
дуторнавоз	دوتارنواز
дуторнавозӣ	دوتارنوازي
дутухма	دوتخمه
духез	دوخيز
духела	دوخيله
духн	دخن
духна	دخنه
духоба	دوخوابه
духон	دخان
духт	دخت
духтар	دختر
духтарак	دخترک
духтарамак	دخترعمک
духтарамма	دخترعمه
духтарандар	دختراندر
духтарбарорӣ	دختربراري
духтарбача	دختربچه
духтарбинӣ	دختربيني
духтарбинон	دختربينان
духтарбоз	دخترباز
духтарбозӣ	دختربازي
духтардор	دختردار
духтардузд	دختردزد
духтарзо	دخترزا
духтарзода	دخترزاده
духтарӣ	دختري
духтарона	دخترانه
духтархола	دخترخاله
духтархона	دخترخانه
духтархонд	دخترخواند
духтархонда	دخترخوانده
духтарча	دخترچه
духтур	دختور
духтурӣ	دختوري
духтурхона	دختورخانه
духул	دخول
духӯра	دوخوره
дуҳафтаӣ	دوهفته اي
дуҳиҷоӣ	دوهجائي
дуҳул	دهل
дуҳулдарида	دهل دريده
дуҳулзан	دهل زن
дучанд	دوچند
дучандон	دوچندان
дучарха	دوچرخه
дучархасавор	دوچرخه سوار
дучархасаворӣ	دوچرخه سواري
дучор	دچار
дучоромада	دچارآمده
дуҷинса	دوجنسه
дуҷинсӣ	دوجنسي
дуҷон	دوجان
дуҷониба	دوجانبه
дуҷонӣ	دوجاني
дуҷоя	دوجايه
дуҷоягӣ	دوجايگي
душабака	دوشبکه
душакла	دوشکله
душанбе	دوشنبه
душанбегӣ	دوشنبگي
душаҳрвандӣ	دوشهروندي
душвор	دشوار
душворбаро	دشواربرا
душворгард	دشوارگرد
душворгудоз	دشوارگداز
душворгузар	دشوارگذر
душворёб	دشوارياب
душворӣ	دشواري
душворписанд	دشوارپسند
душворталаффуз	دشوارتلفّظ
душворфаҳм	دشوارفهم
душворфаҳмӣ	دشوارفهمي
душворхор	دشوارخوار
душман	دشمن
душманафкан	دشمن افکن
душманафканӣ	دشمن افکني
душманвор	دشمن وار
душмангудоз	دشمن گداز
душмандор	دشمن دار
душманӣ	دشمني
душманкуш	دشمن کش
душманкушӣ	دشمن کشي
душманкӯбӣ	دشمن کوبي
душманона	دشمنانه
душмансӯз	دشمن سوز
душмантарошӣ	دشمن تراشي
душманфикан	دشمن فکن
душоха	دوشاخه
душохдор	دوشاخ دار
душхвор	دشخوار
дуюм	دويوم
дуюмбора	دويوم باره
дуюмин	دويومين
дӯғ	دوغ
дӯғзанӣ	دوغ زني
дӯғоб	دوغ آب
дӯғобӣ	دوغ آبي
дӯз	دوز
дӯза	دوزه
дӯзанда	دوزنده
дӯзандагӣ	دوزندگي
дӯзандазан	دوزنده زن
дӯзах	دوزخ
дӯзахирӯ	دوزخي رو
дӯзахӣ	دوزخي
дӯзахошом	دوزخ آشام
дӯзахошомӣ	دوزخ آشامي
дӯзахсарой	دوزخ سراي
дӯзондан	دوزاندن
дӯкон	دوکان
дӯконбофӣ	دوکان بافي
дӯкондор	دوکان دار
дӯкондорӣ	دوکان داري
дӯконхона	دوکان خانه
дӯконча	دوکانچه
дӯл	دول
дӯлӣ	دولي
дӯлма	دولمه
дӯло	دولا
дӯлоб	دولاب
дӯлобӣ	دولابي
дӯлобкор	دولاب کار
дӯлобкорӣ	دولاب کاري
дӯлона	دولانه
дӯлча	دولچه
дӯнг	دونگ
дӯнгӣ	دونگي
дӯнгпешонӣ	دونگ پيشاني
дӯсидан	دوسيدن
дӯст	دوست
дӯстангез	دوست انگيز
дӯстбоз	دوست باز
дӯстбозӣ	دوست بازي
дӯствор	دوست وار
дӯстгон	دوستگان
дӯстгонӣ	دوستگاني
дӯстдор	دوستدار
дӯстдорӣ	دوستداري
дӯстдорона	دوست دارانه
дӯстдошта	دوست داشته
дӯстдоштанӣ	دوست داشتني
дӯстӣ	دوستي
дӯстком	دوست کام
дӯсткомӣ	دوست کامي
дӯстнавоз	دوست نواز
дӯстона	دوستانه
дӯстпарвар	دوست پرور
дӯстрӯй	دوست روي
дӯстрӯӣ	دوست روئي
дӯстрӯяк	دوست رويک
дӯхт	دوخت
дӯхтан	دوختن
дӯхтудӯз	دوخت ودوز
дӯш	دوش
дӯшидан	دوشيدن
дӯшиза	دوشيزه
дӯшизагӣ	دوشيزگي
дӯшиш	دوشش
дӯшо	دوشا
дӯшоб	دوشاب
дӯшодӯш	دوشادوش
дӯшоӣ	دوشائي
дюйм	ديويم
дюралюминий	ديوراليومينيي
евро	ايورا
евроосиёӣ	اورآسيايي
европагӣ	اوراپگي
европазод	اوراپه زاد
европоӣ	اوراپايي
елим	ايليم
елимдор	ايليم دار
елимкорӣ	ايليم کاري
елимнок	ايليم ناک
елимпаз	ايليم پز
елимпазӣ	ايليم پزي
елка	ايلکه
ем	ييم
емворӣ	ييم واري
емхӯр	ييم خور
емхӯрак	ييم خورک
емхӯрӣ	ييم خوري
етак	ايتک
етакӣ	ايتکي
ефрейтор	ايفريتار
ефрейторӣ	ايفريتاري
ё	يا
ёб	ياب
ёбанда	يابنده
ёбандагӣ	يابندگي
ёбидан	يابيدن
ёбоӣ	يابايي
ёбон	يابان
ёбонӣ	ياباني
ёбу	يابو
ёбусавор	يابوسوار
ёва	ياوه
ёвабоф	ياوه باف
ёвабофӣ	ياوه بافي
ёвагард	ياوه گرد
ёвагардӣ	ياوه گردي
ёвагӯӣ	ياوه گويي
ёвагӯй	ياوه گوي
ёвар	ياور
ёварӣ	ياوري
ёвидан	ياويدن
ёвон	ياوان
ёвонӣ	ياواني
ёғигарӣ	ياغيگري
ёғигӣ	ياغيگي
ёғиёна	ياغيانه
ёғӣ	ياغي
ёғлоғу	ياغلاغو
ёд	ياد
ёдакӣ	يادکي
ёдбуд	يادبود
ёдвора	يادواره
ёдгир	يادگير
ёдгирӣ	يادگيري
ёдгор	يادگار
ёдгорӣ	يادگاري
ёддошт	يادداشت
ёддоштӣ	يادداشتي
ёддоштнавис	يادداشت نويس
ёддоштнависӣ	يادداشت نويسي
ёддоштнигорӣ	يادداشت نگاري
ёдкард	يادکرد
ёдмон	يادمان
ёднома	يادنامه
ёдовар	ياداور
ёдовард	ياداورد
ёдоварӣ	ياداوري
ёдрас	يادرس
ёдрӯз	يادروز
ёдсупорӣ	يادسپاري
ёдшуда	يادشده
ёз	ياز
ёзанда	يازنده
ёзандасар	يازنده سر
ёздаҳ	يازده
ёздаҳболор	يازده بالار
ёздаҳмоҳа	يازده ماهه
ёздаҳум	يازدهم
ёзида	يازيده
ёзидан	يازيدن
ёзиш	يازش
ёзон	يازان
ёқут	ياقوت
ёқутбор	ياقوت بار
ёқутвор	ياقوت وار
ёқутгун	ياقوت گون
ёқутин	ياقوتين
ёқутӣ	ياقوتي
ёқутлаб	ياقوت لب
ёқутмиғфар	ياقوت مغفر
ёқутмонанд	ياقوت مانند
ёқутнигин	ياقوت نگين
ёқутранг	ياقوت رنگ
ёқутсанг	ياقوت سنگ
ёқутсоз	ياقوت ساز
ёқутфом	ياقوت فام
ёқутчашм	ياقوت چشم
ёл	يال
ёла	ياله
ёлдароз	يال دراز
ёлдор	يال دار
ёлкӯтоҳ	يل کوتاه
ёлпӯш	يال پوش
ёлсафед	يال سفيد
ёлсиёҳ	يال سياه
ём	يام
ёмхона	يام خانه
ёмчӣ	يامچي
ён	يان
ёна	يانه
ёр	يار
ёра	ياره
ёрак	يارک
ёрастан	يارستن
ёрвар	يارور
ёргир	يارگير
ёрғу	يارغو
ёрғушуда	يارغوشده
ёрдам	ياردم
ёрдамдиҳӣ	ياردم دهي
ёрдампулӣ	ياردم پولي
ёрдамчӣ	ياردم چي
ёр-ёр	ياريار
ёригар	ياري گر
ёридиҳанда	ياري دهنده
ёрирас	ياري رس
ёрирасон	ياري رسان
ёристан	يارستن
ёрихоҳ	ياري خواه
ёрӣ	ياري
ёркад	يارکد
ёрманд	يارمند
ёрмандӣ	يارمندي
ёро	يارا
ёроӣ	يارايي
ёрона	يارانه
ёрпурсӣ	يارپرسي
ёрҷӯй	يارجوي
ёрфурӯшӣ	يارفروشي
ёс	ياس
ёса	ياسه
ёсамин	ياسمين
ёсаминбӯй	ياسمين بوي
ёсаминрӯй	ياسمين روي
ёсаминсимо	ياسمين سيما
ёсин	ياسين
ёсинхонӣ	ياسين خواني
ёсо	ياسا
ёсов	ياساو
ёсуман	ياسمن
ёфа	يافه
ёфадарой	يافه دراي
ёфакорӣ	يافه کاري
ёфт	يافت
ёфта	يافته
ёфтагӣ	يافتگي
ёфтан	يافتن
ёфтанӣ	يافتني
ёхтан	ياختن
ёҳу	ياهو
ёш	ياش
ёшӣ	ياشي
ёъҷуҷ	يأجوج
жаврак	ژورک
жагора	ژگاره
жағ-жағ	ژغ ژغ
жағанд	ژغند
жағола	ژغاله
жағор	ژغار
жағора	ژغاره
жаён	ژيان
жак	ژک
жакет	ژکيت
жакидан	ژکيدن
жакон	ژکان
жакора	ژکاره
жакур	ژکور
жана	ژنه
жанг	ژنگ
жангдон	ژنگ دان
жанд	ژند
жанда	ژنده
жандагӣ	ژنده گي
жандакафш	ژنده کفش
жандақабо	ژنده قبا
жандапероҳан	ژنده پيراهن
жандапил	ژنده پيل
жандапироҳан	ژنده پيراهن
жандапӯш	ژنده پوش
жандапӯшӣ	ژنده پوشي
жандарм	ژندرم
жандармерия	ژندرميريه
жандашер	ژنده شير
жанр	ژنر
жанрӣ	ژنري
жард	ژرد
жарф	ژرف
жарфандеш	ژرف انديش
жарфандешӣ	ژرف انديشي
жарфбин	ژرفبين
жарфбинӣ	ژرفبيني
жарфӣ	ژرفي
жарфнигар	ژرفنگر
жарфнигарӣ	ژرفنگري
жарфнигоҳ	ژرفنگاه
жарфо	ژرفا
жарфосанҷ	ژرفاسنج
жаф	ژف
жафидан	ژفيدن
жафк	ژفک
жафкӣ	ژفکي
жафкоб	ژفکاب
жафт	ژفت
жахш	ژخش
же	ژي
жева	ژيوه
желатин	ژيلتين
жива	ژيوه
жида	ژيده
жидан	ژيدن
жиён	ژيان
жилет	ژليت
жинг	ژنگ
жихор	ژخار
жӣ	ژي
жовидан	ژاويدن
жоғар	ژاغر
жож	ژاژ
жожак	ژاژک
жожгӯй	ژاژگوي
жождароӣ	ژاژدرايي
жожидан	ژاژيدن
жожтабъ	ژاژطبع
жожук	ژاژوک
жожхой	ژاژخاي
жожхоӣ	ژاژخايي
жола	ژاله
жолабарфак	ژاله برفک
жолаборон	ژاله باران
жолагун	ژاله گون
жоламонанд	ژاله همانند
жоларез	ژاله ريز
жоласон	ژاله سان
жупин	ژوپين
журналист	ژرنلست
журналистика	ژرنلستکه
жӯбин	ژوبين
жӯж	ژوژ
жӯлида	ژوليده
жӯлидагӣ	ژوليدگي
жӯлидазулф	ژوليده زلف
жӯлидамӯй	ژوليده موي
жӯлидан	ژوليدن
жӯпин	ژوپين
жӯҳидан	ژوهيدن
зап	زپ
забар	زبر
забардаст	زبردست
забардастӣ	زبردستي
забарпӯш	زبرپوش
забаррав	زبررو
забартанг	زبرتنگ
забарҷад	زبرجد
забеҳ	ذبيح
заб-зард	زب زرد
забиб	زبيب
забоб	ضباب
забон	زبان
забона	زبانه
забонадор	زبانه دار
забонак	زبانک
забонбанд	زبان بند
забонбаста	زبان بسته
забонбастагӣ	زبان بستگي
забонбоз	زبان باز
забонбозӣ	زبان بازي
забонбурида	زبان بريده
забонвар	زبان ور
забонгир	زبان گير
забонгирӣ	زبان گيري
забонгирифта	زبان گرفته
забондароз	زبان دراز
забондарозӣ	زبان درازي
забондон	زبان دان
забондонӣ	زبان داني
забонзад	زبان زد
забонзада	زبان زده
забонӣ	زباني
забонкӯтоҳ	زبان کوتاه
забонкӯтоҳӣ	زبان کوتاهي
забоновар	زبان آور
забоноварӣ	زبان آوري
забономӯз	زبان آموز
забономӯзӣ	زبان آموزي
забонрасонӣ	زبان رساني
забонрон	زبان ران
забонсӯхта	زبان سوخته
забонтез	زبان تيز
забонфаҳм	زبان فهم
забонфурӯш	زبان فروش
забонхат	زبان خط
забонхоӣ	زبان خائي
забонча	زبانچه
забончарб	زبان چرب
забоншинос	زبان شناس
забоншиносӣ	زبان شناسي
забт	ضبط
забтгардида	ضبط گرديده
забткунанда	ضبط کننده
забтшуда	ضبط شده
забуда	زبوده
забун	زبون
забунгир	زبون گير
забунгирӣ	زبون گيري
забунӣ	زبوني
забункуш	زبون کش
забур	زبور
забурхон	زبورخان
забҳ	ذبح
завабон	ذوبان
заванҷ	زونج
завб	ذوب
заввор	زوار
завқ	ذوق
завқангез	ذوق انگيز
завқбахш	ذوق بخش
завқёб	ذوق ياب
завқманд	ذوق مند
завқовар	ذوق آور
завлона	زولانه
завод	زواد
завода	زواده
завол	زوال
завола	زواله
заволёфта	زوال يافته
заволнопазир	زوال ناپذير
заволпазир	زوال پذير
заволпазирӣ	زوال پذيري
завор	زوار
завош	زواش
заврақ	زورق
заврақкаш	زورق کش
заврақрон	زورق ران
заврақронӣ	زورق راني
завчигӣ	زوچيگي
завчӣ	زوچي
завҷ	زوج
завҷа	زوجه
завҷайн	زوجين
завҷият	زوجيت
завъ	ضوء
заған	زغن
зағир	زغير
зағирдаравӣ	زغيردروي
зағиркор	زغيرکار
зағиркӯбӣ	زغيرکوبي
зағирпарвар	زغيرپرور
зағирпоя	زغيرپايه
зағома	زغامه
зағомарӯй	زغامه روي
зағор	زغار
зағора	زغاره
зағорамоҳӣ	زغاره ماهي
зағт	ضغت
зағӯта	زغوته
зада	زده
задагӣ	زدگي
задан	زدن
заданӣ	زدني
задашуда	زده شده
задухӯрд	زدوخورد
заиф	ضعيف
заифа	ضعيفه
заифандом	ضعيف اندام
заифбадан	ضعيف بدن
заифбунёд	ضعيف بنياد
заифдил	ضعيف دل
заифдилӣ	ضعيف دلي
заифӣ	ضعيفي
заифколбуд	ضعيف کالبد
заифнолӣ	ضعيف نالي
заифовоз	ضعيف آواز
заифона	ضعيفانه
заифтан	ضعيف تن
заифҷусса	ضعيف جثّه
зайбақ	زيبق
зайғам	ضيغم
зайд	زيد
зайл	ذيل
займарон	ضيمران
зайн	زين
зайтун	زيتون
зайтунӣ	زيتوني
зайф	ضيف
зайъат	ضيعت
закар	ذکر
закитабъ	ذکي طبع
закӣ	ذکي
зако	ذکا
заковат	ذکاوت
заковатманд	ذکاوت مند
заковатнок	ذکاوت ناک
закот	زکات
закотчӣ	زکاتچي
зақан	ذقن
заққум	زقوم
зал	زل
залал	زلل
залил	ذليل
залилӣ	ذليلي
залилона	ذليلانه
залла	زلّه
заллабанд	زله بند
залозил	زلازل
залол	ضلال
залолат	ضلالت
зам	زم
замм	ضم
заман	زمن
замбӯруғ	زمبوروغ
замбӯруғбирён	زمبوروغ بريان
замбӯруғзор	زمبوروغ زار
замзам	زمزم
замзама	زمزمه
замим	ذميم
замима	ضميمه
замин	زمين
замина	زمينه
заминбӯс	زمين بوس
заминбӯсӣ	زمين بوسي
заминвасла	زمين وصله
замингир	زمين گير
заминдор	زمين دار
заминдорӣ	زمين داري
заминдӯзӣ	زمين دوزي
заминӣ	زميني
заминкан	زمين کن
заминканӣ	زمين کني
заминков	زمين کاو
заминкушо	زمين کشا
заминкушоӣ	زمين کشائي
заминкӯб	زمين کوب
заминларза	زمين لرزه
заминпаймо	زمين پيما
заминрон	زمين ران
заминронӣ	زمين راني
заминсозӣ	زمين سازي
заминхез	زمين خيز
заминҷунбӣ	زمين جنبي
замир	ضمير
замистон	زمستان
замӣ	زمي
замма	ضمه
замон	زمان
замона	زمانه
замонасоз	زمان ه ساز
замонасозӣ	زمانه سازي
замонат	زمانت
замонбандӣ	زمان بندي
замонгирӣ	زمان گيري
замониҷангӣ	زمان جنگي
заморуғ	زماروغ
замҳарир	زمهرير
зан	زن
занаб	ذنب
занак	زنک
занака	زنک
занакабоз	زنکه باز
занакабозӣ	زنکه بازي
занакбоз	زنک باز
зананда	زننده
занах	زنخ
занахдон	زنخدان
занб	ذنب
занбақ	زنبق
занбамузд	زننده
занбар	زنبر
занбӯрак	زنبور ک
занбарғалтак	زنبر غلتک
занбаркаш	زنبر کش
занбармиён	زنبر ميان
занбашара	زن بشره
занбезор	زن بيزار
занбил	زنبيل
занбилбоф	زنبيل باف
занбилбофӣ	زنبيل بافي
занбоз	زن باز
занбозӣ	زن بازي
занбора	زن باره
занбӯруғ	زنبوروغ
занбӯр	زنبور
занбӯрбон	زنبور بان
занбӯрпарварӣ	زنبور پروري
занбӯрхона	زنبور خانه
занг	زنگ
зангбаста	زنگ بسته
зангдор	زنگ دار
зангзада	زنگ زده
зангзан	زنگ زن
зангиёна	زنگيانه
зангила	زنگله
зангимизоҷ	زنگي مزاج
зангир	زنگير
зангирӣ	زنگيري
зангӣ	زنگي
зангногир	زنگ ناگير
зангор	زنگار
зангорӣ	زنگاري
зангорбаста	زنگار بسته
зангорранг	زنگار رنگ
зангортоб	زنگار تاب
зангорхӯрда	زنگار خورده
зангӯла	زنگوله
зангӯладор	زنگوله دار
зангӯлача	زنگوله چه
занғар	زنغر
занд	زند
зандор	زن دار
зандорӣ	زن داري
зандӯст	زن دوست
зандӯстӣ	زن دوستي
заниш	زنش
занӣ	زني
занмизоҷ	زن مزاج
занмурда	زن مرده
занн	ظن
занозанӣ	زنازني
занон	زنان
занона	زنانه
заношӯӣ	زناشوئي
занпараст	زن پرست
занпарастӣ	زن پرستي
зансеталоқ	زن سه طلاق
зантабиат	زن طبيعت
занталоқ	زن طلاق
занталоқӣ	زن طلاقي
занҷабил	زنجبيل
занҷалаб	زن جلب
занҷаллоб	زن جلاب
занҷир	زنجير
занҷира	زنجيره
занҷирбанд	زنجيربند
занҷирвор	زنجيروار
занҷиргоҳ	زنجيرگاه
занҷиргусиста	زنجيرگسسته
занҷирдор	زنجيردار
занҷирӣ	زنجيري
занҷирмӯй	زنجيرموي
занҷирча	زنجيرچه
занҷиршакл	زنجيرشکل
заншаванда	زن شونده
зар	زر
зарабон	ضربان
заранг	زرنگ
зарангӣ	زرنگي
зарандуд	زرندود
зарандӯз	زراندوز
зарандӯзӣ	زراندوزي
зарар	ضرر
зарардида	ضررديده
зараркунанда	ضررکننده
зарарнок	ضررناک
зараровар	ضررآور
зараррасон	ضرررسان
зараррасонӣ	ضرررساني
зарафшон	زرفشان
зарб	ضرب
зарба	ضربه
зарбагир	ضربه گير
зарбадор	ضربه دار
зарбат	ضربت
зарбахӯрда	ضربه خورده
зарбахш	زر بخش
зарббардор	ضرب بردار
зарбед	زربيد
зарбдор	ضربدار
зарбдорона	ضرب دارانه
зарбӣ	ضربي
зарбофт	زربافت
зарбофтӣ	زربافتي
зарбсанҷ	ضرب سنج
зарбулмасал	ضرب المثل
зарбхона	ضرب خانه
зарбхӯрда	ضرب خورده
зарварақ	زرورق
заргар	زرگر
заргарӣ	زرگري
заргарона	زرگرانه
заргудоз	زرگداز
заргузор	زرگذار
заргулдор	زرگلدار
заргун	زرگون
заргӯш	زرگوش
заргӯшпарварӣ	زرگوش پروري
зарғилдоқ	زرغلداق
зард	زرد
зарда	زرده
зардак	زردک
зардаҷӯш	زرده جوش
зардгун	زردگون
зардгуна	زردگونه
зардина	زردينه
зардӣ	زردي
зардоб	زرداب
зардолу	زردآلو
зардолуафшонӣ	زردالوافشاني
зардолузор	زردالوزار
зардолуоб	زردالوآب
зардолучин	زردالوچين
зардолучинӣ	زردالوچيني
зардор	زردار
зардпарма	زردپرمه
зардпӯст	زردپوست
зардрӯ	زردرو
зардрӯӣ	زردروئي
зардтоб	زردتاب
зардушт	زردشت
зардуштия	زردشتيه
зардуштӣ	زردشتي
зардӯз	زردوز
зардӯзӣ	زردوزي
зардхок	زردخاک
зардча	زردچه
зардчашм	زردچشم
зарчӯба	زرچوبه
зареа	ذريعه
зариба	ضريبه
зарим	زرم
зарин	زرين
заринкамар	زرين کمر
заринтоб	زرين تاب
зарир	ضرير
зариф	ظريف
зарифӣ	ظريفي
зарифона	ظريفانه
зариҳ	ضريح
зарӣ	زري
заркафил	زرکفيل
заркаш	زرکش
заркашида	زرکشيده
заркор	زرکار
заркӯб	زرکوب
зарқ	زرق
зарм	زرم
зармоҳӣ	زرماهي
зарнард	زرنرد
зарнигор	زرنگار
зарнисор	زرنثار
зарних	زرنيخ
зароб	زرآب
зарогин	زرآگين
заролу	زرآلو
зарофат	ظرافت
зарофатгӯй	ظرافت گوي
зарпайкар	زرپيکر
зарпараст	زرپرست
зарпечак	زرپيچک
зарпош	زرپاش
зарпошӣ	زرپاشي
зарпӯш	زرپوش
зарр	زر
зарра	ذره
заррабин	ذره بين
заррасон	ذره سان
заррез	زرريز
заррин	زرين
зарроб	ضرّاب
зарробхона	ضرّاب خانه
заррот	ذرات
заррофа	زرافه
заруд	زرود
зарур	ضرور
зарурат	ضرورت
зарурӣ	ضروري
зарф	ظرف
зарфишон	زرفشان
зарфият	ظرفيت
зарфом	زرفام
зарфшӯй	طرف شوي
зарфшӯӣ	ظرف شويي
зархарид	زرخريد
зархез	زرخيز
зархок	زرخاک
зарҳал	زرحل
зарҳалӣ	زرحلي
зарҳалкорӣ	زرحل کاري
зарҳалпеч	زرحل پيچ
зарҷӯ	زرجو
заршинос	زرشناس
заршӯӣ	زرشويي
заршӯй	زرشوي
заръ	زرع
заряд	زريد
заряддор	زريددار
зафар	ظفر
зафарангез	ظفر انگيز
зафарбахш	ظفر بخش
зафарёб	ظفر ياب
зафарманд	ظفر مند
зафармандона	ظفر مندانه
зафарнома	ظفر نامه
зафаровар	ظفر آور
зафароин	ظفر آئين
зафт	زفت
захим	ضخيم
захира	ذخيره
захирадор	ذخيره دار
захм	زخم
захма	زخمه
захмбанд	زخم بند
захмбандӣ	زخم بندي
захмгоҳ	زخم گاه
захмдор	زخم دار
захмдоршавӣ	زخم دارشوي
захмида	زخميده
захмӣ	زخمي
захмхӯрда	زخم خورده
захомат	ضخامت
заҳ	زه
заҳаб	ذهب
заҳамот	زحمات
заҳбур	زهبر
заҳбурканӣ	زهبر کني
заҳдон	زهدان
заҳдор	زهدار
заҳзамин	زه زمين
заҳидан	زهيدن
заҳин	ذهين
заҳир	زهير
заҳирандом	زهيراندام
заҳкаш	زه کش
заҳкашида	زهکشيده
заҳмат	زحمت
заҳматкаш	زحمت کش
заҳматталаб	زحمت طلب
заҳнок	زه ناک
заҳоб	زهاب
заҳор	زهار
заҳр	زهر
заҳра	زهره
заҳрадон	زهره دان
заҳрадор	زهره دار
заҳракаф	زهره کف
заҳрбез	زهر بيز
заҳрбо	زهربا
заҳрдор	زهردار
заҳрзан	زهرزن
заҳркаш	زهرکش
заҳрнок	زهرناک
заҳро	زهرا
заҳроб	زهراب
заҳроба	زهرآبه
заҳрогин	زهراگين
заҳролуд	زهرآلود
заҳролудшавӣ	زهرآلودشوي
заҳромез	زهرآميز
заҳрпечак	زهرپيچک
заҳрханда	زهرخنده
заҷр	زجر
заҷҷоҷ	زجاج
заъм	زعم
заън	ظعن
заъф	ضعف
заъфар	زعفر
заъфарма	زعفرمه
заъфарон	زعفران
заъфаронӣ	زعفراني
зе	ز
зеб	زيب
зебанда	زيبنده
зебдеҳ	زيب ده
зебидан	زيبيدن
зебиш	زيبش
зебо	زيبا
зебоандом	زيبااندام
зебодухтар	زيبادختر
зебоипараст	زيباي پرست
зебоишинос	زيباي شناس
зебоӣ	زيباي
зебошиносӣ	زيبا شناسي
зебоманзар	زيبامنظر
зебопайкар	زيباپيکر
зеборӯй	زيباروي
зебосанам	زيباصنم
зебосимо	زيباسيما
зебосурат	زيباصورت
зеботалъат	زيباطلعت
зеботинат	زيباطينت
зебочашм	زيباچشم
зевар	زيور
зер	زير
зерандоз	زيرانداز
зербанд	زيربند
зербино	زيربنا
зербоб	زيرباب
зергоҳ	زيرگاه
зергузар	زيرگذر
зергурӯҳ	زيرگروه
зердаст	زيردست
зердастӣ	زيردستي
зерибағалӣ	زيربغلي
зеризаминӣ	زيرزميني
зерикӯҳӣ	زيرکوهي
зерилабӣ	زيرلبي
зерин	زيرين
зериобӣ	زيرآبي
зерипӯстӣ	زيرپوستي
зерисангӣ	زيرسنگي
зеричашмӣ	زيرچشمي
зеркунда	زيرکننده
зернишин	زيرنشين
зеро	زيرا
зерпироҳан	زيرپيراهن
зерпӯш	زيرپوش
зеррав	زيررو
зерсутун	زيرستون
зертанг	زيرتنگ
зерфун	زيرفون
зерҷома	زيرجامه
зеҳ	زه
зеҳак	زهک
зеҳакдор	زهکدار
зеҳборик	زهکباريک
зеҳбофӣ	زهبافي
зеҳгир	زهگير
зеҳдон	زهدان
зеҳдор	زهدار
зеҳк	ضحک
зеҳн	ذهن
зеҳнан	ذهناً
зеҳнӣ	ذهني
зеҳнмонӣ	ذهن ماني
зеҳнтез	ذهن تيز
зи	ز
зибр	زبر
зибҳ	ذبح
зиғ	زيغ
зиғбоф	زيغ باف
зиғол	زيغال
зидд	ضد
зиддиахлоқӣ	ضداخلاقي
зиддибашарӣ	ضدبشري
зиддидавлатӣ	ضددولتي
зиддидемократӣ	ضدديماکرتي
зиддидинӣ	ضدديني
зиддиилмӣ	ضدعلمي
зиддиисломӣ	ضداسلامي
зиддиқонунӣ	ضدقانوني
зиддимазҳабӣ	ضدمذهبي
зиддимиллӣ	ضدملي
зиддихалқӣ	ضدخلقي
зиддиҳукуматӣ	ضدحکومتي
зиддиҷамъиятӣ	ضدجمعيتي
зиддиҷангӣ	ضدجنگي
зиддиҷосусӣ	ضدجاسوسي
зиддият	ضديت
зиддиятнок	ضديت ناک
зидудан	زدودن
зиё	ضيا
зиёбахш	ضيابخش
зиёгустар	ضياگستر
зиёд	زياد
зиёда	زياده
зиёдасар	زياده سر
зиёдат	زيادت
зиёдаталабӣ	زياده طلبي
зиёдатӣ	زيادتي
зиёдӣ	زيادي
зиёӣ	ضيائي
зиён	زيان
зиёнгирифта	زيان گرفته
зиёндор	زيان دار
зиёнзада	زيان زده
зиёнкор	زيان کار
зиёнкорӣ	زيان کاري
зиёновар	زيان آور
зиёнпарварӣ	زيان پروري
зиёнрасонӣ	زيان رساني
зиёрат	زيارت
зиёратгоҳ	زيارت گاه
зиёфат	ضيافت
зиёфатгоҳ	ضيافت گاه
зиёфатдиҳӣ	ضيافت دهي
зиёфатдор	ضيافت دار
зиёфатхӯр	ضيافت خور
зикр	ذکر
зикрёфта	ذکريافته
зикршуда	ذکرشده
зиқ	ضيق
зиқӣ	ضيقي
зилзила	زلزله
зилзилабардор	زلزله بردار
зилзилабардорӣ	زلزله برداري
зилзиласанҷ	زلزله سنج
зилзиласанҷӣ	زلزله سنجي
зилзилахез	زلزله خيز
зилл	ظل
зиллат	ذلت
зилол	ظلال
зилу	زيلو
зилъ	ضلع
зим	زم
зимистон	زمستان
зимистона	زمستانه
зимистонгузаронӣ	زمستان گذراني
зимистонӣ	زمستاني
зимма	ذمه
зиммӣ	ذمي
зимн	ضمن
зимнан	ضمناً
зимод	ضماد
зимом	زمام
зимомдор	زمام دار
зимомдорӣ	زمام داري
зин	زين
з-ин	زين
зина	زينه
зинабоғ	زينه باغ
зинапоя	زينه پايه
зинат	زينت
зинатбахш	زينت بخش
зинатдеҳ	زينت ده
зинбардор	زين بردار
зинда	زنده
зиндагӣ	زندگي
зиндагонӣ	زندگاني
зиндадил	زنده دل
зиндадилӣ	زنده دلي
зиндадилона	زنده دلانه
зиндадор	زنده دار
зиндаёд	زنده ياد
зиндазоӣ	زنده زايي
зиндасағир	زنده صغير
зиндаҷудо	زنده جدا
зиндаҷудоӣ	زنده جداي
зиндаятим	زنده يتيم
зиндиқ	زنديق
зиндон	زندان
зиндонбон	زندان بان
зиндонӣ	زنداني
зиндонхона	زندان خانه
зиндоншикан	زندان شکن
зиндор	زين دار
зино	زنا
зиногар	زنا گر
зиногарӣ	زنا گر
зинокор	زناکار
зинокорӣ	زناکاري
зинпӯш	زين پوش
зинсоз	زين ساز
зинсозӣ	زين سازي
зинхона	زين خانه
зинҳор	زينهار
зинҳордор	زينهاردار
зира	زيره
зирабо	زيره با
зирагӣ	زيرگي
зирак	زيرک
зиракӣ	زيرکي
зиракона	زيرکانه
зиракманиш	زيرک منش
зирактабиат	زيرک طبيعت
зирачой	زيره چاي
зирбак	زربک
зирбидан	زربيدن
зирва	ذروه
зиреба	زيريبه
зиреҳ	زره
зиреҳгар	زره گر
зиреҳдор	زره دار
зиреҳзан	زره زن
зиреҳпӯш	زره پوش
зиреҳшикан	زره شکن
зириқ-зириқ	زريق زريق
зиришк	زرشک
зирк	زرک
зирних	زرنيخ
зироат	زراعت
зироаткор	زراعت کار
зироаткорӣ	زراعت کاري
зироатӣ	زراعتي
зироъ	ذراع
зирӯҳ	ذي روح
зирфун	زيرفون
зист	زيست
зистан	زيستن
зисткура	زيست کوره
зистшиносӣ	زيست شناسي
зифоф	زفاف
зифт	زفت
зихна	زخنه
зихнагӣ	زخنگي
зиҳӣ	زهي
зиҳоф	زهاف
зич	زيچ
зичисанҷ	زيچي سنج
зичӣ	زيچي
зиҷ	زيج
зишт	زشت
зиштандом	زشت اندام
зиштӣ	زشتي
зишткор	زشت کار
зиштрӯ	زشت رو
зишттинат	زشت تينت
зиштхӯ	زشت خو
зӣ	ذي
зоб	زاب
зобгар	زابگر
зобғур	زابغر
зобит	ضابط
зобита	ضابطه
зов	زاو
зовар	زاور
зовия	زاويه
зовиянишин	زاويه نشين
зовиянишинӣ	زاويه نشيني
зовиясанҷ	زاويه سنج
зоғ	زاغ
зоға	زاغه
зоғнӯл	زاغنول
зоғсар	زاغسر
зоғсор	زاغسار
зоғча	زاغچه
зоғчашм	زاغ چشم
зоғчеҳр	زاغ چهر
зод	زاد
зода	زاده
зодагон	زادگان
зодан	زادن
зодбум	زادبوم
зодгоҳ	زادگاه
зоднома	زادنامه
зодрӯз	زادروز
зодсарв	زادسرو
зодсол	زادسال
зодубуд	زادوبود
зоеъ	ضايع
зоё	زايا
зоёндан	زاياندن
зоид	زائد
зоида	زائده
зоидан	زائدن
зоиқа	ذايقه
зоил	زائل
зоир	زائر
зоича	زائچه
зоиш	زائش
зоишгоҳ	زائشگاه
зокир	ذاکر
зокоб	زاکاب
зол	ذال
золим	ظالم
золимӣ	ظالمي
золимона	ظالمانه
золу	زالو
зомаҳрон	زامهران
зомиёд	زامياد
зомин	ضامن
зому	زامو
зомуча	زاموچه
зомҳарон	زامهران
з-он	زان
зония	زانيه
зонӣ	زاني
зону	زانو
зонубанд	زانوبند
зонукашон	زانوکشان
зонунишин	زانونشين
зоология	زالاگيه
зоотехника	زاتخنيکه
-зор	زار
зор	زار
зора	زاره
зоранда	زارنده
зореъ	زارع
зориб	ضارب
зоридан	زاريدن
зорикунон	زاري کنان
зорӣ	زاري
зормонда	زارمانده
зоро	زارا
зорон	زاران
зорра	ضاره
зот	ذات
зотан	ذاتاً
зотия	ذاتيه
зотӣ	ذاتي
зотпарварӣ	ذاتپروري
зотулбайн	ذات البين
зотулбуруҷ	ذات البروج
зотулкабад	ذات الکبد
зофа	زافه
зоҳид	زاهد
зоҳидӣ	زاهدي
зоҳик	ضاحک
зоҳир	ظاهر
зоҳиран	ظاهراً
зоҳирбин	ظاهربين
зоҳирбинӣ	ظاهربيني
зоҳирӣ	ظاهري
зоҳирпараст	ظاهرپرست
зоҳирпарастӣ	ظاهرپرستي
зоча	زاچه
зочабозӣ	زاچه بازي
зоҷ	زاج
зоянда	زاينده
зубда	زبده
зубоб	ذباب
зубола	ذباله
зувола	ذواله
зуғол	زغال
зуғолсанг	زغال سنگ
зуғ	زوغ
зуд	زود
зудамал	زودعمل
зудбадал	زودبدل
зудбовар	زودباور
зудбоварӣ	زودباوري
зудгудоз	زودگداز
зудгузар	زودگذر
зудӣ	زودي
зудқаҳр	زودقهر
зуднавис	زودنويس
зуднависӣ	زودنويسي
зудо	زدا
зудпаз	زودپز
зудпазак	زودپزک
зудпарвоз	زودپرواز
зудрав	زودرو
зудранҷ	زودرنج
зудрас	زودرس
зудтар	زودتر
зудудан	زدودن
зудфаҳм	زودفهم
зудхез	زودخيز
зудҳазм	زودهضم
зудҳаракат	زودحرکت
зудшикан	زودشکن
зузанаб	ذوذنب
зукка	زوکّه
зуккахӯр	زکّه خور
зуком	زکام
зукомшуда	زکام شده
зулбиё	ذولبيا
зулқарнайн	ذوالقرنين
зулқаъда	ذوالقعده
зуллисонайн	ذوالسانين
зулм	ظلم
зулмат	ظلمت
зулматкада	ظلمت کده
зулматсаро	ظلمت سرا
зулмдида	ظلم ديده
зулмкеш	ظلم کيش
зулмобод	ظلم آباد
зулмонӣ	ظلماني
зулмот	ظلمات
зулмпеша	ظلم پيشه
зулол	زلال
зулф	زلف
зулфак	زلفک
зулфиқор	ذوالفقار
зулфин	زلفين
зулфошуфта	زلف آشفته
зулфчавгон	زلف چوگان
зулҳиҷҷа	ذوالحجه
зулҷалол	ذوالجلال
зум	زم
зумра	زمره
зумрад	زمرد
зумуррад	زمرّد
зумуррадгун	زمرّدگون
зумуррадӣ	زمرّدي
зумуррадранг	زمرّدرنگ
зумуррадфом	زمرّدفام
зумухт	زمخت
зуннор	زنّار
зурват	ذروه
зурвонӣ	زرواني
зурриёт	ذريات
зуррият	ذريت
зуруф	ظروف
зуф	زف
зуфт	زفت
зуфунун	ذوفنون
зуҳал	زحل
зуҳур	ظهور
зуҳурот	ظهورات
зуҷоҷ	زجاج
зуҷоҷия	زجاجيه
зуҷоҷӣ	زجاجي
зуҷоҷсоз	زجاج ساز
зӯбин	زوبين
зӯпин	زوپين
зӯр	زور
зӯракӣ	زورکي
зӯран	زوراً
зӯрбазӯракӣ	زوربه زورکي
зӯргӯӣ	زورگويي
зӯрзанӣ	زورزني
зӯригарӣ	زوريگري
зӯрӣ	زوري
зӯрманд	زورمند
зӯрмандӣ	زورمندي
зӯровар	زورآور
зӯроварӣ	زورآوري
зӯрозмо	زورآزما
зӯрозмоӣ	زورآزمائي
зӯрталаб	زورطلب
зӯрхона	زورجانه
зӯфунун	ذوفنون
зӯҳд	زهد
зӯҳдпеша	زهد پيشه
зӯҳдфурӯш	زهد فروش
зӯҳр	ظهر
зӯҳра	زهره
зӯҳраҷабин	زهره جبين
зӯъм	زعم
зӯъмӣ	زعمي
ибдо	ابدا
ибдол	ابدال
ибдоъ	ابداع
ибил	ابل
ибқо	ابقاء
иблис	ابليس
иблисӣ	ابليسي
иблисона	ابليسانه
иблоғ	ابلاغ
ибн	ابن
ибнулвақт	ابن الوقت
ибнуссабил	ابن السبيل
ибо	ابا
ибод	عباد
ибодат	عبادت
ибодатгоҳ	عبادتگاه
ибодаткунанда	عبادت کننده
ибодатхона	عبادت خانه
ибора	عباره
ибораоро	عباره آرا
ибораороӣ	عباره آرائي
иборапардоз	عباره پرداز
иборапардозӣ	عباره پردازي
иборат	عبارت
иборатороӣ	عبارت آرائي
ибрат	عبرت
ибратангез	عبرت انگيز
ибратбахш	عبرت بخش
ибратбахшӣ	عبرت بخشي
ибратбин	عبرت بين
ибратомез	عبرت آميز
ибратомӯз	عبرت آموز
ибратомӯзӣ	عبرت آموزي
ибратхона	عبرت خانه
ибриз	ابريز
ибриқ	ابريق
ибришиносӣ	عبري شناسي
ибрӣ	عبري
ибро	ابراء
иброз	ابراز
ибром	ابرام
ибронӣ	عبراني
ибсор	ابصار
ибсос	ابساس
ибтиғо	ابتغاء
ибтидо	ابتدا
ибтидоӣ	ابتدائي
ибтидоъ	ابتداع
ибтиёъ	ابتياع
ибтизол	ابتذال
ибтикор	ابتکار
ибтилло	ابتلا
ибтиллоъ	ابتلاع
ибтино	ابتنا
ибтисом	ابتسام
ибтиҳол	ابتهال
ибтиҳоҷ	ابتهاج
ибтишор	ابتشار
ибто	ابطاء
ибтол	ابطال
ибхор	ابخار
ибҳом	ابهام
ибҳор	ابحار
ибъод	ابعاد
иваз	عوض
ивазкунанда	عوض کننده
ивазнашаванда	عوض نشونده
ивазшаванда	عوض شونده
иваҷ	عوج
ивор	عوار
игрек	اگريک
иғво	اغوا
иғвоангез	اغو اانگيز
иғвогар	اغو اگر
иғвогарӣ	اغو اگري
иғвогарона	اغو اگرانه
иғвопеша	اغو اپيشه
иғлоқ	اغلا ق
иғмоз	اغماز
иғмозкорӣ	اغماز کاري
иғосат	اغاثت
иғро	اغرا
иғроқ	اغراق
иғтимом	اغتمام
иғтином	اغتنام
иғтироб	اغتراب
иғтисол	اغتسال
иғтифор	اغتفار
иғтишош	اغتشاش
иғфол	اغفال
ид	عيد
идбор	ادبار
идгардак	عيد گردک
идгардӣ	عيد گردي
идғом	ادغام
идда	عده
иддао	اد عا
иддат	عدت
иддио	اد عا
идеал	ايديئل
идеализатсия	ايديئليزتسيه
идеализм	ايديئليزم
идеалист	ايديئليست
идеалистӣ	ايديئليستي
идеалӣ	اديئلي
идеограмма	ايدياگرمه
идея	ايديه
идеявӣ	ايديوي
идеянокӣ	ايديه ناکي
идиома	ايديامه
идиш	اديش
идия	عيديه
идӣ	عيد ي
идмон	ادمان
идод	عداد
идомадиҳанда	ادامه دهنده
идона	عيدانه
идора	اداره
идорӣ	اداري
идоракунанда	اداره کننده
идорахона	اداره خانه
идорашаванда	اداره شونده
идорашавандагӣ	اداره شوندگي
идрис	ادريس
идрок	ادراک
идрокнорас	ادراک نارس
идрор	ادرار
идрорнома	ادرارنامه
идрорпулӣ	ادرارپولي
идроҷ	ادراج
идхол	ادخال
идҷой	عيدجاي
иерархия	اييررخيه
иероглиф	اييراگلف
иероглифӣ	اييراگلفي
иёб	اياب
иёдат	عيادت
иёлат	ايالت
иёлот	ايالات
иёргир	عيارگير
из	ايز
изз	عز
изад	ايزد
изадӣ	ايزدي
изадпараст	ايزدپرست
изадшинос	ايزدشناس
изам	عظم
изгир	ايزگير
изгирӣ	ايزگيري
изғиҷ	ازغيج
изғӣ	اظغي
издивоҷ	ازدواج
издиёд	ازدياد
издиҳом	ازدحام
иззат	عزت
иззатдорӣ	عزت داري
иззатманд	عزت مند
иззатмандӣ	عزت مندي
иззатписанд	عزت پسند
иззатталаб	عزت طلب
иззатталабӣ	عزت طلبي
иззатхоҳ	عزت خواه
иззатхоҳӣ	عزت خواهي
излол	اذلال
измиҳлол	اضمحلال
измон	ازمان
измор	اضمار
изн	اذن
изобат	اذابت
изода	عضاده
изолат	ازالت
изолятор	ازاليتار
изолятсия	ازاليتسيه
изом	عظام
изомерҳо	ايزاميرها
изон	ايزان
изор	ازار
изора	ازاره
изотермия	ازاتيرميه
изотермӣ	ازاتيرمي
изотопҳо	ايزاتاپ ها
изофат	اضافت
изофагӣ	اضافگي
изофакорӣ	اضافه کاري
изофамаош	اضافه معاش
изофанависӣ	اضافه نويسي
изофапардохт	اضافه پرداخت
изофӣ	اضافي
изрор	اضرار
изтироб	اضطراب
изтиробангез	اضطراب انگيز
изтиробнок	اضطراب ناک
изтиробовар	اضطراب آور
изтиробомез	اضطراب آميز
изтирор	اضطرار
изҳор	اظهار
изҳоргаҳ	اظهارگه
изҳоркунанда	اظهارکننده
изҳорнома	اظهارنامه
изҳорот	اظهارات
изшинос	ايزشناس
изшиносӣ	ايزشناسي
изъон	اذعان
изъоф	اضعاف
иклил	اکليل
икмол	اکمال
икона	ايکانه
икром	اکرام
икроҳ	اکراه
икс	اِکس
иксир	اکسير
иксиргар	اکسيرگر
иктисоб	اکتساب
иктифо	اکتفا
иктишоф	اکتشاف
иктиҳол	اکتحال
иқбол	اقبال
иқболбаланд	اقبال بلند
иқболнок	اقبال ناک
иқд	عقد
иқдом	اقدام
иқлим	اقليم
иқлимгир	اقليم گير
иқлимгирӣ	اقليم گيري
иқлимиё	اقليميا
иқлимӣ	اقليمي
иқлимшинос	اقليم شناس
иқлимшиносӣ	اقليم شناسي
иқноъ	اقناع
иқоб	عقاب
иқола	اقاله
иқомат	اقامت
иқоматгоҳ	اقامت گاه
иқоматкада	اقامت کده
иқон	ايقان
иқор	عقار
иқрор	اقرار
иқрорӣ	اقراري
иқроршавӣ	اقرارشوي
иқтибос	اقتباس
иқтибосӣ	اقتباسي
иқтидо	اقتدا
иқтидор	اقتدار
иқтизо	اقتضا
иқтино	اقتنا
иқтироб	اقتراب
иқтироз	اقتراض
иқтирон	اقتران
иқтироҳ	اقتراح
иқтироъ	اقتراع
иқтисод	اقتصاد
иқтисоддон	اقتصاددان
иқтисодиёт	اقتصاديات
иқтисодӣ	اقتصادي
иқтисодчӣ	اقتصادچي
иқтисодшинос	اقتصادشناس
иқтисор	اقتصار
иқтифо	اقتفا
иқтиҳом	اقتحام
иқтоъ	اقطاع
иқтоъдор	اقطاع دار
илал	عِلل
илғай	ايلغي
илзом	الزام
илик	اليک
илқо	القا
иллат	علّت
иллатгин	علّتگين
иллатдор	علّتدار
иллатӣ	علّتي
иллатнок	علّتناک
иллатнокӣ	علّتناکي
илло	الا
иллюзионизм	ايليوزيانيزم
иллюзионист	ايليوزيانيست
иллюзия	ايليوزيه
иллюминатор	ايليومينتار
илм	علم
илмдор	علم دار
илмдӯст	علم دوست
илмдӯстӣ	علم دوستي
илминамо	علمي نما
илмият	علميت
илмӣ	علمي
илмнок	علم ناک
илмомӯзӣ	علم آموزي
илмуляқин	علم اليقين
илмҷӯ	علم جو
илмҷӯӣ	علم جوئي
илмшиносӣ	علم شناسي
илова	علاوه
иловагӣ	علاوگي
илоҳ	اله
илоҳиёт	الهيات
илоҳӣ	الهي
илоҳо	الها
илоҷ	علاج
илоҷнопазир	علاج ناپذير
илоҷпазир	علاج پذير
илсоқ	الصاق
илтибос	التباس
илтиво	التواء
илтиём	التيام
илтизоз	التذاذ
илтизом	التزام
илтизомнома	التزام نامه
илтиқо	التقاء
илтиқом	التقام
илтиқот	التقاط
илтимос	التماس
илтимосӣ	التماسي
илтимоскунанда	التماس کننده
илтимоснома	التماس نامه
илтисоқ	التصاق
илтифот	التفات
илтифоткорӣ	التفات کاري
илтифоткорона	التفات کارانه
илтифотомез	التفات آميز
илтиҳоб	التهاب
илтиҳоқ	التحاق
илтиҳом	التحام
илтиҷо	التجا
илтиҷоомез	التجا آميز
илтиҷоҷ	التجاج
илф	الف
илҳод	الحاد
илҳоқ	الحاق
илҳом	الهام
илҳомбахш	الهام بخش
илҳомдеҳ	الهام ده
илҳон	الحان
илҳоҳ	الحاح
имдод	امداد
имдодгар	امدادگر
имдодӣ	امدادي
имдодталаб	امدادطلب
имдодталабӣ	امدادطلبي
имдодталабона	امدادطلبانه
имзо	امضا
имзодор	امضادار
имзонома	امضانامه
имкон	امکان
имконият	امکانيت
имконнопазир	امکان ناپذير
имконнопазирӣ	امکان ناپذيري
имконпазир	امکان پذير
имконпазирӣ	امکان پذيري
имло	املاء
имлоӣ	املائي
иммунитет	ايمونيتيت
имо	ايما
имод	عماد
имокунанда	ايماکننده
имола	اماله
имом	امام
имома	عمامه
имомат	امامت
имоматӣ	امامتي
имомзода	امامزاده
имомия	اماميه
имомхатиб	امام خطيب
имон	ايمان
имонфурӯш	ايمان فروش
иморат	امارت
иморатбоб	عمارت باب
иморатгар	عمارت گر
иморатсоз	عمارت ساز
иморатсозӣ	عمارت سازي
иморӣ	عماري
иморот	عمارات
императив	ايمپرتيو
император	امپرتار
императорӣ	امپرتاري
империализм	امپريليزم
империалист	امپريليست
империалистӣ	امپريليستي
империя	امپريه
импиротур	امپراتور
импиротурӣ	امپراتوري
имрор	امرار
имрӯз	امروز
имрӯза	امروزه
имрӯзина	امروزينه
имрӯзӣ	امروزي
имрӯз-пагоҳ	امروزپگاه
имрӯзҳо	امروزها
имсок	امساک
имсол	امسال
имсола	امساله
имтидод	امتداد
имтиёз	امتياز
имтиёздор	امتيازدار
имтиёзнок	امتيازناک
имтиёзнокӣ	امتيازناکي
имтизоҷ	امتزاج
имтилло	امتلا
имтинон	امتنان
имтиноъ	امتناع
имтисол	امتثال
имтиҳон	امتحان
имтиҳонгиранда	امتحان گيرنده
имтиҳонгирӣ	امتحان گيري
имтиҳондиҳанда	امتحان دهنده
имтиҳонӣ	امتحاني
имтиҳонот	امتحانات
имтиҳонсупоранда	امتحان سپارنده
имҳоқ	امحاق
имҳол	امهال
имшаб	امشب
имшаба	امشبه
имъон	امعان
ин	اين
инаб	عنب
инабия	عنبيه
инабӣ	عنبي
инак	اينک
инбисот	انبساط
инвалид	اينوليد
ингалятсия	اينگليتسيه
индекс	ايندکس
индикатор	اينديکتار
индирос	اندراس
индуксия	ايندوکسيه
инерсия	انيرسيه
инзибот	انضباط
инзиво	انزوا
инзимом	انضمام
инзол	انزال
инзор	انذا
инквизитсия	اينکويزتسيه
инкисор	انکسار
инкишоф	انکشاف
инкишофёбанда	انکشاف يابنده
инкишофёбӣ	انکشاف يابي
инкор	انکار
инкорнопазир	انکارناپذير
инкубатор	اينکوبتار
инкубаторӣ	اينکوبناري
инқиёд	انقياد
инқизо	انقضا
инқилоб	انقلاب
инқилобиюн	انقلابيون
инқилобӣ	انقلابي
инқилобчӣ	انقلابچي
инқироз	انقراض
инқисом	انقسام
инқитоъ	انقطاع
иннин	عنين
ино	انا
инобат	انابت
инод	عناد
инодкор	عنادکار
инодкорӣ	عنادکاري
инодкорона	عنادکارانه
инодпеша	عنادپيشه
инон	عنان
инонгир	عنانگير
инондор	عناندار
инонкаш	عنانکش
инонпеч	عنان پيچ
инорат	انارت
иноят	عنايت
инс	إنس
инсибоб	انصباب
инсидод	انسداد
инсикоб	انسکاب
инсиром	انصرام
инсироф	انصراف
инсӣ	انسي
инсон	انسان
инсонбадбинӣ	انسان بدبيني
инсонбадбинона	انسان بدبينانه
инсонвор	انسان وار
инсондӯст	انسان دوست
инсондӯстӣ	انسان دوستي
инсондӯстона	انسان دوستانه
инсоният	انسانيت
инсониятдӯст	انسانيت دوست
инсониятпарвар	انسانيت پرور
инсонӣ	انساني
инсоннавоз	انسان نواز
инсонпарвар	انسان پرور
инсоншиносӣ	انسان شناسي
инсоф	انصاف
инсофҷӯй	انصاف جوي
институт	انستيتوت
интеграл	اينتگرل
интермедия	اينترمديه
интернат	اينترنت
интернатсионал	انتيرنتسيانل
интернатсионализм	اينترنتسيانليزم
интернатсионалист	اينترنتسيانليس
интернатсионалӣ	اينترنتسيانلي
интернет	انتيرنيت
интибоқ	انطباق
интибоҳ	انتباه
интиво	انطوا
интизом	انتظام
интизомдӯст	انتظام دوست
интизомӣ	انتظامي
интизомнок	انتظام ناک
интизомнокӣ	انتظام ناکي
интизор	انتظار
интизорбаранда	انتظاربرنده
интизорӣ	انتظاري
интизоъ	انتزاع
интикос	انتکاس
интиқод	انتقاد
интиқодӣ	انتقادي
интиқол	انتقلال
интиқолдиҳанда	انتقال دهنده
интиқолнопазир	انتقال ناپذير
интиқолнопазирӣ	انتقال ناپذيري
интиқолпазир	انتقال پذير
интиқолпазирӣ	انقال پذيري
интиқом	انتقام
интиқомгир	انتقام گير
интиқомгирӣ	انتقام گيري
интиқомситонӣ	انتقام ستاني
интиқомхоҳ	انتقام خواه
интиқомхоҳӣ	انتقام خواهي
интиқомҷӯ	انتقام جو
интиқомҷӯӣ	انتقام جوئي
интиқос	انتقاص
интиқош	انتقاش
интимо	انتما
интимос	انطماس
интиош	انتعاش
интисоб	انتساب
интисоқ	انتساق
интисор	انتصار
интисоф	انتصاف
интисох	انتساخ
интисоҳ	انتصاح
интифо	انطفا
интифоъ	انتفاع
интихоб	انتخاب
интихобӣ	انتخابي
интихобкунанда	انتخاب کننده
интихобот	انتخابات
интихоботӣ	انتخاباتي
интиҳо	انتها
интишор	انتشار
интишорот	انتشارا
инфикок	انفکاک
инфиол	انفعال
инфирод	انفراد
инфиродӣ	انفرادي
инфироз	انفراز
инфисол	انفصال
инфисоҳ	انفساح
инфитор	انفطار
инфитоҳ	انفتاح
инфиҷор	انفجار
инфоз	انفاذ
инфоқ	انفاق
инфрасадо	اينفره صدا
инфрасохтор	اينفره ساختار
инфрасурх	اينفره سرخ
инфузория	اينفوزاريه
инхизол	انخذال
инхилоъ	انخلاع
инхифоз	انخفاض
инҳидом	انهدام
инҳидор	انحدار
инҳизом	انهزام
инҳилол	انحلال
инҳино	انحنا
инҳироф	انحراف
инҳисор	انحصار
инҳитот	انحطاط
инҳифоз	انحفاظ
инчунин	اينچنين
инҷ	اينج
инҷаҳонӣ	اينجهاني
инҷизоб	انجذاب
инҷиқ	اينجيق
инҷиқӣ	اينجيقي
инҷил	انجيل
инҷило	انجلا
инҷобизан	اين جابزن
инҷоз	انجاز
инҷоӣ	اينجائي
инҷоҳ	انجاح
инҷу	اينجو
иншиқоқ	انشقاق
иншиоб	انشعاب
иншироҳ	انشراح
иншо	انشا
иншоаллоҳ	انشاءالله
иншод	انشاد
иншонавис	انشانويس
иншонависӣ	انشانويسي
иншоот	انشاات
инъидом	انعدام
инъикос	انعکاس
инъикоскунанда	انعکاس کننده
инъиқод	انعقاد
инъитоф	انعطاف
инъом	انعام
инъомбахшӣ	انعام بخشي
инъомдиҳӣ	انعام دهي
инъомӣ	انعامي
ион	ايان
иона	اعانه
ионат	اعانت
ионизатсия	ايآنزتسيه
ионосфера	اياناسفره
ипотека	ايپاتيکه
ипподром	ايپادرام
ирам	ارم
ирво	اروا
ирғай	ايرغي
ирғоб	ارغاب
ирд	ارد
ирз	عرض
ирим	ايريم
иримчӣ	ايريمچي
ирис	اريس
ирқ	عرق
ирқуннисо	عرق النساء
ирландӣ	ارلندي
ирмон	ايرمان
ирмонсарой	ايرمان سراي
иро	عرا
ирода	اراده
иродат	ارادت
иродатгароӣ	ارادت گرائي
иродатгарой	ارادت گراي
иродатманд	ارادت مند
иродатмандӣ	ارادت مندي
ироқ	عراق
ироқидӯзӣ	عراقي دوزي
ироқӣ	عراقي
ирратсионализм	ايرتسيانليزم
ирс	ارث
ирсият	ارثيت
ирсӣ	ارثي
ирсол	ارسال
ирсолкунанда	ارسال کننده
иртибот	ارتباط
иртиёз	ارتياض
иртиёш	ارتياش
иртизо	ارتضا
иртизоқ	ارتزاق
иртизоъ	ارتضاع
иртикоб	ارتکاب
иртиқо	ارتقا
иртиод	ارتعاد
иртиош	ارتعاش
иртисом	ارتسام
иртифоқ	ارتفاق
иртифоҳ	ارتفاه
иртифоъ	ارتفاع
иртифоъшинос	ارتفاع شناس
иртиҳол	ارتحال
иртиҷоиюн	ارتجاعيون
иртиҷоият	ارتجاعيت
иртиҷоӣ	ارتجاعي
иртиҷол	ارتجال
иртиҷоъ	ارتجاع
иртиҷоъпараст	ارتجاع پرست
ирфон	عرفان
ирфонӣ	عرفاني
ирфоъ	ارفاع
ирхо	ارخا
иршод	ارشاد
исавӣ	عيسوي
исбаъ	اصبع
исбоғ	اسباغ
исбот	اثبات
исботкунанда	اثبات کننده
исботнопазир	اثبات ناپذير
исботнопазирӣ	اثبات ناپذيري
исботпазир	اثبات پذير
исботпазирӣ	اثبات پذيري
исботшаванда	اثبات شونده
исён	عصيا
исёнгар	عصيان گر
исёнгарӣ	عصيان گري
исёнгарона	عصيان گرانه
исёнкор	عصيان کار
исёнкорӣ	عصيان کاري
исёнкорона	عصيان کارانه
искана	اسکنه
исканақалам	اسکنه قلم
исканапайванд	اسکنه پيوند
искандар	اسکندر
исканҷа	اسکنجه
исканҷабин	اسکنجبين
искудор	اسکدار
исқо	اسقا
исқот	اسقاط
ислиқ	اسليق
ислиқӣ	اسليقي
ислимӣ	اسليمي
ислом	اسلام
исломият	اسلاميت
исломӣ	اسلامي
ислоҳ	اصلاح
ислоҳкор	اصلاح کار
ислоҳнашаванда	اصلاح نشونده
ислоҳнопазир	اصلاح ناپزير
ислоҳот	اصلاحات
ислоҳотпарварӣ	اصلاحات پروري
ислоҳотталаб	اصلاحات طلب
ислоҳотталабӣ	اصلاحات طلبي
ислоҳотхоҳ	اصلاحات خواه
ислоҳотхоҳӣ	اصلاحات خواهي
ислоҳпазир	اصلاح پذير
ислоҳталаб	اصلاح طلب
ислоҳшаванда	اصلاح شونده
исм	اثم
исман	اسماً
исмат	عصمت
исмоилдавон	اسماعيل دوان
исмоилия	اسماعيليه
исмоилӣ	اسماعيلي
иснод	اسنا
исо	عيسي
исоба	عصابه
исобат	اصابت
исодам	عيسي دم
исор	ايثار
испанд	اسپند
испандон	اسپندان
испанддона	اسپنددانه
испанӣ	اسپني
испаноқ	اسپناق
испаноҳ	اسپناه
испаноҷ	اسپناج
испараг	اسپرگ
испарак	اسپرک
испарғам	اسپرغم
испарлус	اسپرلوس
испарма	اسپرمه
испаҳсолор	اسپهسالار
испед	اسپيد
испич	اسپچ
испор	اسپار
испоҳ	اسپاه
испурч	اسپرچ
исро	اسرا
исроилӣ	اسراعيلي
исрор	اصرار
исроран	اصراراً
исроркорӣ	اصرارکاري
исроркорона	اصرارکارانه
исроф	اسراف
исрофкор	اسرافکار
исрофкорӣ	اسراف کاري
исрофкорона	اسراف کارانه
ист	ايست
истабр	استبر
истам	استم
истамгар	استمگر
истгоҳ	ايستگاه
истеза	استيزه
истеҳзо	استهزا
истеҳзокор	استهزاکار
истеҳзокорона	استهزاکارانه
истеҳзоомез	استهزاآميز
истеҳзоомезона	استهزاآميزانه
истеҳзор	استحضار
истеҳком	استحکام
истеҳқоқ	استحقاق
истеҳқоқӣ	استحقاقي
истеҳсол	استحصال
истеҳсолӣ	استحصالي
истеҳсолкунанда	استحصال کننده
истеҳсолот	استحصالات
истеҳсон	استحسان
истеъбод	استعباد
истеъдод	استعداد
истеъдоднок	استعدادناک
истеъло	استعلا
истеълом	استعلام
истеълоҷ	استعلاج
истеъмол	استعمال
истеъмолӣ	استعمالي
истеъмолкунанда	استعمال کننده
истеъмолот	استعمالات
истеъмолшаванда	استعمال شونده
истеъмор	استعمار
истеъморгар	استعمارگر
истеъфо	استعفا
истеъҷол	استعجال
истибдод	استبداد
истибдол	استبدال
истибор	اصطبار
истибсор	استبصار
истибъод	استبعاد
истиво	استواء
истиғно	استغنا
истиғроқ	استغراق
истиғфор	استغفار
истидлол	استدلال
истидомат	استدامت
истидрок	استدراک
истидъо	استدعا
истиёд	اصطياد
истизҳор	استظهار
истикбор	استکبار
истикмол	استکمال
истикшоф	استکشاف
истиқбол	استقبال
истиқлол	استقلال
истиқлолият	استقلاليت
истиқомат	استقامت
истиқоматгоҳ	استقامت گاه
истиқоматӣ	استقامتي
истиқоматҷой	استقامت جاي
истиқро	استقرا
истиқроб	استقراب
истиқрор	استقرار
истилло	استيلا
истиллогар	استلاگر
истиллогарӣ	استيلاگري
истиллогарона	ستيلاگرانه
истиллоҳ	اصطلاح
истиллоҳӣ	اصطلاحي
истиллоҳот	اصطلاحات
истиллоҳшинос	اصطلاح شناس
истиллоҳшиносӣ	اصطلاح شناسي
истимдод	استمداد
истимзоҷ	استمزاج
истимлок	استملاک
истимно	استمناء
истимолат	استمالت
истимоъ	استماع
истимрор	استمرار
истимсок	استمساک
истимтоъ	استمتاع
истинбот	استنباط
истинкор	استنکار
истинкоф	استنکاف
истинод	استناد
истинос	استناس
истинох	استنساخ
истинтоқ	استنطاق
истинфор	استنفار
истинҷо	استنجا
истиншоқ	استنشاق
истионат	استعانت
истиора	استعاره
истиоравӣ	استعاروي
истиораомез	استعاره آميز
истирдод	استرداد
истирзо	استرضا
истироҳат	استراحت
истироҳатгоҳ	استراحت گاه
истисқо	استسقا
истисқоӣ	استسقائي
истисмор	استثمار
истисморгар	استثمارگر
истисморкунанда	استثمارکننده
истисморшаванда	استثمارشونده
истисно	استثنا
истисноӣ	استثنائي
иститоат	استطاعت
иститрод	استطراد
истифода	استفاده
истифодабаранда	استفاده برنده
истифодабарӣ	استفاده بري
истифроғ	استفراغ
истифсор	استفسار
истифҳом	استفهام
истихбор	استخبار
истихдом	استخدام
истихлос	استخلاص
истихора	استخاره
истихроҷ	استخراج
истихфо	استخفا
истихфоф	استخفاف
истиҳола	استحاله
истиҳолат	استهانت
истиҷло	استجلاء
истиҷлоб	استجلاب
истиҷоза	استجازه
истишмом	استشمام
истишҳод	استشهاد
истодагарӣ	ايستاده گري
истодагӣ	ايستادگي
истодан	ايستادن
истоёндан	ايستاياندن ا
истор	استار
истора	استاره
исфанд	اسفند
исфанох	اسفناخ
исфаноҷ	اسفناج
исфанҷ	اسفنج
исҳоб	اسحاب
исҳол	اسهال
исҳоловар	اسهال آور
италиявӣ	ايتليوي
итқӣ	اطقي
итлоқ	اطلاق
итминон	اطمنان
итминонбахш	اطمنان بخش
итмом	اتمام
итноб	اطناب
итоат	اطاعت
итоатгарӣ	اطاعت گري
итоаткеш	اطاعت کيش
итоаткор	اطاعت کار
итоаткорӣ	اطاعت کاري
итоаткорона	اطاعت کارانه
итоб	عطاب
итобкорона	عطاب کارانه
итобомез	عطاب آميز
иттибоъ	اتّباع
иттико	اتّکا
иттиллоия	اطّلاعيه
иттиллоот	اطّلاعات
иттиллоотӣ	اطّلاعاتي
иттиллоъ	اطّلاع
иттисол	اتّصال
иттисом	اتّسام
иттисоф	اتّصاف
иттисоъ	اتّساع
иттифоқ	اتّفاق
иттифоқан	اتّفاقاً
иттифоқӣ	اتّفاقي
иттифоқнома	اتّفاق نامه
иттифоқо	اتّفاقا
иттифоқчӣ	اتّفاقچي
иттихоз	اتّخاز
иттиҳод	اتّحاد
иттиҳодия	اتّحاديه
иттиҳом	اتّهام
итфо	اطفا
ифлос	افلاس
ифлосгарӣ	افلاس گري
ифлосӣ	افلاسي
ифлоскорӣ	افلاس کاري
ифлоскунанда	افلاس کننده
ифлоҳ	افلاح
ифно	افنا
ифо	ايفا
ифода	افاده
ифоданок	افادناک
ифоқа	افاقه
ифрит	عفريت
ифроз	افراز
ифрот	افراط
ифротгароӣ	افرطتگرائي
ифротӣ	افراطي
ифроткорӣ	افراط کاري
ифроткорона	افراط کارانه
ифсод	افساد
ифтизоҳ	افتضاح
ифтикор	افتکار
ифтиро	افتراء
ифтироқ	افتراق
ифтитоҳ	افتتاح
ифтитоҳӣ	افتتاحي
ифтитоҳона	افتتاحانه
ифтихор	افتخار
ифтихорӣ	افتخاري
ифтихорманд	افتخارمند
ифтихормандӣ	افتخارمندي
ифтихормандона	افتخارمندانه
ифтихорнома	افتخارنامه
ифтихоромез	افتخارآميز
ифтор	افطار
ифторӣ	افطاري
иффат	عفّت
иффатнокӣ	افّتناکي
ифшо	افشا
ифшогар	افشاگر
ихвон	اخوان
ихлол	اخلال
ихлос	اخلاص
ихлосманд	اخلاصمند
ихлосмандӣ	اخلاصمندي
ихлосмандона	اخلاصمندانه
ихроҷ	اخراج
ихтиёр	اختيار
ихтиёран	اختياراً
ихтиёрдорӣ	اختيارداري
ихтиёрӣ	اختياري
ихтиёрона	اختيارانه
ихтиллол	اختلال
ихтиллот	اختلاط
ихтиллоф	اختلاف
ихтиллофандозӣ	اختلاف اندازي
ихтиллофкор	اختلاف کار
ихтиллофкорӣ	اختلاف کاري
ихтиллофнок	اختلافناک
ихтиллоҷ	اختلاج
ихтиноқ	اختناق
ихтиолог	اختئالاگ
ихтиология	اختئالاگيه
ихтироъ	اختراع
ихтироъгар	اختراعگر
ихтироъкор	اختراعکار
ихтироъкорӣ	اختراعکاري
ихтироъчӣ	اختراعچي
ихтисор	اختصار
ихтисора	اختصاره
ихтисорот	اختصارات
ихтисоршавӣ	اختصارشوي
ихтисос	اختصاص
ихтисосманд	اختصاص مند
ихтисоснок	اخصاص ناک
ихтисосомӯзӣ	اختصاص آموزي
ихтисосталаб	اختصاص طلب
ихтитом	احتمام
ихтифо	اختفا
ихтор	اخطار
ихфо	اخفا
ихчам	ايخچم
иҳом	ايهام
иҳонат	اهانت
иҳота	احاطه
иҳотагир	احاطه گير
иҷбор	اجبار
иҷборан	اجباراً
иҷборӣ	اجباري
иҷлол	اجلال
иҷлос	اجلاس
иҷлосия	اجلاسيه
иҷмол	اجمال
иҷмолан	اجمالاً
иҷмолӣ	اجمالي
иҷмоъ	اجماع
иҷобат	اجابت
иҷозат	اجازت
иҷозатнома	اجازت نامه
иҷора	اجاره
иҷоравӣ	اجاروي
иҷорагир	اجاره گير
иҷорагирӣ	اجاره گيري
иҷорадеҳ	اجاره ده
иҷорадиҳӣ	اجاره دهي
иҷорадор	اجاره دار
иҷоракор	اجاره کار
иҷорамонӣ	اجاره ماني
иҷоранишин	اجاره نشين
иҷорапулӣ	اجاره پولي
иҷорахӯр	اجاره خور
иҷро	اجرا
иҷрогар	اجراگر
иҷроия	اجرائيه
иҷрокунанда	اجراکننده
иҷрошаванда	اجراشونده
иҷтибо	اجتبا
иҷтизоб	اجتذاب
иҷтиллоб	اجتلاب
иҷтимоиюн	اجتماعييون
иҷтимоият	اجتماعيت
иҷтимоӣ	اجتماعي
иҷтимоона	اجتماعانه
иҷтимоъ	اجتماع
иҷтино	إجتنا
иҷтиноб	اجتناب
иҷтиҳод	اجتهاد
иҷҳоф	اجحاف
ишва	عشوه
ишвабоз	عشوه باز
ишвабозӣ	عشوه بازي
ишвабозона	عشوه بازانه
ишвагар	عشوه گر
ишвагарӣ	عشوه گري
ишвагарона	عشوه گرانه
ишвадеҳ	عشوه ده
ишвакор	عشوه کار
ишвакорӣ	عشوه کاري
ишвакорона	عشوه کارانه
ишваомез	عشوه آميز
ишвасоз	عشوه ساز
ишвафурӯш	عشوه فروش
ишвафурӯшӣ	عشوه فروشي
ишвафурӯшона	عشوه فروشانه
ишғол	اشغال
ишғолгар	اشغال گر
ишғолгарона	اشغال گرانه
ишғолӣ	اشغالي
ишғолшуда	اشغال شده
ишкам	اشکم
ишкамба	اشکمبه
ишкамкалон	اشکم کلان
ишканҷа	شکنجه
ишкел	اشکيل
ишкелак	اشکيلک
ишкелбанд	اشکيل بند
ишкелбоғӣ	اشکيل باغي
ишкелдор	اشکيلدار
ишкошимӣ	اشکاشيمي
ишкол	اشکال
ишқ	عشق
ишқангез	عشق انگيز
ишқандарпечон	عشق اندرپيچان
ишқбоз	عشق باز
ишқбозӣ	عشق بازي
ишқварзӣ	عشق ورزي
ишқия	عشقيه
ишқӣ	عشقي
ишқор	اشقار
ишқордор	اشقاردار
ишқорӣ	اشقاري
ишқорнокӣ	اشقارناکي
ишқороб	اشقارآب
ишқорронӣ	اشقارراني
ишқсаро	عشق سرا
ишоратӣ	اشارتي
ишорахат	اشاره خط
ишорачӯб	اشاره چوب
ишрат	عشرت
ишратӣ	عشرتي
ишратдӯст	عشرت دوست
ишратпараст	عشرت پرست
ишратпарастӣ	عشرت پرستي
ишратсаро	عشرت سرا
ишратхона	عشرت خانه
ишратхоҳ	عشرت خواه
ишрок	اشراک
ишроқ	اشراق
ишроф	اشراف
иштибоз	اشتي باز
иштибозӣ	اشتي بازي
иштибоҳ	اشتباه
иштиғол	اشتغال
иштидод	اشتداد
иштиёқ	اشتياق
иштиёқманд	اشتياقمند
иштиқоқ	اشتقاق
иштиро	اشترا
иштирок	اشتراک
иштирокдор	اشتراکدار
иштирокдорӣ	اشتراکداري
иштирокиюн	اشتراکيون
иштироккунанда	اشتراک کننده
иштирокчӣ	اشتراکچي
иштихона	اشتي خانه
иштиҳо	اشتها
иштиҳоангез	اشتهاانگيز
иштиҳокушо	اشتهاکشا
иштиҳоовар	اشتهاآور
иштиҳор	اشتهار
иштӣ	اشتي
июл	ايول
июлӣ	ايولي
июн	ايون
июнӣ	ايوني
йигит	ئيگيت
йигитӣ	ئيگيتي
йигитча	ئيگيتچه
йилтир-йилтир	ئيلتيرئيلتير
йилт-йилт	ئيلت ئيلت
йилтирос	ئيلتراس
йиртиш	ئيرتيش
йиртишворӣ	ئيرتيش وار
йо	يا
йог	ياگ
йога	ياگه
йогурт	ياگورت
йод	ياد
йодмолӣ	يادمالي
йоднок	يادناک
йотбарсар	يات برسر
йӯрға	يورغه
йӯрма	يورمه
йӯрмадӯз	يورمه دوز
йӯрмадӯзӣ	يورمه دوزي
к	که
каба	کبه
кабар	کبر
кабаст	کبست
кабел	کبل
кабелӣ	کبلي
кабелтов	کبلتاو
кабзафурӯмон	کبزه فرومان
кабид	کبيد
кабина	کبينه
кабинет	کبينت
кабир	کبير
кабира	کبيره
кабиса	کبيسه
кабк	کبک
каб-кабуд	کب کبود
кабканҷир	کبک انجير
кабкӣ	کبکي
кабкрафтор	کبک رفتار
кабкхиром	کبک خرام
кабкҷӯҷа	کبک جوجه
кабоб	کباب
кабобғелак	کباب غلک
кабобӣ	کبابي
кабобпаз	کباب پز
кабобпазӣ	کباب پزي
каббода	کباده
кабуд	کبود
кабуда	کبوده
кабудар	کبودر
кабудбар	کبودبر
кабудбол	کبودبال
кабудгар	کبودگر
кабудизор	کبودي زار
кабудикорӣ	کبودي کاري
кабудифурӯш	کبودي فروش
кабудифурӯшӣ	کبودي فروشي
кабудӣ	کبودي
кабудпӯш	کبود پوش
кабудпӯшӣ	کبود پوشي
кабудранг	کبود رنگ
кабудтоб	کبود تاب
кабудча	کبود چه
кабудчанбар	کبودچنبر
кабудчаранг	کبودچه رنگ
кабудчатоб	کبودچه تاب
кабудчашм	کبودچشم
кабудҷома	کبودجامه
кабӯтар	کبوتر
кабӯтарбоз	کبوترباز
кабӯтарбозӣ	کبوتربازي
кабӯтарӣ	کبوتري
кабӯтархона	کبوترخانه
кавал	کول
кавар	کور
каварак	کورک
каварзор	کورزار
кавдан	کودن
кавир	کوير
кавкаб	کوکب
кавкаба	کوکبه
кавкабадор	کوکبه دار
кавкабшинос	کوکب شناس
кавказӣ	کوکزي
кавн	کون
кавнайн	کونين
кавокиб	کواکب
кавора	کواره
кавораҷо	کوارجا
кавсан	کوسن
кавсар	کوثر
кавсарӣ	کوثري
кавша	کوشه
кад	کد
кадд	کد
када	کده
кадар	کدر
кадбону	کدبانو
кадбонуӣ	کدبانوئي
кадвода	کدواده
кадевар	کديور
кадеварӣ	کديو ري
кадир	کدير
кадом	کدام
кадомин	کدامين
кадомӣ	کدامي
кадр	کدر
каду	کدو
кадубинӣ	کدوبيني
кадубичак	کدوبچک
кадубо	کدوبا
кадугин	کدوگين
кадугӣ	کدوگي
кадудона	کدودانه
кадуӣ	کدوئي
кадукорӣ	کدوکاري
кадукӯза	کدوکوزه
кадунима	کدونيمه
кадусанбӯса	کدوسنبوسه
кадусар	کدوسر
кадуча	کدوچه
кадучагӣ	کدوچگي
кадучадор	کدوچه دار
кадушавла	کدوشوله
кадушӯрбо	کدوشوربا
кадӯх	کدوخ
кадхудой	کدخداي
кадхудоӣ	کدخدايي
каён	کيان
каёнӣ	کياني
каж	کژ
каждум	کژدم
каждума	کژدمه
каждумак	کژدمک
каждумвор	کژدم وار
каждумгазида	کژدم گزيده
каждумзада	کژدم زده
каждумӣ	کژدمي
кажин	کژين
кажнигар	کژنگر
кажтарозу	کژترازو
казар	کزر
казарма	کزرمه
казарманишин	کزرمه نشين
каззоб	کذّاب
казино	کزينا
казм	کظم
казоӣ	کذائي
кай	کي
кайбону	کيبانو
кайвон	کيوان
кайвонӣ	کيواني
кайвонмисол	کيوان مثال
кайк	کيک
каймок	کيماک
кайсана	کيسنه
кайф	کيف
кайфан	کيفاً
кайфар	کيفر
кайфархост	کيفرخواست
кайфаршинос	کيفرشناس
кайфаршиносӣ	کيفرشناسي
кайфият	کيفيت
кайфӣ	کيفي
кайфнок	کيف ناک
кайфовар	کيف آور
кайфчоқ	کيف چاق
кайфчоқӣ	کيف چاقي
кайҳа	کيهه
кайҳазор	کيهزار
кайҳо	کيها
кайҳон	کيهان
кайҳонӣ	کيهاني
кайҳоннавард	کيهان نورد
кайҳоннавардӣ	کيهان نوردي
кайҳоншиносӣ	کيهان شناسي
какао	ککا
какана	ککنه
кактус	ککتوس
кал	کل
калаванда	کلونده
калавида	کلويده
калавидан	کلويدن
калавиш	کلوش
калак	کلک
калал	کلل
каланд	کلند
каланда	کلنده
каландгардон	کلند گردان
каландгардонӣ	کلند گرداني
каланддаста	کلند دسته
каландзан	کلندزن
каландзанӣ	کلند زني
каландкаш	کلند کش
каландкорӣ	کلندکاري
каландкунӣ	کلند کني
каландрав	کلندرو
каландриш	کلند ريش
каландча	کلند چه
калаф	کلف
калб	کلب
калбоғ	کلباغ
калбуз	کلبز
калгов	کلگاو
калзоғ	کلزاغ
калид	کليد
калиддон	کليددان
калиддор	کليددار
калил	کليل
калим	کليم
калима	کلمه
калимабоз	کلمه باز
калимабозӣ	کلمه بازي
калимасоз	کلمه ساز
калимасозӣ	کلمه سازي
калимӣ	کليمي
калимот	کلمات
калимуллоҳ	کليم الله
калисо	کليسا
калитак	کليتک
калӣ	کلي
калка	کلکه
кал-кал	کل کل
калкулятор	کلکوليتار
калкулятсия	کلکوليتسيه
калла	کلّه
каллабур	کلّه بر
каллаварам	کلّه ورم
каллаварамӣ	کلّه ورمي
калладор	کلّه دار
каллазан	کلّه زن
каллазанӣ	کلّه زني
каллак	کلّک
каллакаду	کلّه کدو
каллакалон	کلّه کلان
каллакан	کلّه کن
каллакарам	کلّه کرم
каллакӯбак	کلّه کوبک
каллақанд	کلّه قند
каллақандӣ	کلّه قندي
калламанора	کلّه مناره
калламех	کلّه ميخ
калламуш	کلّه موش
калламушгирак	کلّه موشگيرک
каллапаз	کلّه پز
каллапазӣ	کلّه پزي
каллапо	کلّه پا
каллапоча	کلّه پاچه
каллапӯш	کلّه پوش
каллапӯшфурӯш	کلّه پوش فروش
каллапӯшфурӯшӣ	کلّه پوش فروشي
каллахушк	کلّه خشک
каллаҷанг	کلّه جنگ
каллаҷунбон	کلّه جنبان
каллаҷунбонӣ	کلّه جنباني
каллашӯрбо	کلّه شوربا
калмасҷид	کل مسجد
калмурғ	کل مرغ
калоба	کلابه
калобарес	کلابه ريس
калобаресӣ	کلابه ريسي
калобатун	کلابتن
калобатунӣ	کلابتني
калова	کلاوه
калоғ	کلاغ
каложа	کلاژه
калол	کلال
калолат	کلالت
калом	کلام
каломӣ	کلامي
каломуллоҳ	کلام الله
калон	کلان
калонворона	کلان وارانه
калонгап	کلان گپ
калонгапӣ	کلان گپي
калонгир	کلان گير
калонгирӣ	کلان گيري
калонгирона	کلان گيرانه
калонзода	کلان زاده
калонигарӣ	کلاني گري
калонӣ	کلاني
калонкор	کلان کار
калонпой	کلان پاي
калонсар	کلان سر
калонсол	کلان سال
калонсолӣ	کلان سالي
калонтар	کلانتر
калонтарошӣ	کلان تراشي
калонхарҷ	کلان خرج
калонҳаҷм	کلان حجم
калонҷусса	کلان جثه
калонҷуссагӣ	کلان جثگي
калоншаванда	کلان شونده
калоншавӣ	کلان شوي
калопеса	کلاپيسه
калория	کلاريه
калориянок	کلاريه ناک
калориянокӣ	کلاريه ناکي
калофа	کلافه
калофкашӣ	کلاف کشي
калофпеч	کلاف پيچ
калоча	کلاچه
калпатра	کلپتره
калпеса	کلپيسه
калсий	کلسي
калта	کلته
калтадум	کلته دم
калтазабон	کلته زبان
калтак	کلتک
калтакалос	کلته کلاس
калтакбадаст	کلتک بدس
калтакбозӣ	کلتک بازي
калтакдор	کلتک دار
калтакиро	کلته کرا
калтаккорӣ	کلتک کاري
калтаккӯб	کلتک کوب
калтакхӯрӣ	کلتک خوري
калтакча	کلتکچه
калтамил	کلته ميل
калтапой	کلته پاي
калтапоя	کلته پايه
калтапӯстин	کلته پوستين
калтариш	کلته ريش
калтафаҳм	کلته فهم
калтача	کلته چه
калӯш	کلوش
калӯшкӯҳна	کلوش کوهنه
калхот	کلخات
кам	کم
камабр	کم ابر
камадад	کم عدد
камакак	کمکک
камақл	کم عقل
камақлӣ	کم عقلي
каманд	کمند
камандафкан	کمندافکن
каманддида	کمندديده
камандеша	کم انديشه
камандешагӣ	کم انديشگي
камар	کمر
камарбанд	کمربند
камарбаста	کمربسته
камарборик	کمرباريک
камарвор	کمروار
камаргаҳ	کمرگه
камаргоҳ	کمرگاه
камарзиш	کم ارزش
камарӣ	کمري
камарча	کمرچه
камаршикан	کمرشکن
камаҳамият	کم اهميت
камаҳолӣ	کم اهالي
камбағал	کمبغل
камбағалбача	کمبغل بچه
камбағалзода	کمبغل زاده
камбағалӣ	کمبغلي
камбағалнишин	کمبغل نشين
камбағалона	کمبغلانه
камбағалпарвар	کمبغل پرور
камбағалшавӣ	کمبغل شوي
камбар	کمبر
камбахт	کم بخت
камбаҳо	کم بها
камбизоат	کم بضاعت
камбизоатӣ	کم بضاعتي
камбин	کم بين
камбинӣ	کم بيني
камбовар	کم باور
камбод	کم باد
камбор	کمبار
камбориш	کم بارش
камборон	کم باران
камборонӣ	کم باراني
камбуд	کم بود
камбудӣ	کم بودي
камбурд	کمبرد
камбӯй	کمبوي
камвазн	کم وزن
камвазнӣ	کم وزني
камгап	کم گپ
камгапӣ	کم گپي
камгунҷоиш	کم گنجايش
камгӯй	کم گوي
камгӯшт	کم گوشت
камгӯштӣ	کم گوشتي
камғайрат	کم غيرت
камғайратӣ	کم غيرتي
камғизо	کم غذا
камдарахт	کم درخت
камдаромад	کم درامد
камдастмоя	کم دستمايه
камдахл	کم دخل
камдидор	کم ديدار
камдидакор	کم ديدکار
камдил	کم دل
камдон	کم دان
камдониш	کم دانش
камдонишӣ	کم دانشي
камдонӣ	کم داني
камдошт	کم داشت
каме	کمي
камера	کمره
камеравӣ	کمروي
камертон	کمرتان
камёб	کمياب
камёбӣ	کميابي
камёфт	کم يافت
камзабон	کم زبان
камзада	کم زده
камзамин	کم زمين
камзаминӣ	کم زميني
камзан	کم زن
камзарф	کم ظرف
камзарфият	کم ظرفيت
камзарфиятӣ	کم ظرفيتي
камзарфӣ	کم ظرفي
камзӯл	کم زول
камзӯлча	کم زولچه
камзӯр	کم زور
камиқтидор	کم اقتدار
камиқтидорӣ	کم اقتداري
камилм	کم علم
камилтифот	کم التفات
камилтифотӣ	کم التفاتي
камин	کمين
камина	کمينه
камингаҳ	کمين گه
камингоҳ	کمين گاه
каминвар	کمين ور
каминӣ	کميني
камистеъдод	کم استعداد
камистеъмол	کم استعمال
камият	کميت
камӣ	کمي
камкор	کم کار
камкорӣ	کم کاري
камқадр	کم قدر
камқувват	کم قوت
камқувватӣ	کم قوتي
каммаданият	کم مدنيت
каммазмун	کم مضمون
камманфиат	کم منفعت
каммаош	کم معاش
каммасриф	کم مصريف
каммаҳорат	کم مهارت
каммаҳсул	کم محصول
каммаърифат	کم معرفت
каммева	کم ميوه
каммеҳр	کم مهر
каммиқдор	کم مقدار
каммоя	کم مايه
каммузд	کم مزد
каммӯй	کم موي
камназир	کم نظير
камнамак	کم نمک
камнамо	کم نما
камнамоӣ	کم نمائي
камнафъ	کم نفع
камнур	کم نور
камоб	کم آب
камобӣ	کم آبي
камобшавӣ	کم آبشوي
камовоз	کم آواز
камодам	کم آدم
камозор	کم آزار
камозорӣ	کم آزاري
камол	کمال
камолнома	کمال نامه
камолот	کمالات
камомад	کم آمد
камомада	کم آمده
камон	کمان
камона	کمانه
камонабрӯ	کمان ابرو
камонак	کمانک
камонандоз	کمان انداز
камонандозӣ	کمان اندازي
камонбинӣ	کمان بيني
камонвар	کمان ور
камонварӣ	کمان وري
камонвор	کمان وار
камонгар	کمان گر
камонгарӣ	کمان گري
камонгир	کمان گير
камонгурӯҳа	کمان گروهه
камонгӯша	کمان گوشه
камонғӯлак	کمان غولک
камондор	کمان دار
камонӣ	کماني
камонкаш	کمان کش
камонкашӣ	کمان کشي
камонмӯҳра	کمان مهره
камонпой	کمان پاي
камонсоз	کمان ساز
камонсозӣ	کمان سازي
камонхона	کمان خانه
камонча	کمانچه
камонҷӯла	کمان جوله
камоншакл	کمان شکل
камос	کماس
камоса	کماسه
кампал	کمپل
кампахта	کم پخته
кампашм	کم پشم
кампир	کمپير
кампиргулак	کمپيرگلک
кампирона	کمپيرانه
кампул	کم پول
кампулӣ	کم پولي
камравған	کم روغن
камравуой	کم رووآي
камрағбат	کم رغبت
камрағбатӣ	کم رغبتي
камранг	کم رنگ
камриш	کم ريش
камсабрӣ	کم صبري
камсавод	کم سواد
камсаводӣ	کم سوادي
камсамар	کم ثمر
камсинн	کم سن
камсиннусол	کم سن وسال
камсол	کم سال
камсолӣ	کم سالي
камсон	کم سان
камсухан	کم سخن
камсуханӣ	کم سخني
камталаб	کم طلب
камтар	کمتر
камтараддуд	کم تردد
камтарин	کم ترين
камтаҷриба	کم تجربه
камтаҷрибагӣ	کم تجربگي
камташвиш	کم تشوش
камтаъсир	کم تأثير
камубеш	کم وبيش
камукост	کم وکاست
камумр	کم عمر
камутум	کم وتم
камфарзанд	کم فرزند
камфаросат	کم فراست
камфаҳм	کم فهم
камфоида	کم فائده
камхарҷ	کم خرج
камхирад	کم خرد
камхирадӣ	کم خردي
камхоб	کم خواب
камхобӣ	کم خوابي
камхор	کم خوار
камхора	کم خواره
камхорагӣ	کم خوارگي
камхун	کم خون
камхунӣ	کم خوني
камхӯр	کم خور
камхӯрӣ	کم خوري
камхӯрок	کم خوراک
камхӯрокӣ	کم خوراکي
камҳавос	کم حواس
камҳавосӣ	کم حواسي
камҳавсала	کم حوصله
камҳавсалагӣ	کم حوصلگي
камҳаракат	کم حرکت
камҳаракатӣ	کم حرکتي
камҳарорат	کم حرارت
камҳиммат	کم همت
камҳимматӣ	کم همتي
камҳисс	کم حس
камҳосил	کم حاصل
камҳосилӣ	کم حاصلي
камҳофиза	کم حافظه
камҳунар	کم هنر
камчиз	کم چيز
камчин	کم چين
камчинӣ	کم چيني
камҷило	کم جلا
камҷуръат	کم جرأت
камшавӣ	کم شوي
камшир	کم شير
камшира	کم شيره
камшумор	کم شمار
камшуморӣ	کم شماري
камшуур	کم شعور
камъиёр	کم عيار
камэътибор	کم اعتبار
камэътиборӣ	کم اعتباري
камэътиқод	کم اعتقاد
камэътино	کم اعتنا
камэътиноӣ	کم اعتنائي
кан	کن
кана	کنه
канаб	کنب
канабӣ	کنبي
канадона	کنه دانه
каназада	کنه زده
канакунҷид	کنه کنجيد
канал	کنل
канализатсионӣ	کنليزتسياني
канализатсия	کنليزتسيه
каналкобӣ	کنل کابي
каналков	کنل کاو
канамонанд	کنه مانند
канахона	کنه خانه
канаштук	کنشتوک
канбура	کنبوره
канда	کنده
кандагӣ	کندگي
кандак	کندک
кандакор	کندکار
кандакорӣ	کندکاري
кандан	کندن
канданӣ	کندني
к-андар	کندر
кандир	کندير
кандирӣ	کنديري
канду	کندو
кандук	کندوک
кандукӯб	کندوکوب
кандура	کندره
кандурӣ	کندري
канз	کنز
каниз	کنيز
канизак	کنيزک
канизӣ	کنيزي
каниса	کنيسه
канифол	کنيفال
канӣ	کني
каннос	کنّاس
канондан	کناندن
канор	کنار
канора	کناره
канорагир	کناره گير
канорагирӣ	کناره گيري
канорадор	کناره دار
каноранг	کنارنگ
канораҷӯӣ	کناره جوئي
канораҷӯй	کناره جوي
канорӣ	کناري
канслер	کنسلر
кантата	کنتنه
канур	کنور
кануридан	کنوريدن
кап	کپ
капа	کپک
капакзада	کپک زده
капанак	کپنک
капанакпӯш	کپنک پوش
капар	گپر
капелла	کپلّه
капидан	کپيدن
капилляр	کپيلير
капиллярӣ	کپيليري
капитал	کپيتل
капитализм	کپيتليز
капиталист	کپيتليست
капиталистӣ	کپيتليستي
капитан	کپيتن
кап-кабуд	کپ کبود
каппа	کپه
каппадор	کپه دار
каппа-калон	کپه کلان
каппанок	کپه ناک
каппапӯш	کپه پوش
каппӣ	کپي
каппон	کپان
капрон	کپران
капча	کپچه
кар	کر
карр	کر
кара	کره
карабин	کربين
каравот	کروات
карам	کرم
карамгустар	کرم گستر
карамӣ	کرمي
карампеша	کرم پيشه
карамхӯрак	کرم خورک
карамшалғам	کرم شلغم
карамшӯрбо	کرم شوربا
карантин	کرنتين
каранҷу	کرن جو
карасин	کرسين
карасиндон	کرسين دان
карасинӣ	کرسيني
карасинлампа	کرسين لمپه
карастун	کرستون
карат	کرت
каратӣ	کرتي
каратэ	کرته
карафс	کرفس
карахт	کرخت
карахта	کرخته
карахтӣ	کرختي
карахткунанда	کرخت کننده
карахтшавӣ	کرخت شوي
карахтшуда	کرخت شده
карахш	کرخش
карашма	کرشمه
карашмадор	کرشمه دار
карбаса	کربسه
карбаш	کربش
карбид	کربيد
карбон	کربان
карбос	کرباس
карбоса	کرباسه
карбосбоф	کرباس باف
карбосбофӣ	کرباس بافي
карбосӣ	کرباسي
карбюратор	کربيورتار
карва	کروه
карвиё	کرويا
каргас	کرگس
карда	کرده
кардакор	کرده کار
кардан	کردن
карданӣ	کردني
кардар	کردر
кардиограмма	کردياگرمه
кардиография	کردياگرفيه
кардиология	کرديالاگيه
кардиологӣ	کرديالاگي
кареҳ	کريه
кареҳманзар	کريه منظر
кареҳулманзар	کريه المنظر
карикатура	کريکتوره
карикатурӣ	کريکتوري
карим	کريم
карима	کريمه
каримӣ	کريمي
каримона	کريمانه
карӣ	کري
карк	کرک
каркадан	کرکدن
каркам	کرکم
каркунанда	کرکننده
карманд	کرمند
карнавал	کرنول
карнай	کرني
карнайгул	کرني گل
карнайнавоз	کرني نواز
карнайнавозӣ	کرني نوازي
карнайча	کرنيچه
карнайчӣ	کرنيچي
карнамо	کرنما
карной	کرناي
карободин	کرابادين
карок	کراک
каромат	کرامت
каромот	کرامات
карон	کران
карона	کرانه
каронаҷӯй	کرانه جوي
каронаҷӯӣ	کرانه جويي
кароҳат	کراهت
кароҳатангез	کراهت انگيز
кароҳатбор	کراهت بار
кароҳатнок	کراهت ناک
кароҳатовар	کراهت آور
кароҳият	کراهيت
карошида	کراشيده
карошидан	کراشيدن
карра	کرّه
каррук	کرّوک
каррукӣ	کرّوکي
карруфар	کرّوفر
карсон	کرسان
карт	کرت
картография	کرتاگرفيه
картографӣ	کرتاگرفي
картон	کرتان
картонӣ	کرتاني
картотека	کرتاتکه
картошка	کرتاشکه
картошкабирён	کرتاشکه بريان
картошкагул	کرتاشکه گل
картошкағундорак	کرتاشکه غندارک
картошкағундорӣ	کرتاشکه غنداري
картошкакор	کرتاشکه کار
картошкакорӣ	کرتاشکه کاري
картошкачинӣ	کرتاشکه چيني
картошкашинонак	کرتاشکه شنانک
картошкашинонӣ	کرتاشکه شناني
картриҷ	کرتريج
картсер	کرتسر
карҳан	کرهاً
карҷ	کرج
кас	کس
касаба	کسبه
касабавӣ	کسبوي
касав	کسو
касак	کسک
касал	کسل
касалбинӣ	کسل بيني
касалбон	کسل بان
касалбонӣ	کسل باني
касалиовар	کسلي آور
касалӣ	کسلي
касалманд	کسل مند
касалнамо	کسل نما
касалпоӣ	کسل پائي
касалхона	کسل خانه
касандар	کسندر
касб	کسب
касбӣ	کسبي
касбомӯз	کسب آموز
касбомӯзӣ	کسب آموزي
касдон	کسدان
касе	کسي
касир	کثير
касирулавлод	کثير الاولاد
касируладад	کثير العدد
касирулмиллат	کثير الملّت
касиф	کثيف
каскадёр	کسکديار
касмагард	کسمگرد
касмадон	کسمدان
касмаёб	کسمياب
касмахар	کسمخر
касногузар	کس ناگذر
каснофаҳм	کس نافهم
касношунид	کس ناشنيد
касод	کساد
касодӣ	کسادي
касодшавӣ	کسادشوي
касодшуда	کسادشده
касолат	کسالت
касона	کسانه
касофат	کثافت
касофатбор	کثافت بار
касофатӣ	کثافتي
касофатовар	کثافت آور
каср	کسر
касра	کسره
касрат	کسرت
касрдор	کسردار
касрӣ	کسري
касруф	کسروف
кассатсия	کستسيه
кассета	کسيته
кассетӣ	کسيتي
каста	کسته
кат	کت
катак	کتک
каталог	کتلاگ
катар	کتر
категория	کتيگاريه
катер	کتر
катиба	کتيبه
катибашинос	کتيبه شناس
катибашиносӣ	کتيبه شناسي
катир	کتير
катӣ	کتي
като	کتاد
катодӣ	کتادي
католик	کتاليک
католикӣ	کتاليکي
катон	کتان
катонбоф	کتان باف
катонбофӣ	کتان بافي
катонӣ	کتاني
каттагӣ	کتّگي
катча	کتچه
каучук	کئوچوک
каф	کف
кафакӣ	کفکي
кафал	کفل
кафан	کفن
кафангадо	کفن گدا
кафандузд	کفن دوزد
кафандуздӣ	کفن دوزدي
кафандӯз	کفن دوز
кафандӯзӣ	کفن دوزي
кафанӣ	کفني
кафанпеч	کفن پيچ
кафанпулӣ	کفن پولي
кафанфурӯшӣ	کفن فروشي
кафбаста	کف بسته
кафбин	کف بين
кафбинӣ	کفبيني
кафгир	کفگير
кафгирзан	کفگيرزن
кафгирзанӣ	کفگيرزني
кафедра	کفيدره
кафзан	کف زن
кафзанӣ	کف زني
кафида	کفيده
кафидагӣ	کفيدگي
кафидан	کفيدن
кафил	کفيل
кафилӣ	کفيلي
кафк	کفک
кафкдор	کفک دار
кафкозӣ	کفکازي
кафколуд	کفک آلود
кафкӯбӣ	کف کوبي
кафлез	کفليز
кафлеза	کفليزه
кафлезак	کفليزک
кафлес	کفليس
кафмол	کف مال
кафн	کفن
кафолат	کفالت
кафолатдиҳанда	کفالت دهنده
кафолатнома	کفالت نامه
кафондан	کفاندن
кафонидан	کفانيدن
кафсан	کفسن
кафтар	کفتر
кафтарбоз	کفتر باز
кафтарбозӣ	کفتر بازي
кафтархона	کفتر خانه
кафтор	کفتار
каффа	کفّه
кафча	کفچه
кафш	کفش
кафшбардор	کفش بردار
кафшбардорӣ	کفش برداري
кафшдӯз	کفش دوز
кафшдӯзӣ	کفش دوزي
кафшер	کفشير
кафшергар	کفشير گر
кафшергарӣ	کفشير گري
кафшеркаш	کفشير کش
кафшеркорӣ	کفشير کاري
кафшеркунӣ	کفشير کني
кафшкан	کفشکن
каҳ	که
каҳгил	کهگيل
каҳдарза	که درزه
каҳдон	کهدان
каҳдуд	کهدود
каҳил	کهيل
каҳир	کهير
каҳкашон	کهکشان
каҳл	کهل
каҳла	کهله
каҳмайда	کهميده
каҳрабо	کهربا
каҳрабоӣ	کهربائي
каҳраборанг	کهربارنگ
каҳреза	کهريزه
каҳтоб	کهتاب
каҳтӯда	کهتوده
каҳхона	کهخانه
кача	کچه
качабозӣ	کچه بازي
качал	کچل
качалидан	کچليدن
качалпо	کچل پا
качкӯл	کچکول
каҷ	کج
каҷабрӯ	کج ابرو
каҷак	کجک
каҷандеш	کج انديش
каҷбаҳс	کجبحث
каҷбаҳсӣ	کجبحثي
каҷбин	کجبين
каҷбинӣ	کجبيني
каҷгардан	کج گردن
каҷдаст	کجدست
каҷдастӣ	کجدستي
каҷдаҳон	کج دهان
каҷдил	کج دل
каҷдум	کج دم
каҷӣ	کجي
каҷкор	کج کار
каҷкорд	کج کارد
каҷкорӣ	کج کاري
каҷкулоҳ	کج کلاه
каҷкунҷа	کج کنجه
каҷкӯл	کجکول
каҷмакаҷ	کج مکج
каҷниҳод	کج نهاد
каҷнӯг	کج نوگ
каҷова	کجاوه
каҷовадор	کجاوه دار
каҷовашикам	کجاوه شکم
каҷпаҳлу	کج پهلو
каҷпой	کج پاي
каҷрав	کج رو
каҷравӣ	کج روي
каҷрафтор	کج رفتار
каҷрафторӣ	کج رفتاري
каҷтабъ	کج طبع
каҷукилеб	کج وکليب
каҷукилебӣ	کج وکليبي
каҷфаҳм	کج فهم
каҷфаҳмӣ	کج فهمي
каҷфикр	کج فکر
каҷфикрӣ	کج فکري
каҷхата	کج خطه
каҷчашм	کج چشم
каҷшох	کج شاخ
каш	کش
кашак	کشک
кашам	کشم
кашанда	کشنده
кашандагӣ	کشندگي
кашаф	کشف
кашбар	کشبر
кашбофӣ	کش بافي
кашбофт	کش بافت
кашида	کشيده
кашидадӯз	کشيده دوز
кашидадӯзӣ	کشيده دوزي
кашидан	کشيدن
кашиш	کشش
кашишдор	کشش دار
кашӣ	کشي
кашк	کشک
кашкак	کشکک
кашкала	کشکله
каш-каш	کش کش
кашкашак	کش کشک
каш-кашон	کش کشان
кашкин	کشکين
кашкӣ	کشکي
кашкоб	کشکاب
кашкос	کشک آس
кашкӯл	کشکول
кашкӯла	کشکوله
кашмакаш	کشمکش
кашмакашӣ	کشمکشي
кашмирӣ	کشميري
кашниз	کشنيز
кашнич	کشنيچ
кашоварз	کشاورز
кашоварзӣ	کشاورزي
кашокаш	کشاکش
кашокашӣ	کشاکشي
кашол	کشال
кашола	کشاله
кашолакор	کشاله کار
кашолакорӣ	کشاله کاري
кашолакунон	کشاله کنان
кашолдиҳӣ	کشال دهي
кашолдор	کشال دار
кашолёбӣ	کشال يابي
кашолкор	کشال کار
кашолкорӣ	کشال کاري
кашолпо	کشال پا
кашон	کشان
кашондан	کشاندن
кашонидан	کشانيدن
каштал	کشتل
кашф	کشف
кашфиёт	کشفيات
кашфӣ	کشفي
кашша	کشه
кашшоф	کشّاف
каъб	کعب
каъба	کعبه
квадрат	کودرت
квадратӣ	کودرتي
квант	کونت
квантӣ	کونتي
квартет	کورتت
квартс	کورتس
квас	کوس
кворум	کوارم
квота	کواته
кебидан	کيبيدن
кегл	کيگل
кек	کيک
кекс	ککس
келин	کلين
келинбибӣ	کلين بيبي
келинбиёрон	کلين بياران
келинбинӣ	کلين بيني
келинпошшо	کلين پاشّا
келинталабон	کلين طلبان
келинфурорӣ	کلين فراري
келинчак	کلين چک
келиншаванда	کلين شونده
кема	کيمه
кемухт	کمخت
кемухтгар	کمخت گر
кемухтӣ	کمختي
кенгуру	کنگرو
кенҷа	کنجه
кеҳ	که
кеҳин	کهين
кеҳтар	کهتر
кеҳтарӣ	کهتري
кеш	کيش
кешбофӣ	کيش بافي
кешбофт	کيش بافت
ки	که
кибернетика	کيبرنتيکه
кибернетикӣ	کيبرنتيکي
кибор	کبار
киборзода	کبارزاده
кибр	کبر
кибриё	کبريا
кибрит	کبريت
киё	کيا
киёно	کيانا
киёр	کيار
киёсат	کياست
кизб	کذب
килеб	کليب
килик	کليک
килк	کلک
килла	کلّه
кило	کلا
килобайт	کيلابيت
киловатт	کيلاوت
киловатт-соат	کيلاوت ساعت
киловолт	کيلاوالت
килограмм	کيلاگرم
километр	کيلامتر
килотонна	کيلاتانّه
килч	کلچ
ким	کيم
кимиё	کيميا
кимиёгар	کيمياگر
кимиёгарӣ	کيمياگري
кимиёӣ	کيميائي
кимол	کيمال
кимхоб	کيمخاب
кин	کين
к-ин	کين
кина	کينه
кинавар	کينه ور
кинагар	کينه گر
кинадор	کينه دار
кинадорӣ	کينه داري
кинакаш	کينه کش
кинатӯз	کينه توز
кинатӯзӣ	کينه توزي
кинахоҳ	کينه خواه
кинахоҳӣ	کينه خواهي
киначӣ	کينه چي
кинаҷӯй	کينه جوي
кинаҷӯӣ	کينه جوئي
кинг	کنگ
киндор	کيندار
кинематографист	کينمتاگرفيست
кинематография	کينمتاگرفيه
кинескоп	کينسکاپ
кинетика	کينتيکه
кинетикӣ	کينتيکي
кино	کينا
киновар	کين آور
киноварӣ	کيناوري
кинокомедия	کيناکامديه
киностудия	کيناستوديه
кинотеатр	کيناتياتر
кинофестивал	کينافستول
кинофилм	کينافيلم
киношинос	کيناشناس
киношиносӣ	کيناشناسي
киноя	کنايه
киноявӣ	کنايه وي
киноядор	کنايه دار
кинояомез	کنايه آميز
кинҷ	کنج
кирдигор	کردگار
кирдор	کردار
кирё	کيريا
кирётахта	کيرياتخته
кирм	کرم
кирмак	کرمک
кирмакдор	کرمک دار
кирмакдорӣ	کرمک داري
кирмакпарвар	کرمک پرور
кирмакпарварӣ	کرمک پروري
кирмзада	کرم زده
кирмкарда	کرم کرده
кирмхӯрда	کرم خورده
кирмча	کرم چه
кирмшакл	کرم شکل
киро	کرا
кироӣ	کرائي
кирокаш	کراکش
кирокашӣ	کراکشي
кирокашхона	کراکش خانه
кирокунанда	کراکننده
кирокунӣ	کراکني
киром	کرام
киромӣ	کرامي
киропулӣ	کراپولي
кирошуда	کراشده
кироя	کرايه
кироянишин	کرايه نشين
киса	کيسه
кисабағал	کيسه بغل
кисабур	کيسه بر
кисабурӣ	کيسه بري
кисагӣ	کيسگي
кисадор	کيسه دار
кисакамар	کيسه کمر
кисакасал	کيسه کسل
кисаковӣ	کيسه کاوي
кисамол	کيسه مال
кисатиҳӣ	کيسه تهي
кисахарҷӣ	کيسه خرجي
кисахолӣ	کيسه خالي
кисват	کسوت
кисватгарӣ	کسوت گري
кислота	کيسلاته
кисро	کسري
китмон	کتمان
китоб	کتاب
китоба	کتابه
китобат	کتابت
китобатӣ	کتابتي
китоббарорӣ	کتاب براري
китобдон	کتاب دان
китобдор	کتاب دار
китобдорӣ	کتاب داري
китобдӯст	کتاب دوست
китобдӯстӣ	کتاب دوستي
китобиёт	کتابيات
китобӣ	کتابي
китобмонак	کتاب مانک
китобнавис	کتاب نويس
китобнависӣ	کتاب نويسي
китобнома	کتاب نامه
китобороӣ	کتاب آرائي
китобпараст	کتاب پرست
китобпарастӣ	کتاب پرستي
китобсозӣ	کتاب سازي
китобфурӯш	کتاب فروش
китобфурӯшӣ	کتاب فروشي
китобхон	کتاب خوان
китобхона	کتاب خانه
китобхонда	کتاب خوانده
китобхонӣ	کتاب خواني
китобча	کتابچه
китобшинос	کتاب شناس
китобшиносӣ	کتاب شناسي
китф	کتف
китфвасеъ	کتف وسيع
китфтанг	کتف تنگ
кифол	کيفال
кифолагӣ	کيفالگي
кифоф	کفاف
кифояткунанда	کفايت کننده
кифт	کفت
киҳонат	کهانت
кичирӣ	کچيري
киҷҷа	کيجه
киш	کيش
кишан	کيشن
кишвар	کشور
кишварӣ	کشوري
кишваркушой	کشورکشاي
кишваркушоӣ	کشورکشائي
кишварситон	کشورستان
кишвархудой	کشورخداي
кишваршинос	کشورشناس
кишваршиносӣ	کشورشناسي
кишмиш	کشمش
кишмишӣ	کشمشي
кишоварз	کشاورز
кишоварзӣ	کشاورزي
кишт	کشت
кишта	کشته
киштазор	کشته زار
киштан	کشتن
киштбоб	کشت باب
киштбозӣ	کشت بازي
киштгардон	کشت گردان
киштгоҳ	کشت گاه
киштзор	کشت زار
киштибандӣ	کشتي بندي
киштибандон	کشتي بندان
киштибон	کشتي بان
киштигард	کشتي گرد
киштигоҳ	کشتي گاه
киштикаш	کشتي کش
киштикашӣ	کشتي کشي
киштинишин	کشتي نشين
киштирон	کشتي ران
киштиронӣ	کشتي راني
киштисавор	کشتي سوار
киштисоз	کشتي ساز
киштисозӣ	کشتي سازي
киштишикастагон	کشتي شکستگان
киштӣ	کشتي
киштукор	کشت وکار
кӣ	کي
клапан	کلپن
кларнет	کلرنت
классик	کلسيک
классикӣ	کلسيکي
классикона	کلسيکانه
класситсизм	کلسيتسيزم
клиника	کلينيکه
клиринг	کليرنگ
кобалт	کابلت
кобидан	کابيدن
кобин	کابين
кобина	کابنه
кобра	کابره
кобук	کابوک
кобус	کابوس
ков	کاو
ковак	کاوک
ковидан	کاويدن
ковиш	کاوش
ковишгар	کاوش گر
ковишгарӣ	کاوش گري
ков-ков	کاوکاو
ковок	کاواک
ковокӣ	کاواکي
ковондан	کاواندن
коғ	کاغ
коғаз	کاغذ
коғазбарор	کاغذ برار
коғазбарорӣ	کاغذ براري
коғазбоз	کاغذ باز
коғазбозӣ	کاغذ بازي
коғазбур	کاغذ بر
коғазгир	کاغذ گير
коғазин	کاغذين
коғазӣ	کاغذ ي
коғазпаронӣ	کاغذ پراني
коғазпеч	کاغذ پيچ
коғазпора	کاغذپاره
коғазхалта	کاغذخلته
коғазхӯрак	کاغذخورک
код	کاد
кодекс	کادکس
кодок	کاداک
кож	کاژ
коза	کازه
козар	کازر
козарӣ	کازري
козиб	کاذب
козим	کاظم
козур	کازر
козурӣ	کازري
коин	کائن
коинот	کائنات
кок	کاک
кокаин	کاکئين
кокаинӣ	کاکئيني
коко	کاکا
кокс	کاکس
коксшаванда	کاکس شونده
коктейл	کاکتيل
кокул	کاکل
кокула	کاکله
кокулдор	کاکل دار
кокулпарешон	کاکل پريشان
кокутӣ	کاکوتي
кол	کال
кола	کاله
колба	کالبه
колбад	کالبد
колбуд	کالبد
колива	کاليوه
колидан	کاليدن
коллегия	کالّگيه
коллексионер	کالّکسيانر
коллексия	کالّکسيه
коллективонӣ	کالّکتيواني
коллектор	کالّکتار
коллеҷ	کالّج
коллоид	کالاّيد
коло	کالا
колум	کالم
колус	کالوس
колуфта	کالفته
колуша	کالوشه
колчедан	کالچيدن
ком	کام
кома	کامه
комагӣ	کامگي
комадор	کامه دار
комаканӣ	کامه کني
комаковак	کامه کاوک
командир	کامندير
комбайн	کامبين
комбайнрон	کامبين ران
комбайнчӣ	کامبين چي
комбардорӣ	کام برداري
комбахш	کام بخش
комбахшӣ	کام بخشي
комбинат	کامبينت
комвар	کام ور
комгор	کام گار
комгорӣ	کام گاري
комдорӣ	کام گاري
комендант	کامندنت
комендантӣ	کامندنتي
комендатура	کامندتوره
комёб	کامياب
комёбӣ	کاميابي
комёр	کام يار
комил	کامل
комилан	کاملاً
комилихтисос	کامل اختصاص
комилраъй	کامل رأي
комилҳуқуқ	کامل حقوق
комилҳуқуқӣ	کامل حقوقي
комилъиёр	کامل عيار
комиссар	کاميسر
комиссариат	کاميسريت
комиссия	کاميسيه
комитет	کاميتت
комиҷроия	کام اجرائيه
комӣ	کامي
коммуна	کامونه
коммуналӣ	کامونلي
коммунизм	کامونيزم
коммунист	کامونيست
коммунистӣ	کامونيستي
коммутатор	کاموتتار
компас	کامپس
компресс	کامپرس
компрессор	کامپرسار
компрессорӣ	کامپرساري
компрессорхона	کامپرسارخانه
компютер	کامپيوتر
компютерӣ	کامپيوتري
комраво	کام روا
комравоӣ	کام رواي
комрон	کامران
комронӣ	کامراني
комситонӣ	کام ستاني
комҷӯй	کام جوي
комҷӯӣ	کام جوئي
кон	کان
конвейер	کانويير
конвенсия	کانونسيه
конверсия	کانورسيه
конверт	کانورت
конвой	کانواي
конгломерат	کانگلامرت
конгресс	کانگرس
конденсатор	کاندنستار
конденсатсия	کاندنستسيه
кондитсионер	کاندتسيانر
конкан	کانکن
конкурс	کانکرس
конкурсӣ	کانکرسي
коно	کانا
коноӣ	کانائي
консервант	کانسرونت
консепсия	کانسپسيه
консерва	کانسروه
консервагӣ	کانسروگي
консервативӣ	کانسروتيوي
консерватизм	کانسروتيزم
консерватор	کانسروتار
консерватория	کانسروتاريه
консерватсия	کانسروتسيه
консервбарорӣ	کانسروبراري
консерн	کانسرن
консерт	کانسرت
консертӣ	کانسرتي
консилиум	کانسيليوم
конспект	کانسپکت
конститутсионӣ	کانستيتوتسياني
конститутсия	کانستيتوتسيه
конструксия	کانستروکسيه
конструктивизм	کانستروکتيويزم
конструктивӣ	کانستروکتيوي
конструктор	کانستروکتار
консул	کانسول
консулгарӣ	کانسول گري
консулӣ	کانسولي
консулхона	کانسول خانه
консултатсия	کانسول تتسيه
контейнер	کانتينر
контейнерӣ	کانتينري
контейнеркаш	کانتينرکش
континент	کانتيننت
континенталӣ	کانتيننتلي
конун	کانون
конус	کانوس
конусӣ	کانوسي
конфедератсия	کانفدرتسيه
конференсия	کانفرنسيه
конфет	کانفت
конфронс	کانفرانس
коняк	کانيک
кор	کار
кора	کاره
корам	کارم
корамнашуда	کارم نشده
корамшуда	کارم شده
коранда	کارنده
корандоз	کارانداز
корандозӣ	کاراندازي
корафзой	کارافزاي
корафтода	کارافتاده
корбайъ	کاربيع
корбанд	کاربند
корбарӣ	کاربري
корбаст	کاربست
корбоф	کارباف
корбофӣ	کاربافي
корбурд	کاربرد
корварз	کارورز
корвон	کاروان
корвонак	کاروانک
корвонбошӣ	کاروان باشي
корвонгард	کاروان گرد
корвонгоҳ	کاروان گاه
корвонгузар	کاروان گذر
корвонӣ	کارواني
корвонкаш	کاروان کش
корвонкуш	کاروان کش
корвонсарой	کاروان سراي
корвонсолор	کاروان سالار
корвонхона	کاروان خانه
коргар	کارگر
коргардон	کارگردان
коргарзан	کارگرزن
коргарзода	کارگرزاده
коргарӣ	کارگري
коргарнишин	کارگرنشين
коргарҷавон	کارگرجوان
коргаҳ	کارگه
коргоҳ	کارگاه
коргузор	کارگذار
коргузорӣ	کارگذاري
коргурез	کارگريز
коргурезӣ	کارگريزي
корд	کارد
кордак	کاردک
кордбоз	کاردباز
кордбозӣ	کاردبازي
кордзанӣ	کاردزني
кордида	کارديده
кордиҳанда	کاردهنده
кордкаш	کاردکش
кордкашӣ	کاردکشي
кордон	کاردان
кордонӣ	کارداني
кордор	کاردار
кордорӣ	کارداري
кордсоз	کاردساز
кордсозӣ	کاردسازي
кордӯст	کاردوست
кордӯстӣ	کاردوستي
кордхӯрда	کاردخورده
кордча	کاردچه
корез	کاريز
корезкан	کاريزکن
корёбӣ	کاريابي
корзада	کارزده
корзор	کارزار
коридан	کاريدن
користон	کارستان
корӣ	کاري
коркард	کارکرد
коркун	کارکن
коркушта	کارکشته
коркӯфта	کارکوفته
корманд	کارمند
кормузд	کارمزد
корнамоӣ	کارنمائي
корнодида	کارناديده
корнома	کارنامه
корношоям	کارناشايم
корношоямӣ	کارناشايمي
корогоҳ	کارآگاه
корогоҳӣ	کارآگاهي
корозмой	کارآزماي
корозмоӣ	کارآزمائي
корозмуда	کارآزموده
корозмудагӣ	کارآزمودگي
короӣ	کارائي
коромад	کارآمد
коромӯз	کارآموز
коромӯзӣ	کارآموزي
коромӯхта	کارآموخته
корондан	کاراندن
короям	کارآيم
корпардоз	کارپرداز
корпардозӣ	کارپردازي
корпартоӣ	کارپرتائي
корпоратсия	کارپارتسيه
корпус	کارپوس
коррупсия	کارپسيه
корсоз	کارساز
корсозӣ	کارسازي
корсон	کارسان
корталаб	کارطلب
корубор	کاروبار
корунд	کاروند
корфармо	کارفرما
корфармоӣ	کارفرمائي
корхона	کارخانه
корхонадор	کارخانه دار
корхӯрда	کارخورده
корчаллон	کارچلاّن
корчаллонӣ	کارچلاّني
корҷома	کارجامه
корҷунбон	کارجنبان
коршикан	کارشکن
коршиканӣ	کارشکني
коршинос	کارشناس
коршиносӣ	کارشناسي
коршоям	کارشايم
коршоямӣ	کارشايمي
кос	کاس
коса	کاسه
косагар	کاسه گر
косагарӣ	کاسه گري
косагул	کاسه گل
косадум	کاسه دم
косалес	کاسه ليس
косалесӣ	کاسه ليسي
косамонанд	کاسه مانند
косанавоз	کاسه نواز
косапушт	کاسه پشت
косатарош	کاسه تراش
косатарошӣ	کاسه تراشي
косахона	کاسه خانه
косиб	کاسب
косиббача	کاسب بچه
косибдеҳқон	کاسب دهقان
косибӣ	کاسبي
косибнишин	کاسب نشين
косид	کاسد
косинус	کاسينوس
косметика	کاسمتيکه
косметикӣ	کاسمتيکي
космогония	کاسماگانيه
космодром	کاسمادرام
космология	کاسمالاگيه
космополит	کاسماپاليت
космополитизм	کاسماپاليتيزم
коснӣ	کاسني
кост	کاست
коста	کاسته
костан	کاستن
костӣ	کاستي
кота	کاته
котабоз	کاته باز
котабозӣ	کاته بازي
котиб	کاتب
котиба	کاتبه
котибӣ	کاتبي
котибона	کاتبانه
котибот	کاتبات
котура	کاتوره
котлет	کاتلت
коттеҷ	کاتّيج
коф	کاف
кофар	کافر
кофеин	کافيين
кофидан	کافيدن
кофир	کافر
кофирдил	کافردل
кофирӣ	کافري
кофиркеш	کافرکيش
кофирнеъмат	کافرنعمت
кофирнеъматӣ	کافرنعمتي
кофирниҳод	کافرنهاد
кофӣ	کافي
кофта	کافته
кофтан	کافتن
кофтанӣ	کافتني
кофтуков	کافت وکاو
кофур	کافور
кофурбор	کافوربار
кофурбӯй	کافوربوي
кофурӣ	کافوري
кох	کاخ
коҳ	کاه
коҳвор	کاه وار
коҳгил	کاهگل
коҳдон	کاهدان
коҳдуд	کاهدود
коҳида	کاهيده
коҳидан	کاهيدن
коҳил	کاهل
коҳилӣ	کاهلي
коҳилона	کاهلانه
коҳилтан	کاهل تن
коҳилтанӣ	کاهل تني
коҳин	کاهن
коҳиш	کاهش
коҳишомез	کاهش آميز
коҳкашон	کاه کشان
коҳмайда	کاه ميده
коҳрабо	کاهربا
коҳранг	کاهرنگ
коҳреза	کاهريزه
коҳу	کاهو
коҳхона	کاهخانه
коч	کاچ
кочӣ	کاچي
кочол	کاچال
кочор	کاچار
кочул	کاچول
коҷ	کاج
кош	کاش
коша	کاشه
кошикор	کاشي کار
кошикорӣ	کاشي کاري
кошин	کاشين
кошинкор	کاشين کار
кошинкорӣ	کاشين کاري
кошиф	کاشف
кошӣ	کاشي
кошки	کاشکه
кошона	کاشانه
кошта	کاشته
коштан	کاشتن
коштанӣ	کاشتني
коэффитсиент	کايفّتسئنت
кран	کرن
крандор	کرن دار
крем	کريم
криминалистика	کرمينلستيکه
кросс	کراس
кроссворд	کراسوارد
ку	کو
куб	کوب
куба	کوبه
кубито	کبتا
кубӣ	کوبي
кубро	کبرا
куда	کده
кудунг	کدونگ
кудунггар	کدونگر
кудунггарӣ	کدونگري
кудурат	کدورت
куён	کويان
кузоз	کزاز
куку	کوکو
ку-ку	کوکو
кукупалав	کوکوپلو
куланг	کلنگ
кулангдил	کلنگ دل
кулангдон	کلنگ دان
кулангдор	کلنگ دار
кулангӣ	کلنگي
кулаҳ	کله
кулаҳдор	کله دار
кулаҳхӯд	کله خود
кулба	کلبه
кулича	کليچه
кулкан	کلکن
кулл	کلّ
куллиёт	کلّيات
куллия	کلّيه
куллият	کلّيت
куллиятан	کلّيتاً
куллӣ	کلّي
куллук	کلّک
кулол	کلال
кулола	کلاله
кулолгарӣ	کلال گري
кулолӣ	کلالي
кулолхона	کلال خانه
кулоҳ	کلاه
кулоҳак	کلاهک
кулоҳбардорӣ	کلاه برداري
кулоҳгузорӣ	کلاه گذاري
кулоҳгӯша	کلاه گوشه
кулоҳдор	کلاه دار
кулоҳдорӣ	کلاه داري
кулоҳдӯз	کلاه دوز
кулоҳдӯзӣ	کلاه دوزي
кулоҳсоз	کلاه ساز
кулоҳсозӣ	کلاه سازي
кулоҳхӯд	کلاه خود
култиватор	کولتيوتار
култиватсия	کولتيوتسيه
кулӯк	کلوک
кулӯла	کلوله
кулӯлашакл	کلوله شکل
кулӯта	کلوته
кулӯтапӯшак	کلوته پوشک
кулӯтариш	کلوته ريش
кулӯх	کلوخ
кулӯхандоз	کلوخ انداز
кулӯхдор	کلوخ دار
кулӯхкӯб	کلوخ کوب
кулӯхрӯй	کلوخ روي
кулӯхчин	کلوخ چين
кулӯхшудгор	کلوخ شدگار
кулӯча	کلوچه
кулфат	کلفت
кулфатангез	کلفت انگيز
кулфатзада	کلفت زده
кулча	کلچه
кулчабиҳӣ	کلچه بهي
кулчақанд	کلچه قند
кулчамонанд	کلچه مانند
кулчапаз	کلچه پز
кулчарӯй	کلچه روي
кум	کم
кумайт	کميت
кумак	کمک
кумакпулӣ	کمک پولي
кумакрасон	کمک رسان
кумакҳазина	کمک هزينه
кумез	کميز
кумита	کميته
кумоч	کماچ
кумоҷ	کماج
кун	کن
кунгур	کنگر
кунгура	کنگره
кунгурадор	کنگره دار
кунгуракорӣ	کنگره کاري
кунд	کند
кунда	کنده
кундазону	کنده زانو
кундаков	کنده کاو
кундаковӣ	کنده کاوي
кундақл	کندعقل
кундақлӣ	کندعقلي
кундал	کندل
кундапих	کنده پيخ
кундахона	کنده خانه
кундача	کندچه
кундзабон	کندزبان
кундзабонӣ	کندزباني
кундзеҳн	کندذهن
кундзеҳнӣ	کندذهني
кундӣ	کندي
кундкунҷа	کندکنجه
кундовар	کنداور
кундоварӣ	کنداوري
кундош	کنداش
кундпо	کندپا
кундрав	کندرو
кундфаҳм	کندفهم
кундфаҳмӣ	کندفهمي
кунду	کندو
куниш	کنش
куништ	کنشت
кун-макун	کن مکن
кунна	کنّه
куноғ	کناغ
куном	کنام
кунонидан	کنانيدن
кунунӣ	کنوني
кунҳ	کنه
кунҷ	کنج
кунҷак	کنجک
кунҷакӣ	کنجکي
кунҷид	کنجيد
кунҷидак	کنجيدک
кунҷидӣ	کنجيدي
кунҷит	کنجيت
кунҷитак	کنجيتک
кунҷӣ	کنجي
кунҷков	کنج کاو
кунҷковӣ	کنج کاوي
кунҷола	کنجاله
кунҷора	کنجاره
купе	کوپه
купон	کوپان
кура	کوره
курамонанд	کوره مانند
куранг	کرنگ
куранд	کرند
куратор	کورتار
кураш	کورش
курашакл	کوره شکل
курд	کرد
курдӣ	کردي
курез	کريز
курезӣ	کريزي
курк	کرک
курмак	کرمک
курмакчинӣ	کرمک چيني
курорт	کورارت
курра	کرّه
курс	کورس
курсант	کورسنت
курсив	کورسيو
курсинишин	کرسي نشين
курсича	کرسيچه
курсӣ	کرسي
курта	کرته
куртавор	کرته وار
куртаворӣ	کرته واري
куртак	کرتک
куруж	کروژ
куруз	کروز
куртка	کورتکه
курум	کروم
курур	کرور
курӯҳ	کروه
кустибоф	کستي باف
кусуф	کسوف
кутак	کتک
кутал	کتل
кутвол	کوتوال
кутуб	کتب
кутубхона	کتب خانه
куф	کف
куфр	کفر
куфрӣ	کفري
куфрон	کفران
куффор	کفّار
куҳан	کهن
куҳанбунёд	کهن بنياد
куҳандиз	کهنديز
куҳанпайванд	کهن پيوند
куҳансол	کهن سال
куҳансолӣ	کهن سالي
куҳансохт	کهن ساخت
куҳулат	کهولت
куҳун	کهن
кучан	کوچن
кучола	کچاله
кучук	کچک
кучукбача	کچک بچه
кучула	کچوله
куҷо	کجا
куҷоӣ	کجائي
куш	کش
кушанда	کشنده
кушиш	کشش
кушишгоҳ	کشش گاه
кушишхона	کشش خانه
кушканҷир	کشکنجير
кушо	کشا
кушод	کشاد
кушода	کشاده
кушодагӯӣ	کشادگوئ
кушодагӯй	کشاده گوي
кушодадаст	کشاده دست
кушодадастӣ	کشاده دستي
кушодадил	کشاده دل
кушодазабон	کشاده زبان
кушодан	کشادن
кушодапешонӣ	کشاده پيشاني
кушодарӯй	کشاده روي
кушодатабъ	کشاده طبع
кушодашаванда	کشاده شونده
кушоиш	کشايش
кушокушӣ	کشاکشي
кушон	کشان
кушондан	کشاندن
кушта	کشته
куштан	کشتن
куштангоҳ	کشتن گاه
кушташуда	کشته شده
куштор	کشتار
кушудан	کشودن
кушхона	کش خانه
куя	کويه
куязада	کويه زده
куяхӯрда	کويه خورده
кӯ	کو
кӯб	کوب
кӯба	کوبه
кӯбак	کوبک
кӯбанда	کوبنده
кӯбида	کوبيده
кӯбидан	کوبيدن
кӯбин	کوبين
кӯбиш	کوبش
кӯбкорӣ	کوبکاري
кӯдак	کودک
кӯдаквор	کودک وار
кӯдакдор	کودک دار
кӯдакистон	کودکستان
кӯдакӣ	کودکي
кӯдакона	کودکانه
кӯж	کوژ
кӯжпушт	کوژپشت
кӯз	کوز
кӯза	کوزه
кӯзагар	کوزه گر
кӯзагарӣ	کوزه گري
кӯзагул	کوزه گل
кӯзача	کوزه چه
кӯзапушт	کوزهپشت
кӯй	کوي
кӯк	کوک
кӯкнор	کوکنار
кӯкнордона	کوکناردانه
кӯкнорӣ	کوکنار ي
кӯкнорхона	کوکنار خانه
кӯксултон	کوک سلطان
кӯкча	کوکچه
кӯл	کول
кӯлбор	کولبار
кӯлвор	کولوار
кӯлӣ	کولي
кӯлмак	کولمک
кӯлоб	کولاب
кӯлобӣ	کولابي
кӯлшинос	کول شناس
кӯлшиносӣ	کول شناسي
кӯма	کومه
кӯндаланг	کونده لنگ
кӯпол	کوپال
кӯпрук	کوپروک
кӯпруксоз	کوپروک ساز
кӯпруксозӣ	کوپروک سازي
кӯр	کور
кӯра	کوره
кӯрагар	کوره گر
кӯрагӣ	کوره گي
кӯрак	کورک
кӯракбандӣ	کورک بندي
кӯракғундор	کورک غندار
кӯракғундорӣ	کورک غنداري
кӯракдор	کورک دار
кӯракканӣ	کورک کني
кӯраккашак	کورک کشک
кӯраккашӣ	کورک کشي
кӯракчинак	کورک چينک
кӯраккчинӣ	کورک چيني
кӯрахона	کوره خانه
кӯрбарзангӣ	کوربرزنگي
кӯрбахт	کوربخت
кӯргиреҳ	کورگره
кӯрдил	کوردل
кӯрдуд	کوردود
кӯрӣ	کوري
кӯркаш	کورکش
кӯр-кӯрона	کورکورانه
кӯрмаҳтоб	کورمهتاب
кӯрмор	کورمار
кӯрмуш	کورموش
кӯрнамак	کورنمک
кӯрнамакӣ	کورنمکي
кӯроб	کورآب
кӯрпа	کورپه
кӯрпаворӣ	کورپه واري
кӯрпадӯз	کورپه دوز
кӯрпадӯзӣ	کورپه دوزي
кӯрпадӯзон	کورپه دوزان
кӯрпатак	کورپتک
кӯрпача	کورپچه
кӯрпачавор	کورپچه وار
кӯрпашша	کورپشّه
кӯрпистон	کورپستان
кӯррӯда	کورروده
кӯрсавод	کورسواد
кӯрсаводӣ	کورسوادي
кӯрхарид	کورخريد
кӯрхаридор	کورخريدار
кӯршабпарак	کورشبپرک
кӯс	کوس
кӯса	کوسه
кӯсак	کوسک
кӯсариш	کوسه ريش
кӯсдор	کوسدار
кӯст	کوست
кӯтак	کوتک
кӯтакароба	کوتک ارابه
кӯтал	کوتل
кӯтара	کوتره
кӯтарабайъ	کوتره بيع
кӯтарагир	کوتره گير
кӯтарасавдо	کوتره سودا
кӯтарафурӯш	کوتره فروش
кӯтарафурӯшӣ	کوتره فروشي
кӯтаҳ	کوته
кӯтаҳбин	کوته بين
кӯтаҳдаст	کوته دست
кӯтаҳдастӣ	کوته دستي
кӯтаҳӣ	کوتهي
кӯтвол	کوتوال
кӯтоҳ	کوتاه
кӯтоҳак	کوتاهک
кӯтоҳакак	کوتاهکک
кӯтоҳақл	کوتاه عقل
кӯтоҳақлӣ	کوتاه عقلي
кӯтоҳангушт	کوتاه انگشت
кӯтоҳандеш	کوتاه انديش
кӯтоҳандешӣ	کوتاه انديشي
кӯтоҳбаёнӣ	کوتاه بياني
кӯтоҳбин	کوتاه بين
кӯтоҳбинӣ	کوتاه بيني
кӯтоҳбинона	کوتاه بينانه
кӯтоҳгардан	کوتاه گردن
кӯтоҳдаст	کوتاه دست
кӯтоҳдастӣ	کوتاه دستي
кӯтоҳдоман	کوتاه دامن
кӯтоҳзабон	کوتاه زبان
кӯтоҳӣ	کوتاهي
кӯтоҳқад	کوتاه قد
кӯтоҳқомат	کوتاه قامت
кӯтоҳмавҷ	کوتاه موج
кӯтоҳметраж	کوتاه مترژ
кӯтоҳмижгон	کوتاه مژگان
кӯтоҳмил	کوتاه ميل
кӯтоҳмуддат	کوتاهمدت
кӯтоҳмӯҳлат	کوتاه مهلت
кӯтоҳназар	کوتاه نظر
кӯтоҳназарӣ	کوتاه نظري
кӯтоҳназарона	کوتاه نظرانه
кӯтоҳостин	کوتاه آستين
кӯтоҳпашм	کوتاه پشم
кӯтоҳпой	کوتاه پاي
кӯтоҳпоя	کوتاه پايه
кӯтоҳумр	کوتاه عمر
кӯтоҳумрӣ	کوتاه عمري
кӯфӣ	کوفي
кӯфт	کوفت
кӯфта	کوفته
кӯфтагӣ	کوفتگي
кӯфтакабоб	کوفته کباب
кӯфтакорӣ	کوفته کاري
кӯфтан	کوفتن
кӯфтанӣ	کوفتني
кӯфташуда	کوفته شده
кӯфтукӯб	کوفت وکوب
кӯфҷон	کوفجان
кӯфшона	کوفشانه
кӯҳ	کوه
кӯҳа	کوهه
кӯҳагирифта	کوهه گرفته
кӯҳбаро	کوه برا
кӯҳбароӣ	کوه برائي
кӯҳбон	کوه بان
кӯҳбонӣ	کوه باني
кӯҳбуд	کهبد
кӯҳвор	کوه وار
кӯҳгард	کوه گرد
кӯҳгардӣ	کوه گردي
кӯҳдоман	کوه دامن
кӯҳистон	کوهستان
кӯҳистонӣ	کوهستاني
кӯҳӣ	کوهي
кӯҳкан	کوه کن
кӯҳканӣ	کوه کني
кӯҳл	کحل
кӯҳлдон	کحلدان
кӯҳлӣ	کحلي
кӯҳна	کهنه
кӯҳнаақида	کهنه عقيده
кӯҳнавард	که نورد
кӯҳнавардӣ	کوه نوردي
кӯҳнагӣ	کوهنگي
кӯҳнадам	کهنه دم
кӯҳнадунё	کهنه دنيا
кӯҳнадӯз	کهنه دوز
кӯҳнадӯзӣ	کهنه دوزي
кӯҳнакасал	کهنه کسل
кӯҳнакеш	کهنه کيش
кӯҳнакешӣ	کهنه کيشي
кӯҳнакола	کهنه کاله
кӯҳнакор	کهنه کار
кӯҳналибос	کوهنه لباس
кӯҳнаобод	کهنه آباد
кӯҳнапараст	کهنه پرست
кӯҳнапарастӣ	کهنه پرستي
кӯҳнапарастона	کوهنه پرستانه
кӯҳнапора	کهنه پاره
кӯҳнафурӯш	کوهنه فروش
кӯҳнафурӯшӣ	کوهنه فروشي
кӯҳнаҷаҳон	کهنه جهان
кӯҳнашавӣ	کهنه شوي
кӯҳнашуда	کهنه شده
кӯҳнишин	کوهنشين
кӯҳон	کوهان
кӯҳондор	کوهاندار
кӯҳпайкар	کوه پيکر
кӯҳпаймо	کوه پيما
кӯҳпаймоӣ	کوه پيمائي
кӯҳпиёз	کوه پياز
кӯҳпора	کوه پاره
кӯҳпоя	کوه پايه
кӯҳсор	کوهسار
кӯҳтан	کوهتن
кӯҳҷигар	کوه جگر
кӯҳшиносӣ	کوه شناسي
кӯч	کوچ
кӯча	کوچه
кӯчабоғ	کوچه باغ
кӯчабоғӣ	کوچه باغي
кӯчагард	کوچه گرد
кӯчагардӣ	کوچه گردي
кӯчагӣ	کوچگي
кӯчак	کوچک
кӯчакдил	کوچک دل
кӯчакдилӣ	کوچک دلي
кӯчан	کوچن
кӯчанвор	کوچن وار
кӯчанда	کوچنده
кӯчапӯшӣ	کوچه پوشي
кӯчат	کوچت
кӯчатшинонӣ	کوچت شناني
кӯчбандӣ	کوچ بندي
кӯчидан	کوچيدن
кӯчиданӣ	کوچيدني
кӯчиш	کوچش
кӯчӣ	کوچي
кӯчкашонӣ	کوچ کشاني
кӯчманчигӣ	کوچمنچيگي
кӯчманчӣ	کوچمنچي
кӯчокӯч	کوچاکوچ
кӯш	کوش
кӯшанда	کوشنده
кӯшидан	کوشيدن
кӯшиш	کوشش
кӯшк	کوشک
кӯшо	کوشا
қабб	قب
қаба	قبه
қабақ	قبق
қабас	قبس
қабат	قبت
қабеҳ	قبيح
қабеҳа	قبيحه
қабеҳӣ	قبيحي
қабеҳона	قبيحانه
қабеҳулваҷҳ	قبيح الوجه
қабз	قبض
қабза	قبضه
қабзагир	قبضه گير
қабзият	قبضيت
қабзулвусул	قبض الوصول
қабил	قبيل
қабила	قبيله
қабилавӣ	قبيلوي
қабл	قبل
қаблан	قبلاً
қаблӣ	قبلي
қабо	قبا
қабоил	قبائل
қабоқ	قباق
қабола	قباله
қаболанавис	قباله نويس
қаболанависӣ	قباله نويسي
қабонамад	قبانمد
қабопӯстин	قباپوستين
қабопӯш	قباپوش
қабоҳат	قباحت
қабоҳатнок	قباحت ناک
қабр	قبر
қабргоҳ	قبرگاه
қабристон	قبرستان
қабркан	قبرکن
қабрканӣ	قبرکني
қабу	قبو
қабул	قبول
қабулгоҳ	قبول گاه
қабулдор	قبول دار
қабулёбанда	قبول يابنده
қабулкунак	قبول کنک
қабулкунанда	قبول کننده
қабулхона	قبول خانه
қабулшаванда	قبول شونده
қабурға	قبورغه
қабурғадор	قبورغه دار
қав	قو
қава	قوه
қавад	قود
қавахона	قوه خانه
қаввод	قواد
қаввода	قواده
қавводагӣ	قوادگي
қавводхона	قواد خانه
қаввол	قوال
қавволбанд	قوال بند
қавволӣ	قوالي
қаввос	قواس
қавиазм	قوي عزم
қавиандом	قوي اندام
қавибозу	قوي بازو
қавибол	قوي بال
қавибунёд	قوي بنياد
қавидаст	قوي دست
қавидастгаҳ	قوي دستگه
қавидастгоҳ	قوي دستگاه
қавидил	قوي دل
қавиёл	قوي يال
қавиирода	قوي اراده
қавим	قويم
қавиниҳод	قوي نهاد
қавипайкар	قوي پيکر
қавипанҷа	قوي پنجه
қавипой	قوي پاي
қавирӯҳ	قوي روح
қавитабъ	قوي طبع
қавитан	قوي تن
қавиҳайкал	قوي هيکل
қавиҳиммат	قوي همت
қавиҳол	قوي حال
қавичанг	قوي چنگ
қавичангол	قوي چنگال
қавиҷусса	قوي جثه
қавишавкат	قوي شوکت
қавишаън	قوي شأن
қавиэътиқод	قوي اعتقاد
қавӣ	قوي
қавл	قول
қавлнома	قول نامه
қавлона	قولانه
қавм	قوم
қавмӣ	قومي
қавоид	قواعد
қавоқ	قواق
қавола	قواله
қавом	قوام
қавонин	قوانين
қавора	قواره
қавс	قوس
қавсайн	قوسين
қавсӣ	قوسي
қавсоб	قوساب
қавсуннаҳор	قوس النهار
қавурдоқ	قورداق
қавурма	قورمه
қавурмашӯрбо	قورمه شوربا
қадд	قد
қадаған	قدغن
қадак	قدک
қадам	قدم
қадамвор	قدم وار
қадамгир	قدم گير
қадамгоҳ	قدم گاه
қадамгузор	قدم گذار
қадамгузорӣ	قدم گذاري
қадамзанӣ	قدم زني
қадамзанон	قدم زنان
қадаммонӣ	قدم ماني
қадамнорас	قدم نارس
қадампартоӣ	قدم پرتائي
қадамфарсо	قدم فرسا
қадамҷой	قدم جاي
қадамшумор	قدم شمار
қадамшум	قدم شوم
қадар	قدر
қадарандоз	قدر انداز
қадармоя	قدر مايه
қадафрозӣ	قدافرازي
қадаҳ	قدح
қадаҳбардор	قدح بردار
қадаҳгӯӣ	قدح گوئي
қадаҳкаш	قدح کش
қадаҳнӯш	قدح نوش
қадаҳнӯшӣ	قدح نوشي
қадаҳпаймо	قدح پيما
қадаҳсоз	قدح ساز
қадаҳхор	قدح خوار
қадбаланд	قدبلند
қаддароз	قددراز
қадид	قديد
қадим	قديم
қадима	قديمه
қадиман	قديماً
қадимисохт	قديمي ساخت
қадимӣ	قديمي
қадимона	قديمانه
қадимнасл	قديم نسل
қадимнаслӣ	قديم نسلي
қадимулайём	قديم الايام
қадӣ	قدي
қадкалта	قدکلته
қадкашак	قدکشک
қадкашӣ	قدکشي
қадкӯтоҳ	قدکوتاه
қаднавча	قدنوچه
қаднамо	قدنما
қаднорас	قدنارس
қадоқ	قداق
қадоқгар	قداق گر
қадоқгарӣ	قداق گري
қадоқин	قداقين
қадоқӣ	قداقي
қадоқхона	قداق خانه
қадоқчӣ	قداق چي
қадпаст	قدپست
қадпастӣ	قدپستي
қадр	قدر
қадрас	قدرس
қадрасида	قدرسيده
қадрасо	قدرسا
қадрбаланд	قدربلند
қадрдон	قدردان
қадрдонзода	قدردان زاده
қадрдонӣ	قدرداني
қадрнок	قدرناک
қадрношинос	قدرناشناس
қадрношиносӣ	قدرناشناسي
қадршинос	قدرشناس
қадршиносӣ	قدرشناسي
қадфароз	قدفراز
қадхамида	قدخميده
қадҳ	قدح
қаз з	قز
қазиб	قضيب
қазидор	قزي دار
қазия	قضيه
қазӣ	قزي
қазноқ	قزناق
қазо	قضا
қазоват	قضاوت
қазоганд	قزاگند
қазоё	قضايا
қазоқ	قزاق
қазоқӣ	قزاقي
қазоқнишин	قزاق نشين
қазондӯхт	قزان دوخت
қазоҷараён	قضا جريان
қаиқ	قئيق
қаиқрон	قئيق ران
қаиқронӣ	قئيق راني
қаиқсавор	قئيق سوار
қаиқсаворӣ	قئيق سواري
қаиш	قئيش
қаишӣ	قئيشي
қай	قي
қайд	قيد
қайдгир	قيدگير
қайдкунанда	قيدکننده
қайдшуда	قيدشده
қайёр	قيار
қайим	قيم
қайла	قيله
қайладон	قيله دان
қаймоқ	قيماق
қаймоқак	قيماقک
қаймоқакбаста	قيماقک بسته
қаймоқӣ	قيماقي
қаймоқранг	قيماق رنگ
қаймоқчой	قيماق چاي
қаймумият	قيموميت
қайовар	قي آور
қайроғоч	قيراغاچ
қайроқ	قيراق
қайроқбоз	قيراق باز
қайроқбозӣ	قيراق بازي
қайроқӣ	قيراقي
қайроқсанг	قيراق سنگ
қайса	قيسه
қайсар	قيصر
қайсарӣ	قيصري
қайтон	قيطان
қайчизада	قيچي زده
қайчӣ	قيچي
қайюм	قيوم
қайюмӣ	قيومي
қақар-қақар	ققرققر
қақаррос	ققراس
қақнус	ققنوس
қалақ	قلق
қалам	قلم
қалама	قلمه
қаламандоз	قلم انداز
қаламбадаст	قلم بدست
қаламбанд	قلم بند
қаламвор	قلم وار
қаламгир	قلم گير
қаламдаст	قلم دست
қаламдида	قلم ديده
қаламдод	قلم داد
қаламдон	قلم دان
қаламдор	قلم دار
қаламзада	قلم زده
қаламзан	قلم زن
қаламзанӣ	قلم زني
қаламибоф	قلمي باف
қаламӣ	قلمي
қаламкаш	قلم کش
қаламкашӣ	قلم کشي
қаламкирдор	قلم کردار
қаламкор	قلم کار
қаламкорӣ	قلم کاري
қаламқат	قلم قت
қаламқош	قلم قاش
қаламрав	قلمرو
қаламрафта	قلم رفته
қаламрон	قلم ران
қаламронӣ	قلم راني
қаламтарош	قلم تراش
қаламтарошак	قلم تراشک
қаламфарсо	قلم فرسا
каламфарсоӣ	قلم فرسايي
қаламфур	قلمفور
қаламфурдон	قلمفوردان
қаламфурӣ	قلمفوري
қаламча	قلمچه
қаламчагӣ	قلمچگي
қаламчаро	قلم چرا
қаламчашинонӣ	قلمچه شناني
қаламҷадвал	قلم جدول
қаландар	قلندر
қаландарбача	قلندربچه
қаландария	قلندريه
қаландарӣ	قلندري
қаландармашраб	قلندرمشرب
қаландарнамо	قلندرنما
қаландарона	قلندرانه
қаландархона	قلندرخانه
қалансува	قلنسوه
қаланфур	قلنفور
қалб	قلب
қалбакӣ	قلبکي
қалбан	قلباً
қалбгоҳ	قل ب گاه
қалбдаст	قلب دست
қалбӣ	قلبي
қалбкор	قلب کار
қалбкорӣ	قلب کاري
қалён	قليان
қалил	قليل
қалин	قلين
қаллоб	قلاب
қаллобӣ	قلاّبي
қаллобона	قلابانه
қаллоқ	قلاق
қаллоқзанӣ	قلاق زني
қаллош	قلاش
қалмоқ	قلماق
қалмоқӣ	قلماقي
қаловуз	قلاوز
қалода	قلاده
қалоқ	قلاق
қалоқбаста	قلاق بسته
қалпоқ	قلپاق
қалпоқдӯз	قلپاق دوز
қалтабон	قلتبان
қалтус	قلتوس
қалъ	قلع
қалъа	قلعه
қалъаандудӣ	قلعه اندودي
қалъабандӣ	قلعه بندي
қалъавор	قلعه وار
қалъагӣ	قلعگي
қалъадор	قلعه دار
қалъакӯб	قلعه کوب
қалъамонанд	قلعه مانند
қалъарав	قلعه رو
қалъасоз	قلعه ساز
қалъасозӣ	قلعه سازي
қалъаҳавлӣ	قلعه حولي
қалъача	قلعه چه
қалъачӣ	قلعه چي
қалъӣ	قلعي
қаля	قليه
қамар	قمر
қамарин	قمرين
қамарӣ	قمري
қамарманзар	قمرمنظر
қамарсо	قمرسا
қамарулмуқаннаъ	قمر المقنع
қамарҷабин	قمر جبين
камис	قميص
қамиш	قميش
қамишӣ	قميشي
қамишзор	قميش زار
қамишкаппа	قميش کپه
қамчин	قمچين
қамчинак	قمچينک
қамчинбоф	قمچين باف
қамчинбофӣ	قمچين بافي
қамчинбӯтта	قمچين بتّه
қамчиндаста	قمچين دسته
қамчинзанӣ	قمچين زني
қамчинкорӣ	قمچين کاري
қамчинкӯб	قمچين کوب
қамчӣ	قمچي
қанд	قند
қандак	قندک
қандалот	قندلات
қандалотфурӯш	قندلات فروش
қандалотфурӯшӣ	قندلات فروشي
қанддон	قنددان
қанддор	قنددار
қандил	قنديل
қандилӣ	قنديلي
қандин	قندين
қандӣ	قندي
қанднокӣ	قندناکي
қандоб	قندآب
қандпаз	قندپز
қандпазӣ	قندپزي
қандпора	قندپاره
қандреза	قندريزه
қандфурӯш	قندفروش
қандфурӯшӣ	قندفروشي
қандхӯ	قندخو
қандчой	قندچاي
қандшикан	قندشکن
қандшиканак	قندشکنک
қаннод	قنّاد
қаннодӣ	قنّادي
қаноат	قناعت
қаноатбахш	قناعت بخش
қаноатбахшанда	قناعت بخشنده
қаноатбахшо	قناعت بخشا
қаноаткор	قناعت کار
қаноаткорона	قناعت کارانه
қаноатманд	قناعت مند
қаноатмандӣ	قناعت مندي
қаноатмандона	قناعت مندانه
қаноатпеша	قناعت پيشه
қаноатталабӣ	قناعت طلبي
қанор	قنار
қанора	قناره
қанот	قنات
қанотак	قناتک
қанотдор	قنات دار
қантар	قنتر
қантара	قنطره
қантарак	قنطرک
қантарӣ	قنطري
қанту	قنتو
қапида	قپيده
қапидан	قپيدن
қапондан	قپاندن
қаппак	قپک
қапчуқ	قپچوق
қапқон	قپقان
қарабоӣ	قربائي
қаравул	قرول
қаравулак	قرولک
қаравулӣ	قرولي
қаравулхона	قرول خانه
қарға	قرغه
қарағай	قرغي
қарағайзор	قرغي زار
қарағоч	قرغاچ
қарақот	قرقات
қарақчӣ	قرقچي
қарақуш	قرقوش
қаранфул	قرنفل
қарз	قرض
қарза	قرضه
қарзбардор	قرض بردار
қарзгир	قرض گير
қарзгиранда	قرض گيرنده
қарзгирӣ	قرض گيري
қарздиҳанда	قرض دهنده
қарздиҳӣ	قرض دهي
қарздор	قرض دار
қарздорӣ	قرض داري
қарзӣ	قرضي
қарзманд	قرض مند
қарзмандӣ	قرض مندي
қарзталаб	قرض طلب
қарзхоҳ	قرض خواه
қариб	قريب
қарибӣ	قريبي
қарин	قرين
қарина	قرينه
қаринӣ	قريني
қариҳа	قريحه
қаря	قريه
қария	قريه
қарқ	قرق
қарқбаста	قرق بسته
қарматия	قرمطيه
қарматӣ	قرمطي
қарн	قرن
қароба	قرابه
қаробакаш	قرابه کش
қаробапардоз	قرابه پرداز
қаробат	قرابت
қарободин	قرابادين
қаровул	قراول
қаровулак	قراولک
қаровулбегӣ	قراول بيگي
қаровулӣ	قراولي
қаровулхона	قراول خانه
қарокурт	قراکرت
қарокӯлӣ	قراکولي
қарокӯлпарварӣ	قراکول پروري
қароқандӣ	قراقندي
қаромуғ	قراموغ
қарор	قرار
қарорбахш	قرار بخش
қароргоҳ	قرار گاه
қарордод	قرار داد
қарордодӣ	قرار دادي
қарорӣ	قراري
қарорнавис	قرار نويس
қаросон	قراسان
қарохониён	قراخانيان
қарс	قرس
қарсак	قرسک
қарсакзанӣ	قرسک زني
қарсакӣ	قرسکي
қарсас	قرسس
қарсвор	قرس وار
қарсӣ	قرسي
қарс-қарс	قرس قرس
қарсос	قرساس
қарсуқурс	قرس وقرس
қарта	قرته
қартабоз	قرته باز
қартабозӣ	قرته بازي
қартамонак	قرته مانک
қарҳа	قرحه
қарчиғай	قرچيغي
қасаб	قصب
қасаба	قصبه
қасабпӯш	قصب پوش
қасам	قسم
қасамёдкунӣ	قسم يادکني
қасамзада	قسم زده
қасамӣ	قسمي
қасар-қасар	قسر قسر
қасар-қусур	قسر قسور
қасас	قصص
қасват	قسوت
қасд	قصد
қасдан	قصداً
қасддор	قصددار
қасиб	قصيب
қасида	قصيده
қасидагӯй	قصيده گوي
қасидагӯӣ	قصيده گوئي
қасидасарой	قصيده سراي
қасидасароӣ	قصيده سرائي
қасидахон	قصيده خوان
қасидахонӣ	قصيده خواني
қасим	قسيم
қасир	قصير
қасқон	قسقان
қасоват	قساوت
қасоватомез	قساوت آميز
қасоид	قصايد
қасорат	قصارت
қасос	قصاص
қасосгир	قصاص گير
қасосгиранда	قصاص گيرنده
қасосгирӣ	قصاص گيري
қаср	قصر
қассоб	قصاب
қассобак	قصابک
қассобӣ	قصابي
қассобвор	قصاب وار
қассобхона	قصاب خانه
қассом	قسام
қассор	قصار
қассос	قصاص
қат	قط
қатаған	قتغن
қатар-қатар	قتر قتر
қатеъ	قطيع
қатиқ	قتيق
қатил	قتيل
қатим	قتيم
қатифа	قطيفه
қатл	قتل
қатлама	قتلمه
қатлгоҳ	قتل گاه
қатор	قطار
қатора	قطاره
қаторак	قطارک
қаторбаст	قطاربست
қаторбед	قطاربيد
қаторвазна	قطاروزنه
қаторӣ	قطاري
қаторкӯҳ	قطارکوه
қатормех	قطارميخ
қатра	قطره
қатраборон	قطره باران
қатрагӣ	قطره گي
қатрадузд	قطره دزد
қатразан	قطره زن
қатразарф	قطره ظرف
қатрарез	قطره ريز
қатрафишон	قطره فشان
қатрачакон	قطره چکان
қатрашумор	قطره شمار
қатрашумур	قطره شمر
қатрон	قطران
қатронӣ	قطراني
қатронкашӣ	قطران کشي
қатронмолида	قطران ماليده
қатронмолӣ	قطران مالي
қатт	قط
қаттол	قتّال
қатшуда	قط شده
қатъ	قطع
қатъан	قطعاً
қатъиян	قطعياً
қатъият	قطعيت
қатъӣ	قطعي
қатънома	قطع نامه
қафас	قفس
қафаса	قفسه
қафасбоф	قفس باف
қафасбофӣ	قفس بافي
қафасӣ	قفسي
қафассоз	قفس ساز
қафиз	قفيز
қафқозӣ	قفقازي
қафо	قفا
қафогардӣ	قفاگردي
қафогир	قفاگير
қафогоҳ	قفاگاه
қафокаш	قفاکش
қафомонда	قفامانده
қафомонӣ	قفاماني
қафонишин	قفانشين
қафонокӣ	قفاناکي
қафоравӣ	قفاروي
қафохора	قفاخواره
қафохорагӣ	قفاخوارگي
қафохӯрда	قفاخورده
қаҳба	قحبه
қаҳва	قهوه
қаҳвагӣ	قهوگي
қаҳвагун	قهوه گون
қаҳвадон	قهوه دان
қаҳваӣ	قهوه اي
қаҳванӯшӣ	قهوه نوشي
қаҳваордкунак	قهوه آردکنک
қаҳваранг	قهوه رنگ
қаҳварез	قهوه ريز
қаҳвафурӯшӣ	قهوه فروشي
қаҳвахона	قهوه خانه
қаҳвахӯрӣ	قهوه خوري
қаҳваҷӯш	قهوه جوش
қаҳваҷӯшонак	قهوه جوشانک
қаҳистон	قهستان
қаҳқаро	قهقرا
қаҳ-қаҳ	قه قه
қаҳқаҳа	قهقهه
қаҳқос	قهقاس
қаҳр	قهر
қаҳрамон	قهرمان
қаҳрамонвор	قهرمان وار
қаҳрамонзан	قهرمان زن
қаҳрамонӣ	قهرماني
қаҳрамонмодар	قهرمان مادر
қаҳрамонона	قهرمانانه
қаҳрамонтарошӣ	قهرمان تراشي
қаҳрамоншаҳр	قهرمان شهر
қаҳран	قهراً
қаҳрангез	قهرانگيز
қаҳратун	قهرتون
қаҳрӣ	قهري
қаҳрнок	قهرناک
қаҳролуд	قهرآلود
қаҳромез	قهرآميز
қаҳт	قحط
қаҳтӣ	قحطي
қаҳтобод	قحط آباد
қаҳтсол	قحط سال
қаҳтсолӣ	قحط سالي
қаҳҳор	قهار
қаҳҳорӣ	قهاري
қашав	قشو
қашанг	قشنگ
қашангӣ	قشنگي
қашқа	قشقه
қашқалдоқ	قشقلداق
қашқапешонӣ	قشقه پيشاني
қашқарӣ	قشقري
қашқачинӣ	قشقه چيني
қашшоқ	قشّاق
қашшоқбача	قشّاق بچه
қашшоқзода	قشّاق زاده
қашшоқӣ	قشّاقي
қашшоқона	قشّاقانه
қаър	قعر
қибал	قبل
қибла	قبله
қиблагоҳ	قبله گاه
қиблагоҳӣ	قبله گاهي
қиблазан	قبله زن
қибланамо	قبله نما
қибт	قبط
қибтӣ	قبطي
қивом	قوام
қидмат	قدمت
қиёқ	قياق
қиём	قيام
қиёмат	قيامت
қиёматангез	قيامت انگيز
қиёматгоҳ	قيامت گاه
қиёматзор	قيامتزار
қиёматӣ	قيامتي
қиёматкада	قيامت کده
қиёматнигаҳ	قيامت نگه
қиёматнигоҳ	قيامت نگاه
қиёматпайкар	قيامت پيکر
қиёматпеша	قيامت پيشه
қиёматҷилва	قيامت جلوه
қиёматхиром	قيامت خرام
қиёмкунанда	قيام کننده
қиёмқуттӣ	قيام قوطي
қиёс	قياس
қиёсан	قياساً
қиёсӣ	قياسي
қиёфа	قيافه
қиёфабозӣ	قيافه بازي
қиёфасозӣ	قيافه سازي
қиёфашинос	قيافه شناس
қиёфашиносӣ	قيافه شناسي
қиқиррос	ققرّاس
қил	قيل
қиллат	قلّت
қилода	قلاده
қилтиқ	قلتيق
қилтиқдор	قلتيق دار
қилуқол	قيل وقال
қима	قيمه
қимаандозӣ	قيمه اندازي
қимабоб	قيمه باب
қимакабоб	قيمه کباب
қимапалав	قيمه پلو
қимат	قيمت
қиматбаҳо	قيمت بها
қиматдор	قيمت دار
қиматӣ	قيمتي
қиматнок	قيمت ناک
қиматсанҷ	قيمت سنج
қиматшавӣ	قيمت شوي
қимиз	قميز
қимоб	قيماب
қимор	قمار
қиморбоз	قمار باز
қиморбозӣ	قمار بازي
қиморпеша	قمار پيشه
қиморхона	قمار خانه
қин	قين
қинғола	قنغاله
қинғолабозӣ	قنغاله بازي
қинғолбозӣ	قنغال بازي
қинӣ	قيني
қир	قير
қирав	قيرو
қиравбаста	قيروبسته
қиравдор	قيرودار
қиравзада	قيروزده
қиравпӯш	قيروپوش
қирандуд	قيراندود
қиргун	قيرگون
қирғиз	قيرغيز
қирғизӣ	قيرغيزي
қириндӣ	قيريندي
қиркунанда	قيرکننده
қирмиз	قرمز
қирмизак	قرمزک
қирмизиранг	قرمزي رنگ
қирмизитоб	قرمزي تاب
қирмизӣ	قرمزي
қироат	قرائت
қироаткунанда	قرائت کننده
қироатхона	قرائت خانه
қироб	قيراب
қирон	قران
қирот	قراط
қирпӯш	قيرپوش
қирра	قرّه
қиррадор	قرّه دار
қиррос	قرّاس
қирсос	قرساس
қиртос	قرطاس
қиртосӣ	قرطاسي
қисас	قصص
қисир	قسير
қисирӣ	قسيري
қисир-қисир	قسيرقسير
қисирмонда	قسيرمانده
қисирмонӣ	قسيرماني
қисиррос	قسيرّاس
қисм	قسم
қисман	قسماً
қисмат	قسمت
қисматхӯр	قسمت خور
қисса	قصه
қиссагӯӣ	قصه گوئي
қиссагӯй	قصه گوي
қиссапардоз	قصه پرداز
қиссахон	قصه خوان
қиссахонӣ	قصه خواني
қист	قسط
қистос	قسطاس
қитиқ	قتيق
қитиқовар	قتيق آور
қитол	قتال
қитъа	قطعه
қитъавӣ	قطعه وي
қиф	قيف
қифол	قيفال
қифшакл	قيف شکل
қишлоқ	قشلاق
қишлоқидухтар	قشلاقي دختر
қишлоқӣ	قشلاقي
қишлоқҷой	قشلاق جاي
қишр	قشر
қоб	قاب
қобиз	قابض
қобил	قابل
қобила	قابله
қобилак	قابلک
қобилият	قابليت
қобилиятнок	قابليت ناک
қобилиятнокӣ	قابليت ناکي
қобилӣ	قابلي
қовға	قاوغه
қоғотӣ	قاغاتي
қодир	قادر
қодирандоз	قادرانداز
қодирия	قادريه
қодирӣ	قادري
қодиҳ	قادح
қоз	قاز
қозгир	قازگير
қозибозӣ	قاضي بازي
қозигӣ	قاضي گي
қозиёт	قاضيات
қозизода	قاضي زاده
қозикалон	قاضي کلان
қозихона	قاضي خانه
қозихонагӣ	قاضي خانگي
қозиюлқузот	قاضي القضات
қозиюлқут	قاضي القوت
қозиюлҳоҷот	قاضي الحاجات
қозӣ	قاضي
қоид	قائد
қоида	قاعده
қоидадон	قاعده دان
қоидатан	قاعدتاً
қоил	قائل
қоим	قائم
қоима	قائمه
қоиммақом	قائم مقام
қоиф	قائف
қоқ	قاق
қоқбадан	قاق بدن
қоқина	قاقينه
қоқинаандом	قاقينه اندام
қоқӣ	قاقي
қоқма	قاقمه
қоқтӣ	قاقتي
қоқу	قاقو
қоқум	قاقم
қоқшуда	قاق شده
қол	قال
қолаб	قالب
қолабтиҳӣ	قالب تهي
қолиб	قالب
қолибак	قالبک
қолибгар	قالب گر
қолибгарӣ	قالب گري
қолибгир	قالب گير
қолибгирӣ	قالب گيري
қолибдор	قالب دار
қолибзада	قالب زده
қолибзанӣ	قالب زني
қолибӣ	قالبي
қолибкашӣ	قالب کشي
қолибмистар	قالب مسطر
қолибоф	قالي باف
қолибофӣ	قالي بافي
қолибрез	قالب ريز
қолибрезӣ	قالب ريزي
қолибсоз	قالب ساز
қолибсозӣ	قالب سازي
қолин	قالين
қолинбоф	قالين باف
қолинбофӣ	قالين بافي
қолинпӯш	قالين پوش
қолинфарш	قالين فرش
қолинфурӯш	قالين فروش
қолинфурӯшӣ	قالين فروشي
қолинча	قالينچه
қолича	قاليچه
қолӣ	قالي
қолуқил	قال وقيل
қолумақол	قال ومقال
қом	قام
қомат	قامت
қоматбаланд	قامت بلند
қоматболо	قامت بالا
қоматрасо	قامت رسا
қоматпаст	قامت پست
қоматхам	قامت خم
қоматхамида	قامت خميده
қомус	قاموس
қомуснигор	قاموس نگار
қомуснигорӣ	قاموس نگاري
қонеъ	قانع
қонеъгардонӣ	قانع گرداني
қонеъкунанда	قانع کننده
қонеъшавӣ	قانع شوي
қонун	قانون
қонунан	قانوناً
қонунасос	قانون اساس
қонунбарор	قانون برار
қонунбарорӣ	قانون براري
қонунгузор	قانون گذار
қонунгузорӣ	قانون گذاري
қонундон	قانون دان
қонундонӣ	قانون داني
қонуният	قانونيت
қонунӣ	قانوني
қонуннавоз	قانون نواز
қонуннома	قانون نامه
қонунпарастӣ	قانون پرستي
қонуншиканӣ	قانون شکني
қонуншинос	قانون شناس
қонуншиносӣ	قانون شناسي
қопча	قاپچه
қор	قار
қорра	قاره
қорравӣ	قاروي
қориазёд	قاري ازياد
қорӣ	قاري
қоригӣ	قاريگي
қорихона	قاري خانه
қорун	قارون
қорура	قاروره
қорурадон	قاروره دان
қорурӣ	قاروري
қорч	قارچ
қос	قاص
қосиб	قاصب
қосид	قاصد
қосидӣ	قاصدي
қосим	قاسم
қосир	قاصر
қосит	قاسط
қот	قات
қотеъ	قاطع
қотил	قاتل
қотилӣ	قاتلي
қотурма	قاترمه
қотир	قاتر
қоф	قاف
қофила	قافله
қофиласолор	قافله سالار
қофия	قافيه
қофияандеш	قافيه انديش
қофиябанд	قافيه بند
қофиябандӣ	قافيه بندي
қофиябоз	قافيه باز
қофиябозӣ	قافيه بازي
қофиябоф	قافيه باف
қофиягӯй	قافيه گوي
қофиягӯӣ	قافيه گوئي
қофиядор	قافيه دار
қофияпардоз	قافيه پرداز
қофияпардозӣ	قافيه پردازي
қофиясанҷ	قافيه سنج
қофиясанҷӣ	قافيه سنجي
қофияхон	قافيه خوان
қоҳир	قاهر
қоҳира	قاهره
қоҳ-қоҳ	قاه قاه
қочоқ	قاچاق
қочоқбар	قاچاقبر
қочоқӣ	قاچاقي
қочоқчигӣ	قاچاقچيگي
қочоқчӣ	قاچاقچي
қош	قاش
қошсиёҳ	قاش سياه
қоштилло	قاش طلا
қошуқ	قاشق
қошуқтарош	قاشق تراش
қошуқтарошӣ	قاشق تراشي
қошуқча	قاشقچه
қошчинак	قاش چينک
қу	قو
қубба	قبه
қуббадор	قبه دار
қуббамонанд	قبه مانند
қуббара	قبره
қуббасӯзан	قبه سوزن
қуббача	قبچه
қуббашакл	قبه شکل
қубла	قبله
қублазада	قبله زده
қубул	قبل
қубур	قبور
қубургузор	قبورگذار
қубургузорӣ	قبورگذاري
қубурсозӣ	قبورسازي
қубурхобонӣ	قبورخواباني
қубҳ	قبح
қуввал	قول
қувваозмоӣ	قوه آزمائي
қуввасанҷ	قوه سنج
қуввасанҷӣ	قوه سنجي
қувватбахш	قوت بخش
қувватдиҳанда	قوت دهنده
қувватдиҳӣ	قوت دهي
қувватдор	قوت دار
қувватнок	قوت ناک
қувватнокӣ	قوت ناکي
қуво	قوا
қувора	قواره
қудамо	قدما
қуддус	قدوس
қуд-қуд	قد قد
қудо	قدا
қудоӣ	قدائي
қудошаванда	قداشونده
қудрат	قدرت
қудратбахш	قدرت بخش
қудратӣ	قدرتي
қудратманд	قدرت مند
қудратмандӣ	قدرت مندي
қудратнок	قدرت ناک
қудратнокӣ	قدرت ناکي
қудс	قدس
қудсият	قدسيت
қудсӣ	قدسي
қудуқ	قدوق
қудум	قدوم
қузот	قضات
қул	قل
қулай	قلي
қуланҷ	قولنج
қулба	قلبه
қулзум	قلزم
қулинҷ	قولنج
қулинҷон	قلنجان
қул-қул	قل قل
қулла	قلّه
қуллоб	قلاب
қулон	قلان
қулоч	قلاچ
қулочкаш	قلاچ کش
қулочкашӣ	قلاچ کشي
қулт	قلت
қулуб	قلوب
қулун	قلون
қулф	قلف
қулфинай	قلفني
қулфсоз	قلف ساز
қум	قم
қумғон	قمغان
қумзор	قمزار
қумқума	قمقمه
қумондон	قماندان
қумош	قماش
қумрӣ	قمري
қумрон	قمران
қунғуз	قنغوز
қунғузак	قنغوزک
қунғурот	قنغرات
қундиз	قندز
қундоқ	قنداق
қундуз	قندز
қундузӣ	قندزي
қунут	قنوت
қунфуз	قنفذ
қурб	قرب
қурбат	قربت
қурбо	قربا
қурбоққа	قرباقه
қурбон	قربان
қурбонгоҳ	قربان گاه
қурбонӣ	قرباني
қур-қур	قور قور
қуроқ	قراق
қуроқӣ	قراقي
қурратулайн	قرّة العين
қурс	قرص
қуруқмолӣ	قروق مالي
қурун	قرون
қурут	قروت
қурутак	قروتک
қурутоб	قروت آب
қурч	قرچ
қуръа	قرعه
қуръазан	قرعه زن
қуръакашӣ	قرعه کشي
қуръапартоӣ	قرعه پرتائي
қуръон	قرآن
қуръонхон	قرآن خوان
қуръонхонӣ	قرآن خواني
қусур	قصور
қут	قوت
қутб	قطب
қутбгард	قطب گرد
қутбӣ	قطبي
қутбнамо	قطب نما
қутканда	قوت کنده
қутн	قطن
қутос	قطاس
қутоспарвар	قطاس پرور
қутоспарварӣ	قطاس پروري
қутр	قطر
қутрӣ	قطري
қуттича	قطي چه
қуттӣ	قطي
қууд	قعود
қуфландоз	قفل انداز
қуфлбанд	قفل بند
қуфлгар	قفل گر
қуфлкушо	قفل کشا
қуфлсоз	قفل ساز
қушбегӣ	قوش بيگي
қуюд	قيود
қӯзақандӣ	قوذقندي
қӯқандӣ	قوقندي
қӯлтуқ	قولتوق
қӯноқ	قوناق
қӯпал	قوپل
қӯр	قور
қӯра	قوره
қӯрайил	قوراييل
қӯрбошӣ	قورباشي
қӯрғон	قورغان
қӯрғонӣ	قورغاني
қӯрғонча	قورغانچه
қӯрғошим	قورغاشيم
қӯрғошимӣ	قورغاشيمي
қӯрғошимранг	قورغاشيم رنگ
қӯрӣ	قوري
қӯруқ	قوروق
қӯруқгоҳ	قوروق گاه
қӯруқбон	قوروق بان
қӯруқшикан	قوروق شکن
қӯруқшиканӣ	قوروق شکني
қӯрхона	قور خانه
қӯрчӣ	قورچي
қӯтан	قوتن
қӯтур	قوتور
қӯч	قوچ
қӯчқор	قوچقار
қӯш	قوش
қӯша	قوشه
қӯшапир	قوشه پير
қӯшгир	قوش گير
қӯшдоира	قوش دايره
қӯшкарнай	قوش کرني
қӯшкунанда	قوش کننده
қӯшқорак	قوشقارک
қӯшлағад	قوش لغد
қӯшнай	قوش ني
қӯшоқ	قوشاق
қӯшпулӣ	قوش پولي
қӯшхона	قوش خانه
қӯшчӣ	قوش چي
лаб	لب
лаба	لبه
лабад	لبد
лабадор	لبدار
лабадӯзӣ	لب دوزي
лабак	لبک
лабакидӯзӣ	لبکي دوزي
лабакӣ	لبکي
лабан	لبن
лабаниёт	لبنيات
лабанӣ	لبني
лабас	لبث
лаббай	لبي
лаббайгӯён	لبي گويان
лаббайгӯӣ	لبي گوئي
лаббайгӯй	لبي گوي
лаббайк	لبيک
лаббайкзанон	لبيک زنان
лаббаргардон	لب برگردان
лаббаргашта	لب برگشته
лаббаста	لب بسته
лаббоф	لب باف
лаббофӣ	لب بافي
лабгаз	لب گز
лабгазӣ	لب گزي
лабгардон	لب گردان
лабгирд	لب گرد
лабғафс	لب غفس
лабдӯз	لب دوز
лабдӯл	لب دول
лабиб	لبيب
лабидарёӣ	لب دريايي
лабиқ	لبيق
лабиринт	لبيرينت
лабӣ	لبي
лабкашол	لب کشال
лабкаҷ	لب کج
лаблабу	لبلبو
лаблабуғундор	لبلبوغندار
лаблабуғундорӣ	لبلبوغنداري
лаблабузор	لبلبوزار
лаблабуковак	لبلبوکاوک
лаблабукор	لبلبوکار
лаблабукорак	لبلبوکارک
лаблабукорӣ	لبلبوکاري
лаблабуранг	لبلبورنگ
лаблабуфурӯш	لبلبوفروش
лаблабуфурӯшӣ	لبلبوفروشي
лаблабушӯрбо	لبلبوشوربا
лаблес	لب ليس
лаблоб	لبلاب
лаблӯла	لب لوله
лаблӯладор	لبلوله دار
лабовезон	لب آويزان
лабод	لباد
лаболаб	لبالب
лаборант	لبارنت
лаборантӣ	لبارنتي
лаборатория	لبارتاريه
лабораторӣ	لبارتاري
лабоча	لباچه
лабпар	لب پر
лабпарида	لب پريده
лабпаридагӣ	لب پريدگي
лабрез	لبريز
лабс	لبس
лабсурхкунак	لب سرخ کنک
лабсӯз	لب سوز
лабсӯхта	لب سوخته
лабтанг	لب تنگ
лабтахт	لب تخت
лабташна	لب تشنه
лабтоб	لبتاب
лабтурш	لب ترش
лабтуршӣ	لب ترشي
лабханд	لبخند
лабханда	لبخنده
лабхандак	لبخندک
лабхонӣ	لب خواني
лабхушк	لب خشک
лабчанг	لب چنگ
лабчаро	لب چرا
лабчасп	لب چسپ
лабчашак	لب چشک
лабчок	لب چاک
лабшакар	لب شکر
лабшикаста	لب شکسته
лабшон	لبشان
лабшӯйлатта	لب شوي لتّه
лабшӯр	لب شور
лав	لو
лаванд	لوند
лавандӣ	لوندي
лавандона	لوندانه
лаввас	لوس
лаввоҳ	لواح
лаввоҳӣ	لواحي
лавгӯш	لوگوش
лавед	لويد
лавз	لوز
лавзатайн	لوزتين
лавзина	لوزينه
лавзӣ	لوزي
лавм	لوم
лавн	لون
лавна	لونه
лаво	لوي
лавоеҳ	لوايح
лавозим	لوازم
лавозимот	لوازمات
лавомеъ	لوامع
лавоҳиқ	لواحيق
лавош	لواش
лавошӣ	لواشي
лавс	لوث
лавҳ	لوح
лавҳа	لوحه
лавҳакаш	لوحه کش
лавҳакашӣ	لوحه کشي
лаг	لگ
лагад	لگد
лагадандоз	لگدانداز
лагадандозӣ	لگداندازي
лагадзан	لگدزن
лагадзанӣ	لگدزني
лагадкорӣ	لگدکاري
лагадкӯб	لگدکوب
лагадкӯба	لگدکوبه
лагадкӯбӣ	لگدکوبي
лагадмол	لگدمال
лагадмолӣ	لگدمالي
лагадпарон	لگدپران
лагадпаронӣ	لگدپراني
лагадпартоӣ	لگدپرتايي
лагадхаста	لگدخسته
лагадхор	لگدخوار
лагадхӯр	لگدخور
лагадхӯранда	لگدخورنده
лаган	لگن
лаганбардор	لگن بردار
лаганбардорӣ	لگن برداري
лаганда	لگنده
лаганча	لگنچه
лагер	لگير
лаглаг	لگ لگ
лагом	لگام
лагомгусехта	لگام گسيخته
лагомгусехтагӣ	لگام گسيختگي
лағад	لغد
лағв	لغو
лағжанда	لغژنده
лағжандагӣ	لغژندگي
лағжида	لغژيده
лағҷидан	لغجيدن
лағзидан	لغزيدن
лағзиш	لغزش
лағжон	لغژان
лағжонак	لغژانک
лағз	لغز
лағзанда	لغزنده
лағзандагӣ	لغزندگي
лағзишгоҳ	لغزش گاه
лағз-лағзон	لغز لغزان
лағзон	لغزان
лағмон	لغمان
ладғ	لدغ
ладға	لدغه
ладуннӣ	لدوني
лаёқат	لياقت
лаёқатманд	لياقت مند
лаёқатмандӣ	لياقت مندي
лаёқатнок	لياقت ناک
лаёқатнокӣ	لياقت ناکي
лаёлӣ	ليالي
лаён	ليان
лазгинӣ	لزگيني
лазгӣ	لزگي
лазер	لزير
лазерӣ	لزيري
лаззат	لذّت
лаззатафзо	لذّت افزا
лаззатбахш	لذّت بخش
лаззатгир	لذّت گير
лаззатёб	لذّت ياب
лаззатёбӣ	لذّت يابي
лаззатнок	لذّت ناک
лаззатфизо	لذّت فيزا
лаззатовар	لذّت آور
лазиз	لذيذ
лазъ	لذع
лаиб	لعب
лаим	لئيم
лаимӣ	لئيمي
лаимона	لئيمانه
лаимуттабъ	لئيم الطبع
лаин	لعين
лайин	لئين
лайл	ليل
лайлак	لکلک
лайлакӣ	ليلکي
лайлатулқадр	ليلة القدر
лайлӣ	ليلي
лайло	ليلا
лайс	ليث
лак	لک
лакалак	لکلک
лакашам	لکه شم
лакдирой	لک ديراي
лакка	لکّه
лаккагирӣ	لکّه گيري
лаккадор	لکّه دار
лаклак	لکلک
лаклакбозӣ	لکلکبازي
лаклакӣ	لکلکي
лаклакхона	لکلک خانه
лакмус	لکمس
лакнат	لَکنت
лакона	لکانه
лакот	لکات
лакотӣ	لکاتي
лакҳан	لکهن
лақ	لق
лақаб	لقب
лақабгузорӣ	لقب گذاري
лақай	لقي
лақайӣ	لقيي
лақва	لقوه
лақит	لقيط
лаққа	لقّه
лаққамоҳӣ	لکقه ماهي
лаққигӣ	لقيگي
лаққида	لقيده
лаққидан	لقيدن
лаққӣ	لقي
лақлақ	لقلق
лақлақа	لق لقه
лақулуқ	لق ولق
лаллуқона	للوقانه
лалм	للم
лалмикор	للمي کار
лалмикорӣ	للمي کاري
лалмӣ	للمي
лама	لمه
ламаизм	لمه يزم
ламаркизм	لمرکيزم
лам-лум	لم لم
лампа	لمپه
лампадор	لمپه دار
лампочка	لمپاچکه
ламс	لمس
ламтур	لمتر
ламҳа	لمحه
ламъа	لمعه
ламъафишон	لمعه فشان
ламязал	لم يزل
ланг	لنگ
лангар	لنگر
лангарак	لنگرک
лангарандозӣ	لنگراندازي
лангаргоҳ	لنگرگاه
лангардор	لنگردار
лангарӣ	لنگري
лангарчӯб	لنگرچوب
лангас	لنگس
лангида	لنگيده
лангидан	لنگيدن
лангӣ	لنگي
лангок	لنگاک
лангон	لنگان
ландаҳур	لندهور
ландаҳурӣ	لندهوري
ланҷ	لنج
ланҷа	لنجه
ланҷидан	لنجيدن
ланҷӣ	لنجي
лаолӣ	لآلي
лаома	لآمه
лапар	لپر
лап-лап	لپ لپ
лаппос	لپاس
лаппасзанӣ	لپس زني
лаппида	لپيده
лаппидан	لپيدن
лаппиш	لپش
лаппӣ	لپي
лар	لر
ларз	لرز
ларза	لرزه
ларзанда	لرزنده
ларзида	لرزيده
ларзидан	لرزيدن
ларзиш	لرزش
ларз-ларзон	لرز لرزان
ларзон	لرزان
ларзонак	لرزانک
ларзонанда	لرزاننده
лас	لس
ласин	لسين
ласӣ	لسي
ласм	لثم
лат	لت
латанбон	لتنبان
латар	لتر
латбардор	لت بردار
латбардорӣ	لت برداري
латвиягӣ	لتويگي
латвӣ	لتوي
латиф	لطيف
латифа	لطيفه
латифагӯӣ	لطيفه گويي
латифагӯй	لطيفه گوي
латифанамо	لطيفه نما
латифандом	لطيف اندام
латифандомӣ	لطيف اندامي
латифбозу	لطيف بازو
латифӣ	لطيفي
латифманзар	لطيف منظر
латифпайванд	لطيف پيوند
латифсиришт	لطيف سرشت
латифтабиат	لطيفه طبيعت
латифхӯӣ	لطيف خوئي
латиш	لتيش
латишӣ	لتيشي
латма	لطمه
латоиф	لطائف
латоифулҳиял	لطائف الحيل
латофат	لطافت
латра	لتره
латта	لتّه
латтабанд	لتّه بند
латтакӯҳна	لتّه کهنه
латтапараст	لتّه پرست
латтапеч	لتّه پيچ
латтапора	لتّه پاره
латта-путта	لتّه پته
латтахор	لتّه خوار
латхора	لت خواره
латхӯрӣ	لت خوري
латхӯрда	لت خورده
латхӯрдагӣ	لت خوردگي
лафф	لف
лафет	لفت
лафз	لقظ
лафзан	لفظاً
лафзбоз	لفظ باز
лафзбозӣ	لفظ بازي
лафзӣ	لفظي
лафиф	لفيف
лафҷ	لفج
лафҷа	لفج
лафчан	لفچن
лаха	لخه
лаха-лаха	لخه لخه
лах-лах	لخ لخ
лахлаха	لخلخه
лахт	لخت
лахта	لخته
лахтак	لختک
лахташавӣ	لخته شوي
лахча	لخچه
лахчавор	لخچه وار
лахш	لخش
лахша	لخشه
лахшида	لخشيده
лахшидан	لخشيدن
лахшиш	لخشيش
лахшон	لخشان
лаҳ	له
лаҳа	لهه
лаҳаб	لهب
лаҳад	لحد
лаҳв	لهو
лаҳза	لحظه
лаҳзавӣ	لحظوي
лаҳзашуморӣ	لحظه شماري
лаҳиб	لهيب
лаҳим	لحيم
лаҳимкаш	لحيم کش
лаҳимкор	لحيم کار
лаҳимкорӣ	لحيم کاري
лаҳимхӯрда	لحيم خورده
лаҳиф	لحيف
лаҳм	لحم
лаҳмӣ	لحمي
лаҳн	لحن
лаҳнак	لحنک
лаҳф	لحف
лаҳҷа	لهجه
лаҳҷавӣ	لهجوي
лаҳҷагӣ	لهجگي
лаҳҷашинос	لهجه شناس
лаҳҷашиносӣ	لهجه شناسي
лачак	لچک
лаҷ	لج
лаҷҷ	لج
лаҷан	لجن
лаҷом	لجام
лаҷомак	لجامک
лаҷомгусаста	لجام گسسته
лаҷомгусехта	لجام گسيخته
лаҷомгусехтагӣ	لجام گسيختگي
лаҷомдӯз	لجام دوز
лаҷомзада	لجام زده
лаҷомнопазир	لجام ناپذير
лаҷоҷ	لجاج
лаҷоҷат	لجاجت
лаҷҷора	لجاره
лаш	لش
лашкар	لشکر
лашкаргоҳ	لشکرگاه
лашкарӣ	لشکري
лашкаркаш	لشکرکش
лашкаркашӣ	لشکرکشي
лашкаршикан	لشکرشکن
лашкаршиканӣ	لشکرشکني
лашкаршукуф	لشکرشکوف
лаъб	لعب
лаъбгар	لعب گر
лаъл	لعل
лаълак	لعلک
лаълваш	لعل وش
лаългар	لعل گر
лаългун	لعل گون
лаългуна	لعل گونه
лаълича	لعليچه
лаълӣ	لعلي
лаълқанд	لعل قند
лаълошом	لعلآشام
лаълфом	لعل فام
лаън	لعن
лаънат	لعنت
лаънатӣ	لعنتي
лаънаткарда	لعنت کرده
лаънатнома	لعنت نامه
левланг	ليولنگ
легалӣ	ليگلي
легион	ليگيان
лезак	ليزک
лезгин	ليزگين
лезидан	ليزيدن
лейборист	لييبارست
лейбористӣ	لييبارستي
лейкотсит	لييکاتسيت
лейтенант	لييتننت
лейтенантӣ	لييتننتي
лек	ليک
лекин	ليکن
лексика	ليکسيکه
лексикӣ	ليکسيکي
лексикография	ليکسيکاگرفيه
лексикология	ليکسيکالاگيه
лексия	ليکسيه
лектор	ليکتار
лента	لينته
лептоп	ليپتاپ
лес	ليس
лесак	ليسک
лесанда	ليسنده
лесида	لسيده
лесидан	ليسيدن
лесолес	ليساليس
летаргия	ليترگيه
лётчик	لياتچيک
либерал	ليبيرل
либерализм	لبيرليزم
либос	لباس
либосбур	لباس بر
либосбурӣ	لباس بري
либосвор	لباس وار
либосворӣ	لباس واري
либосдор	لباس دار
либосдӯз	لباس دوز
либосдӯзӣ	لباس دوزي
либоскашӣ	لباس کشي
либосқапак	لباس قپک
либосовезак	لباس آويزک
либоспӯшӣ	لباس پوشي
либосфурӯшӣ	لباس فروشي
либосхона	لباس خانه
либосшӯӣ	لباس شويي
либретто	لبريتّا
ливо	لوا
ливота	لواطه
ливотагар	لواطه گر
лига	ليگه
лигатура	ليگتوره
лиғоят	لغايت
лидер	ليدر
лижа	ليژه
лижаронӣ	ليژه راني
лижатоз	ليژه تاز
лижатозӣ	ليژه تازي
ликёр	لکيار
ликкас	لکّس
ликкондан	ليکاندن
ликлик	ليک ليک
лик-лик	لک لک
лиқ	لق
лиққа	لقّه
лиққида	لقّيده
лиққидан	لقّيدن
лиққонак	لقّانک
лиққондан	ليقّاندن
лиқ-лиқ	لق لق
лиқо	لقا
лимиё	ليميا
лимит	لميت
лимонад	ليماند
лимӯ	ليم
лимӯгиёҳ	ليموگياه
лимӯзор	ليموزار
лимӯпарвар	ليموپرور
лимӯпарварӣ	ليموپروري
лимӯранг	ليمورنگ
лимӯхона	ليموخانه
линг	لنگ
линга	لنگه
лингвистика	لينگويستيکه
лингдароз	لينگ دراز
лингзанӣ	لينگ زني
лингофон	لينگافان
лингча	لنگچه
линза	لينزه
линолеум	لينالئوم
линотип	ليناتيپ
линтер	لينتير
лип-лип	لپ لپ
лира	ليره
лиризм	ليرزيم
лирика	ليريکه
лирикӣ	ليريکي
лисон	لسان
лисонулғайб	لسان الغيب
литвагӣ	لتوگي
литвонӣ	لتواني
литография	لتاگرفيه
литр	ليتر
литсей	لتسيي
литсензия	لتسينزيه
лиф	ليف
лифа	ليفه
лифдор	لف دار
лифзанӣ	لف زني
лифӣ	ليفي
лифкаду	ليفکدو
лифофа	لفافه
лифофанок	ليفافه ناک
лифт	ليفت
лифтбон	ليفت بان
лиҳоз	لحاظ
лиҳозо	لهذا
лиҳоф	لحاف
лиҳя	لحيه
ло	لا
лой	لاي
лоақал	لااقل
лоба	لابه
лобагар	لابه گر
лобагарӣ	لابه گري
лобакунон	لابه کنان
лобудд	لابد
лобуддан	لابد اً
лобуддӣ	لابدي
ловидан	لاويدن
логарифм	لاگريفم
логарифмӣ	لاگريفمي
лоғ	لاغ
лоғар	لاغر
лоғарандом	لاغراندام
лоғарандомӣ	لاغراندامي
лоғарбадан	لاغربدن
лоғарзамин	لاغرزمين
лоғарӣ	لاغري
лоғармиён	لاغرميان
лоғарниҳод	لاغرنهاد
лоғартан	لاغرتن
лоғарҷусса	لاغر جثه
лод	لاد
лода	لاده
лоеҳ	لايح
ложа	لاژه
ложвард	لاژورد
лозим	لازم
лозима	لازمه
лозимият	لازميت
лозимӣ	لازمي
лозол	لازال
лоидан	لائيدن
лоиқ	لايق
лоилоҷ	لاعلاج
лоиҳа	لايحه
лоиҳавӣ	لايحوي
лоиҳакаш	لايحه کش
лоиҳакашӣ	لايحه کشي
лоиҳасоз	لايحه ساز
лоиҳасозӣ	لايحه سازي
лоӣ	لايي
лойбозӣ	لاي بازي
лойгар	لاي گر
лойгарӣ	لاي گري
лойдон	لا ي دان
лойин	لايين
лойкаш	لاي کش
лойкорӣ	لاي کاري
лойқа	لايقه
лойқадор	لايقه دار
лойқазор	لايقه زار
лойолуд	لاي آلود
лойомоч	لاي آماچ
лойфишон	لاي فشان
лойхобонӣ	لا ي خاباني
лойхона	لاي خانه
лойхӯрак	لاي خورک
лойшакар	لاي شکر
локатор	لاکتار
локдор	لاک دار
локзада	لاک زده
локзанӣ	لاک زني
локин	لاکين
локӣ	لاکي
локомотив	لاکاماتيو
локпушт	لاک پشت
локхӯрда	لاک خورده
лоқ	لاق
лоқайд	لاقيد
лоқайдӣ	لاقيدي
лоқайдона	لاقدانه
лол	لال
лола	لاله
лолавор	لاله وار
лолагун	لاله گون
лолазор	لاله زار
лолакаҳак	لاله کهک
лоланг	لالنگ
лолаосо	لاله آسا
лолапӯш	لاله پوش
лоларанг	لاله رنگ
лоларух	لاله رخ
лоларухсор	لاله رخسار
лоларӯй	لاله روي
лоласон	لاله سان
лолахасак	لاله خسک
лолачинӣ	لاله چيني
лолӣ	لالي
лолмонӣ	لال ماني
лоло	لالا
лолоӣ	لالايي
лом	لام
лома	لامه
ломазҳаб	لامذهب
ломазҳабӣ	لامذهبي
ломакон	لامکان
ломаконӣ	لامکاني
ломбард	لا م برد
ломеа	لامعه
ломеъ	لامع
ломиса	لامسه
ломия	لاميه
лона	لانه
лонасозӣ	لانه سازي
лорд	لارد
лос	لاس
лот	لات
лотерея	لاتيريه
лотинӣ	لاتيني
лотинонидан	لاتينانيدن
лото	لاتا
лоубол	لاابال
лоуболӣ	لاابالي
лоуболона	لاابالانه
лоф	لاف
лофакӣ	لافکي
лофзан	لاف زن
лофзанӣ	لاف زني
лофидан	لافيدن
-лох	لاخ
лоҳавла	لاحول
лоҳаз	لاهز
лоҳазӣ	لاهزي
лоҳӣ	لاهي
лоҳут	لاهوت
лоҳутӣ	لاهوتي
лочин	لاچين
лочинвор	لاچين وار
лочира	لاچيره
лочор	لاچار
лоҷавоб	لاجواب
лоҷарам	لاجرم
лоҷувард	لاجورد
лоҷувардӣ	لاجوردي
лоҷуръа	لاجرعه
лош	لاش
лоша	لاشه
лошайъ	لاشئ
лошакк	لاشک
лошарик	لاشريک
лошахар	لاشه خر
лошахор	لاشه خوار
лошахӯр	لاشه خور
лошӣ	لاشي
лоязол	لايزال
лоямут	لايموت
лоянқатеъ	لاينقطع
лояном	لاينام
лояфут	لايفوت
лояҷуз	لايجوز
лояъқил	لايعقل
лояънӣ	لايعني
лубб	لب
луб-луч	لب لچ
луб-лучак	لب لچک
лубоб	لباب
лубод	لباد
луғавӣ	لغوي
луғат	لغت
луғатдон	لغت دان
луғатнавис	لغت نويس
луғатнависӣ	لغت نويسي
луғатнома	لغت نامه
луғатсоз	لغت ساز
луғатсозӣ	لغت سازي
луғатшинос	لغت شناس
луғатшиносӣ	لغت شناسي
луғз	لغز
луғот	لغات
лузум	لزم
лузумот	لزمات
лукна	لکنه
лукук	لکوک
луқ	لق
луқата	لقطه
луқма	لقمه
луқмадиҳӣ	لقمه دهي
луқмапартоӣ	لقمه پرتاي
лунҷ	لنج
луоб	لعاب
луобдиҳӣ	لعاب دهي
лут	لوت
лутӣ	لوطي
лутф	لطف
лутфан	لطفاً
лутфомез	لطف آميز
лутхӯр	لوت خور
лухсида	لوخسيده
лухсидан	لوخسيدن
лухт	لخت
лухтак	لختک
лухтакбоз	لختک باز
лухтакбозӣ	لختک بازي
лухтакӣ	لختکي
лухтакмонанд	لختک مانند
луҳумат	لحومت
луч	لوچ
лучак	لوچک
лучӣ	لوچي
луччак	لوچک
луҷҷа	لجه
луш	لوش
лӯбиё	لوبيا
лӯбиёӣ	لوبيايي
лӯбиёшӯрак	لوبياشورک
лӯб-лӯнда	لوب لونده
лӯк	لوک
лӯкидон	لوکيدان
лӯкка	لوکّه
лӯккида	لوکّيده
лӯккидан	لوکّيدن
лӯккос	لوکّاس
лӯк-лӯк	لوک لوک
лӯл	لول
лӯла	لوله
лӯлаболишт	لوله بالشت
лӯлаболор	لوله بالار
лӯлакабоб	لوله کباب
лӯлапеч	لوله پيچ
лӯлашакл	لوله شکل
лӯлибача	لوله بچه
лӯливаш	لولي واش
лӯлигарӣ	لولي گري
лӯлигӣ	لوليگي
лӯлидухтар	لولي دختر
лӯлизан	لولي زن
лӯлӣ	لولي
лӯнгидор	لونگي دار
лӯнгӣ	لونگي
лӯнда	لونده
лӯндасар	لونده سر
лӯндахӯҷа	لونده خوجه
лӯндача	لوندچه
лӯндашакл	لونده شکل
лӯндаяк	لونديک
лӯндаякак	لونده يکک
лӯра	لوره
лӯс	لوس
лӯсона	لوسانه
лӯттибоз	لوطّي باز
лӯттибозӣ	لوطّي بازي
лӯттӣ	لوطّي
лӯш	لوش
лӯъбат	لعبت
лӯъбатак	لعبتک
лӯъбатбоз	لعبت باز
лӯъбатбозӣ	لعبت بازي
лӯълӯ	لؤلو
лӯълӯъ	لؤلؤ
лӯълӯъбанд	لؤلؤبند
лӯълӯъсанҷ	لؤلؤسنج
лӯъм	لؤم
люк	ليوک
люкс	ليوکس
ма	مه
ма-	مَ
маа	مع
маазолика	مع ذالک
маак	معک
маалқисса	مع القصه
мааттаассуф	مع التأسف
мааҳозо	مع هذا
мабаррат	مبرة
мабдаъ	مبدأ
мабзул	مبذول
маблағ	مبلغ
маблағгузор	مبلغ گذار
маблағгузорӣ	مبلغ گذاري
маблағғундорӣ	مبلغ غنداري
маблағҷудокунӣ	مبلغ جداکني
мабнӣ	مبني
мабно	مبنا
мабод	مباد
мабодо	مبادا
маболиғ	مبالغ
мабоҳис	مباحث
мабраз	مبرز
мабрус	مبروص
мабсут	مبسوط
мабҳас	مبحث
мабҳут	مبهوت
мабҳутӣ	مبهوتي
маваддат	مودت
маввоҷ	مواج
мавз	موض
мавзеъ	موضع
мавзун	موزون
мавзунӣ	موزوني
мавзунқад	موزون قد
мавзунқомат	موزون قامت
мавзӯӣ	موضوعي
мавзӯъ	موضوع
мавиз	مويز
мавизак	مويزک
мавиздор	مويزدار
мавкиб	موکب
мавқеъ	موقع
мавқеъшинос	موقع شناس
мавқиф	موقف
мавқуф	موقوف
мавқуфот	موقوفات
мавлавия	مولويه
мавлавӣ	مولوي
мавлид	مولد
мавлозода	مولي زاده
мавлоно	مولانا
мавлуд	مولود
маводд	مواد
маволид	موالد
маволӣ	موالي
мавонеъ	موانع
маворис	موارث
мавот	موات
мавоҷиб	مواجب
маврид	مورد
мавридношинос	موردناشناس
маврус	موروث
маврусӣ	موروثي
мавсим	موسم
мавсима	موسمه
мавсимӣ	موسمي
мавсул	موصول
мавсум	موسوم
мавсуф	موصوف
мавт	موت
мавҳум	موهوم
мавҳумот	موهومات
мавҳумотпараст	موهومات پرست
мавҳумотпарастӣ	موهومات پرستي
мавҷ	موج
мавҷа	موجه
мавҷак	موجک
мавҷангез	موج انگيز
мавҷбор	موج بار
мавҷбур	موج بر
мавҷвор	موج وار
мавҷгардон	موج گردان
мавҷгир	موج گير
мавҷдор	موج دار
мавҷзан	موج زن
мавҷзанӣ	موج زني
мавҷзанон	موج زنان
мавҷиб	موجب
мавҷмонанд	موج مانند
мавҷнок	موج ناک
мавҷрез	موج ريز
мавҷсавор	موج سوار
мавҷсаворӣ	موج سواري
мавҷсанҷ	موج سنج
мавҷуд	موجود
мавҷуда	موجوده
мавҷудият	موجوديت
мавҷудӣ	موجودي
мавҷудот	موجودات
мавҷхез	موج خيز
мавҷхезӣ	موج خيزي
мавҷшикан	موج شکن
мавъид	موعد
мавъиза	موعظه
мавъуд	موعود
магазин	مگزين
магар	مگر
магас	مگس
магасафшон	مگس افشان
магасвор	مگس وار
магасӣ	مگسي
магаскуш	مگس کش
магаспаррон	مگس پران
магаспарронӣ	مگس پراني
магасрон	مگس ران
магасронӣ	مگس راني
магистр	مگيستر
магистрал	مگيسترل
магистралӣ	مگيسترلي
магистратура	مگيسترتوره
магма	مگمه
магнезия	مگنيزيه
магнетизм	مگنيتيزم
магний	مگنيي
магнит	مگنيت
магнитӣ	مگنيتي
магнитофон	مگنيتافان
магнитсанҷ	مگنيت سنج
магнолия	مگناليه
мағ	مغ
мағал	مغل
мағалгоҳ	مغل گاه
мағбун	مغبون
мағелон	مغيلان
мағз	مغز
мағздор	مغزدار
мағзидан	مغزيدن
мағзидор	مغزي دار
мағзидӯзӣ	مغزي دوزي
мағзигузорӣ	مغزي گذاري
мағзин	مغزين
мағзӣ	مغزي
мағзоба	مغزآبه
мағзпӯшида	مغز پوشيده
мағзшӯӣ	مغزشوئي
мағзуб	مغزوب
мағлата	مغلطه
мағлуб	مغلوب
мағлуба	مغلوبه
мағлубият	مغلوبيت
мағлубӣ	مغلوبي
мағлубнашаванда	مغلوب نشونده
мағлубнашавандагӣ	مغلوب نشوندگي
мағлубнопазир	مغلوب ناپذير
мағлубнопазирӣ	مغلوب ناپذيري
маглубшаванда	مغلوب شونده
мағлубшавандагӣ	مغلوب شوندگي
мағлул	مغلول
мағмум	مغموم
мағмумона	مغمومانه
мағоза	مغازه
мағозадор	مغازه دار
мағок	مغاک
мағокӣ	مغاکي
мағор	مغار
мағоранишин	مغاره نشين
мағорбаста	مغار بسته
мағос	مغاص
мағриб	مغرب
мағрибзамин	مغرب زمين
мағрибӣ	مغربي
мағрибпараст	مغرب پرست
мағрибрӯя	مغرب رويه
мағрур	مغرور
мағрурӣ	مغروري
мағрурона	مغرورانه
мағсул	مغسول
мағфират	مغفرت
мағфур	مغفور
мағшуш	مغشوش
мадд	مد
мадад	مدد
мададгор	مددگار
мададгорӣ	مددگاري
мададмаош	مددمعاش
мададпурсӣ	مددپرسي
мададрасон	مددرسان
мададрасонӣ	مددرساني
мададхоҳ	مددخواه
мададхоҳӣ	مددخواهي
мададҷӯӣ	مددجويي
мададҷӯй	مددجوي
маданг	مدنگ
маданият	مدنيت
маданиятнок	مدنيت ناک
маданиятнокӣ	مدنيت ناکي
маданӣ	مدني
мадар	مدر
мадда	مده
маддоҳ	مداح
маддоҳӣ	مداحي
мадеҳа	مديجه
мадид	مديد
мадина	مدينه
мадқуқ	مدقوق
мадоеҳ	مدايح
мадоин	مدائن
мадон	مدان
мадор	مدار
мадорис	مدارس
мадорӣ	مداري
мадоро	مدارا
мадохил	مداخل
мадрак	مدرک
мадраса	مدرسه
мадрасадида	مدرسه ديده
мадрасахон	مدرسه خوان
мадфан	مدفن
мадфун	مدفون
мадфӯъ	مدفوع
мадхал	مدخل
мадҳ	مدح
мадҳгар	مدح گر
мадҳгӯй	مدح گوي
мадҳгӯӣ	مدح گوئي
мадҳия	مدحيه
мадҳиягӯӣ	مدحيه گوئي
мадҳиягӯй	مدحيه گوي
мадҳиянавис	مدحيه نويس
мадҳиянависӣ	مدحيه نويسي
мадҳиясаро	مدحيه سرا
мадҳиясароӣ	مدحيه سرائي
мадҳияхон	مدحيه خوان
мадҳияхонӣ	مدحيه خواني
мадҳнавис	مدح نويس
мадҳнависӣ	مدح نويسي
мадҳуш	مدهوش
мадҳушвор	مدهوش وار
мадҳушӣ	مدهوشي
мадҳушкунанда	مدهوش کننده
мадҳхон	مدح خوان
мадҳхонӣ	مدح خواني
мадюн	مديون
маёмин	ميامن
маж	مژ
мажор	مژار
маза	مزه
мазадор	مزه دار
мазакунон	مزه کنان
мазаллат	مذلّت
мазаммат	مذمت
мазамматомез	مذمت آميز
мазанг	مزنگ
мазанна	مظنه
мазанок	مزه ناک
мазаррат	مضرت
мазахӯрак	مزه خورک
мазбала	مزبله
мазбаҳ	مذبح
мазбур	مزبور
мазбут	مضبوط
мазбӯҳ	مذبوح
мазбӯҳона	مذبوحانه
мазид	مزيد
мазидан	مزيدن
мазият	مذيت
мазкур	مذکور
мазлима	مظلمه
мазлум	مظلوم
мазмаза	مزمزه
мазмум	مذموم
мазмун	مضمون
мазмунан	مضموناً
мазмундор	مضمون دار
мазнун	مظنون
мазод	مزاد
мазоё	مزايا
мазоқ	مذاق
мазомин	مضامن
мазор	مزار
мазоргузашта	مزارگذشته
мазореъ	مزارع
мазористон	مزارستان
мазоҳ	مزاح
мазоҳиб	مذاهب
мазоҳкор	مزاحکار
мазраа	مزرعه
мазраъ	مزرع
мазриб	مضرب
мазруб	مضروب
мазруф	مظروف
мазрӯъ	مزروع
мазут	مزوت
мазутолуд	مزوت آلود
мазҳаб	مذهب
мазҳабӣ	مذهبي
мазҳабпараст	مذهب پرست
мазҳабпарастӣ	مذهب پرستي
мазҳака	مضحکه
мазҳакавӣ	مضحکوي
мазҳаканавис	مضحکه نويس
мазҳаканависӣ	مضحکه نويسي
мазҳар	مظهر
маиб	معيب
маин	معين
маишат	معيشت
маишатдӯст	معيشت دوست
маишатпараст	معيشت پرست
маишатпарастӣ	معيشت پرستي
маишӣ	معيشي
маийят	معيت
май	مي
майгар	مي گر
майгун	مي گون
майгунӣ	مي گوني
майгусор	مي گسار
майгусорӣ	مي گساري
майда	ميده
майдаавбошӣ	ميده اوباشي
майдабарг	ميده برگ
майдабоз	ميده باز
майдаборон	ميده باران
майдабофӣ	ميده بافي
майдабофт	ميده بافت
майдагап	ميده گپ
майдагапӣ	ميده گپي
майдагул	ميده گل
майдакор	ميده کار
майдакорӣ	ميده کاري
майдакосиб	ميده کاسب
майдакосибӣ	ميده کاسبي
майдақутр	ميده قطر
майдалаганда	ميده لگنده
майдамиллат	ميده ملّت
майданавис	ميده نويس
майданависӣ	ميده نويسي
майданақш	ميده نقش
майдасавдогар	ميده سوداگر
майдасолор	ميده سالار
майдасудхӯрӣ	ميده سودخوري
майдафурӯш	ميده فروش
майдафурӯшӣ	ميده فروشي
майдаҳунарманд	ميده هنرمند
майдаҳунармандӣ	ميده هنرمندي
майда-чайда	ميده چيده
майдачорводор	ميده چاروادار
майда-чуйда	ميده چيده
майдачуйдафурӯшӣ	ميده چيده فروشي
майдашудгор	ميده شدگار
майдеҳ	مي ده
майдон	ميدان
майдонгурез	ميدان گريز
майдонғариб	ميدان غريب
майдондида	ميدان ديده
майдондор	ميدان دار
майдондорӣ	ميدان داري
майдонгаҳ	ميدان گه
майдонгоҳ	ميدان گاه
майдонӣ	ميداني
майдонтоз	ميدان تاز
майдонча	ميدانچه
майзада	ميزده
майзадагӣ	ميزدگي
майзар	ميزر
майиз	مييز
майистон	ميستان
майит	ميت
майкада	ميکده
майкаш	ميکش
майкашӣ	ميکشي
майл	ميل
майлаш	ميلش
майлон	ميلان
майлончӣ	ميلانچي
маймана	ميمنه
майманат	ميمنت
маймун	ميمون
маймунак	ميمونک
маймунбоз	ميمون باز
маймунбозӣ	ميمون بازي
маймунӣ	ميموني
майна	مينه
майнавор	مينه وار
майнагӣ	مينگي
майнагудоз	مينه گداز
майнасӯз	مينه سوز
майнача	مينچه
майнӯш	مينوش
майнӯшӣ	مينوشي
майонез	ميانيز
майор	ميار
майпаймо	مي پيما
майпараст	مي پرست
майпарастӣ	مي پرستي
майса	ميسه
майсавсан	مي سوسن
майсазор	ميسه زار
майсара	ميسره
майсур	ميسور
майфурӯш	مي فروش
майфурӯшӣ	مي فروشي
майхона	مي خانه
майхор	مي خوار
майхора	مي خواره
майхорагӣ	مي خوارگي
майхӯр	مي خور
майхӯрӣ	مي خوري
мак	مک
макака	مککه
макарон	مکران
макаронпалав	مکران پلو
макет	مکيت
макетсоз	مکيت ساز
макида	مکيده
макидан	مکيدن
макиданӣ	مکيدني
макин	مکين
макка	مکّه
маккатуллоҳ	مکةالله
маккаҷуворӣ	مکّه جواري
маккор	مکّار
маккорӣ	مکّاري
маккорона	مکّارانه
макмана	مکمنه
макнун	مکنون
макон	مکان
маконёбӣ	مکان يابي
маконнамо	مکان نما
маку	مکو
макотиб	مکاتب
макр	مکر
макрандеш	مکر انديش
макраҳа	مکرهه
макромез	مکرآميز
макрӯҳ	مکروه
макс	مکث
максимум	مکسيموم
максур	مکسور
мактаб	مکتب
мактаббача	مکتب بچه
мактабдор	مکتب دار
мактабдорӣ	مکتب داري
мактабӣ	مکتبي
мактабрав	مکتب رو
мактабравӣ	مکتب روي
мактабхон	مکتب خوان
мактабхона	مکتب خانه
мактабхонӣ	مکتب خواني
мактуб	مکتوب
мактубан	مکتوباً
мактубӣ	مکتوبي
мактубнавис	مکتوب نويس
мактубнависӣ	مکتوب نويسي
мактубча	مکتوبچه
макфуф	مکفوف
макҳул	مکحول
макшуф	مکشوف
мақарр	مقر
мақбара	مقبره
мақбуз	مقبوض
мақбул	مقبول
мақдам	مقدم
мақдур	مقدور
мақлуб	مقلوب
мақодир	مقادر
мақол	مقال
мақола	مقاله
мақоланавис	مقاله نويس
мақоланависӣ	مقاله نويسي
мақом	مقام
мақомот	مقامات
мақосид	مقاصد
мақотеъ	مقاطع
мақрун	مقرون
мақсад	مقصد
мақсаднок	مقصدناک
мақсаднокӣ	مقصد ناکي
мақсуд	مقصود
мақсум	مقسوم
мақсур	مقصور
мақсура	مقصوره
мақтал	مقتل
мақтаъ	مقطع
мақтул	مقتول
мақтӯъ	مقطوع
мақула	مقوله
мақҳур	مقهور
мақъад	مقعد
малак	ملک
малака	ملکه
малакадор	ملکه دار
малакулмавт	ملک الموت
малакут	ملکوت
малакхӯӣ	ملکخوئي
малакхӯй	ملکخوي
маланг	ملنگ
малах	ملخ
малахак	ملخک
малбас	ملبس
малбус	ملبوس
малеҳ	مليح
малеҳбаён	مليح بيان
малеҳдидор	مليح ديدار
малзум	ملزوم
малик	ملک
малика	ملکه
маликабону	ملکه بانو
маликзода	ملک زاده
маликситой	ملک ستاي
маликуларш	ملک العرش
маликулкалом	ملک الکلام
маликушшуаро	ملک الشعرا
малла	ملّه
маллагӣ	ملّگي
малламӯй	ملّه موي
малларанг	ملّه رنگ
маллариш	ملًه ريش
маллатоб	ملّه تاب
маллок	ملاک
маллоҳ	ملاح
маллоҳӣ	ملاحي
малол	ملال
малолат	ملالت
малолангез	ملال انگيز
малолатбор	ملالت بار
малоловар	ملال آور
маломат	ملامت
маломатгар	ملامت گر
маломатдида	ملامت ديده
маломатгӯй	ملامت گوي
маломаткаш	ملامت کش
маломатомез	ملامت آميز
малоҳат	ملاحت
малоҳӣ	ملاهي
малул	ملول
малулӣ	ملولي
малулона	ملولانه
малфуф	ملفوف
малҳам	ملهم
малҳо	ملهي
малҳуз	ملحوظ
малҳуф	ملهوف
малҷо	ملجا
малъаба	ملعبه
малъун	ملعون
мамарр	ممر
мамдуд	ممدود
мамдуда	ممدوده
мамдӯҳ	ممدوح
мамзуҷ	ممزوج
мамлакат	مملکت
мамлакатдорӣ	مملکتداري
мамлу	مملو
мамлук	مملوک
мамнун	ممنون
мамнуният	ممنونيت
мамнунона	ممنونانه
мамнӯъ	ممنوع
мамнӯъгоҳ	ممنوع گاه
мамолик	ممالک
мамониат	ممانعت
мамонт	ممانت
мамот	ممات
ман	من
мана	منه
манак	منک
манаҳ	منه
манаҳзанӣ	منه زني
манбаъ	منبع
манг	منگ
мангана	منگنه
мангидан	منگيدن
мангула	منگله
манго	منگا
манғит	منغيت
манғития	منغيتيه
-манд	مند
мандал	مندل
мандат	مندت
мандатӣ	مندتي
манекен	منکين
манёвр	منياور
манзар	منظر
манзара	منظره
манзаравӣ	منظروي
манзаранигор	منظره نگار
манзаргаҳ	منظر گه
манзаргоҳ	منظر گاه
манзил	منزل
манзилгаҳ	منزلگه
манзилгоҳ	منزلگاه
манзилӣ	منزلي
манзум	منظوم
манзума	منظومه
манзуманавис	منظومه نويس
манзур	منظور
манисак	منيسک
манифест	منيفست
маниш	منش
манӣ	مني
манкуб	منکوب
манкус	منکوس
манкӯҳа	منکوحه
манқа	منقه
манқабат	منقبت
манқал	منقل
манқалдон	منقل دان
манқул	منقول
манқурт	منقورت
манқуртият	منقورتيت
манқуртӣ	منقورتي
манқуш	منقوش
манманӣ	منمني
маннон	منّان
манноъ	منّاع
манобеъ	منابع
манозил	منازل
маноқиб	مناقب
маноқибнавис	مناقب نويس
маноқибнома	مناقب نامه
манол	منال
маном	منام
манометр	منامتر
манор	منار
манора	مناره
манорадор	مناره دار
манорӣ	مناري
маноршакл	منار شکل
манос	مناص
маносиб	مناصب
манот	منات
манотиқ	مناطق
манофеъ	منافع
мансаб	منصب
мансабгирӣ	منصب گيري
мансабдор	منصب دار
мансабдӯст	منصب دوست
мансабдӯстӣ	منصب دوستي
мансабӣ	منصبي
мансабпараст	منصب پرست
мансабпарастӣ	منصب پرستي
мансабталош	منصب تلاش
мансабталошӣ	منصب تلاشي
мансабҷӯӣ	منصب جوئي
мансабҷӯй	منصب جوي
мансуб	منسوب
мансуба	منسوبه
мансубият	منسوبيت
мансур	منثور
мансус	منصوص
мансух	منسوخ
мансуҷ	منسوج
мантиқ	منطق
мантиқан	منطقاً
мантиқдор	منطق دار
мантиқӣ	منطقي
мантиқуттайр	منطق الطير
манту	منتو
манут	منوط
мануфактура	منوفکتوره
манфаат	منفعت
манфаз	منفذ
манфиат	منفعت
манфиатбахш	منفعت بخش
манфиатдор	منفعتدار
манфиатнок	منفعت ناک
манфиатовар	منفعت آور
манфиатпараст	منفعت پرست
манфиатпарастӣ	منفعت پرستي
манфиатрасон	منفعت رسان
манфиатхоҳ	منفعت خواه
манфиатҷӯӣ	منفعت جوئي
манфиатҷӯй	منفعت جوي
манфӣ	منفي
манфур	منفور
манҳал	منهل
манҳаҷ	منهج
манҳиёт	منهيات
манҳийят	منهية
манҳӣ	منهي
манҳул	منحول
манҳус	منحوس
манҷак	منجک
манҷалақӣ	منجلقي
манҷаниқ	منجنيق
манҷаниқандоз	منجنيق انداز
манҷуқ	منجوق
манша	منشه
маншаталаб	منشه طلب
маншаъ	منشأ
маншур	منشور
манъ	منع
маоб	مآن
маод	معاد
маодин	معادن
маоз	معاذ
маозаллоҳ	معاذالله
маол	مآن
маонисаро	معاني سرا
маонӣ	معاني
маориф	معارف
маорифдӯст	معارف دوست
маорифдӯстӣ	معارف دوستي
маорифпарвар	معارف پرور
маорифпарварӣ	معارف پروري
муоф	معاف
маоф	معاف
маош	معاش
маошхӯр	معاشخور
мар	مرّ
мараз	مرض
маразсӯз	مرض سوز
мараммат	مرمت
марас	مرس
марафонӣ	مرفاني
марахша	مرخشه
марбит	مربط
марбат	مربط
марбаъ	مربع
марбут	مربوط
марбута	مربوطه
марвазӣ	مروزي
марвак	مروک
марвӣ	مروي
марворид	مرواريد
марворидак	مرواريدک
марворидкорӣ	مرواريدکاري
марг	مرگ
маргандеш	مرگ انديش
маргандешӣ	مرگ انديشي
маргарин	مرگرين
маргбор	مرگ بار
маргвор	مرگ وار
маргдору	مرگ دارو
маргзо	مرگ زا
маргимуш	مرگ موش
маргоба	مرگ آبه
марговар	مرگ آور
маргомарг	مرگامرگ
маргомаргӣ	مرگامرگي
маргосо	مرگ آسا
маргофарин	مرگ آفرين
маргпарастӣ	مرگ پرستي
маргхонӣ	مرگ خواني
марғ	مرغ
марғазан	مرغه زن
марғазӣ	مرغزي
марғзор	مرغزار
марғзорӣ	مرغزاري
марғуб	مرغوب
марғуз	مرغوز
марғузӣ	مرغوزي
марғузор	مرغزار
марғӯла	مرغوله
марғӯладор	مرغوله دار
марғӯламӯй	مرغوله موي
мард	مرد
мардак	مردک
мардафкан	مردافکن
мардбандӣ	مردبندي
мардвор	مردوار
мардгирон	مردگران
мардигарӣ	مردي گري
мардикор	مردکار
мардикоргир	مردکارگير
мардикоргирӣ	مردکارگيري
мардикорӣ	مردکاري
мардина	مردينه
мардистон	مردستان
мардӣ	مردي
мардозмой	مردآزماي
мардона	مردانه
мардонавор	مردانه وار
мардонагӣ	مردانگي
мардонадӯз	مردانه دوز
мардонапӯш	مردانه پوش
мардонарав	مردانه رو
мардписанд	مردپسند
мардранг	مردرنگ
мардсифат	مردصفت
мардсолор	مردسالار
мардсолорӣ	مردسالاري
мардуд	مردود
мардум	مردم
мардумак	مردمک
мардумбезор	مردم بيزار
мардумбезорӣ	مردم بيزاري
мардумваш	مردم وش
мардумгазой	مردم گزاي
мардумгиёҳ	مردم گياه
мардумгурез	مردم گريز
мардумгурезӣ	مردم گريزي
мардумдар	مردم در
мардумдор	مردم دار
мардумдорӣ	مردم داري
мардумдӯст	مردم دوست
мардумдӯстӣ	مردم دوستي
мардумзод	مردم زاد
мардумзода	مردم زاده
мардумӣ	مردمي
мардумкуш	مردم کش
мардумкушӣ	مردم کشي
мардумнавоз	مردم نواز
мардумнавозӣ	مردم نوازي
мардумнишин	مردم نشين
мардумозор	مردم آزار
мардумозорӣ	مردم آزاري
мардумомез	مردم آميز
мардумомезӣ	مردم آميزي
мардумписанд	مردم پسند
мардумситонӣ	مردم ستاني
мардумсолор	مردم سالار
мардумсолорӣ	مردم سالاري
мардумсолорона	مردم سالارانه
мардумсор	مردم سار
мардумфиреб	مردم فريب
мардумфиребӣ	مردم فريبي
мардумхор	مردم خوار
мардумхӯр	مردم خور
мардумхӯрӣ	مردم خوري
мардумшинос	مردم شناس
мардумшиносӣ	مردم شناسي
марз	مرز
марза	مرزه
марзаған	مرزه غن
марзакаш	مرزه کش
марзакашӣ	مرزه کشي
марзангӯш	مرزنگوش
марзанҷӯш	مرزنجوش
марзбандӣ	مرزبندي
марзбон	مرزبان
марзбонӣ	مرزباني
марздор	مرزدار
марздорӣ	مرزداري
марзӣ	مرزي
марзнишин	مرزنشين
марзубум	مرزوبوم
марзшикан	مرزشکن
марзшиканӣ	مرزشکني
мариз	مريض
маризӣ	مريضي
марка	مرکه
маркаб	مرکب
маркабсавор	مرکب سوار
маркабсаворӣ	مرکب سواري
марказ	مرکز
марказгаро	مرکزگرا
марказгароӣ	مرکزگرايي
марказгурез	مرکزگريز
марказият	مرکزيت
марказӣ	مرکزي
марказонидан	مرکزانيدن
марказонидашуда	مرکزانيده شده
марказонӣ	مرکزاني
марказрав	مرکزرو
марказшитоб	مرکز شتاب
маркетинг	مرکتينگ
маркиз	مرکز
маркизет	مرکزيت
марксизм	مرکسيزم
марксист	مرکسيست
марксистӣ	مرکسيستي
марқад	مرقد
марқум	مرقوم
мармалод	مرملاد
мармар	مرمر
мармарак	مرمرک
мармарин	مرمرين
мармарӣ	مرمري
мармармонанд	مرمرمانند
мармартарош	مرمرتراش
мармартарошӣ	مرمرتراشي
мармаршакл	مرمرشکل
мармуз	مرموز
марокиз	مراکز
мароқ	مراق
мароқангез	مراق انگيز
мароқнок	مراق ناک
мароқовар	مراق آور
маром	مرام
маромнома	مرامنامه
марорат	مرارت
маросим	مراسم
маросимӣ	مراسمي
мароҳил	مراحل
марра	مرّه
марсия	مرثيه
марсиягӯӣ	مرثيه گوئي
марсиягӯй	مرثيه گوي
марсиясарой	مرثيه سراي
марсиясароӣ	مرثيه سرائي
марсияхон	مرثيه خوان
марсияхонӣ	مرثيه خواني
марсум	مرسوم
март	مرت
мартаба	مرتبه
мартенӣ	مرتيني
мартӣ	مرتي
мартуб	مرطوب
марфӯъ	مرفوع
марҳабо	مرحبا
марҳила	مرحله
марҳала	مرحله
марҳалавӣ	مرحلوي
марҳам	مرهم
марҳамат	مرحمت
марҳилабандӣ	مرحله بندي
марҳиладор	مرحله دار
марҳум	مرحوم
марҳума	مرحومه
марҳун	مرهون
марҷаъ	مرجع
марҷон	مرجان
марҷонӣ	مرجاني
марҷумак	مرجومک
марҷӯъ	مرجوع
марш	مرش
маршал	مرشل
маршрут	مرشروت
масал	مثل
масалан	مثلاً
масалнавис	مثل نويس
масаррат	مسرّت
масарратбахш	مسرّت بخش
масбуқ	مسبوق
масдар	مصدر
масдуд	مسدود
масеҳо	مسيحا
масеҳият	مسيحيت
масеҳӣ	مسيحي
масеҳодам	مسيحادم
масеҳонафас	مسيحانفس
масир	مسير
маска	مسکه
маскавӣ	مسکوي
маскан	مسکن
масканат	مسکنت
маскарад	مسکرد
маскук	مسکوک
маскун	مسکون
масқул	مصقول
маслак	مسلک
маслакгумкарда	مسلک گمکرده
маслакфурӯш	مسلک فروش
маслах	مسلخ
маслиҳат	مصلحت
маслиҳатандеш	مصلحت انديش
маслиҳатбин	مصلحت بين
маслиҳатгар	مصلحتگر
маслиҳатгирӣ	مصلحت گيري
маслиҳатгузор	مصلحت گذار
маслиҳатдид	مصلحت ديد
маслиҳатдиҳанда	مصلحت دهنده
маслиҳатӣ	مصلحتي
маслиҳатомез	مصلحت آميز
маслиҳатомезона	مصلحت آميزانه
маслиҳатошӣ	مصلحت آشي
маслиҳатхона	مصلحت خانه
маслиҳатхоҳ	مصلحت خواه
маслиҳатхоҳӣ	مصلحت خواهي
маслиҳатчӣ	مصلحت چي
маслиҳатшунав	مصلحت شنو
маслуб	مسلوب
маслук	مسلوک
маслуқ	مسلوق
маслух	مسلوخ
масмум	مسموم
масмӯъ	مسموع
маснавихон	مثنوي خوان
маснавӣ	مثنوي
маснавихонӣ	مثنوي خواني
маснад	مسند
маснаднишин	مسندنشين
маснаднишинӣ	مسندنشيني
маснуот	مصنوعات
маснӯӣ	مصنوعي
маснӯъ	مصنوع
масоба	مثابه
масоиб	مصائب
масоил	مسائل
масокин	مساکن
масолеҳ	مصالح
масолеҳсанҷӣ	مصالح سنجي
масолеҳшиносӣ	مصالح شناسي
масолик	مسالک
масом	مسام
масона	مثانه
масориф	مصارف
масоф	مصاف
масофасанҷ	مسافه سنج
масофгоҳ	مصافگاه
масофозмуда	مصاف آزموده
масоҷид	مساجد
масраф	مصرف
масрур	مسرور
масрурона	مسرورانه
масруф	مصروف
масруфият	مصروفيت
масрӯъ	مصروع
массоҳ	مساح
маст	مست
мастаба	مصطبه
мастак	مستک
маствор	مست وار
мастигарӣ	مستيگري
мастӣ	مستي
масткунанда	مست کننده
мастоба	مستابه
мастомаст	مستامست
мастона	مستانه
мастур	مستور
мастура	مستوره
мастурӣ	مستوري
масубат	مثوبت
масун	مصون
масуният	مصونيت
масуниятшиносӣ	مصونيت شناسي
масх	مسخ
масхара	مسخره
масхарабоз	مسخره باز
масхарабозӣ	مسخره بازي
масхарагӣ	مسخرگي
масхараомез	مسخره آميز
масхараомезона	مسخره آميزانه
масҳ	مسح
масҳгар	مسحگر
масҳидӯз	مسحي دوز
масҳидӯзӣ	مسحي دوزي
масҳифурӯш	مسحي فروش
масҳифурӯшӣ	مسحي فروشي
масҳӣ	مسحي
масҷид	مسجد
масҷуд	مسجود
масъала	مسئله
масъалагузорӣ	مسئله گزاري
масъаладор	مسئله دار
масъалазо	مسئله زا
масъалаомӯз	مسئله آموز
масъаласоз	مسئله ساز
масъалаталошӣ	مسئله تلاشي
масъуд	مسعود
масъул	مسئول
масъулият	مسئوليت
масъулиятнок	مسئوليت ناک
масъулиятнокӣ	مسئوليت ناکي
масъулиятшинос	مسئوليت شناس
масъулиятшиносӣ	مسئوليت شناسي
матал	متل
матбаа	مطبعه
матбах	مطبخ
матбахӣ	مطبخي
матбуот	مطبوعات
матбӯъ	مطبوع
математик	متيمتيک
математика	متيمتيکه
материализм	متريئليزم
материалист	متريئليست
материалистӣ	متريئليستي
материя	متريه
матин	متين
матинирода	متين اراده
матинӣ	متيني
матинҷ	متينج
матир	مطير
матлаб	مطلب
матлаъ	مطلع
матлуб	مطلوب
матлубот	مطلوبات
матлуботчӣ	مطلوباتچي
матмаҳ	مطمح
матмаъ	مطمع
матмура	مطموره
матмуранишин	مطموره نشين
матмуранишон	مطموره نشان
матн	متن
матнхонӣ	متن خواني
матншинос	متن شناس
матншиносӣ	متن شناسي
матолиб	مطالب
матонат	متانت
матор	مطار
матоъ	متاع
матоъбоф	متاع باف
матоъбофӣ	متاع بافي
матраҳ	مطرح
матрук	متروک
матрукот	متروکات
матъун	مطعون
маузер	مئوزر
маунат	مؤنت
мафия	مفيه
мафкура	مفکوره
мафкуравӣ	مفکوروي
мафқуд	مفقود
мафлук	مفلوک
мафлуҷ	مفلوج
мафосид	مفاسد
мафосил	مفاصل
мафотеҳ	مفاتيح
мафраш	مفرش
мафруз	مفروز
мафрузот	مفروضات
мафруш	مفروش
мафсада	مفسده
мафсил	مفصل
мафтул	مفتول
мафтун	مفتون
мафтунӣ	مفتوني
мафтункунанда	مفتون کننده
мафтӯҳ	مفتوح
мафхар	مفخر
мафҳум	مفهوم
мафъул	مفعول
махав	مخو
махавӣ	مخوي
махавкоса	مخوکاسه
махавхона	مخوخانه
махдум	مخدوم
махзан	مخزن
махлас	مخلص
махлуқ	مخلوق
махлут	مخلوط
махлутӣ	مخلوطي
махмал	مخمل
махмалак	مخملک
махмалбоф	مخمل باف
махмалбофӣ	مخمل بافي
махмалин	مخملين
махмалӣ	مخملي
махмалнамо	مخمل نما
махмалпӯш	مخمل پوش
махмаса	مخمصه
махмур	مخمور
махмурӣ	مخموري
махмурсор	مخمورسار
махозин	مخازن
махориҷ	مخارج
махраҷ	مخرج
махруб	مخروب
махрут	مخروط
махрутишакл	مخروطي شکل
махрутӣ	مخروطي
махрутшакл	مخروط شکل
махсум	مخسوم
махсус	مخصوص
махсусан	مخصوصاً
махсусгардонида	مخصوص گردانيده
махсусгардонӣ	مخصوص گرداني
махсусият	مخصوصيت
махтум	مختوم
махуф	مخوف
махфиёна	مخفيانه
махфӣ	مخفي
маҳ	مه
маҳак	محک
маҳалл	محل
маҳалбоз	محل باز
маҳалбозӣ	محل بازي
маҳалгаро	محل گرا
маҳалгароӣ	محل گرايي
маҳалдон	محل دان
маҳалла	محله
маҳаллатӣ	محلتي
маҳаллидӯхт	محلي دوخت
маҳаллӣ	محلي
маҳалпараст	محل پرست
маҳалпарастӣ	محل پرستي
маҳбас	محبس
маҳбасӣ	محبسي
маҳбуб	محبوب
маҳбуба	محبوبه
маҳбубият	محبوبيت
маҳбус	محبوس
маҳбусӣ	محبوسي
маҳбусхона	محبوس خانه
маҳв	محو
маҳваш	مهوش
маҳд	مهد
маҳдуд	محدود
маҳдуда	محدوده
маҳдудихтисос	محدود اختصاص
маҳдудият	محدوديت
маҳдудкунанда	محدود کننده
маҳдудкунӣ	محدودکني
маҳдудназарӣ	محدودنظري
маҳз	محض
маҳзар	محضر
маҳзун	محزون
маҳзунӣ	محزوني
маҳзунона	محزونانه
маҳзур	محذور
маҳил	مهيل
маҳин	مهين
маҳиннах	مهين نخ
маҳинпашм	مهين پشم
маҳкам	محکم
маҳкама	محکمه
маҳкамӣ	محکمي
маҳкамшавӣ	محکمشوي
маҳкамирода	محکم اراده
маҳкамэътиқод	محکم اعتقاد
маҳкум	محکوم
маҳкумият	محکوميت
маҳкумӣ	محکومي
маҳкумшуда	محکوم شده
маҳл	مهل
маҳлак	مهلک
маҳлака	مهلکه
маҳлиқо	مه لقا
маҳлул	محلول
маҳмаддоно	محمدانا
маҳмаддоноӣ	محمدانائي
маҳманзар	مه منظر
маҳмез	مهميز
маҳмил	محمل
маҳмилкаш	محمل کش
маҳмуд	محمود
маҳмул	محمول
маҳобат	مهابت
маҳобатнок	مهابت ناک
маҳол	محال
маҳор	مهار
маҳорат	مهارت
маҳоратнокӣ	مهارت ناکي
маҳорим	محارم
маҳосин	محاسن
маҳофил	محافل
маҳпайкар	مه پيکر
маҳпараст	مه پرست
маҳр	مهر
маҳрам	محرم
маҳрамбача	محرم بچه
маҳрамӣ	محرمي
маҳрамона	محرمانه
маҳрампеша	محرم پيشه
маҳрамясавул	محرم يسول
маҳрона	مهرانه
маҳрум	محروم
маҳрумият	محروميت
маҳрумӣ	محرومي
маҳрус	محروس
маҳрух	مه روخ
маҳрӯ	مه رو
маҳсӣ	محسي
маҳсуб	محسوب
маҳсул	محصول
маҳсулнокӣ	محصول ناکي
маҳсулот	محصولات
маҳсулотбарорӣ	محصولات براري
маҳсулотсупорӣ	محصولات سپاري
маҳсур	محصور
маҳсус	محسوس
маҳталъат	مه طلعت
маҳтоб	مهتاب
маҳтобӣ	مهتابي
маҳтобшаб	مهتاب شب
маҳфил	محفل
маҳфилоро	محفل آرا
маҳфуз	محفوظ
маҳҷабин	مهجبين
маҳҷуб	محجوب
маҳҷур	مهجور
маҳҷурӣ	مهجوري
маҳшар	محشر
маҷақ	مجق
маҷалла	مجله
маҷарг	مجرگ
маҷасс	مجس
маҷбул	مجبول
маҷбур	مجبور
маҷбуран	مجبوراً
маҷбурият	مجبوريت
маҷбурӣ	مجبوري
маҷд	مجد
маҷзуб	مجذوب
маҷид	مجيد
маҷлис	مجلس
маҷлисафрӯз	مجلس افروز
маҷлисбозӣ	مجلس بازي
маҷлисгоҳ	مجلس گاه
маҷлисӣ	مجلسي
маҷлисқимоб	مجلس قماب
маҷлиснишин	مجلس نشين
маҷлисоро	مجلس آرا
маҷмаа	مجمعه
маҷмаъ	مجمع
маҷмӯа	مجموعه
маҷмӯан	مجموعاً
маҷмӯъ	مجموع
маҷнун	مجنون
маҷнунбед	مجنون بيد
маҷнунвор	مجنون وار
маҷоз	مجاز
маҷозан	مجازاً
маҷозӣ	مجازي
маҷол	مجال
маҷолис	مجالس
маҷомеъ	مجامع
маҷор	مجار
маҷорӣ	مجاري
маҷрӯҳ	مجروح
маҷрӯҳӣ	مجروحي
маҷус	مجوس
маҷусӣ	مجوسي
маҷҳул	مجهول
маҷҷонан	مجاناً
маҷҷонӣ	مجاني
машаққат	مشقّت
машаққатнок	مشقّت ناک
машаққатовар	مشقّت آور
машварат	مشورت
машваратгоҳ	مشورت گاه
машваратӣ	مشورتي
машваратхона	مشورت خانه
машваратчӣ	مشورتچي
машғала	مشغله
машғул	مشغول
машғулият	مشغوليت
машғулӣ	مشغولي
машиб	مشيب
машима	مشيمه
машият	مشيت
машина	مشينه
машй	مشي
машк	مشک
машкоб	مشکاب
машкобӣ	مشکابي
машкук	مشکوک
машқ	مشق
машқгоҳ	مشق گاه
машқдида	مشق ديده
машқдиҳанда	مشق دهنده
машқӣ	مشقي
машқкарда	مشق کرده
машмаша	مشمشه
машмум	مشموم
машоих	مشايخ
машом	مشام
машоҳир	مشاهير
машраб	مشرب
машраба	مشربه
машриқ	مشرق
машриқзамин	مشرق زمين
машриқӣ	مشرقي
машруб	مشروب
машрубот	مشروبات
машруботфурӯш	مشروبات فروش
машруботфурӯшӣ	مشروبات فروشي
машрут	مشروط
машрута	مشروطه
машрутавӣ	مشروطوي
машрутаталаб	مشروطه طلب
машрутаталабӣ	مشروطه طلبي
машрутахоҳ	مشروطه خواه
машрутахоҳӣ	مشروطه خواهي
машрутият	مشروطيت
машрӯҳ	مشروح
машрӯъ	مشروع
маштут	مشتوت
машҳад	مشهد
машҳуд	مشهود
машҳун	مشحون
машҳур	مشهور
машшоия	مشائيه
машшоқ	مشّاق
машшоқӣ	مشّاقي
машшота	مشّاطه
машшоъ	مشّاء
машъал	مشعل
машъалафрӯз	مشعل افروز
машъалафрӯзӣ	مشعل افروزي
машъалбар	مشعل بر
машъалдор	مشعل دار
машъум	مشعوم
машъуф	مشعوف
маъбада	معبده
маъбара	معبره
маъбуд	معبود
маъвогаҳ	مأو اگه
маъвогоҳ	مأو اگاه
маъдан	معدن
маъдангудозӣ	معدن گدازي
маъдандор	معدن دار
маъданиёт	معدنيات
маъданӣ	معدني
маъданкан	معدن کن
маъданканӣ	معدن کني
маъданшинос	معدن شناس
маъданшиносӣ	معدن شناسي
маъдуд	معدود
маъдум	معدوم
маъзарат	معذرت
маъзаратхоҳӣ	معذرت خواهي
маъзул	معزول
маъзур	معذور
маъкус	معکوس
маъқул	معقول
маълул	معلول
маълум	معلوم
маълумот	معلومات
маълумотдиҳӣ	معلومات دهي
маълумотдор	معلومات دار
маълумотнок	معلوماتناک
маълумотнома	معلومات نامه
маъман	مأمن
маъмул	مأمول
маъмулӣ	معمولي
маъмун	مأمون
маъмур	مأمور
маъмурият	مأموريت
маъмурӣ	مأموري
маънавиёт	معنويات
маънавӣ	معنوي
маънан	معناً
маънидод	معنيداد
маънидор	معنيدار
маънидорона	معنيدارانه
маънӣ	معني
маъноӣ	معنائي
маънус	مأنوس
маъраз	معرض
маърака	معرکه
маъракагирӣ	معرکه گيري
маъраказеб	معرکه زيب
маъракаоро	معرکه آرا
маърифат	معرفت
маърифатбезор	معرفت بيزار
маърифатдӯст	معرفت دوست
маърифатӣ	معرفتي
маърифатнок	معرفت ناک
маърифатнокӣ	معرفت ناکي
маърифатпазирӣ	معرفت پذيري
маърифатпарвар	معرفت پرور
маърифатпарварӣ	معرفت پروري
маъруз	معروض
маъруф	معروف
маърӯза	معروضه
маърӯзакунанда	معروضه کننده
маърӯзачӣ	معروضه چي
маъсият	معصيت
маъсум	معصوم
маъсума	معصومه
маъсумӣ	معصومي
маъсумона	معصومانه
маътал	معطل
маъталӣ	معطلي
маътуф	معطوف
маъфув	معفو
маъхаз	مأخذ
маъхазшиносӣ	مأخذشناسي
маъхуз	مأخوذ
маъҳуд	معهود
маъҷун	معجون
маъшар	معشر
маъшуқ	معشوق
маъшуқа	معشوقه
маъшуқабозӣ	معشوقه بازي
маъшуқӣ	معشوقي
маъюб	معيوب
маъюс	مأيوس
маюсӣ	مأيوسي
маъюсона	مأيوسانه
мебел	ميبيل
мебелсоз	ميبيل ساز
мебелсозӣ	مبل سازي
мебелфурӯшӣ	ميبيل فروشي
мебоист	مي بايست
мева	ميوه
мевағундорӣ	ميوه غنداري
мевадиҳанда	ميوه دهنده
мевадор	ميوه دار
мевазор	ميوه زار
меваовар	ميوه آور
мевапаз	ميوه پز
мевапарварӣ	ميوه پروري
мевафурӯш	ميوه فروش
мевафурӯшӣ	ميوه فروشي
мевахушккунак	ميوه خشک کنک
мевахушконӣ	ميوه خشکاني
мевачинӣ	ميوه چيني
меваҷот	ميوه جات
мегаватт	مگه وت
мегафон	مگه فان
меғ	ميغ
меғолуд	ميغ آلود
медал	مدل
медалдор	مدلدار
медуза	مدوزه
мезак	ميزک
мезакдон	ميزک دان
мезидан	ميزيدن
мезозой	مزازاي
мелиоратсия	مليارتسيه
милод	ميلاد
мелод	ميلاد
мелодрама	ملادرمه
милодӣ	ميلادي
мелодӣ	ميلادي
мембрана	ممبرنه
менеҷер	منجير
менеҷмент	منجمنت
менингит	مننگيت
меншевизм	منشويزم
меншевик	منشويک
мену	مينو
меод	ميعاد
мерган	مرگن
меридиан	مريديئن
меринос	ميريناس
мерос	ميراث
меросбар	ميراث بر
меросбарӣ	ميراث بري
меросгир	ميراث گير
меросгузор	ميراث گذار
меросдеҳ	ميراث ده
меросдиҳанда	ميراث دهنده
меросӣ	ميراثي
меросхӯр	ميراث خور
меросхӯрӣ	ميراث خوري
металл	ميتلّ
металлография	ميتلاگرفيه
металлургия	ميتلورگيه
металлургӣ	ميتلّورگي
метан	ميتن
метафизик	ميته فزيک
метафизика	ميته فزيکه
метеор	ميتيار
метеорит	ميتياريت
метеоритӣ	ميتياريتي
метеорология	ميتيارالاگيه
метил	ميتيل
метилӣ	ميتيلي
метин	ميتين
метод	ميتاد
методика	ميتاديکه
методист	ميتاديست
методӣ	ميتادي
методология	ميتادالاگيه
методологӣ	ميتادالاگي
метр	متر
метраж	مترژ
метрӣ	متري
метро	ميترا
метрополитен	ميتراپاليتن
мех	ميخ
мехак	ميخک
механизатор	ميخنيزتار
механизаторӣ	ميخنيزتاري
механизатсия	ميخنيزتسيه
механизм	ميخنيزم
механик	ميخنيک
механика	ميخنيکه
механикӣ	ميخنيکي
механиконидан	ميخنيکانيدن
механиконӣ	ميخنيکاني
механитсизм	ميخنيتسيزم
мехгардон	ميخ گردان
мехӣ	ميخي
мехкашак	ميخ کشک
мехкӯб	ميخ کوب
мехкӯбӣ	ميخ کوبي
мехпарч	ميخ پرچ
мехпарчин	ميخ پرچين
мехсоз	ميخ ساز
мехсозӣ	ميخ سازي
мехсутун	ميخ ستون
мехча	ميخچه
мехчагул	ميخچه گل
мехчакорӣ	ميخچه کاري
мехчаобак	ميخچه آبک
мехчӯб	ميخ چوب
меҳ	مه
меҳан	ميهن
меҳандӯст	ميهن دوست
меҳандӯстӣ	ميهن دوستي
меҳанӣ	ميهني
меҳанпараст	ميهن پرست
меҳанпарастӣ	ميهن پرستي
меҳанфурӯш	ميهن فروش
меҳанфурӯшӣ	ميهن فروشي
меҳбара	محبره
меҳвар	محور
меҳварӣ	محوري
меҳзор	مهذار
меҳин	مهين
меҳлаб	محلب
меҳмоз	مهماز
меҳмонак	مهمانک
меҳмонгурез	مهمان گريز
меҳмондор	مهمان دار
меҳмондорӣ	مهمان داري
меҳмондӯст	مهمان دوست
меҳмондӯстӣ	مهمان دوستي
меҳмонӣ	مهماني
меҳмонкада	مهمان کده
меҳмоннавоз	مهمان نواز
меҳмоннавозӣ	مهمان نوازي
меҳмоннавозона	مهمان نوازانه
меҳмонпазир	مهمان پذير
меҳмонхона	مهمان خانه
меҳнат	محنت
меҳнатгурез	محنت گريز
меҳнатгурезӣ	محنت گريزي
меҳнатдӯст	محنت دوست
меҳнатдӯстӣ	محنت دوستي
меҳнатӣ	محنتي
меҳнаткаш	محنت کش
меҳнаткӯфта	محنت کوفته
меҳнатқарин	محنت قرين
меҳнатобод	محنت آباد
меҳнатрасон	محنت رسان
меҳнатрӯзӣ	محنت روزي
меҳнатсаро	محنت سرا
меҳнатталаб	محنت طلب
меҳнатшиносӣ	محنت شناسي
меҳр	مهر
меҳрангез	مهر انگيز
меҳрбор	مهر بار
меҳрвар	مهر ور
меҳрварз	مهر ورز
меҳрварзӣ	مهر ورزي
меҳргиёҳ	مهر گياه
меҳргон	مهر گان
меҳргонӣ	مهرگاني
меҳргусил	مهر گسيل
меҳрдавлат	مهردولت
меҳрӣ	مهري
меҳркор	مهر کار
меҳрмоҳ	مهرماه
меҳрнома	مهرنامه
меҳроб	محراب
меҳромез	مهرآميز
меҳрофарин	مهر آفرين
меҳрпайванд	مهرپيوند
меҳрпарвар	مهر پرور
меҳрпараст	مهرپرست
меҳрпарастӣ	مهر پرستي
меҳрсоз	مهر ساز
меҳрсон	مهرسان
меҳрубон	مهربان
меҳрубонӣ	مهرباني
меҳрубонона	مهربانانه
меҳтар	مهتر
меҳтарзода	مهترزاده
меҳтарӣ	مهتري
меҳтарнажод	مهترنژاد
меҳтаройин	مهترآئين
меҳтарпараст	مهترپرست
меҳҷама	محجمه
меҳҷан	محجن
меш	ميش
мешигар	ميشي گر
мешигӣ	ميشيگي
мешӣ	ميشي
мешсор	ميش سار
мешчашм	ميش چشم
меъда	معده
меъёр	معيار
меъёрӣ	معياري
меъзана	مئذنه
меъзар	مئزر
меълоқ	معلاق
меъмор	معمار
меъморӣ	معماري
меъроҷ	معراج
меъҷар	معجر
миғфар	مغفر
мидод	مداد
мидҳат	مدحت
миён	ميان
миёна	ميانه
миёнабур	مينه بر
миёнавазн	ميانه وزن
миёнагир	ميانه گير
миёнагӣ	ميانگي
миёнагӯшт	ميانه گوشت
миёнадаро	ميانه درا
миёнадаҳлез	ميانه دهليز
миёнадевор	ميانه ديوار
миёнақад	ميانه قد
миёнамуддат	ميانه مدت
миёнамӯҳлат	ميانه مهلت
миёнапарвоз	ميانه پرواز
миёнарав	ميانه رو
миёнаравак	ميانه روک
миёнаравӣ	ميانه روي
миёнасол	ميانه سال
миёнаумр	ميانه عمر
миёнаҳол	ميانه حال
миёнаҳолона	ميانه حالانه
миёнаҷой	ميانه جاي
миёнбанд	ميان بند
миёнбандӣ	ميان بندي
миёнбаст	ميان بست
миёнғу	ميان غو
миёндард	ميان درد
миёндарӣ	ميان دري
миёндаштӣ	ميان دشتي
миёндорӣ	ميان داري
миёнколӣ	ميان کالي
миёнсарой	ميان سراي
миёнсол	ميان سال
миёнсӯрох	ميان سوراخ
миёнтиҳӣ	ميان تهي
миёнхолӣ	ميان خالي
миёнҷигарӣ	ميان جگري
миёнҷӣ	ميانجي
миёнҷой	ميانجاي
миёнҷудо	ميان جدا
миёншикан	ميان شکن
миёншикоф	ميان شکاف
мижа	مژه
мижазанӣ	مژه زني
мижгон	مژگان
мижгондароз	مژگان دراز
миз	ميز
мизалла	مظلّه
мизалладор	مظلّه دار
мизбон	ميزبان
мизбонӣ	ميزباني
мизмор	مزمار
мизоб	ميزآب
мизон	ميزان
мизоҷ	مزاج
мизоҷдон	مزاج دان
мизроб	مضراب
мизроқ	مزراق
мизча	ميزچه
мийя	ميه
микнос	مکناس
микология	ميکالاگيه
микроавтобус	ميکرااوتابوس
микроаносир	ميکراعناصر
микроб	ميکراب
микробиология	ميکرابئالاگيه
микробиологӣ	ميکرابئالاگي
микробӣ	ميکرابي
микрозарра	ميکراذره
микроиқлим	ميکرالقليم
микромавҷ	ميکراموج
микрометр	ميکرامتر
микрон	ميکران
микроорганизм	ميکراآرگنيزم
микроскоп	ميکراسکاپ
микроскопӣ	ميکراسکاپي
микрофилм	ميکرافيلم
микрофон	ميکرافان
миқвад	مقود
миқдор	مقدار
миқдоран	مقداراً
миқдорӣ	مقداري
миқёс	مقياس
миқноъ	مقناع
миқнотис	مقناطس
миқнотисӣ	مقناطسي
миқот	ميقات
миқраа	مقرعه
миқроз	مقراض
миқроза	مقراضه
миқтаъ	مقطع
мил	ميل
мила	ميله
милал	ملل
милвоҳ	ملواح
милдароз	ميل دراز
милиса	مليسه
милисахона	مليسه خانه
милитаризатсия	ميليتريزتسيه
милитаризм	ميليتريزم
милитаристӣ	ميليتريستي
милитсионер	مليتسئانير
милитсия	مليتسيه
милк	ملک
милкак	ملکک
милкдор	ملکدار
миллат	ملت
миллатгаро	ملت گرا
миллатгароӣ	ملت گرايي
миллатпараст	ملت پرست
миллатпарастӣ	ملت پرستي
миллатчигӣ	ملت چيگي
миллатчӣ	ملت چي
миллиард	ميلّيئرد
миллиардер	ميلّيئردير
миллиграмм	ميليگرم
миллиметр	ميليمتر
миллиметрӣ	ميليمتري
миллион	ميليئان
миллионер	ميليئانر
миллишакл	ملي شکل
миллият	مليت
миллӣ	ملّي
милмилак	ململک
милов	ميلاو
миловия	ميلاويه
милок	ملاک
милтиқ	ملتق
милтиқандозӣ	ملتق اندازي
милтиқдор	ملتق دار
милтиқнок	ملتق ناک
милтиқпарронӣ	ملتيق پرّاني
милтиқсоз	ملتق ساز
милтиқсозӣ	ملتق سازي
милт-милт	ملت ملت
милт-милткунон	ملت ملتکنان
милчӯб	ميل چوب
милҳ	ملح
мим	ميم
мимоза	ميمازه
мин	من
мина	مينه
минаандоз	مينه انداز
минаафкан	مينه افکن
минагузор	مينه گذار
минагузорӣ	مينه گذاري
минасса	منصه
минаҷӯяк	مينه جويک
минбар	منبر
минбаъд	من بعد
минбаъда	من بعده
минвол	منوال
мингбошӣ	منگ باشي
минерал	مينيرل
минералӣ	مينيرلي
минералогия	مينيرلاگيه
минимум	مينيموم
минқалой	منقلاي
минқор	منقار
минқоргоҳ	منقارگاه
минқош	منقاش
миннат	منت
миннатбардор	منت بردار
миннатгузорӣ	منت گذاري
миннатдор	منت دار
миннатдорӣ	منت داري
миннатдорона	منت دارانه
миннатпазир	منت پذير
миннатпазирӣ	منت پذيري
мино	مينا
минобон	مينا بان
миногар	مينا گر
миногун	ميناگون
миноӣ	مينايي
минокорӣ	ميناکاري
миномёт	ميناميات
миномётчӣ	مينامياتچي
минор	مينار
миноранг	مينا رنگ
минофом	مينا فام
минтақа	منطقه
минтақавӣ	منطقه وي
минтақатулбуруҷ	منطقة البروج
мину	مينو
минфах	منفخ
минҳат	منحت
минҳоҷ	منهاج
мунчоқ	منچاق
минчоқ	منچاق
минҷал	منجل
минҷумла	من جمله
миншафа	منشفه
миод	ميعاد
миодгоҳ	ميعاد گاه
миокард	ميئاکرد
миокардит	ميئاکرديت
мир	مير
мира	ميره
мирваҳа	مروحه
мирғазаб	ميرغضب
мирзо	ميرزا
мирзобошӣ	ميرز اباشي
мирзодикак	ميرزادکک
мирзохона	ميرز اخانه
миримушон	ميرموشان
мириҳазор	ميرهزار
миришикор	ميرشکار
мирӣ	ميري
миркан	مرکن
мироб	ميراب
миробӣ	ميرابي
мирохур	ميرآخور
миррих	مريخ
миррихнабард	مريخ نبرد
мирсод	مرصاد
мирсот	مرسات
мирук	ميروک
мирфақ	مرفق
мирҷал	مرجل
миршаб	ميرشب
миршабхона	ميرشب خانه
миршикор	ميرشکار
миршикорӣ	ميرشکاري
миръот	مرآت
мис	مس
мисбор	مسبار
мисбоҳ	مصباح
мисвок	مسواک
мисгар	مس گر
мисгарӣ	مس گري
мисгудоз	مس گداز
мисгудозӣ	مس گدازي
мисдоқ	مصداق
мисин	مسين
мисина	مسينه
мисинакӯбӣ	مسينه کوبي
мисӣ	مسي
мискин	مسکين
мискинӣ	مسکيني
мискиннавозӣ	مسکين نوازي
мискинхона	مسکين خانه
мискулоҳ	مس کلاه
мисқаб	مثقب
мисқал	مصقل
мисқол	مثقال
мисқолӣ	مثقالي
мисл	مثل
мисмор	مسمار
мисоқ	ميثاق
мисол	مثال
мисос	مساس
мисоҳат	مساحت
мисоҳатгар	مساحت گر
миср	مصر
мисранг	مس رنگ
мисраъ	مصرع
мисрӣ	مصري
мисрон	مسران
миссионер	ميسيانر
мистар	مسطر
мистика	ميستيکه
митинг	ميتينگ
митқол	متقال
митқолӣ	متقالي
митрад	مطرد
митрақа	مطرقه
митрон	مطران
митрона	مطرانه
митта	متّه
митҳан	مطحن
митҳара	مطهره
мифзол	مفضال
мифлок	مفلاک
мифология	ميفالاگيه
мифтоҳ	مفتاح
михлаб	مخلب
михнақа	مخنقه
михрақа	مخرقه
миҳан	ميهن
миҳаффа	محفه
миҷа	مجه
миҷанн	مجن
миҷарра	مجره
миҷгон	مجگان
миҷинг	مجينگ
миҷмар	مجمر
миҷморуқ	مجماروق
мишкот	مشکات
миш-миш	مش مش
мишҷаб	مشجب
мияв-мияв	ميو ميو
мо	ما
мо-	ما
мобайн	مابين
мобайнӣ	مابيني
моваро	ماوراء
мовароуннаҳрӣ	ماوراءالنهري
мовуманӣ	ماومني
мовут	ماوت
моғ	ماغ
мода	ماده
модабуз	ماده بز
модагов	ماده گاو
модагург	ماده گرگ
модандар	ماداندر
модар	مادر
модарак	مادرک
модарандар	مادراندر
модарарӯс	مادرعروس
модарбахато	مادربه خطا
модарбахатоӣ	مادربه خطايي
модарбезор	مادربيزار
модарбузург	مادربزرگ
модарвор	مادروار
модарзан	مادرزن
модарзод	مادرزاد
модарзодӣ	مادرزادي
модарӣ	مادري
модаркалон	مادرکلان
модармурда	مادرمرده
модаровард	مادرآورد
модарона	مادرانه
модарсаг	مادرسگ
модарсолорӣ	مادرسالاري
модархонда	مادرخوانده
модархудо	مادرخدا
модаршавҳар	مادرشوهر
модаршаҳр	مادرشهر
модаршоҳӣ	مادرشاهي
модаршӯй	مادر شوي
модасаг	ماده سگ
модахар	ماده خر
модашер	ماده شير
модда	ماده
моддигароӣ	مادي گرائي
моддиюн	ماديون
моддият	ماديت
моддӣ	مادي
модел	مادل
моделсоз	مادل ساز
моделсозӣ	مادل سازي
модернизм	مادرنيزم
модеҳ	مادح
модиён	ماديان
модина	مادينه
модом	مادام
модул	مادول
моеӣ	مايعي
моеъ	مايع
моз	ماز
мозӣ	ماضي
мозода	مازاده
мозу	مازو
моида	مائده
моиндар	مايندر
моӣ	مايي
мок	ماک
мокиён	ماکيان
моку	ماکو
моқабл	ماقبل
моқут	ماقوت
мол	مال
мола	ماله
молакашӣ	ماله کشي
молак-молак	مالک مالک
молакунӣ	ماله کني
моландӯз	مال اندوز
молгиранда	مال گيرنده
молгузор	مال گذار
молгузорӣ	مال گذاري
молғундорӣ	مال غنداري
молдор	مال دار
молдорӣ	مال داري
молдӯст	مال دوست
молекула	ماليکوله
молекулавӣ	ماليکولوي
молекулӣ	ماليکولي
молибден	ماليبدن
молида	ماليده
молидан	ماليدن
молиданӣ	ماليدني
молиёт	ماليات
молик	مالک
моликият	مالکيت
моликиятпараст	مالکيت پرست
моликиятпарастӣ	مالکيت پرستي
моликӣ	مالکي
моликона	مالکانه
молимардумхӯр	مال مردم خور
молимардумхӯрӣ	مال مردم خوري
молихулиё	ماليخوليا
молиш	مالش
молишгар	مالش گر
молишдеҳ	مالش ده
молия	ماليه
молиявӣ	ماليوي
молият	ماليت
молӣ	مالي
молокалом	مالاکلام
моломол	مالامال
молон	مالان
молондан	مالاندن
молпараст	مال پرست
молпарастӣ	مال پرستي
молпарвар	مال پرور
молпарварӣ	مال پروري
молфурӯш	مال فروش
молфурӯшӣ	مال فروشي
молхарӣ	مال خري
молхона	مال خانه
молҷаллоб	مال جلاب
молҷаллобӣ	مال جلابي
молшинос	مال شناس
молшиносӣ	مال شناسي
мом	مام
мома	مامه
момак	مامک
момирон	ماميران
момо	ماما
момогул	ماماگل
момодоя	مامادايه
момодоягӣ	مامادايگي
момоӣ	مامائي
момоҷурғотак	ماماجرغاتک
момроз	مامراز
мон	مان
монавӣ	مانوي
монавикирдор	مانوي کردار
монанд	مانند
монандӣ	مانندي
монархизм	مانرخيزم
монархист	مانرخيست
монархия	مانرخيه
монда	مانده
мондагӣ	ماند گي
мондагор	ماندگار
мондагорӣ	ماندگاري
мондакунанда	مانده کننده
мондан	ماندن
монданӣ	ماندني
мондашавӣ	مانده شوي
мондашуда	مانده شده
монеа	مانعه
монеӣ	مانعي
монеъ	مانع
монида	مانيده
монидан	مانيدن
монизм	مانيزم
мониқалам	ماني قلم
монист	مانيست
монистан	مانستن
монистӣ	مانيستي
монитор	مانيتار
мония	مانيه
моно	مانا
монограмма	ماناگرمه
монолог	مانالاگ
монондан	ماناندن
монополизм	ماناپاليزم
монополист	ماناپاليست
монополистӣ	ماناپاليستي
монополия	ماناپاليه
монотеизм	ماناتئيزم
монтаж	مانتژ
монугир	مان وگير
монументалӣ	مانومينتلي
мор	مار
моратория	مارتاريه
морафсо	مار افسا
морафсоӣ	مار افسايي
морбача	ماربچه
морбоз	مارباز
морбозӣ	ماربازي
морвор	ماروار
морг	مارگ
моргаз	مارگز
моргазида	مارگزيده
моргиёҳ	مارگياه
моргир	مارگير
морж	مارژ
морзабон	مارزبان
морзада	مارزده
морид	مارد
моридӣ	ماردي
мориспанд	ماراسپند
морисфанд	ماراسفند
мористон	مارستان
мормонанд	مارمانند
мормоҳӣ	مارماهي
морпеч	مارپيچ
морсарҳо	مارسرها
морсор	مارسار
морфема	مارفيمه
морфий	مارفيي
морфология	مارفالاگيه
морфологӣ	مارفالاگي
морхӯр	مارخور
морчӯба	مارچوبه
мос	ماس
моса	ماسه
мосабодӣ	ماسه بادي
мосасанг	ماسه سنگ
мосазор	ماسه زار
мосиво	ماسوا
мосидан	ماسيدن
мосон	ماسان
мост	ماست
мот	مات
мотам	ماتم
мотамбор	ماتم بار
мотамдор	ماتم دار
мотамдорӣ	ماتم داري
мотамзада	ماتم زده
мотамӣ	ماتمي
мотамкада	ماتم کده
мотамсаро	ماتم سرا
мотамхона	ماتم خانه
мотор	ماتار
мотордор	ماتار دار
моторсозӣ	ماتارسازي
мотороллер	ماتارالّير
мототсикл	ماتاتسيکل
мототсиклрон	ماتاتسيکل ران
мототсиклронӣ	ماتاتسيکل راني
мототсиклсавор	ماتاتسيکل سوار
мотхона	مات خانه
мофавқ	مافوق
мофавқуттабиат	مافوق الطبيعت
мофот	مافات
мох	ماخ
моҳазар	ماحضر
моҳасал	ماحصل
моҳваш	ماه وش
моҳвор	ماهوار
моҳвора	ماهواره
моҳвораӣ	ماهوار يي
моҳгард	ماه گرد
моҳдармиён	ماه درميان
моҳибирён	ماهي بريان
моҳигир	ماهي گير
моҳигирӣ	ماهي گيري
моҳидон	ماهي دان
моҳидор	ماهي دار
моҳидорӣ	ماهي داري
моҳидудӣ	ماهي دودي
моҳиён	ماهيان
моҳиёна	ماهيانه
моҳипаз	ماهيپز
моҳипазӣ	ماهي پزي
моҳипарвар	ماهي پرور
моҳипарварӣ	ماهي پروري
моҳир	ماهر
моҳирӣ	ماهري
моҳирона	ماهرانه
моҳифурӯш	ماهي فروش
моҳифурӯшӣ	ماهي فروشي
моҳихор	ماهي خوار
моҳихӯр	ماهي خور
моҳихӯрак	ماهي خورک
моҳича	ماهيچه
моҳишинос	ماهي شناس
моҳишиносӣ	ماهي شناسي
моҳишӯрбо	ماهي شوربا
моҳият	ماهيت
моҳиятан	ماهيتاً
моҳӣ	ماهي
моҳманзар	ماه منظر
моҳнавард	ماه نورد
моҳнавардӣ	ماه نوردي
моҳнома	ماهنامه
моҳона	ماهانه
моҳонагир	ماهانه گير
моҳонагирӣ	ماهانه گيري
моҳонахӯр	ماهانه خور
моҳонахӯрӣ	ماهانه خوري
моҳор	ماهار
моҳпаймо	ماه پيما
моҳпараст	ماه پرست
моҳпарвин	ماه پروين
моҳрухсор	ماه رخسار
моҳсанг	ماه سنگ
моҳсимо	ماه سيما
моҳталъат	ماه طلعت
моҳут	ماهوت
моҳутбоф	ماهوت باف
моҳутбофӣ	ماهوت بافي
моҳутӣ	ماهوتي
моҳчеҳра	ماهچهره
моҳҷабин	ماهجبين
моҳҷамол	ماهجمال
моча	ماچه
мочахар	ماچه خر
моҷаро	ماجرا
моҷароталаб	ماجر اطلب
моҷароҷӯй	ماجراجوي
моҷароҷӯёна	ماجراجويانه
моҷароҷӯӣ	ماجراجويي
моҷид	ماجد
мош	ماش
моша	ماشه
мошак	ماشک
мошаро	ماشرا
мошбо	ماشبا
мошина	ماشينه
мошинадӯзӣ	ماشينه دوزي
мошиначӣ	ماشينه چي
мошинбоз	ماشين باز
мошинбозӣ	ماشين بازي
мошингард	ماشين گرد
мошингузар	ماشين گذر
мошиндаро	ماشين درا
мошиндор	ماشين دار
мошинӣ	ماشيني
мошиннавис	ماشين نويس
мошиннависӣ	ماشين نويسي
мошинолот	ماشين آلات
мошинрон	ماشين ران
мошинронӣ	ماشين راني
мошинсавор	ماشين سوار
мошинсаворӣ	ماشين سواري
мошинсоз	ماشين ساز
мошинсозӣ	ماشين سازي
мошинхона	ماشين خانه
мошӣ	ماشي
мошкаду	ماش کدو
мошкичирӣ	ماش کچري
мошоба	ماشابه
мошобахӯр	ماشابه خور
мошоқ	ماشاق
мошпалав	ماش پلو
мошпиёба	ماش پيابه
мошубиринҷ	ماش وبرنج
мошура	ماشوره
моя	مايه
моявар	مايه ور
моядон	مايه دان
моядор	مايه دار
мояк	مايک
моякӯбӣ	مايه کوبي
мояндар	مايندر
мояҳтоҷ	مايحتاج
муаббад	مؤبد
муаббир	معبر
муаввад	معود
муавваз	معوض
муадд	معد
муаддаб	مؤدب
муаддабона	مؤدبانه
муаддиб	مودب
муаддил	معدل
муаддилуннаҳор	معدل النهار
муаззаб	معذب
муаззаз	معزز
муаззам	معظم
муаззамӣ	معظمي
муаззин	موذن
муаззинӣ	موذني
муайид	مؤيد
муайян	معين
муайянӣ	معيني
муайянкунанда	معين کننده
муайяншаванда	معين شونده
муайяншуда	معين شده
муаккад	مؤکد
муаллақ	معلّق
муаллақа	معلّقه
муаллақзан	معلّق زن
муаллақзанӣ	معلِق زني
муаллақзанон	معلّق زنان
муаллал	معلّل
муаллам	معلّم
муаллим	معلّم
муаллимӣ	معلّمي
муаллимтайёркунӣ	معلّم تيارکني
муаллиф	مؤلّف
муаллифӣ	مؤلّفي
муаммар	معمر
муаммогӯӣ	معما گوئي
муаммодор	معمادار
муанбар	معنبر
муаннас	مؤنث
муарраб	معرب
муарриф	معرّف
муаррифӣ	معرفي
муаррифинома	معرفي نامه
муаррих	مؤرخ
муассир	مؤثّر
муассирӣ	مؤثّري
муассис	مؤسس
муассиса	مؤسسه
муассисавӣ	مؤسسوي
муассисотӣ	مؤسساتي
муасфар	معصفر
муаттал	معطّل
муаттар	معطّر
муаттарӣ	معطّري
муаххар	مؤخّر
мубаддал	مبدل
мубаддалшавӣ	مبدل شوي
мубайян	مبين
мубаллиғ	مبلّغ
мубаррад	مبرّد
мубаррид	مبرّد
мубассир	مبصر
мубаттар	مبتّر
мубашшир	مبشّر
мубин	مبين
мубодарат	مبادرت
мубодила	مبادله
мубодилавӣ	مبادله وي
мубодилагӣ	مبادلگي
муболиға	مبالغه
муболиғавӣ	مبالغه وي
муболиғадор	مبالغه دار
муболиғакор	مبالغه کار
муболиғаомез	مبالغه آميز
муборак	مبارک
муборакбод	مبارک باد
муборакбодӣ	مبارک بادي
муборакӣ	مبارکي
муборакқадам	مبارک قدم
муборакниҳод	مبارک نهاد
муборакнома	مبارک نامه
муборакпай	مبارک پي
муборакфол	مبارک فال
мубориз	مبارز
мубориза	مبارزه
муборизакунанда	مبارزه کننده
мубоҳ	مباح
мубоҳиса	مباحثه
мубоҳисавӣ	مباحثوي
мубоҳисакунанда	مباحثه کننده
мубоҳот	مباهات
мубошир	مباشر
мубошират	مباشرت
мубрам	مبرم
мубтадӣ	مبتدي
мубтадо	مبتدا
мубтакир	مبتکر
мубтанӣ	مبتني
мубҳам	مبهم
мубҳамӣ	مبهمي
муваззаф	موظّف
муваккал	موکّل
муваққат	موقّت
муваққатан	موقّتاً
муваққатӣ	موقّتي
муваллид	مولّد
муваррад	مورد
муваррас	مورث
мувасвас	موسوس
мувассал	موصل
муваффақ	موفّق
муваффақият	موفقّيت
муваффақона	موفّقانه
муваҳҳид	موحد
мувашшаҳ	موشح
муваҳҳиш	موهش
муваҷҷаҳ	موجه
мувозаа	مواضعه
мувозӣ	موازي
мувосокор	مواساکار
мувосокорӣ	مواساکاري
мувосокорона	مواساکارانه
мувофиқ	موافق
мувофиқа	موافقه
мувофиқат	موافقت
мувофиқатнома	موافقت نامه
мувоҷеҳ	مواجه
муғ	مغ
муғайлон	مغيلان
муғамбир	مغمبر
муғамбирӣ	مغمبري
муғамбирнамо	مغمبرنما
муғамбирона	مغمبرانه
муғаннӣ	مغني
муғбача	مغبچه
муғелон	مغيلان
муғлақ	مغلق
муғлақбаён	مغلق بيان
муғлақбаёнӣ	مغلق بياني
муғлақгӯй	مغلق گوي
муғлақгӯӣ	مغلق گوئي
муғлақӣ	مغلقي
муғолата	مغالطه
муғона	مغانه
муғриз	مغرض
муғризона	مغرضانه
муғсаро	مغسرا
муғтанам	مغتنم
муғулча	مغل چه
муғулчой	مغل چاي
муғҷа	مغجه
муғҷабандӣ	مغجه بندي
муғҷадор	مغجه دار
муғҷапайванд	مغجه پيوند
мудд	مودد
мудаббир	مدبر
мудаввар	مدور
мудаққиқ	مدقّق
мударрис	مدرس
мударрисӣ	مدرسي
мудғам	مدغم
мудбар	مدبر
муддаиёна	مدعي يانه
муддаӣ	مدعي
муддао	مدعا
муддат	مدت
мудир	مدير
мудирият	مديريت
мудирӣ	مديري
мудовим	مداوم
мудовимат	مداومت
мудово	مداوا
мудом	مدام
мудомулумр	مدام العمر
мудоро	مدارا
мудофеъ	مدافع
мудофиа	مدافعه
мудофиавӣ	مدافعوي
мудофиагар	مدافعه گر
мудофиагоҳ	مدافعه گاه
мудофиакор	مدافعه کار
мудофиакунанда	مدافعه کننده
мудохила	مداخله
мудоҳин	مداهن
мудрак	مدرک
мудраҷ	مدرج
мудрик	مدرک
мудҳиш	مدهش
мужда	مژده
муждабар	مژده بر
муждавар	مژده ور
муждагонӣ	مژده گاني
муждадиҳанда	مژده دهنده
муждаовар	مژده آور
муждарасон	مژده رسان
муждарасонӣ	مژده رساني
музабзаб	مذبذب
музаввар	مزور
музаввара	مزوره
музаввир	مزور
музайяб	مزيب
музайян	مزين
музаккар	مذکّر
музаффар	مظفّر
музаффарият	مظفّريت
музаффарона	مظفرّانه
музахраф	مزخرف
музаҳҳаб	مذهب
музаъфар	مزعفر
музд	مزد
муздавиҷ	مزدوج
муздгир	مزدگير
муздгирӣ	مزدگيري
музддиҳӣ	مزددهي
муздӣ	مزدي
муздур	مزدور
музей	موزيي
музейшиносӣ	موزيي شناسي
музирр	مضر
музлим	مظلم
музмар	مضمر
музмаҳил	مضمحل
музмин	مزمن
музоаф	مضاعف
музоб	مذاب
музовала	مزاوله
музоваҷат	مزاوجت
музоида	مزايده
музоиқа	مضايقه
музокира	مذاکره
музокирачӣ	مزاکره چي
музореъ	مضارع
музоф	مضاف
музофот	مضافات
музофотӣ	مضافاتي
музоҳим	مزاحم
музоҳимат	مزاحمت
музоҷаат	مضاجعت
музояда	مزايده
музоядабар	مزايده بر
музтар	مضطر
музтариб	مضطرب
музтарибона	مضطربانه
музтарибҳол	مضطرب حال
музтарӣ	مضطري
музтарона	مضطرانه
музҳик	مضحک
музҷот	مزجات
муизз	معز
муил	معيل
муин	معين
мукааб	مکعب
мукаабметр	مکعب متر
мукаабшакл	مکعب شکل
мукавван	مکون
мукаддар	مکدر
мукаллал	مکلّل
мукаллаф	مکلّف
мукаллафият	مکلّفيت
мукаммал	مکمل
мукаммалӣ	مکملي
мукаммил	مکمل
мукаррар	مکرّر
мукнат	مکنت
мукобара	مکابره
муколама	مکالمه
мукос	مکاس
мукотиба	مکاتبه
мукотибот	مکاتبات
мукофот	مکافات
мукофотгирӣ	مکافات گيري
мукофотонидан	مکافاتانيدن
муқаввар	مقور
муқаввас	مقوس
муқаввӣ	مقوي
муқаддам	مقدم
муқаддамот	مقدمات
муқаддар	مقدر
муқаддас	مقدس
муқаддасӣ	مقدسي
муқаддасот	مقدسات
муқаддима	مقدمه
муқаддимавӣ	مقدموي
муқайяд	مقيد
муқаллиб	مقلّب
муқаллид	مقلّد
муқаллидӣ	مقلدي
муқаннаъ	مقنع
муқарнас	مقرنس
муқарраб	مقرب
муқаррар	مقرر
муқарраран	مقرّراً
муқаррарӣ	مقرّري
муқаррарот	مقرّرات
муқарриз	مقرّض
муқарризӣ	مقرّضي
муқассир	مقصر
муқаттар	مقطّر
муқаттаот	مقطّعات
муқашшар	مقشّر
муқашаркунанда	مقشر کننده
муқбил	مقبل
муқим	مقيم
муқимӣ	مقيمي
муқл	مقل
муқла	مقله
муқобил	مقابل
муқобила	مقابله
муқобилбароӣ	مقابل براي
муқобилгузорӣ	مقابل گذاري
муқобилият	مقابليت
муқова	مقاوه
муқовабанд	مقاوه بند
муқовабандӣ	مقاوه بندي
муқовадор	مقاوه دار
муқовасоз	مقاوه ساز
муқовасозӣ	مقاوه سازي
муқовимат	مقاومت
муқоиса	مقايسه
муқоисавӣ	مقايسوي
муқоисанашаванда	مقايسه نشونده
муқоисанопазир	مقايسه ناپزير
муқоисашаванда	مقايسه شونده
муқорана	مقارنه
муқорин	مقارن
муқотаа	مقاطعه
муқотала	مقاتله
муқрӣ	مقري
муқтадир	مقتدر
муқтадирӣ	مقتدري
муқтадо	مقتدي
муқтазӣ	مقتضي
муқтазо	مقتضا
муқъад	مقعد
мул	مل
мулавван	ملون
мулаввас	ملوث
мулаққаб	ملقّب
муламмаъ	ملمع
мулаххас	ملخّص
мулзам	ملزم
мулк	ملک
мулкак	ملکک
мулкакгун	ملکک گون
мулкдор	ملکدار
мулкдорӣ	ملکداري
мулкият	ملکيت
мулкӣ	ملکي
мулло	ملا
муллобача	ملابچه
муллобачагӣ	ملابچگي
муллобудбӯтак	ملابدبوتک
муллогӣ	ملاگي
муллоёна	ملايانه
муллозода	ملازاده
муллоӣ	ملايي
муллонамо	ملانما
муллотарош	ملاتراش
муллоҷиринг	ملاجرنگ
мулозим	ملازم
мулозимат	ملازمت
мулозимӣ	ملازمي
мулоим	ملايم
мулоимат	ملايمت
мулоиматӣ	ملايمتي
мулоимбадан	ملايم بدن
мулоимгап	ملايم گپ
мулоимгапӣ	ملايم گپي
мулоимгуфторӣ	ملايم گفتاري
мулоимӣ	ملايمي
мулоимона	ملايمانه
мулоимпашм	ملايم پشم
мулоимсухан	ملايم سخن
мулоимсуханӣ	ملايم سخني
мулоимтабиат	ملايم طبيعت
мулоимтабъ	ملايم طبع
мулоимхунук	ملايم خنک
мулоимхунукӣ	ملايم خنکي
мулоимхунукона	ملايم خنکانه
мулоимшавӣ	ملايم شوي
мулоимшуда	ملايم شده
мулоқӣ	ملاقي
мулоқот	ملاقات
мулоқотгоҳ	ملاقات گاه
мулотафат	ملاطفت
мулоҳиза	ملاحظه
мулоҳизакор	ملاحظه کار
мулоҳизакорӣ	ملاحظه کاري
мулоҳизакорона	ملاحظه کارانه
мулоҳизаронӣ	ملاحظه راني
мултабас	ملتبس
мултафит	ملتفت
мултаҷӣ	ملتجي
мултипликатсия	ملتيپليکتسيه
мулу	مولو
мулук	ملوک
мулӯҳ	ملوه
мулҳақ	ملحق
мулҳақот	ملحقات
мулҳам	ملهم
мулҳид	ملحد
мулҳидӣ	ملحدي
мулҳим	ملهم
мум	موم
мумавваҳ	مموه
мумайиз	مميز
мумандуд	موم اندود
мумаҳҳад	ممهد
мумаҳҳид	ممهد
мумдор	مومدار
мумзада	موم زده
мумидд	ممد
мумиё	موميا
мумиёӣ	موميايي
мумин	مومين
мумӣ	مومي
мумкин	ممکن
мумкинулвуҷуд	ممکن الوجود
мумсик	ممسک
мумсикӣ	ممسکي
мумтадд	ممتد
мумтанеъ	ممتنع
мумтанеъулвуҷуд	ممتنع الوجود
мумтаҳан	ممتحن
мумтаҳин	ممتحن
мумтоз	ممتاز
мумул	مومول
мунаббат	منبت
мунаббаткор	منبت کار
мунаббаткорӣ	منبت کاري
мунаввар	منور
мунавварӣ	منوري
мунағғас	منغّص
муназзам	منظّم
муназзаҳ	منزّه
муназзим	منظّم
мунаққаҳ	منقّح
мунаққаш	منقّش
мунаққид	منقّد
мунаҷҷим	منجم
мунаҷҷимӣ	منجمي
мундарис	مندرس
мундариҷ	مندرج
мундариҷа	مندرجه
мундӣ	مندي
мунзавӣ	منزوي
мунзал	منزل
мунзамм	منضم
мунзаҳиф	منزحف
мунир	منير
мунис	مونس
мунитсипалитет	منتسيپليتت
мунитсипалӣ	منتسيپلي
мункар	منکر
мункасир	منکسر
мункасиф	منکسف
мункашиф	منکشف
мункир	منکر
мункиршавӣ	منکرشوي
мунқазӣ	منقضي
мунқалиб	منقلب
мунқариз	منقرض
мунмуна	مونمونه
мунодӣ	منادي
мунодо	منادا
мунозира	مناظره
мунозиравӣ	مناظر وي
мунозирагар	مناظره گر
муноқиз	مناقض
муноқиша	مناقشه
муносиб	مناسب
муносибат	مناسبت
муносибатдор	مناسبت دار
мунофиқ	منافق
мунофиқӣ	منافقي
мунофиқона	منافقانه
мунофират	منافرت
муноҷот	مناجات
мунсалик	منسلک
мунсанӣ	منثني
мунсареҳ	منسرح
мунсиф	منصف
мунсифона	منصفانه
мунтабеъ	منطبع
мунтазам	منتظم
мунтазаман	منتظماً
мунтазамӣ	منتظمي
мунтазамона	منتظمانه
мунтазир	منتظر
мунтазирӣ	منتظري
мунтамис	منتمس
мунтасаб	منتصب
мунтасах	منتسخ
мунтасиб	منتسب
мунтахаб	منتخب
мунтахабот	منتخبات
мунтаҳал	منتحل
мунтаҳил	منتحل
мунтаҳӣ	منتهي
мунтаҷаб	منتجب
мунташир	منتشر
мунфак	منفک
мунфаил	منفعل
мунфарид	منفرد
мунфасил	منفصل
мунфасила	منفصله
мунфасих	منفسخ
мунфаҷир	منفجر
мунфаҷира	منفجره
мунхарит	منخرط
мунҳадим	منهدم
мунҳазим	منهزم
мунҳал	منحل
мунҳанӣ	منحني
мунҳариф	منحرف
мунҳасир	منحصر
мунҳатт	منحط
мунча	منچه
мунҷ	منج
мунҷамид	منجمد
мунҷар	منجر
мунҷик	منجک
муншаот	منشآن
муншигӣ	منشيگي
муншӣ	منشي
мунъадим	منعدم
мунъакис	منعکس
мунъим	منعم
муовадат	معاودت
муованат	معاونت
муовиза	معاوضه
муовин	معاون
муод	معاد
муодил	معادل
муодила	معادله
муоина	معاينه
муолиҷ	معالج
муолиҷа	معالجه
муолиҷавӣ	معالجه وي
муолиҷакунанда	معالجه کننده
муолиҷанашаванда	معالجه نشونده
муолиҷанопазир	معالجه ناپذير
муолиҷапазир	معالجه پذير
муолиҷахона	معالجه خانه
муолиҷашаванда	معالجه شونده
муомил	معامل
муомила	معامله
муомиладор	معامله دار
муомилот	معاملات
муосир	معاصر
муоҳид	معاهد
муоҳида	معاهده
муоҳидабандӣ	معاهده بندي
муоҳиданома	معاهده نامه
муошиқа	معاشقه
муошир	معاشر
муошират	معاشرت
мураббаъ	مربع
мураббигӣ	مربيگي
мураббия	مربيه
мураббӣ	مربي
мураббо	مربا
мураббопазӣ	مربا پزي
мураввақ	مروق
мураввеҳ	مروح
мураккаб	مرکّب
мураккабӣ	مرکّبي
мураккабнависӣ	مرکّب نويسي
мураккабот	مرکّبات
мураққаъ	مرقّع
мураққаъпӯш	مرقّع پوش
мурассаъ	مرصع
мурассаъкорӣ	مرصع کاري
мураттаб	مرتّب
мураттабан	مرتّباً
мураттиб	مرتّب
мураттибӣ	مرتّبي
мураффаҳ	مرفّه
мураффаҳулҳол	مرفّه الحال
мураххам	مرخّم
мураххас	مرخّص
мураххасӣ	مرخّصي
мурват	مروت
мурваттоб	مروت تاب
мурво	مروا
мургу	مرگو
мурғ	مرغ
мурғак	مرغک
мурғбирён	مرغ بريان
мурғбоз	مرغ باز
мурғбозӣ	مرغ بازي
мурғбон	مرغ بان
мурғбонӣ	مرغ باني
мурғво	مرغوا
мурғкабоб	مرغ کباب
мурғобивор	مرغابي وار
мурғобипарварӣ	مرغابي پروري
мурғобӣ	مرغابي
мурғпарвар	مرغ پرور
мурғпарварӣ	مرغ پروري
мурғфарёд	مرغ فرياد
мурғхона	مرغ خانه
мурғчӯҷа	مرغ چوجه
мурғшӯрбо	مرغ شوربا
мурда	مرده
мурдавор	مرده وار
мурдадил	مرده دل
мурдадилӣ	مرده دلي
мурдакаш	مرده کش
мурдакашӣ	مرده کشي
мурдамонанд	مرده مانند
мурдан	مردن
мурданивор	مرده نيوار
мурданӣ	مردني
мурдаосо	مرده آسا
мурдарег	مرده ريگ
мурдасӯзӣ	مرده سوزي
мурдахона	مرده خانه
мурдахӯр	مرده خور
мурдашӯй	مرده شوي
мурдашӯӣ	مرده شويي
мурдоб	مرداب
мурдод	مرداد
мурдор	مردار
мурдорӣ	مرداري
мурдорона	مردارانه
мурид	مريد
муридӣ	مريدي
мурис	مورث
муроат	مراعت
мурод	مراد
муродбахш	مرادبخش
муродиф	مرادف
муроқиб	مراقب
муроқибат	مراقبت
муромурӣ	مرامري
муроот	مراعات
муроотунназир	مراعات النظير
муросила	مراسله
муросилот	مراسلات
муросо	مراسا
муросогар	مراساگر
муросокор	مراساکار
муросокорӣ	مراساکاري
муросокорона	مراساکارانه
мурофиа	مرافعه
мурофиахона	مرافعه خانه
мурофиқат	مرافقت
муроҳиқ	مراهق
муроҷиат	مراجعت
муроҷиаткунанда	مراجعت کننده
муроҷиатнома	مراجعت نامه
мурсал	مرسل
мурсала	مرسله
мурсил	مرسل
муртад	مرتد
муртадӣ	مرتدي
муртазо	مرتضي
муртакиб	مرتکب
муртафеъ	مرتفع
муртаҷеъ	مرتجع
муртоз	مرتاض
мурувват	مروت
мурур	مرور
мурургоҳ	مرورگاه
мурӯд	مرود
мурч	مرچ
мурчдон	مرچ دان
муршид	مرشيد
мусаббеҳ	مسبح
мусаббиб	مسبب
мусаввада	مسوده
мусаввар	مصور
мусаввара	مصوره
мусаввиб	مصوب
мусаввир	مصور
мусаввит	مصوت
мусавӣ	موسوي
мусаддад	مسدد
мусаддас	مسدس
мусаддиқ	مصدق
мусайқал	مصيقل
мусаллам	مسلم
мусалламан	مسلماً
мусаллас	مثلث
мусалласот	مثلثات
мусаллат	مسلّط
мусаллаҳ	مسلّح
мусаллаҳона	مسلّحانه
мусалмон	مسلمان
мусалмонӣ	مسلماني
мусалсал	مسلسل
мусаммам	مصمم
мусамман	مثمن
мусаммар	مسمر
мусаммат	مسمط
мусаммот	مسمات
мусаннаф	مصنف
мусанниф	مصنف
мусаннифӣ	مصنفي
мусаттаҳ	مسطح
мусаффо	مصفا
мусаххар	مسخر
мусаҳҳаф	مصحف
мусаҳҳаҳ	مصحح
мусаҳҳеҳ	مصحح
мусаҳҳеҳӣ	مصححي
мусаҷҷаъ	مسجع
мусбат	مثبت
мусибат	مصيبت
мусибатдида	مصيبت ديده
мусибатзада	مصيبت زده
мусибаткада	مصيبت کده
мусибатнок	مصيبت ناک
мусибатнома	مصيبت نامه
мусиқавӣ	موسيقه وي
мусиқидон	موسيقي دان
мусиқидонӣ	موسيق ي داني
мусиқидӯст	موسيق ي دوست
мусиқинавоз	موسيقي نواز
мусиқинавозӣ	موسيق ي نوازي
мусиқифаҳм	موسيق ي فهم
мусиқишинос	موسيق ي شناس
мусиқишиносӣ	موسيق ي شناسي
мусиқӣ	موسيقي
мусиқор	موسيقار
мусинн	مسن
мусир	موسر
мусирр	مصر
мусича	موسيچه
мускат	مسکت
мусла	مثله
муслеҳ	مصلح
муслим	مسلم
муслима	مسلمه
мускир	مسکر
мускит	مسکت
мусмир	مثمر
муснад	مسند
мӯсо	موسي
мусобиқа	مسابقه
мусобиқакунанда	مسابقه کننده
мусовият	مساويت
мусовот	مساوات
мусовӣ	مساوي
мусодим	مصادم
мусодима	مصادمه
мусодиравӣ	مصادر وي
мусоид	مساعد
мусоидат	مساعدت
мусолимат	مسالمت
мусолиматомез	مسالمت آميز
мусолиҳа	مسالحه
мусомара	مسامره
мусомаҳа	مسامحه
мусофаҳа	مصافحه
мусофир	مسافر
мусофират	مسافرت
мусофирбар	مسافربر
мусофирбарӣ	مسافربري
мусофиргирӣ	مسافر گيري
мусофирӣ	مسافري
мусофиркаш	مسافرکش
мусофиркашонӣ	مسافرکشاني
мусофирхок	مسافرخاک
мусофирхона	مسافرخانه
мусоҳамат	مساهمت
мусоҳиб	مصاحب
мусоҳиба	مصاحبه
мусоҳибӣ	مصاحبي
мусоҳила	مساهله
мусоҳилакор	مساهله کار
мусоҳилакорӣ	مساهله کاري
мусоҳилакорона	مساهله کارانه
мусоҳим	مساهم
мусреъ	مسرع
мусриф	مسرف
муссон	مسان
муст	مست
муста	مسته
мустабид	مستبد
мустабидӣ	مستبدي
мустабидона	مستبدانه
муставӣ	مستوي
муставлӣ	مستولي
муставфӣ	مستوفي
мустағал	مستغل
мустағнӣ	مستغني
мустағриқ	مستغرق
мустадир	مستدر
мустадом	مستدام
мустазод	مستزاد
мустазҳар	مستظهر
мустазҳир	مستظهر
мустаидд	مستعد
мустаин	مستعين
мустакбир	مستکبر
мустакбирӣ	مستکبري
мустақарр	مستقر
мустақбал	مستقبل
мустақил	مستقل
мустақилан	مستقلاً
мустақилият	مستقليت
мустақилиятӣ	مستقليتي
мустақилӣ	مستقلي
мустақилмаъно	مستقل معنا
мустақилона	مستقلانه
мустақилшавӣ	مستقل شوي
мустақим	مستقيم
мустақиман	مستقيماً
мустақимона	مستقيمانه
мустақирр	مستقر
мусталаҳ	مصطلح
мусталаҳот	مصطلحات
мустаманд	مستمند
мустамандӣ	مستمندي
мустамирр	مستمر
мустамлика	مستملکه
мустамликавӣ	مستملکوي
мустамликадор	مستملکه دار
мустамликадорӣ	مستملکه داري
мустанад	مستند
мустанир	مستنير
мустаншиқ	مستنشق
мустаон	مستعان
мустаор	مستعار
мустарад	مسترد
мустареҳ	مسترح
мустароҳ	مستراح
мустасмар	مستثمر
мустасмир	مستثمر
мустатил	مستطيل
мустатоб	مستطاب
мустафо	مصطفي
мустафод	مستفاد
мустаҳабб	مستحب
мустаҳкам	مستحکم
мустаҳкамӣ	مستحکمي
мустаҳкамкунанда	مستحکم کننده
мустаҳкамкунӣ	مستحکم کني
мустаҳкамшавӣ	مستحکم شوي
мустаҷир	مستجير
мустаҷоб	مستجاب
мусташор	مستشار
мусташриқ	مستشرق
мустаъмал	مستعمل
мустаъриб	مستعرب
мустаъсал	مستأصل
мустаъфӣ	مستعفي
мусулмон	مسلمان
мусулмонӣ	مسلماني
мусулмонобод	مسلمان آباد
мусҳаф	مصحف
мусҳил	مسهل
мутааддид	متعدد
мутааддӣ	متعدي
мутааққид	متعقد
мутааллиқ	متعلق
мутааллиқӣ	متعلقي
мутааллиқот	متعلقات
мутааллим	متألم
мутаассиб	متعصب
мутаассибӣ	متعصبي
мутаассибона	متعصبانه
мутаассир	متأثر
мутаассиршавӣ	متأثر شوي
мутаассиф	متأسف
мутаассифан	متأسفاً
мутаассифона	متأسفانه
мутааффин	متعفن
мутааххир	متأخر
мутааҳҳид	متعهد
мутааҳҳил	متأهل
мутааҷҷиб	متعجب
мутааҷҷибона	متعجبانه
мутабассим	متبسم
мутаваззо	متوضا
мутаввакил	متوکل
мутаваққеъ	متوقع
мутаваққиф	متوقف
мутаваллид	متولد
мутаваллӣ	متولي
мутаварреъ	متورع
мутавассит	متوسط
мутаваттин	متوطن
мутаваҳҳим	متوهم
мутаваҷҷеҳ	متوجه
мутавозеона	متواضعانه
мутавозеъ	متواضع
мутавозиян	متوازياً
мутавозӣ	متوازي
мутаволиян	متوالياً
мутаволӣ	متوالي
мутаворӣ	متواري
мутавотир	متواتر
мутағайир	متغير
мутағаллиб	متغلب
мутағоир	متغاير
мутадайин	متدين
мутадовил	متداول
мутазаккир	متذکّر
мутазалзил	متزلزل
мутазодд	متضاد
мутакаббир	متکبر
мутакаббирӣ	متکبري
мутакаббирона	متکبرانه
мутакаллим	متکلم
мутакаффил	متکفل
мутақаддим	متقدم
мутаққаллиб	متقلب
мутаққаллид	متقلد
мутақобил	متقابل
мутақориб	متقارب
муталаввин	متلون
муталло	مطلا
муталлошӣ	متلاشي
мутамаввил	متمول
мутамаддин	متمدن
мутамаккин	متمکّن
мутамаллиқ	متملّق
мутамаллиқона	متملّقانه
мутаманнӣ	متمنّي
мутамарказ	متمرکز
мутамарказонидан	متمرکزانيدن
мутамодӣ	متمادي
мутамоил	متمايل
мутанаббеҳ	متنبه
мутанаббӣ	متنبي
мутанаввеъ	متنوع
мутанаккир	متنکّر
мутанаффир	متنفّر
мутанаффис	متنفّس
мутаносиб	متناسب
мутаносибан	متناسباً
мутаносибӣ	متناسبي
мутаноҳӣ	متناهي
мутант	موتنت
мутантан	مطنطن
мутаол	متعال
мутаориф	متعارف
мутараддид	متردد
мутараддидӣ	مترددي
мутараддидона	مترددانه
мутараққӣ	مترقّي
мутаранним	مترنّم
мутарассид	مترصد
мутараттиб	مترتّب
мутарашшеҳ	مترشّح
мутародиф	مترادف
мутароким	متراکم
мутарро	مطرا
мутаррогар	مطراگر
мутарҷим	مترجم
мутасаввиф	متصوف
мутасаддӣ	متصدي
мутасарриф	متصرف
мутафаккир	متفکّر
мутафаккирона	متفکّرانه
мутафаррид	متفرّد
мутафарриқ	متفرّق
мутахаллис	متخلّص
мутахассис	متخصص
мутахассисӣ	متخصصي
мутаҳаввир	متهور
мутаҳаййир	متحير
мутаҳаййирона	متحيرانه
мутаҳаққиқ	متحقّق
мутаҳаммил	متحمل
мутаҳаррик	متحرّک
мутаҳаррикӣ	متحرّکي
мутаҳарриқ	متحرق
мутаҳассис	متحصص
мутаҳҳар	مطهر
мутаҷассис	متجسس
мутаҷовиз	متجاوز
муташаккил	متشکل
муташаккилӣ	متشکلي
муташаккилона	متشکلانه
муташаккир	متشکر
муташанниҷ	متشنج
мутеият	مطيعيت
мутеӣ	مطيعي
мутеона	مطيعانه
мутеъ	مطيع
мутлақ	مطلق
мутлақан	مطلقاً
мутлақият	مطلقيت
мутлақо	مطلقا
мутмаин	مطمئن
мутобеъ	متابع
мутобиат	متابعت
мутобиқ	مطابق
мутобиқан	مطابقاً
мутобиқат	مطابقت
мутоиба	مطايبه
мутоибагӯӣ	مطايبه گوئي
мутолиа	مطالعه
мутолиакунанда	مطالعه کننده
муторика	متارکه
мутоъ	مطاع
мутриб	مطرب
мутрибӣ	مطربي
муттакӣ	متکي
муттақӣ	متقي
мутталеъ	مطلع
муттасеъ	متسع
муттасил	متصل
муттасила	متصله
муттасилан	متصلاً
муттасилӣ	متصلي
муттафиқ	متفق
муттаҳам	متهم
муттаҳамӣ	متّهمي
муттаҳид	متحد
муттаҳида	متّحده
муттаҳидан	متّحداً
муттаҳидгардонӣ	متّحدگرداني
муттаҳидӣ	متّحدي
муттаҳидкунанда	متّحدکننده
муттаҳидона	متّحدانه
муттаҳидшавӣ	متحدشوي
муттаҳим	متّهم
мутун	متون
мутъа	متعه
муфавваз	مفوض
муфарраҳ	مفرح
муфарреҳ	مفرّح
муфарреҳнома	مفرّح نامه
муфассал	مفصل
муфассалан	مفصلاً
муфассалӣ	مفصلي
муфаттеҳ	مفتّح
муфаттиш	مفتّش
муфаттишӣ	مفتّشي
муфассир	مفسر
муфид	مفيد
муфиз	مفيض
муфлиқ	مفلق
муфлис	مفلس
муфлисӣ	مفلسي
муфлискунанда	مفلس کننده
муфлисшавӣ	مفلس شوي
муфориқ	مفارق
муфориқат	مفارقت
муфохир	مفاخر
муфохират	مفاخرت
муфоҷот	مفاجات
муфрад	مفرد
муфрадот	مفردات
муфсид	مفسد
муфсидӣ	مفسدي
муфт	مفت
муфтазеҳ	مفتضح
муфтақир	مفتقر
муфтариқ	مفترق
муфтахар	مفتخر
муфтбар	مفت بر
муфтбарӣ	مفت بري
муфтбоз	مفت باز
муфтигӣ	مفتيگي
муфтиёт	مفتيات
муфтӣ	مفتي
муфтхорӣ	مفت خواري
муфтхӯр	مفت خور
муфтхӯрӣ	مفت خوري
муфҳим	مفهم
муфҳиш	مفحش
мухаддар	مخدر
мухаддара	مخدره
мухаддарот	مخدرات
мухаддир	مخدر
мухаддира	مخدره
мухаййил	مخيل
мухаййила	مخيله
мухаййир	مخير
мухайял	مخيل
мухайям	مخيم
мухайяр	مخير
мухаллад	مخلد
мухаллас	مخلص
мухаммар	مخمر
мухаммас	مخمس
муханнас	مخنث
мухарриб	مخرب
мухаффаф	مخفف
мухбир	مخبر
мухбирӣ	مخبري
мухлис	مخلص
мухлисӣ	مخلصي
мухлисона	مخلصانه
мухобира	مخابره
мухоз	مخاز
мухолиф	مخالف
мухолифат	مخالفت
мухолифатандоз	مخالف انداز
мухолифатандозӣ	مخالف اندازي
мухолифаткор	مخالفت کار
мухолифаткорӣ	مخالفت کاري
мухолифин	مخالفين
мухосама	مخاصمه
мухосим	مخاصم
мухотаб	مخاطب
мухотиб	مخاطب
мухотира	مخاطره
мухталл	مختل
мухталит	مختلط
мухталиф	مختلف
мухталифзабон	مختلف زبان
мухталифӣ	مختلفي
мухтараъ	مخترع
мухтареъ	مخترع
мухтасс	مختص
мухтасар	مختصر
мухтасаран	مختصراً
мухтафӣ	مختفي
мухтӣ	مخطي
мухтор	مختار
мухторият	مختاريت
муҳаббат	محبت
муҳаббатнок	محبت ناک
муҳаббатомез	محبت آميز
муҳаббатпарвар	محبت پرور
муҳаввал	محول
муҳаввата	محوطه
муҳаввис	مهوس
муҳаддаб	محدب
муҳаддис	محدث
муҳайё	مهيا
муҳаққар	محقر
муҳаққиқ	محقق
муҳаққиқона	محققانه
муҳалло	محلّي
муҳаммадӣ	محمدي
муҳандам	مهندم
муҳандис	مهندس
муҳандисӣ	مهندسي
муҳаннад	مهنّد
муҳанно	مهنّا
муҳаррам	محرّم
муҳаррик	محرک
муҳарриқ	محرّق
муҳаррир	محرّر
муҳаррирӣ	محرري
муҳарро	مهرا
муҳассал	محصل
муҳассан	محسن
муҳассил	محصل
муҳассилона	محصلانه
муҳиб	مهيب
муҳибб	محب
муҳиббона	محبانه
муҳиққ	محق
муҳил	محيل
муҳйи	موحيي
муҳим	مهم
муҳиммот	مهمات
муҳит	محيط
муҳитшиносӣ	محيط شناسي
муҳобот	محابات
муҳовара	محاوره
муҳозӣ	محاذي
муҳокима	محاکمه
муҳокимаронӣ	محاکمه راني
муҳокимашуда	محاکمه شده
муҳоқ	محاق
муҳоландеш	محال انديش
муҳориб	محارب
муҳориба	محاربه
муҳосиб	محاسب
муҳосиба	محاسبه
муҳосибот	محاسبات
муҳосира	محاصره
муҳот	محاط
муҳофиз	محافظ
муҳофиза	محافظه
муҳофизакор	محافظه کار
муҳофизакорӣ	محافظه کاري
муҳофизат	محافظت
муҳофизатгар	محافظتگر
муҳофизаткунанда	محافظت کننده
муҳофизатчӣ	محافظتچي
муҳоҷир	مهاجر
муҳоҷират	مهاجرت
муҳоҷирӣ	مهاجري
мучал	موچل
муччӣ	مچي
муҷаад	مجعد
муҷавваз	مجوز
муҷавваф	مجوف
муҷаддад	مجدد
муҷаддадан	مجدداً
муҷаддар	مجدر
муҷаддид	مجدد
муҷаз	موجز
муҷазбаён	موجز بيان
муҷазбаёнӣ	موجز بياني
муҷаззиб	مجذّب
муҷаззо	مجزّا
муҷаллад	مجلد
муҷарраб	مجرّب
муҷаррад	مجرّد
муҷаррадӣ	مجردي
муҷаррадона	مجرّدانه
муҷассам	مجسم
муҷассама	مجسمه
муҷассамасоз	مجسمه ساز
муҷассамасозӣ	مجسمه سازي
муҷассас	مجصص
муҷаҳҳаз	مجهز
муҷиб	مجيب
муҷиддона	موجدانه
муҷмал	مجمل
муҷмалӣ	مجملي
муҷоб	مجاب
муҷовир	مجاور
муҷодил	مجادل
муҷодила	مجادله
муҷозиба	مجاذبه
муҷозот	مجازات
муҷомиат	مجامعت
муҷоҳид	مجاهد
муҷоҳида	مجاهده
муҷрим	مجرم
муҷрӣ	مجري
муҷро	مجرا
муҷтабо	مجتبا
муҷтамаъ	مجتمع
муҷтас	مجتث
муҷтаҳид	مجتهد
муш	موش
мушаббак	مشبک
мушаббаҳ	مشبه
мушаббаъ	مشبع
мушавваш	مشوش
мушаввашӣ	مشوشي
мушаввашона	مشوشانه
мушаввашхаёл	مشوش خيال
мушаввашхотир	مشوش خاطر
мушаввашхотирӣ	مشوش خاطري
мушаддад	مشدد
мушак	موشک
мушакандоз	موشک انداز
мушакбезӣ	موشک بزي
мушакбоз	موشک باز
мушакбозӣ	موشک بازي
мушакборон	موشک باران
мушакпаронӣ	موشک پراني
мушанг	مشنگ
мушарраф	مشرف
мушахта	مشخته
мушаххас	مشخص
мушаххасот	مشخصات
мушаҷҷар	مشجر
мушаъбид	مشعبد
мушаъбидӣ	مشعبدي
мушаъшаъ	مشعشع
мушбурут	موش بروت
мушгир	موشگير
мушгирак	موشگيرک
мушдандон	موش دندان
мушзада	موش زده
мушир	مشير
мушклак	مشکلک
мушк	مشک
мушкак	مشکک
мушкафшонӣ	مشک افشاني
мушкбед	مشک بيد
мушкбез	مشک بيز
мушкбезӣ	مشک بيزي
мушкбор	مشک بار
мушкдона	مشک دانه
мушкдум	مشکدم
мушкил	مشکل
мушкилбаён	مشکل بيان
мушкилбаёнӣ	مشکل بياني
мушкилгузар	مشکل گذر
мушкилифшо	مشکل افشا
мушкилӣ	مشکلي
мушкилкушо	مشکل کشا
мушкилот	مشکلات
мушкилписанд	مشکل پسند
мушкилписандӣ	مشکل پسندي
мушкилтарбия	مشکل تربيه
мушкилтарошӣ	مشکل تراشي
мушкилфаҳм	مشکل فهم
мушкин	مشکين
мушкинбӯй	مشکين بوي
мушкинкаманд	مشکين کمند
мушкинкулола	مشکين کلاله
мушкинмӯй	مشکين موي
мушкинрақам	مشکين رقم
мушкинхол	مشکين خال
мушкиншамоил	مشکين شمايل
мушкистон	مشکستان
мушкӣ	مشکي
мушкмолӣ	مشک مالي
мушкмонанд	مشک مانند
мушкмӯй	مشک موي
мушкнакҳат	مشک نکهت
мушкранг	مشک رنگ
мушкрез	مشکريز
мушксой	مشکساي
мушкушак	موش کشک
мушкӯй	مشکوي
мушкфишон	مشک فشان
мушкфурӯш	مشک فروش
мушкхез	مشک خيز
мушкшикан	مشک شکن
мушқапак	موش قپک
мушмула	مشمله
мушобеҳ	مشابه
мушобеҳат	مشابهت
мушовара	مشاوره
мушовир	مشاور
мушовира	مشاوره
мушоиат	مشايعت
мушоира	مشاعره
мушокил	مشاکل
мушол	مشال
мушона	مشانه
мушокират	مشاکرت
мушоҳид	مشاهد
мушоҳида	مشاهده
мушоҳидакор	مشاهده کار
мушоҳидакорӣ	مشاهده کاري
мушоҳидакунанда	مشاهده کننده
мушояат	مشايعت
мушрик	مشرک
мушрикӣ	مشرکي
мушриф	مشرف
мушт	مشت
мушта	مشته
муштабаҳ	مشتبه
муштабеҳ	مشتبه
муштағил	مشتغل
муштак	مشتک
муштакгирӣ	مشتک گيري
муштакӣ	مشتکي
муштакнавард	مشتک نورد
муштақ	مشتق
муштақот	مشتقات
муштамил	مشتمل
муштарак	مشترک
муштаракона	مشترکانه
муштаракулманофеъ	مشترک المنافع
муштариахлоқ	مشتري اخلاق
муштарибахт	مشتري بخت
муштаридор	مشتري دار
муштарик	مشترک
муштариораз	مشتري عارض
муштарирӯй	مشتري روي
муштарӣ	مشتري
муштафшор	مشت افشار
муштаҳар	مشتهر
муштбардорӣ	مشت برداري
муштборон	مشت باران
муштзан	مشت زن
муштзанӣ	مشت زني
муштзӯр	مشت زور
муштзӯрӣ	مشت زوري
муштипар	مشت پر
мушткорӣ	مشت کاري
мушткӯбӣ	مشت کوبي
муштмол	مشت مال
муштмолӣ	مشت مالي
муштоқ	مشتاق
муштоқӣ	مشتاقي
муштоқона	مشتاقانه
муштранда	مشت رنده
муштҷанг	مشت جنگ
мушунг	مشنگ
мушфиқ	مشفق
мушфиқӣ	مشفقي
мушфиқона	مشفقانه
мушхона	موش خانه
мушхор	موش خار
мушхӯрда	موش خورده
мушҳалак	موش هلک
муяссар	ميسر
мӯ	مو
мӯбад	موبد
мӯд	مود
мӯдшуда	مودشده
мӯён	مويان
мӯж	موژ
мӯза	موزه
мӯзадор	موزه دار
мӯзадӯз	موزه دوز
мӯзадӯзӣ	موزه دوزي
мӯзапӯш	موزه پوش
мӯзард	موزرد
мӯзаҷаллоб	موزه جلاب
мӯин	موئين
мӯина	موئينه
мӯинавор	موئينه وار
мӯинафурӯш	موئينه فروش
мӯинафурӯшӣ	موئينه فروشي
мӯй	موي
мӯйбанд	موي بند
мӯйбофӣ	موي بافي
мӯйгирӣ	موي گيري
мӯйдароз	موي دراز
мӯйдор	موي دار
мӯйзард	موي زرد
мӯйканӣ	موي کني
мӯйканон	موي کنان
мӯйкашон	موي کشان
мӯйқалам	موي قلم
мӯйлаб	موي لب
мӯйлабгирӣ	موي لب گيري
мӯйлабдароз	موي لب دراز
мӯйлабдор	موي لب دار
мӯйлабӣ	موي لبي
мӯйлабсафед	موي لب سفيد
мӯйлабсиёҳ	موي لب سياه
мӯймиён	موي ميان
мӯймонда	موي مانده
мӯйпарешон	موي پريشان
мӯйраг	موي رگ
мӯйрезӣ	موي ريزي
мӯйрехта	موي ريخته
мӯйсар	موي سر
мӯйсаргир	موي سرگير
мӯйсаргирӣ	موي سرگيري
мӯйсаргирон	موي سرگيران
мӯйсартарошӣ	موي سرتراشي
мӯйсафед	موي سفيد
мӯйсафедӣ	موي سفيدي
мӯйсиёҳ	موي سياه
мӯйчинак	موي چينک
мӯкалла	موکلّه
мӯқалам	موقلم
мӯл	مول
мӯла	موله
мӯлидан	موليدن
мӯлӣ	مولي
мӯломӯл	مولامول
мӯлтонӣ	مولتاني
мӯлҷар	مولجر
мӯмиё	موميا
мӯнис	مونس
мӯр	مور
мӯрд	مورد
мӯриёна	موريانه
мӯрӣ	موري
мӯрмиён	مورميان
мӯрсон	مورسان
мӯрча	مورچه
мӯрчагир	مورچه گير
мӯрчал	مورچل
мӯрчамиён	مورچه ميان
мӯрчахона	مورچه خانه
мӯсафед	موسفيد
мӯсафедӣ	موسفيدي
мӯсиёҳ	موسياه
мӯхушккунак	موخشکنک
мӯҳдас	محدث
мӯҳлат	مهلت
мӯҳлатдор	مهلت دار
мӯҳлик	مهلک
мӯҳмал	مهمل
мӯҳмала	مهمله
мӯҳмалот	مهملات
мӯҳр	مهر
мӯҳра	مهره
мӯҳрабоз	مهره باز
мӯҳрабозӣ	مهره بازي
мӯҳрагар	مهره گر
мӯҳрадор	مهره دار
мӯҳразан	مهره زن
мӯҳразанӣ	مهره زني
мӯҳракаш	مهره کش
мӯҳракашӣ	مهره کشي
мӯҳрақ	محرق
мӯҳрақалам	مهر ه قلم
мӯҳрбанд	مهربند
мӯҳрдон	مهردان
мӯҳрдорӣ	مهرداري
мӯҳрзанӣ	مهرزني
мӯҳриқ	محرق
мӯҳркан	مهرکن
мӯҳрканӣ	مهرکني
мӯҳрқолаб	مهرقالب
мӯҳрона	مهرانه
мӯҳсин	محسن
мӯҳтавиёт	محتويات
мӯҳтазир	محتضر
мӯҳтамал	محتمل
мӯҳтамил	محتمل
мӯҳтарам	محترم
мӯҳтараман	محترماً
мӯҳтарамона	محترمانه
мӯҳтариз	محترض
мӯҳтасиб	محتسب
мӯҳташам	محتشم
мӯҳташамӣ	محتشمي
мӯҳтол	محتال
мӯҳтоҷ	محتاج
мӯҳтоҷӣ	محتاجي
мӯҳҷаб	محجب
мӯҳҷаз	مهجز
мӯчинак	موچينک
мӯҷаз	موجز
мӯҷазбаёнӣ	موجزبياني
мӯҷиб	موجب
мӯшикоф	موشکاف
мӯшикофӣ	موشکافي
мӯшикофона	موشکافانه
мӯъзам	معظم
мӯълам	معلم
мӯъмин	مؤمن
мӯътабар	معتبر
мӯътабарӣ	معتبري
мӯътадд	معتد
мӯътадил	معتدل
мӯътадилӣ	معتدلي
мӯътадилона	معتدلانه
мӯътазил	معتزل
мӯътазила	معتزله
мӯътазилия	معتزليه
мӯътакиф	معتکف
мӯътақид	معتقد
мӯътақидан	معتقداً
мӯътамад	معتمد
мӯътариз	معترض
мӯътариф	معترف
мӯътод	معتاد
мӯъҷам	معجم
мӯъҷиз	معجز
мӯъҷиза	معجزه
мӯъҷизавӣ	معجزوي
мӯъҷизадор	معجزه دار
мӯъҷизакор	معجزه کار
мӯъҷизакорӣ	معجزه کاري
мӯъҷизакорона	معجزه کارانه
мӯъҷизаовар	معجزه آور
мӯъҷизаосо	معجزه آسا
мӯъҷизаофарин	معجزه آفرين
мӯъҷизасоз	معجزه ساز
мӯя	مويه
мӯягар	مويه گر
мӯяк	مويک
мӯякдор	مويک دار
мӯясаро	مويسرا
на	نه
наам	نعم
наарзанда	نه ارزنده
набавӣ	نبوي
набард	نبرد
набарда	نبرده
набардафзор	نبرد افزار
набардаҷавон	نبرده جوان
набардгоҳ	نبردگاه
набардӣ	نبردي
набардозмой	نبرد آزماي
набардозмуда	نبردآزموده
набаса	نبسه
набаҳра	نبهره
набера	نبيره
наберадор	نبيره دار
наберача	نبيرچه
набз	نبض
набзгирӣ	نبض گيري
набзнигор	نبض نگار
набзсанҷ	نبض سنج
набзсанҷӣ	نبض سنجي
набзшиносӣ	نبض شناسي
набишта	نبشته
набиштан	نبشتن
набӣ	نبي
набот	نبات
наботӣ	نباتي
наботот	نباتات
набототшинос	نباتات شناس
набототшиносӣ	نباتات شناسي
наботпаз	نبات پز
наботпазӣ	نبات پزي
наботчой	نبات چاي
набоҳат	نباهت
набошад	نباشد
нав	نو
навад	نود
навадсола	نود ساله
навадсолагӣ	نود گسالگي
навадум	نودم
навадумин	نودمين
навакак	نوکک
навакӣ	نوکي
наванд	نوند
наванда	نونده
навангӣ	نونگي
навард	نورد
наварддор	نورددار
навардидан	نورديدن
навардӣ	نوردي
навардча	نوردچه
наварӯс	نو عروس
наваса	نوسه
навбар	نوبر
навбарӣ	نوبري
навбарниҳол	نوبرنهل
навбаромад	نوبرامد
навбат	نوبت
навбатгоҳ	نو بتگاه
навбатдор	نوبت دار
навбатдорӣ	نوبت داري
навбатзан	نوبت زن
навбатигоҳ	نوبتيگاه
навбатӣ	نوبتي
навбатнавоз	نوبت نواز
навбатпоӣ	نوبت پائي
навбатчӣ	نوبتچي
навбаҳор	نوبهار
навбаҳорӣ	نوبهاري
навбаҳра	نو بهره
навбех	نوبيخ
навбова	نوباوه
навбоғ	نوباغ
навболиғ	نوبالغ
навборида	نوباريده
навбофта	نوبافته
навбунёд	نوبنياد
навбурут	نوبروت
наввоб	نواب
навгароӣ	نوگرائي
навгаро	نوگرا
навгонӣ	نوگاني
навгул	نوگل
навғон	نوغان
навда	نوده
навдавлат	نودولت
навдавлатӣ	نو دولتي
навдадавонӣ	نوده دواني
навдадор	نوده دار
навдам	نودم
навдамида	نودميده
навдандон	نو دندان
навданиҳол	نوده نهال
навдарс	نودرس
навдарсхон	نودرس خوان
навдаъват	نودعوت
навдомод	نوداماد
навдӯхта	نودوخته
навдӯш	نودوش
навдӯшида	نودوشيده
навёдгир	نويادگير
навзамин	نوزمين
навзо	نوزا
навзода	نوزاده
навзой	نوزاي
навигаридӯст	نويگري دوست
навигарӣ	نويگري
навигатсия	نويگتسيه
навигатсионӣ	نويگتسياني
навид	نويد
навин	نوين
навис	نويس
нависанда	نويسنده
нависандагӣ	نويسند گي
нависонавис	نويسا نويس
нависондан	نويساندن
навишт	نوشت
навишта	نوشته
навиштан	نوشتن
навиштанӣ	نوشتني
навиштаҷот	نوشتجات
навиштор	نوشتار
навишторӣ	نوشتاري
навӣ	نوي
навканда	نوکنده
нӯкар	نوکر
навкар	نوکر
нӯкарӣ	نوکري
навкарӣ	نوکري
нӯкарона	نوکرانه
навкарона	نوکرانه
навкиса	نوکيسه
навкор	نوکار
навкорам	نوکارم
навкорӣ	نوکاري
навқалам	نو قلم
навқирав	نوقرو
навқирон	نوقران
навқон	نوقان
навм	نوم
навмашқ	نو مشق
навмед	نوميد
навмедӣ	نوميدي
навмедона	نوميدانه
навниҳол	نو نهال
наво	نوا
навобахш	نوابخش
навобод	نو آباد
навовар	نو آور
навоварӣ	نو آوري
навогар	نواگر
наводир	نوادر
навоз	نواز
навозанда	نوازنده
навозандагӣ	نوازند گي
навозиш	نوازش
навозишгар	نوازشگر
навозишкор	نوازش کار
навозишкорона	نوازش کارانه
навозишкорӣ	نوازش کاري
навоин	نوآئين
навоқис	نواقص
навол	نوال
навола	نواله
наволабур	نواله بر
навомада	نوآمده
навомӯз	نوآموز
навон	نوان
навор	نوار
наворбардор	نواربردار
наворбардорӣ	نوار برداري
наворгир	نوار گير
наворгирӣ	نوار گيري
навордор	نوار دار
наворшакл	نوار شکل
навоса	نواسه
навосанҷ	نو اسنج
навосоз	نو اساز
навофарин	نو آفرين
навохон	نواخوان
навохонӣ	نواخواني
навохт	نواخت
навохтан	نواختن
навоҳинишин	نواحي نشين
навоҳӣ	نواحي
навпар	نوپر
навпараст	نوپرست
навпарвоз	نوپرواز
навпардоз	نوپرداز
наврас	نورس
наврасида	نورسيده
навраста	نورسته
наврехта	نوريخته
наврасӣ	نورسي
навриш	نوريش
навруста	نورسته
наврӯз	نوروز
наврӯзгор	نوروزگار
наврӯзӣ	نوروزي
наврӯзмоҳ	نوروز ماه
наврӯида	نوروئيده
навсабз	نوسبز
навсабзида	نوسبزيده
навсавод	نوسواد
навсозӣ	نوسازي
навсохт	نوساخت
навтаҳсил	نوتحصيل
навташкил	نوتشکيل
навтаъсис	نوتأسيس
навфикр	نوفکر
навхат	نوخط
навхатм	نوختم
навхез	نوخيز
навхонадор	نو خانه دار
навхоста	نوخواسته
навҳа	نوحه
навҳагар	نوحه گر
навҳагарӣ	نوحه گري
навҳасаро	نوحه سرا
навҳасароӣ	نوحه سراي
навҳахонӣ	نوحه خواني
навча	نوچه
навҷаба	نوجبه
навҷавон	نوجوان
навҷавонӣ	نوجواني
навҷӯ	نوجو
навҷӯш	نوجوش
навшира	نو شيره
навшогирд	نوشاگرد
навшодир	نوشادر
навшуда	نوشده
навшудгор	نوشد گار
навшукуфта	نو شکفته
навъ	نوع
навъӣ	نوعي
навъсанҷӣ	نوع سنجي
навэҷод	نوايجاد
наган	نگن
нагун	نگون
нагунбахт	نگون بخت
нагунбахтӣ	نگون بختي
нагунсор	نگونسار
нагҳат	نگهت
нағз	نغز
нағзак	نغزک
нағзакак	نغزکک
нағзакбурӣ	نغزک بري
нағзакдор	نغزک دار
нағзакканӣ	نغزک کني
нағзаккӯбӣ	نغزک کوبي
нағзӣ	نغزي
нағил	نغل
нағма	نغمه
нағмабоз	نغمه باز
нағмабозӣ	نغمه بازي
нағмагар	نغمه گر
нағманавоз	نغمه نواز
нағманавозӣ	نغمه نوازي
нағмапардоз	نغمه پرداز
нағмапардозӣ	نغمه پردازي
нағмасаро	نغمه سرا
нағмасароӣ	نغمه سرائي
нағмахон	نغمه خوان
нағом	نغام
нағора	نغاره
нағоразан	نغاره زن
нағоразанӣ	نغاره زني
нағорачӯб	نغاره چوب
надаб	ندب
надам	ندم
надва	ندوه
наддоф	نداف
наддофӣ	ندافي
наддофхона	نداف خانه
надид	نديد
надим	نديم
надимӣ	نديمي
надӣ	ندي
надомат	ندامت
надоматзада	ندامت زده
ниём	نيام
наём	نيام
нажанд	نژند
нажод	نژاد
нажодӣ	نژادي
нажодпараст	نژادپرست
нажодпарастӣ	نژادپرستي
нажодпарастона	نژادپرستانه
нажодшиносӣ	نژادشناسي
н-аз	نز
назар	نظر
назаран	نظراً
назарбаланд	نظربلند
назарбаландӣ	نظربلندي
назарбаландона	نظربلندانه
назарбанд	نظربند
назарбоз	نظرباز
назарбозӣ	نظربازي
назаргаҳ	نظر گه
назаргир	نظرگير
назаргоҳ	نظرگاه
назардид	نظرديد
назардӯз	نظردوز
назариёт	نظريات
назария	نظريه
назариявӣ	نظريه وي
назариядон	نظريه دان
назарӣ	نظري
назаркарда	نظرکرده
назармаҳдуд	نظرمحدود
назарногир	نظرناگير
назарногирӣ	نظرناگيري
назарногирона	نظرناگيرانه
назарпараст	نظر پرست
назарпаст	نظرپست
назарписанд	نظرپسند
назарпурсӣ	نظرپرسي
назаррабо	نظرربا
назаррабоӣ	نظررباي
назаррас	نظررس
назарсанҷӣ	نظر سنجي
назартанг	نظر تنگ
назартангӣ	نظرتنگي
назарфиреб	نظرفريب
назарфиребӣ	نظرفريبي
назархоҳ	نظر خواه
назархоҳӣ	نظر خواهي
назд	نزد
наздик	نزديک
наздикбин	نزديک بين
наздикбинӣ	نزديک بيني
наздикӣ	نزديکي
наздикфикр	نزديک فکر
наздимактабӣ	نزد مکتبي
наздиҳавлигӣ	نزدحولگي
наздишаҳрӣ	نزدشهري
наззора	نظاره
назир	نظير
назира	نظيره
назирагӯӣ	نظيره گوئي
назирасароӣ	نظيره سرائي
назиф	نظيف
назла	نزله
назм	نظم
назман	نظما
назмӣ	نظمي
назмнавис	نظم نويس
назмшиносӣ	نظم شناسي
назо	نزا
назоир	نظائر
назокат	نزاکت
назокатомез	نزاکت آميز
назор	نزار
назора	نظاره
назорат	نظارت
назоратгар	نظارت گر
назораткунанда	نظارت کننده
назоратчӣ	نظارتچي
назофат	نظافت
назоҳат	نزاهت
назр	نذر
назрдеҳ	نذرده
назрӣ	نذري
назъ	نزع
наим	نعيم
най	ني
найанбон	ني انبان
найбаст	ني بدست
найдарав	ني درو
найза	نيزه
найзаандоз	نيزه انداز
найзаандозӣ	نيزه اندازي
найзабоз	نيزه باز
найзабозӣ	نيزه بازي
найзаболо	نيزه بالا
найзавар	نيزه ور
найзадор	نيزه دار
найзазанӣ	نيزه زني
найзапартоӣ	نيزه پرتائي
найзаҷанг	نيزه جنگ
найзор	نيزار
найин	نيين
найир	نير
найистон	نيستان
найӣ	نيي
найқалам	ني قلم
найл	نيل
найлабак	ني لبک
наймонанд	ني مانند
найнавоз	ني نواز
найнавозӣ	ني نوازي
найранг	نيرنگ
найрангбоз	نيرنگباز
найрангбозӣ	نيرنگ بازي
найрангсоз	نيرنگ ساز
найранҷ	نيرنج
найранҷот	نيرنجات
найсор	ني سراي
найситон	نيستان
найсон	نيسان
найсонӣ	نيساني
найча	نيچه
найчаандоз	نيچه انداز
найчаандозӣ	نيچه اندازي
найчамонанд	نيچه مانند
найчапайванд	نيچه پيوند
найчашиша	نيچه شيشه
найчӣ	نيچي
найшакар	نيشکر
найшакарзор	نيشکر زار
накав	نکو
накбат	نکبت
накбатбор	نکبت بار
накбатзада	نکبت زده
накбатзадагӣ	نکبت زده گي
накбатовар	نکبت آور
накбо	نکبا
накир	نکير
накс	نکث
накӯ	نکو
накӯандеш	نکوانديش
накӯаҳвол	نکواحوال
накӯаҳволӣ	نکواحوالي
накӯбахт	نکوبخت
накӯгӯй	نکوگوي
накӯзот	نکوذات
накӯӣ	نکوئي
накӯкирдор	نکوکردار
накӯкор	نکوکار
накӯкорӣ	نکوکاري
накӯном	نکونام
накӯномӣ	نکونامي
накӯрой	نکوراي
накӯрӯй	نکوروي
накӯсиришт	نکوسرشت
накӯсифат	نکوصفت
некӯсифатӣ	نکوصفتي
накӯтолеъ	نکوطالع
накӯфарҷом	نکوفرجام
накӯхислат	نکوخصلت
накӯхисол	نکوخصال
накӯхоҳ	نکوخواه
накӯхоҳӣ	نکوخواهي
накӯҳиш	نکوهش
накӯҳидан	نکوهيدن
накӯҳолӣ	نکوحالي
накҳат	نکهت
накҳатовар	نکهت آور
нақарот	نقرات
нақб	نقب
нақбафкан	نقب افکن
нақбафканӣ	نقب افکني
нақбзан	نقب زن
нақбзанӣ	نقب زني
нақбӣ	نقبي
нақбкан	نقب کن
нақбканӣ	نقب کني
нақд	نقد
нақда	نقده
нақдан	نقداً
нақдина	نقدينه
нақдонақд	نقدانقد
нақдӣ	نقدي
нақдшинос	نقد شناس
нақз	نقض
нақиб	نقيب
нақибат	نقيبت
нақиз	نقيض
нақиза	نقيضه
нақир	نقير
нақиса	نقيصه
наққорӣ	نقاري
наққош	نقاش
наққошӣ	نقاشي
наққошхона	نقاش خانه
нақл	نقل
нақлан	نقلاً
нақлгӯй	نقلگوي
нақлиёт	نقليات
нақлиётӣ	نقلياتي
нақлкунанда	نقل کننده
нақлӣ	نقلي
нақо	نقا
нақоразан	نقاره زن
нақоразанӣ	نقاره زني
нақоранавоз	نقاره نواز
нақоранавозӣ	نقاره نوازي
нақорахона	نقاره خانه
нақорачӣ	نقار چي
нақорачӯб	نقاره چوب
нақр	نقر
нақрасанг	نقرسنگ
нақс	نقص
нақш	نقش
нақша	نقشه
нақшабардор	نقشه بردار
нақшабардорӣ	نقشه برداري
нақшагирӣ	نقشه گيري
нақшакаш	نقشه کش
нақшакашӣ	نقشه کشي
нақшандоз	نقش انداز
нақшандозӣ	نقش اندازي
нақшбанд	نقش بند
нақшбандия	نقش بنديه
нақшбандӣ	نقش بندي
нақшбоз	نقش باز
нақшгӯӣ	نقشگوئي
нақшгӯй	نقشگوي
нақшдор	نقش دار
нақшин	نقشين
нақшкалон	نقش کلان
нақшкан	نقشکن
нақшканӣ	نقش کني
нақшкӯб	نقش کوب
нақшкӯбӣ	نقش کوبي
нақшқолаб	نقش قالب
нақшнигор	نقش نگار
нақшнок	نقشناک
нақшнома	نقش نامه
нақшофарин	نقش آفرين
нақшофаринӣ	نقش آفريني
нақшхон	نقش خوان
нақшхонӣ	نقش خواني
налм	نلم
нам	نم
намад	نمد
намадгар	نمدگر
намадзин	نمدزين
намадин	نمدين
намадӣ	نمدي
намадмол	نمدمال
намадмолӣ	نمدمالي
намадпӯш	نمدپوش
намадсоз	نمدساز
намак	نمک
намакандеш	نمک انديش
намакдон	نمک دان
намакдор	نمک دار
намакзада	نمک زده
намакзор	نمکزار
намакин	نمکين
намакношинос	نمک ناشناس
намакоб	نمک آب
намакпошӣ	نمک پاشي
намаксанг	نمک سنگ
намаксо	نمک سا
намаксор	نمک سار
намаксуд	نمک سود
намакфурӯш	نمک فروش
намакфурӯшӣ	نمک فروشي
намакхор	نمک خوار
намакхора	نمک خواره
намакхӯр	نمک خور
намакхӯрда	نمک خورده
намакчаш	نمک چش
намакчашак	نمک چشک
намакшинос	نمک شناس
намакшӯӣ	نمک شوئي
намат	نمط
намгирифта	نم گرفته
намдор	نم دار
намзамин	نم زمين
намибардор	نمي بردار
намигарӣ	نميگري
намидан	نميدن
намим	نميم
наминигоҳдорӣ	نمي نگاه داري
наминогузар	نمي ناگذر
намиранда	نميرنده
намисанҷ	نمي سنج
намӣ	نمي
намкаш	نمکش
наммом	نمام
намнок	نمناک
намо	نما
намобандӣ	نما بندي
намод	نماد
намодгаро	نماد گرا
намодгароӣ	نماد گرائي
намодӣ	نمادي
намодин	نمادين
намоён	نمايان
намоёнӣ	نماياني
намоз	نماز
намозгоҳ	نمازگاه
намозгузор	نمازگزار
намозгузорӣ	نمازگزاري
намозишомкушо	نمازشام کشا
намозӣ	نمازي
намозхон	نماز خواني
намозхонӣ	نماز خواني
намоиш	نمايش
намоишгар	نمايشگر
намоишгаҳ	نمايشگه
намоишгоҳ	نمايشگاه
намоишдиҳанда	نمايش دهنده
намоишдиҳӣ	نمايش دهي
намоишӣ	نمايشي
намоишкорӣ	نمايش کاري
намоишкорона	نمايش کارانه
намоишнома	نمايش نامه
намок	نماک
намосоз	نماساز
намосозӣ	نماسازي
намоянда	نماينده
намояндагӣ	نمايندگي
намреза	نم ريزه
намуд	نمود
намудан	نمودن
намудор	نمودار
намун	نمون
намуна	نمونه
намунавӣ	نمونه
намунавор	نمونه وار
намч	نمچ
намчин	نم چين
нанг	ننگ
нангин	ننگين
нангинрӯй	ننگين روي
нанговар	ننگ آور
наома	نعامه
наппа-нав	نپه نو
нар	نر
нарангушт	نرانگشت
нарбуз	نربز
наргасӣ	نرگسي
наргат	نرگت
наргис	نرگس
наргиса	نرگسه
наргисӣ	نرگسي
наргов	نرگاو
нарғӯл	نرغول
нард	نرد
нарда	نرده
нардбоз	نردباز
нардбозӣ	نردبازي
нардбон	نردبان
нардсунбул	نردسنبل
нардтахта	نردتخته
нарён	نريان
наримон	نريمان
нарина	نرينه
наркоз	نرکاز
нарм	نرم
нарма	نرمه
нармак	نرمک
нармбаданҳо	نرم بدنها
нармгардан	نرم گردن
нармгуфтор	نرم گفتار
нармгуфторӣ	نرم گفتاري
нармгӯй	نرم گوي
нармдил	نرم دل
нармдилӣ	نرم دلي
нармдилона	نرم دلانه
нармзабон	نرم زبان
нармидан	نرميدن
нармин	نرمين
нармӣ	نرمي
нармкунак	نرم کنک
нармлагом	نرم لگام
нарммуомила	نرم معامله
нармнигоҳ	نرم نگاه
нармода	نرماده
нармоҳан	نرم آهن
нармоҳанӣ	نرم آهني
нармпой	نرم پاي
нармрав	نرم رو
нармсухан	نرم سخن
нармтабиат	نرم طبيعت
нармтан	نرم تن
нармхок	نرم خاک
нармхӯй	نرم خوي
нармшамшер	نرم شمشير
нармшона	نرم شانه
нарпай	نرپي
нарпарда	نرپرده
нарра	نره
наррак	نرک
нарракӣ	نرکي
наррашер	نره شير
наррод	نراد
нарсаг	نرسگ
нарх	نرخ
нархар	نرخر
нархгузор	نرخ گذار
нархгузоранда	نرخ گذارنده
нархгузорӣ	نرخ گذاري
нархмонӣ	نرخ ماني
нархнома	نرخ نامه
нархук	نرخوک
наршутур	نرشتر
насаб	نسب
насабнома	نسب نامه
насабтарошӣ	نسب تراشي
насабшинос	نسب شناس
насабшиносӣ	نسب شناسي
насақ	نسق
насар	نسر
насб	نصب
насеҳ	نصيح
насиб	نصيب
насиба	نصيبه
насибадор	نصيبه دار
насибахӯр	نصيبه خور
насим	نسيم
насир	نصير
насиҳат	نصيحت
насиҳатгар	نصيحتگر
насиҳатгарӣ	نصيحتگري
насиҳатгӯӣ	نصيحت گوئي
насиҳатгӯй	نصيحت گوي
насиҳатдиҳӣ	نصيحت دهي
насиҳатнопазир	نصيحت ناپذير
насиҳатомез	نصيحت آميز
насиҳатомезона	نصيحت آميزانه
насиҳатшунав	نصيحت شنو
насия	نسيه
насияфурӯшӣ	نسيه فروشي
насиячин	نسيه چين
насиячинӣ	نسيه چيني
наск	نسک
насқ	نسق
насл	نسل
наслан	نسلاً
наслгирӣ	نسل گيري
наслдеҳ	نسل ده
наслдиҳӣ	نسل دهي
наслӣ	نسلي
наснос	نسناس
насоеҳ	نصايح
насоро	نصاري
насос	نساس
наср	نثر
насрин	نسرين
насрӣ	نثري
насрнавис	نثر نويس
насрнависӣ	نثرنويسي
насроният	نصرانيت
насронӣ	نصراني
нассох	نساخ
нассоҷ	نساج
нассоҷӣ	نساجي
настаран	نسترن
настаълиқ	نستعلق
настӯҳ	نستوه
насӯҳ	نصوح
насх	نسخ
насҷ	نسج
нат	نت
натақ	نطق
натиҷа	نتيجه
натиҷабахш	نتجه بخش
натиҷагирӣ	نتيجه گيري
натиҷанок	نتيجه ناک
натн	نتن
натрий	ناتري
наттоқ	نطاق
наттоқӣ	نطاقي
натурализм	نتورليزم
натуралист	نتورليست
натуралистӣ	نتواليستي
натуралӣ	نتورلي
натурфалсафа	نتورفلسفه
натъ	نطع
натюрморт	نتيومارت
наузубиллоҳ	نعوذبالله
нафақа	نفقه
нафақагир	نفقه گير
нафақагирӣ	نفقه گيري
нафақахӯр	نفقه خور
нафар	نفر
нафарӣ	نفري
нафас	نفس
нафасбанд	نفس بند
нафасгардон	نفس گردان
нафасгирӣ	نفس گيري
нафасӣ	نفسي
нафаскашӣ	نفس کشي
нафаскӯтоҳ	نفس کوتاه
нафастанг	نفس تنگ
нафастангӣ	نفس تنگي
нафир	نفير
нафис	نفيس
нафиса	نفيسه
нафисакорӣ	نفيسه کاري
нафисӣ	نفيسي
нафискор	نفيس کار
нафискорона	نفيس کارانه
нафй	نفي
нафл	نفل
нафоз	نفاذ
нафосат	نفاست
нафоя	نفايه
нафрат	نفرت
нафратангез	نفرت انگيز
нафратбор	نفرتبار
нафратзада	نفرت زده
нафратовар	نفرت آور
нафратомез	نفرت آميز
нафридан	نفريدن
нафрин	نفرين
нафринкарда	نفرين کرده
нафс	نفس
нафсӣ	نفسي
нафскалон	نفس کلان
нафсоният	نفسانيت
нафсонӣ	نفساني
нафспараст	نفس پرست
нафспарастӣ	نفس پرستي
нафспарвар	نفس پرور
нафсуламр	نفس الامر
нафт	نفت
нафталин	نفتلين
нафтандоз	نفت انداز
нафтандозӣ	نفت اندازي
нафтдор	نفت دار
нафтӣ	نفتي
нафткаш	نفتکش
нафткашӣ	نفت کشي
нафткашон	نفت کشان
нафтрасон	نفت رسان
нафтрасонӣ	نفت رساني
нафтхез	نفت خيز
наффоъ	نفاع
нафх	نفخ
нафҳа	نفحه
нафъ	نفع
нафъдиҳанда	نفع دهنده
нафъовар	نفع آور
нах	نخ
нахарт	نخرت
нахбанд	نخ بند
нахбандӣ	نخ بندي
нахват	نخوت
нахгирак	نخ گيرک
нахдор	نخ دار
нахл	نخل
нахлбанд	نخل بند
нахлистон	نخل استان
нахлӣ	نخلي
наход	نخاد
нахпеч	نخ پيچ
нахрес	نخ ريس
нахресӣ	نخ ريسي
нахтоб	نخ تاب
нахтобӣ	نخ تابي
нахуст	نخست
нахуствазир	نخست وزير
нахустин	نخستين
нахустнамоиш	نخست نمايش
нахустфарзанд	نخست فرزند
нахӯд	نخود
нахӯдак	نخودک
нахӯдбирён	نخودبريان
нахӯддона	نخوددانه
нахӯдзор	نخودزار
нахӯдӣ	نخودي
нахӯдпазӣ	نخود پزي
нахӯдранг	نخودرنگ
нахӯдшӯрак	نخودشورک
нахӯдшӯрбо	نخود شوربا
наххос	نخاس
нахчир	نخچير
нахчирзан	نخچيرزن
нахҷир	نخجير
нахҷирвол	نخجيروال
нахҷиргон	نخجيرگان
нахҷиргоҳ	نخجيرگاه
наҳ	نه
наҳанг	نهنگ
наҳб	نهب
наҳв	نحو
наҳва	نحوه
наҳвӣ	نحوي
наҳзат	نهضت
наҳиб	نهيب
наҳиф	نحيف
наҳифӣ	نحيفي
наҳй	نهي
наҳл	نحل
наҳмор	نهمار
наҳор	نهار
наҳорӣ	نهاري
наҳоран	نهاراً
наҳосат	نحاست
наҳофат	نحافت
наҳр	نحر
наҳрӣ	نهري
наҳс	نحس
наҳсият	نحسيت
наҳсӣ	نحسي
наҳҷ	نهج
начандон	نچندان
наҷанд	نجند
наҷас	نجس
наҷво	نجوا
наҷиб	نجيب
наҷибӣ	نجيبي
наҷибона	نجيبانه
наҷис	نجيس
наҷисӣ	نجيسي
наҷм	نجم
наҷобат	نجابت
наҷосат	نجاست
наҷот	نجات
наҷотбахш	نجات بخش
наҷотбахшӣ	نجات بخشي
наҷотдиҳанда	نجات دهنده
наҷотдиҳӣ	نجات دهي
наҷотёбӣ	نجات يابي
наҷотёфта	نجات يافته
наҷҷор	نجار
наҷҷорӣ	نجاري
нашастан	نشستن
нашв	نشو
нашвунамо	نشونما
наш	نش
нашша	نشه
нашшакаш	نشه کش
нашшакашӣ	نشه کشي
нашр	نشر
нашриёт	نشريات
нашрия	نشريه
наштар	نشتر
нашф	نشف
нашъ	نشأ
нашъа	نشعه
нашъабахш	نشعه بخش
нашъадор	نشعه دار
нашъакаш	نشعه کش
нашъакашӣ	نشعه کشي
нашъаманд	نشعه مند
нашъамандӣ	نشعه مندي
нашъахона	نشعه خانه
нашъаҷаллоб	نشعه جلاب
нашъаҷаллобӣ	نشعه جلابي
нашъунамо	نشأونما
наъл	نعل
наълбанд	نعل بند
наълбандӣ	نعل بندي
наълбаҳо	نعل بها
наългар	نعلگر
наългарӣ	نعلگري
наълдоғ	نعل داغ
наълдор	نعل دار
наълзан	نعل زن
наълзанӣ	نعل زني
наълнок	نعلناک
наълшакл	نعل شکل
наъмо	نعما
наъно	نعنا
наъра	نعره
наът	نعت
наъш	نعش
наъшкаш	نعش کش
не	ني
нев	نيو
нева	نيوه
невбанд	نيوبند
невроз	نيوراز
неврология	نيورالاگيه
невропатолог	نيوراپتالاگ
невропатология	نيوراپتالاگيه
негатив	نيگتيو
нейлон	نيلان
нейтрон	نيتران
нейтронӣ	نيتراني
нек	نيک
неказм	نيک عزم
некайём	نيک ايام
некайёмӣ	نيک ايامي
некандеш	نيک انديش
некандешӣ	نيک انديشي
неканҷом	نيک انجام
неканҷомӣ	نيک انجامي
некатвор	نيک اطوار
некафъол	نيک افعال
некафъолӣ	نيک افعالي
некахлоқ	نيک اخلاق
некахлоқӣ	نيک اخلاقي
некахтар	نيک اختر
некаҳвол	نيک احوال
некаҳволӣ	نيک احوالي
некаҳд	نيک عهد
некаҳдӣ	نيک عهدي
некбахт	نيک بخت
некбахтӣ	نيک بختي
некбин	نيک بين
некбинӣ	نيک بيني
некбинона	نيک بينانه
некдил	نيک دل
некдилӣ	نيک دلي
некдилона	نيک دلانه
некзот	نيکذات
некирода	نيک اراده
некӣ	نيکي
неккирдор	نيک کردار
неккирдорӣ	نيک کرداري
некқадам	نيک قدم
некманзар	نيک منظر
некманзарӣ	نيک منظري
некманиш	نيک منش
некманишӣ	نيک منشي
некмард	نيک مرد
некмаҳзар	نيک محضر
некмаҳзарӣ	نيک محضري
некнажод	نيک نژاد
некниҳод	نيک نهاد
некниҳодӣ	نيک نهادي
некном	نيک نام
некномӣ	نيک نامي
некпай	نيک پي
некпайванд	نيک پيوند
некпайвандӣ	نيک پيوندي
некпайӣ	نيک پيي
некрав	نيک رو
некрафтор	نيک رفتار
некрой	نيک راي
некрӯй	نيک روي
некрӯз	نيک روز
некрӯзӣ	نيک روزي
нексигол	نيک سگال
нексиголӣ	نيک سگالي
нексират	نيک سيرت
нексиратӣ	نيک سيرتي
нексиришт	نيک سرشت
нексириштӣ	نيک سرشتي
нексифат	نيک صفت
нексифатӣ	نيک صفتي
нексоз	نيک ساز
нексохт	نيک ساخت
нектабиат	نيک طبيعت
нектабиатӣ	نيک طبيعتي
нектақдир	نيک تقدير
нектинат	نيک طينت
нектинатӣ	نيک طينتي
нектолеъ	نيک طالع
нектолеӣ	نيک طالعي
некӯ	نيکو
некӯайём	نيکو ايام
некӯамал	نيکو عمل
некӯафъол	نيکو افعال
некӯафъолӣ	نيکو افعالي
некӯахлоқ	نيکو اخلاق
некӯахлоқӣ	نيکو اخلاقي
некӯаҳвол	نيکو احوال
некӯаҳволӣ	نيکو احوالي
некӯӣ	نيکوئي
некӯкирдор	نيکو کردار
некӯкирдорӣ	نيکو کرداري
некӯкор	نيکوکار
некӯкорӣ	نيکوکاري
некӯниҳод	نيکو نهاد
некӯниҳодӣ	نيکو نهادي
некӯном	نيکو نام
некӯномӣ	نيکو نامي
некӯсияр	نيکو سير
некӯсиярӣ	نيکو سيري
некӯсухан	نيکو سخن
некӯсуханӣ	نيکو سخني
некӯфарҷом	نيکو فرجام
некӯфарҷомӣ	نيکو فرجامي
некӯхислат	نيکو خصلت
некӯхислатӣ	نيکو خصلتي
некӯхисол	نيکوخصال
некӯхисолӣ	نيکوخصالي
некӯҳиммат	نيکو همت
некӯҳимматӣ	نيکو همتي
некӯҳол	نيکو حال
некфарҷом	نيک فرجام
некфитрат	نيک فطرت
некфитратӣ	نيک فطرتي
некфол	نيک فال
некфолӣ	نيک فالي
некхислат	نيک خصلت
некхислатӣ	نيک خصلتي
некхоҳ	نيک خواه
некхоҳӣ	نيک خواهي
некхоҳона	نيک خواهانه
некхӯӣ	نيک خوئي
некхӯй	نيک خوي
некҳол	نيک حال
некҳолӣ	نيک حالي
немис	نيميس
немисӣ	نيميسي
неолит	نياليت
неон	نيان
неонӣ	نياني
нерӯ	نيرو
нерӯбахш	نيرو بخش
нерӯгоҳ	نيروگاه
нерӯманд	نيرومند
нерӯмандӣ	نيرومندي
нерӯсанҷ	نيرو سنج
нерӯсанҷӣ	نيرو سنجي
нест	نيست
нестак	نيستک
нестандарҷаҳон	نيست اندرجهان
нестӣ	نيستي
нестон	نيستان
нефа	نيفه
нефт	نيفت
неҳзат	نهضت
неш	نيش
нешборик	نيش باريک
нешдароз	نيش دراز
нешдида	نيش ديده
нешдор	نيش دار
нешзабон	نيش زبان
нешзан	نيش زن
нешзанӣ	نيش زني
нешкунд	نيش کند
нешкӯтоҳ	نيش کوتاه
нешмонанд	نيش مانند
нештак	نيشتک
нештар	نيشتر
нештарзан	نيشترزن
нештез	نيش تيز
нешу	نيشو
нешханд	نيش خند
нешхӯрд	نيش خورد
неъмат	نعمت
неъматбахш	نعمت بخش
неъматдеҳ	نعمت ده
неъматнисор	نعمت نثار
неъматобод	نعمت آباد
неъматпарварда	نعمت پرورده
неъматрасон	نعمت رسان
ниам	نعم
нивелир	نويلير
нигаридан	نگريدن
нигаристан	نگرستن
нигариш	نگرش
нигарон	نگران
нигаронӣ	نگراني
нигаҳ	نگه
нигаҳбон	نگهبان
нигаҳбонӣ	نگهباني
нигаҳдор	نگهدار
нигаҳдорӣ	نگهداري
нигилизм	نگليزم
нигилистӣ	نگليستي
нигин	نگين
нигина	نگينه
нигинадор	نگينه دار
нигинакорӣ	نگينه کاري
нигиндор	نگين دار
нигинкорӣ	نگين کاري
нигинхона	نگين خانه
нигор	نگار
нигора	نگاره
нигоранда	نگارنده
нигоргар	نگارگر
нигорида	نگاريده
нигоридан	نگاريدن
нигорин	نگارين
нигористон	نگارستان
нигориш	نگارش
нигорпараст	نگار پرست
нигорпарастӣ	نگارپرستي
нигорхона	نگارخانه
нигоҳбон	نگاهبان
нигоҳбонӣ	نگاهباني
нигоҳдор	نگاه دار
нигоҳдоранда	نگاه دارنده
нигоҳдорӣ	نگاه داري
нигоҳубин	نگاهبين
нигоштан	نگاشتن
нигун	نگون
нидо	ندا
ниё	نيا
ниёбат	نيابت
ниёкон	نياکان
ниёз	نياز
ниёзӣ	نيازي
ниёзманд	نيازمند
ниёзмандӣ	نيازمندي
ниёиш	نيايش
нижанд	نژند
нижод	نژاد
низ	نيز
низом	نظام
низомӣ	نظامي
низомимонанд	نظامي مانند
низомнома	نظام نامه
низор	نزار
низорӣ	نزاري
низоъ	نزاع
нийят	نيت
никел	نيکل
никеландуда	نيکل اندوده
никелӣ	نيکلي
никотин	نکاتين
никоҳ	نکاح
никоҳӣ	نکاحي
никоҳнома	نکاح نامه
никоҳона	نکاحانه
никӯҳиш	نکوهش
ниқ	نق
ниққӣ	نقي
ниқоб	نقاب
ниқобдор	نقابدار
ниқобӣ	نقابي
ниқобпӯш	نقاب پوش
ниқобпӯшида	نقاب پوشيده
ниқобпӯшӣ	نقاب پوشي
ниқор	نقار
ниқоргир	نقارگير
ниқоргиранда	نقار گيرنده
ниқоргирӣ	نقارگيري
ниқорталаб	نقارطلب
ниқорталабӣ	نقارطلبي
ниқорҷӯ	نقارجوي
ниқрис	نقريس
нил	نيل
нила	نيله
нилгун	نيلگون
нилӣ	نيلي
нилк	نلک
нилобиранг	نيلابرنگ
нилобӣ	نيلابي
нилуфар	نيلوفر
нилуфарӣ	نيلوفري
нилуфом	نيلوفام
ним	نيم
нима	نيمه
нимабрешимӣ	نيم ابريشمي
нимавтоматӣ	نيم اوتامتي
нимагӣ	نيمگي
нимароҳ	نيمه راه
нимасрӣ	نيم عصري
нимафрошта	نيم افراشته
нимашаб	نيم شب
нимашабӣ	نيم شبي
нимбараҳна	نيم برهنه
нимбардошта	نيم برداشته
нимбедор	نيم بيدار
нимбедорӣ	نيم بيداري
нимбекор	نيم بيکار
нимбемор	نيم بيمار
нимбиёбон	نيم بيايان
нимбирён	نيم بريان
нимбисмил	نيم بسمل
нимбоз	نيم باز
нимбуд	نيم بود
нимбур	نيم بر
нимбутта	نيم بته
нимвайрона	نيم ويرانه
нимваҳшӣ	نيم وهشي
нимво	نيم وا
нимгардон	نيم گردان
нимгарм	نيم گرم
нимгирифта	نيم گرفته
нимгурусна	نيم گرسنه
нимгуруснагӣ	نيم گرسنه گي
нимгушна	نيم گشنه
нимғурма	نيم غرم
нимдарида	نيم دريده
нимдашт	نيم دشت
нимдоира	نيم دائره
нимдонагӣ	نيم دانگي
нимдошт	نيم داشت
нимдунбул	نيم دنبل
нимзинда	نيم زنده
нимирӯзӣ	نيم روزي
нимистгоҳ	نيم استگاه
нимишабӣ	نيم شبي
нимӣ	نيمي
нимкат	نيم کت
нимкафон	نيم کفان
нимковок	نيم کاواک
нимкола	نيم کاله
нимкора	نيم کاره
нимкорагӣ	نيم کاره گي
нимкоса	نيم کاسه
нимкоф	نيم کاف
нимкура	نيم کره
нимкушо	نيم کشا
нимкушода	نيم کشاده
нимкушта	نيم کشته
нимкӯр	نيم کور
нимкӯфта	نيم کفته
нимланг	نيم لنگ
нимлитра	نيم لتره
нимлуч	نيم لوچ
нимманӣ	نيم مني
ниммаст	نيم مست
ниммоҳа	نيم ماهه
ниммурда	نيم مرده
ниммустақил	نيم مستقل
ниммустамлика	نيم مستملکه
ниммуҳофиз	نيم محافظ
ниммуҳофизатчӣ	نيم محافظتچي
нимнамо	نيم نما
нимнигоҳ	نيم نگاه
нимнидо	نيم ندا
нимниқоб	نيم نقاب
нимниҳоӣ	نيم نهائي
нимнишаст	نيم نشست
нимноқил	نيم ناقل
нимноқилӣ	نيم ناقلي
нимостин	نيم آستين
нимпаз	نيم پز
нимпайкара	نيم پيکره
нимпарда	نيم پرده
нимпаҳлу	نيم پهلو
нимпашмин	نيم پشمين
нимпудӣ	نيم پودي
нимпур	نيم پر
нимпухта	نيم گپخته
нимпӯсида	نيم پوسيده
нимпӯстин	نيم پوستين
нимравшан	نيم روشن
нимранг	نيم رنگ
нимрас	نيم رس
нимрасмӣ	نيم رسمي
нимраҳа	نيم رهه
нимроғ	نيم راغ
нимроҳа	نيم راهه
нимрух	نيم رخ
нимрӯй	نيم روي
нимрӯз	نيم روز
нимрӯза	نيم روزه
нимрӯзина	نيم روزينه
нимрӯзӣ	نيم روزي
нимрӯя	نيم رويه
нимсадо	نيم صدا
нимсард	نيم سرد
нимсер	نيم سير
нимсерӣ	نيم سيري
нимсоата	نيم ساعته
нимсоатина	نيم ساعتينه
нимсола	نيم ساله
нимсолина	نيم سالينه
нимсолӣ	نيم سالي
нимсохт	نيم ساخت
нимсуфта	نيم سفته
нимсӯз	نيم سوز
нимсӯхта	نيم سوخته
нимта	نيم ته
нимтабақ	نيم طبق
нимтабассум	نيم تبسم
нимтагӣ	نيمته گي
нимтайёр	نيم تيار
нимтана	نيم تنه
нимтахт	نيم تخت
нимтаъзим	نيم تعظيم
нимтиҳӣ	نيم تهي
нимторик	نيم تاريک
нимторикӣ	نيم تاريکي
нимфарбеҳ	نيم فربه
нимфиналӣ	نيم فنلي
нимхам	نيم خم
нимханд	نيم خند
нимханда	نيم خنده
нимхароб	نيم خراب
нимхез	نيم خيز
нимхоб	نيم خواب
нимхоида	نيم خائيده
нимхолӣ	نيم خالي
нимхом	نيم خام
нимхуфта	نيم خفته
нимхушк	نيم خشک
нимхӯрда	نيم خورده
нимҳалқа	نيم حلقه
нимҳушёр	نيم هشيار
нимча	نيمچه
нимчагӣ	نيمچگي
нимчамулло	نيمچه ملا
нимҷазира	نيم جزيره
нимҷиддӣ	نيم جدي
нимҷома	نيم جامه
нимҷон	نيم جان
нимшаб	نيم شب
нимшаффоф	نيم شفّاف
нимшикан	نيم شکن
нимшикаста	نيم شکسته
нимшоҳӣ	نيم شاهي
нимшукуфт	نيم شکفت
нимшунаво	نيم شنوا
нимшуста	نيم شسته
нимшӯхӣ	نيم شوخي
нинакшах	ننکشخ
нинакшахӣ	ننکشخي
нинича	نينيچه
нинӣ	نيني
ниобий	نيابيي
нирӯ	نيرو
нирӯманд	نيرومند
нирӯмандӣ	نيرومندي
нисбат	نسبت
нисбатан	نسبتاً
нисбӣ	نسبي
нисвон	نسوان
нисён	نسيان
нисо	نسا
нисоб	نصاب
нисор	نثار
нисф	نصف
нисфакор	نصفه کار
нисфакорӣ	نصفه کاري
нисфирӯзӣ	نصف روزي
нисфишабӣ	نصف شبي
нисфуннаҳор	نصف النهار
нитоқ	نطاق
нитоҷ	نتاج
нитрат	نيترت
нитроген	نيتراگين
нифа	نيفه
нифоқ	نفاق
нифос	نفاس
нихта	نخته
ниҳеб	نهيب
ниҳод	نهاد
ниҳодан	نهادن
ниҳозидан	نهازيدن
ниҳоӣ	نهاي
ниҳол	نهال
ниҳола	نهاله
ниҳолзор	نهالزار
ниҳолӣ	نهالي
ниҳолпарвар	نهال پورو
ниҳолпарварӣ	نهال پروري
ниҳолхона	نهالخانه
ниҳолшинонӣ	نهال شناني
ниҳон	نهان
ниҳонгоҳ	نهانگاه
ниҳонӣ	نهاني
ниҳонхона	نهانخانه
ниҳоят	نهايت
нишалло	نشلا
нишаллопаз	نشلا پز
нишаллопазӣ	نشلا پزي
нишаллофурӯш	نشلا فروش
нишаллофурӯшӣ	نشلافروشي
нишаст	نشست
нишаста	نشسته
нишастагӣ	نشستگي
нишастан	نشستن
нишастанбоб	نشستنباب
нишастгоҳ	نشست گاه
нишастухез	نشست وخيز
нишеб	نشيب
нишебӣ	نشيبي
нишебона	نشيبانه
нишем	نشيم
нишеман	نشيمن
нишемангаҳ	نشيمنگه
нишемангоҳ	نشيمنگاه
нишинанда	نشيننده
нишолло	نشالا
нишоллопаз	نشالاپز
нишоллопазӣ	نشالاپزي
нишолофурӯш	نشالافروش
нишоллофурӯшӣ	نشالافروشي
нишон	نشان
нишона	نشانه
нишонагир	نشانه گير
нишонагирӣ	نشانه گيري
нишонагузор	نشانه گذار
нишонагузорӣ	نشانه گذاري
нишонадор	نشانه دار
нишонакарда	نشانه کرده
нишонамонӣ	نشانه ماني
нишонанок	نشانه ناک
нишонагирак	نشانه يرک
нишонгир	نشان گير
нишонгирак	نشان يرک
нишонгирӣ	نشان گيري
нишонгоҳ	نشانگاه
нишонгузорӣ	نشان گذاري
нишондан	نشاندن
нишондиҳанда	نشان دهنده
нишондиҳӣ	نشان دهي
нишондод	نشان داد
нишондор	نشان دار
нишонзан	نشان زن
нишонзанӣ	نشان زني
нишонидан	نشانيدن
нишонӣ	نشاني
нишонкарда	نشان کرده
нишонрас	نشان رس
нишоста	نشاسته
нишот	نشاط
нишотовар	نشاط آور
нишотофар	نشاط آفري
ништар	نشتر
нишхӯрд	نشخورد
ниюшидан	نيوشيدن
ниюшо	نيوشا
ният	نيت
но	نا
ноаён	ناعيان
ноаниқ	ناانيق
ноаниқӣ	ناانيقي
ноасл	نااصل
ноаслӣ	نااصلي
ноаҳл	نااهل
ноаҳлӣ	نااهلي
ноаҳлона	نااهلانه
ноб	ناب
нобакор	نابکار
нобакорӣ	نابکاري
нобакорона	نابکارانه
нобалад	نابلد
нобаладӣ	نابلدي
нобанаво	نابنوا
нобаробар	نابرابر
нобаробарӣ	نابرابري
нобаробарҳуқуқ	نابرابرحقوق
нобаробарҳуқуқӣ	نابرابرحقوقي
нобарор	نابرار
нобарорӣ	نابراري
нобасомон	نابسامان
нобасомонӣ	نابساماني
нобаста	نابسته
нобаҳангом	نابهنگام
нобаҳра	نابهره
нобаҳраманд	نابهره مند
нобаҷо	نابجا
нобиға	نابغه
нобино	نابينا
нобиноӣ	نابيناي
нобихрад	نابخرد
нобихрадӣ	نابخردي
нобоб	ناباب
нобобӣ	نابابي
нобовар	ناباور
нобоварӣ	ناباوري
нобоварона	ناباورانه
нобоист	نابايست
ноболиғ	نابالغ
ноболиғӣ	نابالغي
нобуд	نابود
нобуда	نابوده
нобудагӣ	نابودگي
нобудӣ	نابودي
нобудкор	نابودکار
нобудкорӣ	نابودکاري
нобудманд	نابودمند
нобурдбор	نابردبار
нов	ناو
нова	ناوه
новадон	ناوه دان
новадор	ناوه دار
новак	ناوک
новакандоз	ناوک انداز
новакандозӣ	ناوک اندازي
новақт	ناوقت
новақтӣ	ناوقت
новамонанд	ناوه مانند
новард	ناورد
новардхоҳ	ناورد خواه
новача	ناوه چه
новашакл	ناوه شکل
новдон	ناودان
новелла	ناويلا
новелланавис	ناويلانويس
новелланависӣ	ناويلانويسي
новидан	ناويدن
новобаста	ناوابسته
новоқиф	ناواقف
новоҷиб	ناواجب
ногап	ناگپ
ногапӣ	ناگپي
ногаҳ	ناگه
ногаҳон	ناگهان
ногаҳонӣ	ناگهاني
ногиро	ناگيرا
ногоҳ	ناگاه
ногувор	ناگوار
ногуворӣ	ناگواري
ногуворо	ناگوارا
ногудохта	ناگداخته
ногузир	ناگزير
ногузирӣ	ناگزيري
ногуфт	ناگفت
ногуфта	ناگفته
ногуфтанӣ	ناگفتني
нодаркор	نادرکار
нодаркорӣ	نادرکاري
нодида	ناديده
нодиданӣ	ناديدني
нодим	نادم
нодир	نادر
нодира	نادره
нодирагуфтор	نادره گفتار
нодирадон	نادره دان
нодиракор	نادره دار
нодон	نادان
нодонӣ	ناداني
нодор	نادار
нодорам	نادارم
нодорамӣ	نادارمي
нодорӣ	ناداري
нодуруст	نادرست
нодурустӣ	نادرستي
нодухтар	نادختر
ноёб	ناياب
ноёфт	نايافت
ноз	ناز
нозанда	نازنده
нозанин	نازنين
нозанинӣ	نازنيني
нозарур	ناضرور
нозбардор	نازبردار
нозбӯй	نازبوي
нозгул	نازگل
ноздор	نازدار
нозеб	نازيب
нозебо	نازيبا
нозебоӣ	نازيباي
нозидан	نازيدن
нозил	نازل
нозим	ناظم
нозир	ناظر
нозиракӣ	نازيرکي
нозирӣ	ناظري
нозирот	ناظرات
нозиш	نازش
нозкаш	نازکش
нозкунанда	نازکننده
нозкунон	نازکنان
нозода	نازاده
нозой	نازاي
нозоӣ	نازائي
нозофарин	نازآفرين
нозоянда	نازاينده
нозпарвар	نازپرور
нозпарварда	نازپرورده
нозпарвардагӣ	نازپرورده گي
нозук	نازک
нозукадо	نازک ادا
нозукадоӣ	نازک اداي
нозукак	نازکک
нозукандеш	نازک انديش
нозукандешӣ	نازک انديشي
нозукандом	نازک اندام
нозукандомӣ	نازک اندامي
нозукбадан	نازک بدن
нозукбаданӣ	نازک بدني
нозукбаён	نازک بيان
нозукбин	نازک بين
нозукбинӣ	نازک بيني
нозукдил	نازک دل
нозукдилӣ	نازک دلي
нозукӣ	نازکي
нозукмиён	نازک ميان
нозукмизоҷ	نازک مزاج
нозукмизоҷӣ	نازک مزاجي
нозукмуомила	نازک معامله
нозукмуомилагӣ	نازک معامله گي
нозукона	نازکانه
нозукпайкар	نازک پيکر
нозукпӯст	نازک پوست
нозукрухсора	نازک رخساره
нозукрӯй	نازک روي
нозуксанам	نازک صنم
нозуксанҷ	نازک سنج
нозуксанҷӣ	نازک سنجي
нозуктабиат	نازک طبيعت
нозуктабиатӣ	نازک طبيعتي
нозуктабъ	نازک طبع
нозуктабъӣ	نازک طبعي
нозуктинат	نازک طينت
нозукфаҳм	نازک فهم
нозукфаҳмӣ	نازک فهمي
нозукхаёл	نازک خيال
нозунуз	نازنوز
ноиб	نائب
ноибӣ	نائبي
ноибконсул	نائب کانسل
ноибулҳукумат	نائب الحکومت
ноибуссалтана	نائب السلطنه
ноижа	نايژه
ноиза	نايزه
ноил	نائل
ноилоҷ	ناعلاج
ноилоҷӣ	ناعلاجي
ноим	نائم
ноинсоф	ناانصاف
ноинсофӣ	ناانصافي
ноинсофона	ناانصافانه
ноира	نائره
ноиттифоқ	نااتفاق
ноиттифоқӣ	نااتفاقي
ноиттифоқона	نااتفاقانه
ной	ناي
нойанбон	ناي انبان
нойира	نائيره
нойча	نايچه
нок	ناک
нокардакор	ناکرده کار
нокас	ناکس
нокасӣ	ناکسي
нокаут	ناکاوت
нокзор	ناکزار
нокифоятӣ	ناکفايتي
нокишта	ناکشته
ноком	ناکام
нокомӣ	ناکامي
нокорам	ناکارم
нокордида	ناکارديده
нокоста	ناکاسته
нокофӣ	ناکافي
нокушода	ناکشاده
ноқа	ناقه
ноқавом	ناقوام
ноқид	ناقد
ноқил	ناقل
ноқилият	ناقليت
ноқилтасма	ناقل تسمه
ноқис	ناقص
ноқисӣ	ناقصي
ноқисулақл	ناقص العقل
ноқисулақлӣ	ناقص العقلي
ноқобил	ناقابل
ноқобилӣ	ناقابلي
ноқулай	ناقلي
ноқус	ناقوس
нол	نال
нола	ناله
нолагар	ناله گر
ноланда	نالنده
нолаомез	ناله آميز
нолаомезона	ناله آميزانه
нолапардоз	ناله پرداز
нолидан	ناليدن
нолиш	نالش
нолишгар	نالش گر
нолишкунанда	نالش کننده
нолишкунон	نالشکنان
нолоиқ	نالائق
нолоиқӣ	نالايقي
нолон	نالان
ном	نام
нома	نامه
номабар	نامه بر
номабарӣ	نامه بري
номавзун	ناموزون
номавзунӣ	ناموزوني
номавҷуд	ناموجود
номазбут	نامضبوت
номақбул	نامقبول
номақбулӣ	نامقبولي
номақдур	نامقدور
номанавис	نامه نويس
номанависӣ	نامه نويسي
номанзумӣ	نامنظومي
номанзур	نامنظور
номанигор	نامه نگار
номанигорӣ	نامه نگاري
номаовар	نامه آور
номарасон	نامه رسان
номарасонӣ	نامه رساني
номарбут	نامربوط
номарбутӣ	نامربوطي
номарғуб	نامرغوب
номарғубӣ	نامرغوبي
номард	نامرد
номардӣ	نامردي
номардона	نامردانه
номардум	نامردم
номардумӣ	نامردمي
номарзӣ	نامرضي
номаръӣ	نامرئي
номасдуд	نامسدود
номасиёҳ	نامه سياه
номаскун	نامسکون
номасъул	نامسئول
номатбӯъ	نامطبوع
номатлуб	نامطلوب
номафҳум	نامفهوم
номафҳумӣ	نامفهومي
номаҳдуд	نامحدود
номаҳдудӣ	نامحدودي
номаҳрам	نامحرم
номаҳрамӣ	نامحرمي
номаҳсур	نامحصور
номашҳур	نامشهور
номашҳурӣ	نامشهوري
номаъдуд	نامعدود
номаъқул	نامعقول
номаъқулӣ	نامعقولي
номаълум	نامعلوم
номаълумӣ	نامعلومي
номаъмур	نامأمور
номаънус	نامأنوس
номаъруф	نامعروف
номбар	نامبر
номбардор	نام بردار
номбардорӣ	نام برداري
номбарорӣ	نام براري
номбаршуда	نامبر شده
номбурда	نام برده
номвар	نامور
номгузорӣ	نام گذاري
номгӯй	نام گوي
номдор	نام دار
номдорӣ	نام داري
номдузд	نام دزد
номеҳрубон	نامهربان
номеҳрубонӣ	نامهرباني
номеҳрубонона	نامهربانانه
номзад	نامزد
номзадӣ	نامزدي
номида	ناميده
номидан	ناميدن
номидашаванда	ناميده شونده
номия	ناميه
номӣ	نامي
номмонӣ	نام ماني
номнавис	نام نويس
номнависӣ	نام نويسي
номовар	نام آور
номуайян	نامعين
номуайянӣ	نامعيني
номуборак	نامبارک
номуборакӣ	نامبارکي
номувафаққиятӣ	ناموفقيتي
номуваҷҷаҳ	ناموجه
номувофиқ	ناموافق
номувофиқатӣ	ناموافقتي
номукаммал	نامکمل
номукаммалӣ	نامکملي
номукаррар	نامکرر
номукаррарӣ	نامکرري
номуқаррар	نامقرر
номуқаррарӣ	نامقرري
номумкин	ناممکن
номумкинӣ	ناممکني
номуносиб	نامناسب
номуносибӣ	نامناسبي
номунтазам	نامنتظم
номунтазамӣ	نامنتظمي
номураттаб	نامرتب
номураттабӣ	نامرتبي
номурод	نامراد
номуродӣ	نامرادي
номуросо	نامراسا
номус	ناموس
номусалсал	نامسلسل
номусаттаҳ	نامسطح
номусоид	نامساعد
номусоидӣ	نامساعدي
номустаид	نامستعد
номустақил	نامستقل
номустақилӣ	نامستقلي
номустақим	نامستقيم
номустақимӣ	نامستقيمي
номусталаб	نامستلب
номусталабӣ	نامستلبي
номустаҳкам	نامستحکم
номустаҳкамӣ	نامستحکمي
номусулмон	نامسلمان
номутаносиб	نامتناسب
номутаносибӣ	نامتناسبي
номутаноҳӣ	نامتناهي
номуташаккил	نامتشکل
номуташаккилӣ	نامتشکلي
номуташаккилона	نامتشکلانه
номуттасил	نامتسل
номуттафиқона	نامفقانه
номуттаҳид	نامتحد
номуттаҳидӣ	نامتحدي
номуфассал	نامفصل
номӯътадил	نامعتدل
номҷӯӣ	نامجوي
номҷӯй	نامجوي
нон	نان
нонавишта	نانوشته
нонамоён	نانمايان
нонбандон	نان بندان
нонбурда	نان برده
нонбурӣ	نان بري
нонвой	نانواي
нонвоӣ	نانوائي
нонвойхона	نانواي خانه
нонгадоӣ	نان گداي
нондиҳанда	نان دهنده
нондон	نان دان
ноништа	نانشته
нонӣ	ناني
нонкашонӣ	نان کشاني
нонмайда	نان ميده
нонпаз	نان پز
нонпазӣ	نان پزي
нонпар	نان پر
нонреза	نان ريزه
нонросткунӣ	نان راستکني
нонталаб	نان طلب
нонфурӯш	نان فروش
нонфурӯшӣ	نان فروشي
нонхалта	نان خلته
нонхона	نان خانه
нонхоҳ	نان خواه
нонхӯр	نان خور
нонхӯрак	نان خورک
нонхӯриш	نان خورش
нонхӯрӣ	نان خوري
нончаспонӣ	نان چسپاني
нонҷӯй	نان جوي
ноншиканон	نان شکنان
нообод	ناآباد
ноогаҳ	ناآگه
ноогаҳӣ	ناآگهي
ноогоҳ	ناآگاه
ноогоҳӣ	ناآگاهي
ноогоҳона	ناآگاهانه
ноодам	ناآدم
ноодамгарӣ	ناآدمگري
ноодамӣ	ناآدمي
ноозмуда	ناآزموده
ноозмудагӣ	ناآزمودگي
ноозмудакор	ناآزموکار
ноозмудакорӣ	ناآزمودکاري
ноомад	ناآمد
ноомӯхта	ناآموخته
ноором	ناآرام
нооромӣ	ناآرامي
ноосуда	ناآسوده
ноосудагӣ	ناآسودگي
ноошно	ناآشنا
ноошноӣ	ناآشناي
нопадид	ناپديد
нопазир	ناپذير
нопайваста	ناپيوسته
нопайвастагӣ	نا پيوسته گي
нопайдо	ناپيدا
нопайдоканор	ناپيداکنار
нопидром	ناپدرام
нописанд	ناپسند
нописандӣ	ناپسندي
нописандона	ناپسندانه
нопойдор	ناپايدار
нопойдорӣ	ناپايداري
нопок	ناپاک
нопокдоман	ناپاک دامن
нопокизакор	ناپاکزه کار
нопокӣ	ناپاکي
нопурра	ناپره
нопурсида	ناپرسيده
нопухта	ناپخته
нор	نار
нора	ناره
нораво	ناروا
норавон	ناروان
норавшан	ناروشن
норавшанӣ	ناروشني
норанг	نارنگ
норинҷ	نارنج
норанҷ	نارنج
норинҷӣ	نارنجي
норанҷӣ	نارنجي
норас	نارس
норасида	نارسيده
норасо	نارسا
норасоӣ	نارساي
норбон	ناربان
норван	نارون
норвег	نارويگ
норвегӣ	نارويگي
норгил	نارگيل
норгул	نارگل
нордбон	ناردبان
нордон	ناردان
нордона	ناردانه
норизо	نارضا
норизогӣ	نارضاگي
норизоёна	نارضايانه
норизоӣ	نارضاي
норин	نارين
норматив	نارماتيو
норозигӣ	ناراضيگي
норозиёна	ناراضيانه
норозӣ	ناراضي
нором	نارام
норост	ناراست
нороҳат	ناراحت
нороҳатӣ	ناراحتي
норпистон	نارپستان
норпӯст	نارپوست
норӯфта	ناروفته
норҷил	نارجل
нос	ناس
носабур	ناصبور
носабурӣ	ناصبوري
носавоб	ناصواب
носазо	ناسزا
носазогӯй	ناسزاگوي
носазогӯӣ	ناسز اگوئي
носара	ناسره
носареҳ	ناصريح
носареҳӣ	ناصريحي
носаҳеҳ	ناصحيح
носаҳеҳӣ	ناصحيحي
носдон	ناسدان
носер	ناسير
носерам	ناسيرم
носерамӣ	ناسيرمي
носерӣ	ناسيري
носерона	ناسيرانه
носеҳ	ناصيح
носеҳӣ	ناصيحي
носеҳона	ناصيحانه
носипос	ناسپاس
носипосӣ	ناسپاسي
носир	ناثر
носитуда	ناستوده
носих	ناسخ
носиҳат	ناصحت
носӣ	ناسي
носкаду	ناس کدو
носкаш	ناس کش
носкашӣ	ناس کشي
носоз	ناساز
носозгор	ناسازگار
носозгорӣ	ناسازگاري
носозгорона	ناسازگارانه
носозӣ	ناسازي
носолим	ناسالم
носолимӣ	ناسالمي
носранг	ناس رنگ
носут	ناسوت
носутуда	ناستوده
носуфта	ناسفته
носфурӯш	ناس فروش
носфурӯшӣ	ناس فروشي
носӯз	ناسوز
нота	ناته
нотавон	ناتوان
нотавонбин	ناتوان بين
нотавонбинӣ	ناتوان بيني
нотавонӣ	ناتواني
нотавоноӣ	ناتواناي
нотайёр	ناتيار
нотамом	ناتمام
нотанте	ناتتنتي
нотариалӣ	ناتريالي
нотариат	ناتريات
нотариус	ناتريوس
нотарошида	ناتراشيده
нотарс	ناترس
нотарсӣ	ناترسي
нотарсона	ناترسانه
нотиқ	ناطق
нотиқа	ناطقه
нотиқӣ	ناطقي
нотинҷ	ناتنج
нотинҷӣ	ناتنجي
нотифоқ	ناتفاق
нотифоқӣ	ناتفاقي
нотоб	ناتاب
нотобӣ	ناتابي
ноумед	نااميد
ноумедӣ	نااميدي
ноумедона	نااميدانه
ноустувор	نااستوار
ноустуворӣ	نااستواري
ноустуворона	نااستوارانه
ноӯҳдабароёна	ناعهده برايانه
ноӯҳдабароӣ	ناعهده برائي
ноф	ناف
нофа	نافه
нофармон	نافرمان
нофармонбардор	نافرمان بردار
нофармонбардорӣ	نافرمان برداري
нофармонӣ	نافرماني
нофаррух	نافرخ
нофаррухахтар	نافرخ اختر
нофарҷом	نافرجام
нофарҷомӣ	نافرجامي
нофаҳм	نافهم
нофаҳмида	نافهميده
нофаҳмӣ	نافهمي
нофаҳмо	نافهما
нофеъ	نافيع
нофиз	نافذ
нофила	نافله
нофир	نافر
нофорам	نافارم
нохалаф	ناخلف
нохирадманд	ناخردمند
нохирадмандона	ناخردمندانه
нохонда	ناخوانده
нохоно	ناخوانا
нохост	ناخواست
нохотирҷамъ	ناخاطر جمع
нохотирҷамъӣ	ناخاطر جمعي
нохоҳ	ناخواه
нохоҳам	ناخواهم
нохуб	ناخوب
нохудо	ناخدا
нохун	ناخون
нохуна	ناخونه
нохунак	ناخونک
нохунгирак	ناخون گيرک
нохундароз	ناخون دراز
нохунороӣ	ناخون آرائي
нохунперой	ناخون پيراي
нохунхӯрак	ناخون خورک
нохуш	ناخوش
нохушӣ	ناخوشي
нохушнуд	ناخوشنود
нохушнудӣ	ناخوشنودي
нохушнудона	ناخوشنودانه
нохӯрданӣ	ناخوردني
ноҳақ	ناحق
ноҳақӣ	ناحقي
ноҳақона	ناحقانه
ноҳақшинос	ناحق شناس
ноҳамвор	ناهموار
ноҳамворӣ	ناهمواري
ноҳамол	ناهمال
ноҳамулӣ	ناحمولي
ноҳиб	ناهب
ноҳид	ناهد
ноҳинҷор	ناهنجار
ноҳинҷорӣ	ناهنجاري
ноҳия	ناحيه
ноҳиябандӣ	ناحيه بندي
ноҳӣ	ناهي
ноҳор	ناهار
ноҳушёр	ناهوشيار
ноча	ناچه
ночасп	ناچسپ
ночаспӣ	ناچسپي
ночаспон	ناچسپان
ночаспонӣ	ناچسپاني
ночах	ناچخ
ночиз	ناچيز
ночор	ناچار
ночорӣ	ناچاري
ночоқ	ناچاق
ноҷавонмард	ناجوان مرد
ноҷавонмардӣ	ناجوان مردي
ноҷавонмардона	ناجوان مردانه
ноҷамъ	ناجمع
ноҷинс	ناجنس
ноҷӣ	ناجي
ноҷоиз	ناجائز
ноҷолиб	ناجالب
ноҷунбон	ناجنبان
ноҷӯр	ناجور
ноҷӯрӣ	ناجوري
ношаффоф	ناشفاف
ношикан	ناشکن
ношикаста	ناشکسته
ношикеб	ناشکيب
ношикебӣ	ناشکيبي
ношикебо	ناشکيبا
ношинос	ناشناس
ношиносӣ	ناشناسي
ношиносо	ناشناسا
ношиносоӣ	ناشناسائي
ношинохт	ناشناخت
ношир	ناشر
ношито	ناشتا
ношиф	ناشف
ношӣ	ناشي
ношод	ناشاد
ношоиста	ناشايسته
ношоистагӣ	ناشايسته گي
ношоям	ناشايم
ношпотӣ	ناشپاتي
ношпӯтӣ	ناشپوتي
ношто	ناشتا
ношуд	ناشد
ношуданӣ	ناشدني
ношукр	ناشکر
ношукрӣ	ناشکري
ношукуфта	ناشکفته
ношунаво	ناشنوا
ношунавоӣ	ناشنوائي
ношуста	ناشسته
ноябр	نايبر
ноябрӣ	نايبري
нубувват	نبوت
нубуғ	نبوغ
нуввоб	نواب
нугун	نگون
нугунсор	نگونسار
нудамо	ندما
нудба	ندبه
нудрат	ندرت
нудратан	ندرتأ
нуздаҳ	نزده
нуздаҳсола	نزده ساله
нуздаҳсолагӣ	نزده سالگي
нуздаҳум	نزدهم
нуздаҳумин	نزدهمين
нузл	نزل
нузул	نزول
нузҳат	نزهت
нузҳатбахш	نزهت بخش
нузҳатгоҳ	نزهتگاه
нукот	نکات
нукта	نکته
нуктагир	نکته گير
нуктагирӣ	نکته گيري
нуктадон	نکته دان
нуктадонӣ	نکته داني
нуктакушо	نکته کشا
нуктапардоз	نکته پرداز
нуктапардозӣ	نکته پردازي
нуктасанҷ	نکته سنج
нуктасанҷӣ	نکته سنجي
нуктафаҳм	نکته فهم
нуктафаҳмӣ	نکته فهمي
нукча	نوکچه
нуқат	نقت
нуқл	نقل
нуқлдон	نقل دان
нуқот	نقات
нуқра	نقره
нуқраандуд	نقره اندود
нуқрабанд	نقره بند
нуқравор	نقره وار
нуқраворӣ	نقره واري
нуқрагин	نقره گين
нуқрагӣ	نقر گي
нуқрагун	نقره گون
нуқрадавонӣ	نقره دواني
нуқрадор	نقره دار
нуқракор	نقره کار
нуқракорӣ	نقره کاري
нуқракӯб	نقره کوب
нуқракӯбӣ	نقره کوبي
нуқрамонанд	نقره مانند
нуқрамӯй	نقره موي
нуқраосо	نقره آسا
нуқрапӯш	نقره پوش
нуқраранг	نقره رنگ
нуқрасон	نقره سان
нуқратоб	نقره تاب
нуқрафом	نقره فام
нуқраҳал	نقره حل
нуқс	نقص
нуқсдор	نقص دار
нуқсон	نقصان
нуқсондор	نقصان دار
нуқта	نقطه
нуқтавергул	نقطه ويرگل
нуқтагузорӣ	نقطه گذاري
нуқтадор	نقطه دار
нуқуд	نقود
нула	نوله
нулакашӣ	نوله کشي
нумӯ	نمو
нун	نون
нур	نور
нура	نوره
нурафкан	نورافکن
нурафканӣ	نورافکني
нурафшон	نورافشان
нурафшонӣ	نورافشاني
нурбахш	نوربخش
нурбор	نوربار
нурборон	نورباران
нурдиҳанда	نوردهنده
нуриандозӣ	نوري اندازي
нурикашонӣ	نوري کشاني
нурипошак	نوري پاشک
нурипошӣ	نوري پاشي
нурӣ	نوري
нуронӣ	نوراني
нурпош	نورپاش
нурпошанда	نورپاشنده
нурпошӣ	نورپاشي
нурфишон	نورفشان
нурфишонӣ	نورفشاني
нус	نس
нуск	نسک
нусрат	نصرت
нусратбахш	نصرت بخش
нусратқарин	نصرت قرين
нусратманд	نصرتمند
нусратовар	نصرت آور
нусратоин	نصرت آئين
нусха	نسخه
нусхабадал	نسخه بدل
нусхабардор	نسخه بردار
нусхабардорӣ	نسخه برداري
нусхагир	نسخه گير
нусхагирӣ	نسخه گيري
нусхакаш	نسخه کش
нусхакашӣ	نسخه کشي
нусханавис	نسخه نويس
нусханависӣ	نسخه نويسي
нутқ	نطق
нутфа	نطفه
нуфуз	نفوذ
нуфузнок	نفوذناک
нуфузнопазир	نفوذناپذير
нуфузнопазирӣ	نفوذناپذيري
нуфур	نفور
нуфус	نفوس
нухола	نخاله
нухоъ	نخاع
нуҳос	نحاس
нуҳул	نحول
нуҳунбан	نهنبن
нуҳус	نهوس
нуҳусат	نهوست
нуҳуфт	نهفت
нуҳуфта	نهفته
нуҳуфтан	نهفتن
нуҷабо	نجبا
нуҷум	نجوم
нуҷумӣ	نجومي
нушуз	نشوز
нушур	نشور
нушхор	نشخوار
нӯк	نوک
нӯгборик	نوگ باريک
нӯгбурида	نوگ بريده
нӯгдода	نوگ داده
нӯгдор	نوگ دار
нӯгизабонӣ	نوگ زباني
нӯгиостинӣ	نوگ آستيني
нӯгирӯмолӣ	نوگ رويمالي
нӯгкаҷ	نوگ کج
нӯгтез	نوگ تيز
нӯгток	نوگ تاک
нӯгча	نوگچه
нӯкғафс	نوک غفس
нӯкча	نوکچه
нӯкчадаргиронӣ	نوکچه درگيراني
нӯл	نول
нӯла	نوله
нӯлборик	نول باريک
нӯлдароз	نول دراز
нӯлдор	نول دار
нӯлзанӣ	نول زني
нӯса	نوسه
нӯф	نوف
нӯфа	نوفه
нӯфидан	نوفيدن
нӯхта	نوخته
нӯхтабанд	نوخته بند
нуҳ	نه
нуҳболор	نه بالار
нуҳгона	نه گانه
нуҳсад	نه صد
нуҳсадсола	نه صدساله
нуҳсадсолагӣ	نه صدسالگي
нуҳсадум	نه صدم
нуҳсадумин	نه صدمين
нуҳсола	نه ساله
нуҳсолагӣ	نه سالگي
нуҳум	نهم
нуҳумин	نهمين
нуҳяк	نه يک
нӯҳ	نوح
нӯш	نوش
нӯшбод	نوش باد
нӯшгиёҳ	نوش گياه
нӯшдору	نوش دارو
нӯшидан	نوشيدن
нӯшиданбоб	نوشيدن باب
нӯшиданӣ	نوشيدني
нӯшин	نوشين
нӯшина	نوشينه
нӯшинбода	نوشين باده
нӯшинлаб	نوشين لب
нӯшком	نوش کام
нӯшлаб	نوش لب
нӯшоба	نوش آبه
нӯшокӣ	نوشاکي
нӯшонидан	نوشانيدن
нӯшонӯш	نوشانوش
нӯшонӯшӣ	نوشا نوشي
нӯшхӯр	نش جور
нӯъмон	نوعمان
о	آ
о й	آي
об	آب
обак	آبک
обакӣ	آبکي
обакон	آبکان
обанбор	آب انبار
обанбошт	آب انباشت
обандоз	آب انداز
обандозӣ	آب اندازي
обандом	آب اندام
обафкан	آب افکن
обанҷир	آب انجير
оббадал	آب بدل
оббанд	آب بند
оббар	آب بر
оббардор	آب بردار
оббардорӣ	آب برداري
оббардошта	آب برداشته
оббаро	آب برا
оббаҳо	آب بها
оббо	آبا
оббоз	آب باز
оббозидорӣ	آب بازي داري
оббозӣ	آب بازي
оббур	آب بر
оббурда	آب برده
оббурӣ	آب بري
обварз	آب ورز
обварзӣ	آب ورزي
обгаз	آب گز
обгардиш	آب گردش
обгардон	آب گردان
обгардонча	آب گردانچه
обгарӣ	آب گري
обгармкунанда	آب گرمکننده
обгароӣ	آب گرائي
обгина	آبگينه
обгинагар	آبگينه گر
обгинагуҳар	آبگينه گهر
обгинаранг	آبگينه رنگ
обгинахона	آبگينه خانه
обгинаҳисор	آبگينه حصار
обгир	آبگير
обгирак	آبگيرک
обгирӣ	آبگيري
обгоҳ	آبگاه
обгузар	آبگذر
обгузаронӣ	آبگذراني
обгузашта	آبگذشته
обгун	آب گون
обгурез	آبگريز
обгурездор	آبکريزدار
обгурезӣ	آب گريزي
обгӯшт	آبگوشت
обгӯштӣ	آبگوشتي
обғалт	آبغلت
обдав	آبدو
обдавак	آبدوک
обдандон	آبدندان
обдармонӣ	آبدرماني
обдаро	آبدرا
обдаст	آبدست
обдаста	آبدسته
обдастагардон	آبدسته گردان
обдастӣ	آبدستي
обдастон	آبدستان
обдида	آبديده
обдиҳӣ	آبدهي
обдоғ	آبداغ
обдода	آب داده
обдон	آبدان
обдор	آبدار
обдорӣ	آبداري
обдузд	آبددزد
обдуздак	آبدزدک
обдуздӣ	آبدزدي
обдӯғ	آبدوغ
обдӯст	آبدوست
обдӯстӣ	آب دوستي
обёр	آبيار
обёрикунанда	آبياري کننده
обёришаванда	آبياري شونده
обёрӣ	آبياري
обзан	آبزن
обзо	آبزا
обид	عابد
обида	آبده
обидфиреб	عابدفريب
обикорӣ	آبي کاري
обила	آبله
обилагузаронӣ	آبله گذراني
обиладор	آبله دار
обиладорӣ	آبله داري
обилазада	آبله زده
обилазор	آبله زار
обилакӯбӣ	آبله کوبي
обилапо	آبله پا
обиларез	آبله ريز
обиларӯй	آبله روي
обилафарсо	آبله فرسا
обинабот	آبنبات
обранг	آبرنگ
обис	عابث
обистан	آبستن
обистанӣ	آبستني
обиштангоҳ	آبشتنگاه
обӣ	آبي
обйект	آبئيکت
обйектив	آبئيکتيو
обйективизм	آبئيکتيويزم
обйективӣ	آبئيکتيوي
обйективона	آبئيکتيوانه
обкаду	آب کدو
обканд	آبکند
обканда	آبکنده
обкаш	آبکش
обкашак	آبکشک
обкашида	آبکشيده
обкашӣ	آبکشي
обкашонӣ	آبکشاني
обкишт	آبکشت
обкома	آبکامه
обкор	آبکار
обкост	آبکاست
обкурта	آبکرته
обкӯр	آبکور
обқанд	آب قند
облуҷ	آبلوج
обмон	آبمان
обмонӣ	آبماني
обмӯрӣ	آبموري
обнабот	آب نبات
обнамак	آب نمک
обнамо	آب نما
обнигорӣ	آب نگاري
обнобардор	آب نابردار
обногир	آب ناگير
обногузар	آب ناگذر
обнок	آبناک
обнӯс	آبنوس
обнӯсӣ	آبنوسي
обнӯсранг	آبنوس رنگ
обо	آبا
обовард	آب آورد
обод	آباد
ободгар	آبادگر
ободӣ	آبادي
ободкунӣ	آباد کني
ободнишин	آبادنشين
ободон	آبادان
ободонидан	آبادانيدن
ободонӣ	آباداني
ободсозӣ	آبادسازي
обоӣ	آبائي
оболуд	آب آلود
обон	آبان
обонмоҳ	آبان ماه
обошно	آب آشنا
обпаз	آب پز
обпайкар	آب پيکر
обпар	آب پر
обпартов	آب پرتاو
обпош	آب پاش
обпошак	آب پاشک
обпошакбозӣ	آب پاشک بازي
обпошӣ	آب پاشي
обрав	آبرو
образ	آبرز
образнок	آبرزناک
образофарӣ	آبرز آفري
обрасида	آبرسيده
обрасонӣ	آبرساني
обрафтор	آبرفتار
обраҳа	آبرهه
обрез	آبريز
обрезак	ابريزک
оброн	آبران
обронӣ	آبراني
оброҳа	آبراهه
обрӯй	آبروي
обрӯдор	آبرو دار
обрӯманд	آبرومند
обрӯмандӣ	آبرومندي
обрӯнок	آبروناک
обсабза	آبسبزه
обсанҷ	آبسنج
обсол	آبسال
обсофкунак	آبصافکنک
обтақсимкунак	آب تقسيمکنک
обталаб	آب طلب
обталошӣ	آب تلاشي
обтарозу	آب ترازو
обтоза	آبتازه
обуна	آبونه
обунавӣ	آبونوي
обунашавӣ	آبونه شوي
обуранг	آب ورنگ
обутоб	آب وتاب
обутобдиҳӣ	آب وتابدهي
обутобёфта	آب وتابيافته
обуҳавосанҷӣ	آب وهواسنجي
обфурӯш	آب فروش
обфурӯшӣ	آب فروشي
обхез	آبخيز
обхезӣ	آبخيزي
обхок	آب خاک
обхокӣ	آب خاکي
обхона	آب خانه
обхор	آبخوار
обхора	آبخواره
обҳарос	آب هراس
обҳаросӣ	آب هراسي
обхоҳ	آب خواه
обхӯр	آبخور
обхӯра	آبخوره
обхӯрак	آبخورک
обхӯрда	آبخورده
обхӯрӣ	آبخوري
обча	آبچه
обчакор	آبچه کار
обчакорӣ	آبچه کاري
обчин	آبچين
обчинак	آبچينک
обчӯб	آب چوب
обҷаббак	ابجبک
обҷав	آبجو
обҷаҳӣ	آبجهي
обҷувоз	آب جوا ز
обҷӯй	آبجوي
обҷӯш	آبجوش
обҷӯшон	آبجوشان
обҷӯшонак	آبجوشانک
обшаванда	آبشونده
обшавӣ	آبشوي
обшеб	آب شيب
обшинос	آبشناس
обшиносӣ	آبشناسي
обшиша	آب شيشه
обшор	آبشار
обшоркунӣ	آبشارکني
обшуста	آبشسته
обшуш	آب شش
обшӯй	آبشوي
ованг	آونگ
ованд	آوند
овандӣ	آوندي
овар	آور
оваранда	آورنده
овард	آورد
оварда	آورده
овардан	آوردن
овардашуда	آورده شده
овардгаҳ	آوردگه
овардгоҳ	آوردگاه
овардхоҳ	آوردخواه
овардҷӯй	آوردجوي
оваронидан	آورانيدن
оваридан	آوريدن
оварӣ	آوري
овасто	آوستا
овах	آوخ
оваҳ	آوه
овез	آويز
овеза	آويزه
овезон	آو يزان
овезонгӯш	آويزان گوش
овехта	آويخته
овехтан	آويختن
овеша	آويشه
овешан	آويشن
ово	آوا
овоз	آواز
овоза	آوازه
овозаангез	آوازه انگيز
овозагӯй	آواز هگوي
овозадор	آوازه دار
овозандоз	آوازانداز
овозандозӣ	آوازاندازي
овозанок	آوازه ناک
овозгир	آوازگير
овозгирифта	آوازگرفته
овозгузаронанда	آوازگذراننده
овозғафс	آوازغفس
овоздиҳанда	آوازدهنده
овоздиҳӣ	آوازدهي
овоздор	آوازدار
овоздорак	آوازدارک
овозӣ	آوازي
овознависӣ	آوازنويسي
овознок	آوازناک
овозрас	آوازرس
овозхон	آوازخوان
овозхонӣ	آوازخواني
овоӣ	آوائي
овон	آوان
овонависӣ	آوانويسي
овонигор	آوانگار
овонигорӣ	آوانگاري
овор	آوار
овора	آواره
оворагард	آواره گرد
оворагардӣ	آواره گردي
оворагӣ	آوارگي
овринг	آورينگ
овул	آول
овулнишин	آول نشين
овулҷо	آولجا
огандагӯш	آگنده گوس
огандапаҳлу	آگنده پهلو
оганҷ	آگنج
огард	آگرد
огардкаш	آگردکش
огардкашак	آگردکشک
огардкашӣ	آگردکشي
огафт	آگفت
огаҳ	آگه
огаҳӣ	آگهي
огоҳонидан	آگاهانيدن
огин	آگين
огоҳ	آگاه
огоҳдил	آگاه دل
огоҳидан	آگاهيدن
огоҳинома	آگاهي نامه
огоҳӣ	آگاهي
огоҳманд	آگاهمند
огоҳона	آگاهانه
огоҳонанда	آگاهاننده
огур	آگور
огӯш	آگوش
огӯшидан	آگوشيدن
оғар	آگر
оғарда	آغرده
оғушта	آغشته
оғашта	آغشته
оғуштан	آغشتن
оғаштан	آغشتن
оғил	آغل
оғилхона	آغل خانه
оқо	آقا
оғоз	آغاز
оғозидан	آغازيدن
оғозин	آغازين
оғол	آغال
оғолидан	آغاليدن
оғолиқ	آغاليق
оғолиш	آغالش
оғолонидан	آغالانيدن
оғор	آغار
оғоридан	آغاريدن
оғушт	آغشت
оғуштагӣ	آغشتگي
оғӯш	آغوش
оғӯшкашӣ	آغو شکشي
од	عاد
ода	آده
одам	آدم
одамбадбин	آدم بدبين
одамбадбинӣ	آدم بدبيني
одамбезор	آدم بيزار
одамвор	آدم وار
одамгиёҳ	آدم گياه
одамгурез	آدم گريز
одамгурезӣ	آدم گريزي
одамдида	آدم ديده
одамдузд	آدم دزد
одамдуздӣ	آدم دزدي
одамдӯст	آدم دوست
одамдӯстӣ	آدم دوستي
одамиёна	آدميانه
одамизода	آدمي زاده
одаминамо	آدمي نما
одамихор	آدمي خوار
одамият	آدميت
одамӣ	آدمي
одамкашонӣ	آدم کشاني
одамкорфармоӣ	آدم کارفرمائي
одамкуш	آدم کش
одамкушӣ	آدم کشي
одаммурӣ	آدم مري
одамнадида	آدم نديده
одамнамо	آد منما
одамнишин	آد منشين
одамногузар	آدم ناگذر
одамношинос	آدم ناشناس
одамона	آدمانه
одампарвар	آدم پرور
одамрабо	آدم ربا
одамрабоӣ	آدم ربايي
одамсанҷида	آدم سنجيده
одамсар	آدم سر
одамсурат	آدم صورت
одамхӯрӣ	آدم خوري
одамшаванда	آدم شونده
одамшакл	آدم شکل
одамшикор	آد مشکار
одамшинос	آدم شناس
одарм	آدرم
одат	عادت
одатан	عادتاً
одатӣ	عادتي
одил	عادل
одилона	عادلانه
одина	آدينه
одиянда	آدينده
одиёна	عاديانه
одӣ	عادي
одоб	آداب
одобдон	آداب دان
одобдонӣ	آداب داني
одрам	آدرم
одоғ	آداغ
оё	آيا
оён	آيان
оёнӣ	آياني
оёт	آيات
ожада	آژده
ожанг	آژنگ
ожангдор	آژنگ دار
ожангчеҳр	آژنگ چهر
ожида	آژيده
ожидан	آژيدن
ожир	آژير
оз	آز
озар	آذر
озарафрӯз	آذرافروز
озарбойҷонӣ	آذربايجاني
озаргон	آذرگان
озаргушасб	آذرگشسب
озарӣ	آذري
озаркада	آذرکده
озаркеш	آذرکيش
озарм	آزرم
озармоҳ	آذرماح
озармҷӯй	آزرم جوي
озарпараст	آزرپرست
озах	آزخ
озахдор	آزخ دار
озвар	آزور
оздор	آزدار
озил	عازل
озим	عازم
озин	آذين
озинбандӣ	آذين بندي
озӣ	آزي
озманд	آزمند
озмандӣ	آزمندي
озмандона	آزمندانه
озмоидан	آزمائيدن
озмоиш	آزمايش
озмоишгар	آزمايشگر
озмоишгоҳ	آزمايشگاه
озмоишгоҳӣ	آزمايشگاهي
озмоишӣ	آزمايشي
озмоишкор	آزمايشکار
озмоянда	آزماينده
озмуда	آزموده
озмудакор	آزموده کار
озмудан	آزمودن
озмуданӣ	آزمودني
озмудашуда	آزموده شده
озмун	آزمون
озмуна	آزمونه
озмунӣ	آزموني
озод	آزاد
озода	آزاده
озодагардӣ	آزاده گردي
озодагӣ	آزاد گي
озодмард	آزادمرد
озодандеш	آزاد انديش
озодандешӣ	آزادانديشي
озодвор	آزادوار
озодзистӣ	آزادزيستي
озодибахш	آزادي بخش
озодидӯст	آزادي دوست
озодидӯстӣ	آزادي دوستي
озодидӯстдор	آزادي دوست دار
озодинома	آزادي نامه
озодипараст	آزادي پرست
озодиталаб	آزادي طلب
озодиталабӣ	آزادي طلبي
озодихоҳ	آزادي خواه
озодихоҳӣ	آزادي خواهي
озодихоҳона	آزادي خواهانه
озодӣ	آزادي
озодкард	آزادکرد
озодкунӣ	آزادکني
озодманиш	آزادمنش
озодманишӣ	آزادمنشي
озодмоҳӣ	آزاد ماهي
озодона	آزادانه
озоднома	آزادنامه
озодсайр	آزادسير
озодсарв	آزادسرو
озодсозӣ	آزادسازي
озодтабъ	آزادطبع
озодфикр	آزادفکر
озодфикрӣ	آزادفکري
озодчеҳр	آزادچهر
озодшавӣ	آزادشوي
озодшуда	آزادشده
озор	آزار
озордан	آزاردن
озордеҳ	آزارده
озордида	آزارديده
озордиҳанда	آزاردهنده
озордиҳӣ	آزاردهي
озориш	آزارش
озорӣ	آزاري
озордода	آزارداده
озордор	آزاردار
озорманд	آزارمند
озорпараст	آزارپرست
озпараст	آزپرست
озпарастӣ	آزپرستي
озписанд	آزپسند
озуқавӣ	آزوقوي
озуқаворӣ	آزوقه واري
озуқафурӯш	آزوقه فروش
озуқафурӯшӣ	آزوقه فروشي
озурахш	آزرخش
озурда	آزرده
озурдагӣ	آزردگي
озурдадил	آزرده دل
озурдадилӣ	آزرده دلي
озурдан	آزردن
озурдахотир	آزرده خاطر
озурдахотирӣ	آزرده خاطري
озурдаҷон	آزرده جان
озфандок	آزفنداک
оид	عائد
оида	عائده
оидот	عائدات
оидотӣ	عائداتي
оиқ	عائق
оил	عائل
оила	عائله
оилабезор	عائل هبيزار
оилавайрон	عائله ويران
оилавӣ	عائلوي
оиладор	عائله دار
оиладорӣ	عائله داري
оиладӯст	عائله دوستي
оиладӯстдор	عائله دوستدار
оиладӯстӣ	عائله دوستي
оиланок	عائله ناک
оин	آئين
оина	آئينه
оинабанд	آئينه بند
оинабандӣ	آئينه بندي
оинабандон	آئينه بندان
оинабин	آئينه بين
оинабозӣ	آئينه بازي
оинавор	آئينه وار
оинагар	آئينه گر
оинагарӣ	آئينه گري
оинагун	آئينه گون
оинадон	آئينه دان
оинадор	آئينه دار
оинадӯзӣ	آئينه دوزي
оинакирдор	آئينه کردار
оинакорӣ	آئينه کاري
оинақадӣ	آئينه قدي
оинарухсор	آئينه رخسار
оинарӯй	آئينه روي
оинасоз	آئينه ساز
оинасозӣ	آئينه سازي
оинасон	آئينه سان
оинатоб	آئينه تاب
оиннома	آئين نامه
оинномавӣ	آئين ناموي
оинпараст	آئين پرست
оис	آيس
ой	آي
окаса	آکسه
окаҷ	آکج
окил	آکل
окила	آکله
окиф	عاکف
оксиген	آکسگين
оксидҳо	آکسدها
октябр	آکتيبر
октябрӣ	آکتيبري
оқ	عاق
оқиб	عا قب
оқибандоз	عاقب انداز
оқибат	عاقبت
оқибатандеш	عاقبت انديش
оқибатандешӣ	عاقبت انديشي
оқибатуламр	عاقبت الامر
оқил	عاقل
оқилӣ	عاقلي
оқилона	عاقلانه
оқилтарош	عاقل تراش
оқилтарошӣ	عاقل تراشي
оқипадар	عاق پدر
оқсақол	عاقسقال
оқсаққолӣ	عاقسقالي
оқубат	عاقبت
оқшуда	عاق شده
ол	آل
олав	آلو
олавмон	آلو مان
олавмонӣ	آلوماني
олавхона	آلو خانه
олак	آلک
олам	عالم
оламафрӯз	عالم افروز
оламбин	عالم بين
оламгард	عالم گرد
оламгир	عالم گير
оламдида	عالم ديده
оламиён	عالميان
оламнамо	عالم نما
оламорой	عالم آراي
оламошӯб	عالم آشوب
олампаноҳ	عالم پناه
оламписанд	عالم پسند
оламсӯз	عالم سوز
оламтоб	عالم تاب
оламфурӯз	عالم قروز
оламшумул	عالم شمول
олат	آلت
олаш	آلش
олашзор	آلش زار
олболу	آلبالو
олғуна	آلغونه
олидараҷа	عالي درجه
олиқадр	عالي قدر
олим	عالم
олимақом	عالي مقام
олимансаб	عالي منصب
олимартаба	عالي مرتبه
олимӣ	عالمي
олимнамо	عالم نما
олимона	عالمانه
олимпиада	آليمپيئده
олимпӣ	آليمپي
олимтарош	عالم تراش
олимшаванда	عالم شونذه
олинажод	عالي نژاد
олинасаб	عالي نسب
олирутба	عالي رتبه
олисифат	عالي صفت
олитабиат	عالي طبيعت
олитабор	عالي تبار
олиҳа	آلهه
олиҳазрат	عالي حضرت
олиҳашам	عالي حشم
олиҳиммат	عالي همت
олиҳимматӣ	عالي همتي
олиҳимматона	عالي همتانه
олиҷаноб	عالي جناب
олиҷанобӣ	عالي جنابي
олиҷанобона	عالي جنابانه
олиҷоҳ	عالي جاه
олишаън	عالي شأن
олишон	عالي شان
олишукӯҳ	عالي شکوه
олӣ	عالي
олия	عاليه
оллоҳ	آلله
олмонӣ	آلماني
олоидан	آلايدن
олоиш	آلايش
олола	آلاله
олот	آلات
олоянда	آلاينده
олпайкар	آلپيکر
олпӯш	آلپوش
олтингӯгирд	آلتين گوگرد
олу	آلو
олуболу	آلوبالو
олуболугӣ	آلوبالوگي
олуболуқоқ	آلوبالوقاق
олуболуранг	آلوبالورنگ
олуғда	آلغده
олуғундор	آلوغوندار
олуд	آلود
олуда	آلوده
олудагӣ	آلودگي
олудадоман	آلوده دامن
олудадомон	آلوده دامان
олудадомонӣ	آلوده داماني
олудакорӣ	آلوده کاري
олудакунанда	آلوده کننده
олудан	آلودن
олудасоз	آلوده ساز
олузор	آلوزار
олуқ	آلوق
олуқоқ	آلوقاق
олус	آلوس
олуфта	آلفته
олуфтабоз	آلفته باز
олуфтавор	آلفته وار
олуфтагӣ	آلفتگي
олуфтанамо	آلفته نما
олуфтасатанг	آلفته ستنگ
олуфтатарош	آلفته تراش
олуча	آلوچه
олучабандак	آلوچه بندک
омм	عام
омад	آمد
омада	آمده
омадан	آمدن
омадурафт	آمدورفت
омадурафткунанда	آمدورفت کننده
омадушуд	آمد وشد
омеғ	آميغ
омез	آميز
омеза	آميزه
омезгор	آميزگار
омезгорӣ	آميزگاري
омезиш	آميزش
омезишёбӣ	آميزشيابي
омехта	آميخته
омехтагӣ	آميختگي
омехтан	آميختن
омиёна	آميانه
омил	عامل
омин	آمين
омина	آمينه
омингӯӣ	آمين گويي
омингӯй	آمين گوي
омир	آمر
омирона	آمرانه
омӣ	عامي
омма	عامه
оммабоб	عامه باب
оммавӣ	عاموي
оммагӣ	عامگي
оммаписанд	عامه پسند
оммафаҳм	عامه فهم
оммафаҳмӣ	عامه فهمي
омода	آماده
омодабош	آماده باش
омодагӣ	آمادگي
омодагоҳ	آماده گاه
омодасозӣ	آماده سازي
омодашавӣ	آماده شوي
омол	آمال
омоним	آمانيم
омор	آمار
оморгар	آمارگر
оморгир	آمارگير
оморгирӣ	آمارگيري
оморидан	آماريدن
оморӣ	آماري
оморшинос	آمار شناس
омос	آماس
омосдор	آماس دار
омосида	آماسيده
омосидагӣ	آماسيدگي
омосидан	آماسيدن
омосӣ	آماسي
омоскарда	آماس کرده
омоҳ	آماه
омоҳида	آماهيده
омоҳидан	آماهانيدن
омоҳонанда	آماهاننده
омоҳонидан	آماهانيدن
омоч	آماچ
омоҷ	آماج
омоҷгаҳ	آماج گه
омоҷгоҳ	آماج گاه
омуда	آموده
омудан	آمودن
омула	آمله
омуннос	عام الناس
омурғ	آمرغ
омурзгор	آمرزگار
омурзида	آمرزيده
омурзидан	آمرزيدن
омурзиш	آمررزش
омут	آموت
омӯз	آموز
омӯза	آموزه
омӯзанда	آموزنده
омӯзандагӣ	آموزنده گي
омӯзгор	آموزگار
омӯзгорӣ	آموزگاري
омӯзидан	آموزيدن
омӯзиш	آموزش
омӯзишгоҳ	آموزشگاه
омӯзишгоҳӣ	آموزشگاهي
омӯзишӣ	آموزشي
омӯзишкада	آموزش کده
омӯзхона	آموزخانه
омӯхта	آموخته
омӯхтагӣ	آموختگي
омӯхтан	آموختن
омӯхтанӣ	آموختني
омӯхтгорӣ	آموختگاري
омфаҳм	عام فهم
он	آن
она	آنه
онакалон	آنه کلان
онамурғ	آنه مرغ
онвақта	آنوقته
ондун	آندون
ондунёӣ	آندنيايي
онин	آنين
ониф	آنف
онифан	آنفاً
онкология	آنکالاگيه
онкологӣ	آنکالاگي
ономастика	آنامستيکه
онтология	آنتالاگيه
онук	عانک
опера	آپيره
операвӣ	آپيروي
оперативӣ	آپيره تيوي
оперетта	آپيريتّه
оппортунизм	آپارتونيزم
оппортунист	آپارتونيست
оппортунистӣ	آپارتونيستي
оптика	آپتيکه
оптикӣ	آپتيکي
оптимизм	آپتيميزم
оптимист	آپتيميست
оптимистӣ	آپتيميستي
ор	آر
ораз	عارض
оразӣ	عارضي
орамида	آرميده
орамидан	آرميدن
оранг	آرنگ
оранда	آرنده
оринҷ	آرنچ
оранҷ	آرنج
ораста	آرسته
орастан	آرستن
органикӣ	آرگنيکي
орд	آرد
ордак	آردک
ордбез	آردبيز
ордбезак	آردبيزک
ордбезӣ	آردبيزي
ордбезхона	آردبيزخانه
ордбирён	آردبريان
ордвор	آردوار
орден	آردين
ордендор	آرديندار
ординатор	آردينتار
ординатура	آردينتوره
ордӣ	آردي
ордкаш	آردکش
ордкашӣ	آردکشي
ордор	آردار
ордсозӣ	آردسازي
ордфурӯш	آردفروش
ордфурӯшӣ	آردفروشي
ордхалта	آردخلته
оре	آري
ореғ	آريغ
орзу	آرزو
орзубахш	آرزو بخش
орзудор	آرزودار
орзудорӣ	آرزوداري
орзукуш	آرزوکش
орзуманд	آرزومند
орзумандӣ	آرزومندي
орзумандона	آرزومندانه
орзупазир	آرزوپزير
орзупарвар	آرزوپرور
орзупарварӣ	آرزوپروري
орзусанҷ	آرزوسنج
оридан	عاريدن
ориё	آريا
ориёӣ	آرياي
ориён	آريان
ориёнажод	آريانژاد
ориёнӣ	آرياني
ориз	عارض
ориза	عارضه
оризӣ	عارضي
оринҷбанд	آرنچ بند
оринҷмонак	آرنچ مانک
оринҷшор	آرنچ شار
ориф	عارف
орифа	عارفه
орифандеш	عارف انديش
орифӣ	عارفي
орифона	عارفانه
ория	آريه
орият	عاريت
ориятан	عاريتاً
ориятӣ	عاريتي
ориятнишин	عاريتنشين
ориятнок	عاريتناک
орӣ	آري
оркестр	آرکستر
ормон	آرمان
ормонгаро	آرمان گرا
ормонгароӣ	آرمان گرايي
ормонӣ	آرماني
ормонталаб	آرمان طلب
ормонталабӣ	آرمان طلبي
ормонхоҳ	آرمان خواه
ормонхоҳӣ	آرمان خواهي
оро	آرا
орогар	آراگر
орогарӣ	آراگري
ородеҳ	آراده
ородеҳӣ	آرادهي
ороидан	آرايدن
ороиш	آرايش
ороишгар	آرايشگر
ороишгоҳ	آرايشگاه
ороишдиҳанда	آرايش دهنده
ороишӣ	آرايشي
ором	آرام
оромафазо	آرام افزا
оромбанд	آرامبند
оромбахш	آرامبخش
оромгаҳ	آرامگه
оромгоҳ	آرامگاه
оромидан	آراميدن
оромиш	آرامش
оромишгоҳ	آرامشگاه
оромӣ	آرامي
оромона	آرامانه
оромондан	آراماندن
оромпаз	آرام پز
оромсӯз	آرام سوز
оромҷой	آرام جاي
ороста	آراسته
оростагӣ	آراستگي
оростан	آراستن
оро-торо	آرا تارا
ороъ	آرأ
ороянда	آراينده
орталаб	عارطلب
ору	آرو
оруғ	آروغ
оруғда	آروغده
орухона	آروخانه
орфография	آرفاگرفيه
орфоэпия	آرفائپيه
орфоэпӣ	آرفائپي
ос	آس
оса	آسه
осағда	آسغده
осаф	آصف
осафӣ	آصفي
осеб	آسيب
осебдеҳ	آسيبده
осебдида	آسيبديده
осебдиҳанда	آسيبدهنده
осебрасон	آسيبرسان
осебшинос	آسيبشناس
осебшиносӣ	آسيبشناسي
осеван	آسيون
осема	آسيمه
осеманазар	آسيمه نظر
осетин	آسيتين
осетинӣ	آسيتيني
осивор	آسيوار
осӣ	عاسي
осиё	آسيا
осиёб	آسياب
осиёбон	آسيابان
осиёбонӣ	آسياباني
осиёна	عاصيانه
осиёпулӣ	آسياپولي
осиёсанг	آسياسنگ
осиёхона	آسياحانه
осиёчарх	آسياچرخ
осим	آثم
осимасар	آسيمه سر
осиф	عاصف
осмон	آسمان
осмона	آسمانه
осмонасос	آسمان اساس
осмонбӯс	آسمان بوس
осмонваш	آسمان وش
осмонгар	آسمان گر
осмонгард	آسمان گرد
осмонгир	آسمان گير
осмонгоҳ	آسمان گاه
осмонгун	آسمان گون
осмонгуна	آسمانگونه
осмондара	آسمان دره
осмонзада	آسمان زده
осмониранг	آسماني رنگ
осмонӣ	آسماني
осмонкаф	آسمان کف
осмоннавард	آسمان نورد
осмоннамо	آسمان نما
осмонниҳод	آسمان نهاد
осмонпаймой	آسمان پيماي
осмонранг	آسمان رنگ
осмонрас	آسمان رس
осмонрӯз	آسمان روز
осмонсайр	آسمان سير
осмонсанҷ	آسمان سنج
осмонсой	آسمان ساي
осмонтахт	آسمان تخت
осмонтоз	آسمان تاز
осмонфар	آسمان فر
осмонфарҳанг	آسمان فرهنگ
осмонхарош	آسمان خراش
осмонхез	آسمان خيز
осмоншикоф	آسمان شکاف
осмоншитоб	آسمان شتاب
осо	آسا
осоида	آسايده
осоидан	آسايدن
осоиш	آسايش
осоишгоҳ	آسايش گاه
осоишта	آسايشته
осоиштагӣ	آسايشتگي
осом	آثام
осон	آسان
осонакак	آسانکک
осонӣ	آساني
осонфаҳм	آسان فهم
осор	آثار
осорхона	آثار خانه
остарвор	آستروار
остардор	آستردار
остарӣ	آستري
остаршоҳӣ	آسترشاهي
остин	آستين
остинафшонӣ	آستين افشاني
остиндароз	آستين دراز
остиндор	آستين دار
остинкӯтоҳ	آستين کوتاه
остинфишон	آستين فشان
остинча	آستينچه
остон	آستان
остона	آستانه
остонабаро	آستانه برا
остонабӯс	آستانه بوس
остонрӯб	آستان روب
осуғда	آسغده
осуда	آسوده
осудагӣ	آسودگي
осудадил	آسوده دل
осудадилона	آسوده دلانه
осудакорӣ	آسوده کاري
осудан	آسودن
осудахотир	آسوده خاطر
осудаҳгоҳ	آسوده گاه
осудаҳол	آسوده خال
осудаҳолӣ	آسوده حالي
осудаҳолона	آسوده حالانه
осудаҷон	آسوده جان
осудаҷонӣ	آسوده جاني
осурӣ	آسوري
ота	آته
отанг	آتنگ
оташ	آتش
оташак	آتشک
оташангез	آتش انگيز
оташандоз	آتش انداز
оташандуд	آتش اندود
оташароба	آتش ارابه
оташафрӯз	آتش افروز
оташафрӯзӣ	آتش افروزي
оташафшон	آتش افشان
оташафшонӣ	آتش افشاني
оташбаён	آتش بيان
оташбаёнӣ	آتش بياني
оташбанд	آتش بند
оташбарг	آتش برگ
оташбардор	آتش بردار
оташбас	آتش بس
оташбоз	آتش باز
оташбон	آتشبان
оташбозӣ	آتش بازي
оташбор	آتش بار
оташборӣ	آتش باري
оташборон	آتش باران
оташваш	آتشوش
оташвор	آتش وار
оташгар	آتش گر
оташгардон	آتش گردان
оташгарӣ	آتش گري
оташгархоҳ	آتش گرخواه
оташгир	آتش گير
оташгира	آتش گيره
оташгирак	آتش گيرک
оташгиранда	آتش گيرنده
оташгирон	آتش گيران
оташгиронак	آتش گيرانک
оташгоҳ	آتشگاه
оташгул	آتشگل
оташгун	آتشگون
оташдам	آتش دم
оташдеҳ	آتشده
оташдида	آتش ديده
оташдиҳанда	آتش دهنده
оташдон	آتش دان
оташзабон	آتش زبان
оташзабонӣ	آتش زباني
оташзан	آتش زن
оташзана	آتش زنه
оташзананда	آتش زننده
оташин	آتشين
оташинӣ	آتشيني
оташинқалам	آتشين قلم
оташинмизоҷ	آتشين مزاج
оташинмизоҷӣ	آتشين مزاجي
оташиннафас	آتشين نفس
оташинона	آتشينانه
оташинсухан	آتشين سخن
оташинтабъ	آتشين طبع
оташинхона	آتشين خانه
оташинхӯй	آتشين خوي
оташинхӯӣ	آتشين خوئي
оташӣ	آتشي
оташкада	آتشکده
оташков	آتش کاو
оташковак	آتش گاوک
оташкор	آتش کار
оташкуш	آتش کش
оташкушак	آتش کشک
оташкушӣ	آتش کشي
оташкушоӣ	آتش کشايي
оташқалам	آتش قلم
оташлибос	آتش لباس
оташманиш	آتش منش
оташмизоҷ	آتش مزاج
оташмизоҷӣ	آتش مزاجي
оташмон	آتش مان
оташмонӣ	آتش ماني
оташнаво	آتش نوا
оташнавоӣ	آتش نوائي
оташнафас	آتش نفس
оташнишон	آتش نشان
оташнишонӣ	آتش نشاني
оташнок	آتش ناک
оташолуд	آتش آلود
оташпараст	آتش پرست
оташпарастӣ	آتش پرستي
оташпарон	آتش پران
оташпой	آتش پاي
оташпод	آتش پاد
оташпора	آتش پاره
оташпошанда	آتش پاشنده
оташранг	آتش رنگ
оташрез	آتش ريز
оташсурхкун	آتش سرخکن
оташсухан	آتش سخن
оташтабъ	آتش طبع
оташтоб	آتش تاب
оташтобовар	آتشآور تاب
оташфикан	آتش فکن
оташфишон	آتش فشان
оташфишонӣ	آتش فشاني
оташфурӯз	آتش فروز
оташхомӯшкун	آتش خاموشکن
оташхомӯшкунак	آتش خاموشکنک
оташхомӯшкунӣ	آتش خاموشکني
оташхона	آتش خانه
оташхор	آتش خوار
оташхора	آتش خواره
оташхорӣ	آتش خواري
оташхоригӣ	آتش خواريگي
оташхӯй	آتش خوي
отиб	عاتب
отил	عاطل
отир	عاطر
отия	آتيه
отӣ	آتي
отун	آتون
офанд	آفند
офаранда	آفرنده
офарида	آفريده
офаридагор	آفريده گار
офаридан	آفريدن
офаридгор	آفريدگار
офарин	آفرين
офаринанда	آفريننده
офаринандагӣ	آفرينندگي
офарингар	آفرينگر
офарингӯй	آفرينگوي
офариниш	آفرينش
офаринсароӣ	آفرين سرايي
офаринхон	آفرين خوان
офат	آفت
офатбор	آفت بار
офатзада	آفت زده
офатрасида	آفت رسيده
офият	عافيت
офиятталабӣ	عافيت طلبي
офоқ	آفاق
офоқгард	آفاق گرد
офоқгир	آفاق گير
офоқӣ	آفاقي
офталмолог	آفتل مالاگ
офталмология	آفتل مالاگيه
офтоб	آفتات
офтоба	آفتابه
офтобадор	آفتابه دار
офтобакаш	آفتابه کش
офтоббаро	آفتاب برا
офтоббозгашт	آفتاب بازگشت
офтобгард	آفتاب گرد
офтобгардак	آفتاب گردک
офтобгардиш	آفتاب گردش
офтобгир	آفتاب گير
офтобдӯст	آفتاب دوست
офтобзада	آفتاب زده
офтобзадагӣ	آفتاب زدگي
офтобзор	آفتابزار
офтобӣ	آفتابي
офтобнадида	آفتاب نديده
офтобнишин	آفتاب نشين
офтобнок	آفتابناک
офтобнорас	آفتاب نارس
офтобпараст	آفتاب پرست
офтобпарастӣ	آفتاب پرستي
офтобпӯш	آفتاب پوش
офтобрас	آفتاب رس
офтобрух	آفتاب رخ
офтобрӯй	آفتاب رو ي
офтобрӯя	آفتاب ررويه
офтобрӯянишин	آفتاب رويه نشين
офтобсанҷ	آفتاب سنج
офтобсимо	آفتاب سيما
офтобсӯхта	آفتاب سوخته
офтобсӯхтагӣ	آفتاب سوختگي
офтобтеға	آفتاب تيغه
офтобфаро	آفتاب فرا
офтобхӯрда	آفتاب خورده
офтобшинам	آفتاب شنم
охиз	آخذ
охир	آخر
охиран	آخراً
охирандеш	آخرانديش
охирандешӣ	آخرانديشي
охират	آخرت
охиратгаро	آخرتگرا
охиратгароӣ	آخرتگرايي
охиратшиносӣ	آخرت شناسي
охирбин	آخر بين
охирбинӣ	آخر بيني
охирзамон	آخر زمان
охирин	آخرين
охириумрӣ	آخرعمري
охирӣ	آخري
охирсухан	آخرسخن
охируззамон	آخرالزمان
охируламр	آخرالامر
охол	آخال
охта	آخته
охтан	آختن
охунд	آخوند
охунднамо	آخوندنما
охурӣ	آخري
охурсолор	آخرسالار
охурча	آخرچه
охурчӣ	آخرچي
охурчӯб	آخرچوب
охшиг	آخشيگ
охшиҷ	آخشيج
оҳ	آه
оҳак	آهک
оҳакзанӣ	آهکزني
оҳакзарних	آهک زرنيخ
оҳакӣ	آهکي
оҳакнок	آهکناک
оҳакоб	آهک آب
оҳакпаз	آهک پز
оҳакпазӣ	آهک پزي
оҳаксанг	آهک سنگ
оҳан	آهن
оҳанбадан	آهن بدن
оҳанбур	آهن بر
оҳанбол	آهن بال
оҳанг	آهنگ
оҳангар	آهنگر
оҳангарӣ	آهنگري
оҳангархона	آهنگر خانه
оҳангдор	آهنگ دار
оҳангсоз	آهنگ ساز
оҳангсозӣ	آهنگ سازي
оҳангудоз	آهن گداز
оҳангудозӣ	آهن گدازي
оҳандил	آهن دل
оҳандор	آهن دار
оҳанин	آهنين
оҳанинбозу	آهنين بازو
оҳаниндил	آهنين دل
оҳанинирода	آهنين اراده
оҳанинпайкар	آهنين پيکر
оҳанинпанҷа	آهنين پنجه
оҳанинрой	آهنين راي
оҳанинтан	آهنين تن
оҳанӣ	آهني
оҳанкӯб	آهن کوب
оҳанмайда	آهن ميده
оҳанпора	آهن پاره
оҳанпоя	آهن پايه
оҳанпӯш	آهن پوش
оҳанрабо	آهن ربا
оҳанреза	آهن ريزه
оҳансов	آهن ساو
оҳансоз	آهن ساز
оҳансозӣ	آهن سازي
оҳантан	آهن تن
оҳантарош	آهن تراش
оҳантарошӣ	آهن تراشي
оҳантасма	آهن تسمه
оҳантахта	آهن تخته
оҳанфурӯш	آهن فروش
оҳанҷидан	آهنجيدن
оҳанҷома	آهن جامه
оҳар	آهر
оҳардор	آهردار
оҳарзада	آهرزده
оҳарзанӣ	آهرزني
оҳарӣ	آهري
оҳарман	آهرمن
оҳгӯй	آه گوي
оҳидан	آهيدن
оҳиста	آهسته
оҳистагӣ	آهستگي
оҳистакак	آهستکک
оҳистакор	آهسته کار
оҳистакорӣ	آهسته کاري
оҳистарав	آهسته رو
оҳистарой	آهسته راي
оҳистасухан	آهسته سخن
оҳистаяк	آهسته يک
оҳкашӣ	آه کشي
оҳманд	آهمند
оҳо	آها
оҳор	آهار
оҳордор	آهاردار
оҳорӣ	آهاري
оҳу	آهو
оҳубарра	آهوبره
оҳубача	آهوچه
оҳувор	آهووار
оҳудав	آهودو
оҳудил	آهودل
оҳудилӣ	آهودلي
оҳуманд	آهومند
оҳун	آهون
оҳутак	آهوتک
оҳучашм	آهوچشم
оча	آچه
очакалон	آچه کلان
очар	آچر
очерк	آچيرک
очеркнавис	آچيرک نويس
очор	آچار
очорӣ	آچاري
оҷ	آج
оҷиз	عاجز
оҷиза	عاجزه
оҷизӣ	عاجزي
оҷизкуш	عاجزکش
оҷизнавозӣ	عاجزنوازي
оҷизона	عاجزانه
оҷил	عاجل
оҷилан	عاجلاً
оҷинг	آجنگ
оҷингдор	آجنگ دار
оҷур	آجور
ош	آش
ошдон	آشدان
ошиқ	عاشق
ошиқӣ	عاشقي
ошиқмизоҷ	عاشق مزاخ
ошиқнавоз	عاشق نواز
ошиқона	عاشقانه
ошиқпечон	عاشق پيچان
ошиқпеша	عاشق پيشه
ошӣ	آشي
ошкаду	آش کدو
ошкор	آشکار
ошкорбаёнӣ	آشکاربياني
ошкоркунанда	آشکارکننده
ошкоро	آشکارا
ошкӯба	آشکوبه
ошмол	آشمال
ошмолӣ	آشمالي
ошно	آشنا
ошнобезор	آشنابيزار
ошнобоз	آشناباز
ошнобозӣ	آشنابازي
ошновар	آشناور
ошноёна	آشنايانه
ошноӣ	آشنائي
ошнонамо	آشنانما
ошнорӯй	آشناروي
ошнохона	آشناخانه
ошолуд	آشآلود
ошом	آشام
ошомидан	آشاميدن
ошомиданӣ	آشاميدني
ошпаз	آشپز
ошпазӣ	آشپزي
ошпазхона	آشپز خانه
оштахта	آش تحته
оштигӣ	آشتيگي
оштидиҳанда	آشتي دهنده
оштидиҳӣ	آشتي دهي
оштинашаванда	آشتي نشونده
оштинопазир	آشتي ناپذير
оштинопазирӣ	آشتي ناپذيري
оштихоҳӣ	آشتي خواهي
оштихӯрак	آشتي خورهک
оштиҷӯёна	آشتي جويانه
оштӣ	آشتي
ошуфта	آشفته
ошуфтабахт	آشفته بخت
ошуфтагӣ	آشفتگي
ошуфтадил	آشفته دل
ошуфтакокул	آشفته کاکل
ошуфтамағз	آشفته مغز
ошуфтамӯй	آشفته موي
ошуфтан	آشفتن
ошуфтарӯз	آشفته روز
ошуфтарӯзгор	آشفته روزگار
ошуфтасомон	آشفته سامان
ошуфтахотир	آشفته خاطر
ошуфтаҳол	آشفته حال
ошуфтаҳолӣ	آشفته حالي
ошӯб	آشوب
ошӯбгар	آشوبگر
ошӯбгарӣ	آشوبگري
ошӯбгарона	آشوبگرانه
ошӯбидан	آشوبيدن
ошӯбкор	آشوب کار
ошӯғ	آشوغ
ошхона	آش خانه
ошхонадор	آش خانه دار
ошхӯр	آش خور
ошхӯра	آش خوره
ошхӯрак	آش خورک
ошхӯрӣ	آش خوري
оянд	آيند
оянда	آينده
ояндабинӣ	آينده بيني
ояндадор	آينده دار
пагаҳ	پگه
пагаҳӣ	پگهي
пагаҳхез	پگه خيز
пагаҳхезӣ	پگه خيزي
пагоҳ	پگاه
пагоҳина	پگاهينه
пагоҳирӯз	پگاهي روز
пагоҳирӯзӣ	پگاهي روزى
пагоҳӣ	پگاهي
пагоҳон	پگاهان
пагоҳонӣ	پگاهاني
пагоҳхез	پگاه خيز
пагоҳхезӣ	پگاه خيزى
пагоҳшаб	پگاه شب
паға	پغه
пағана	پغنه
пағатобӣ	پغه تابي
пағна	پغنه
пада	پده
падандар	پداندر
падар	پدر
падарандар	پدراندر
падарарӯс	پدرعروس
падарбезор	پدربيزار
падарбузург	پدربزرگ
падарвакил	پدروکيل
падарвор	پدروار
падардода	پدرداده
падардор	پدردار
падарзан	پدرزن
падарӣ	پدري
падаркалон	پدرکلان
падаркуш	پدرکش
падаркушӣ	پدرکشي
падаркушта	پدرکشته
падарқусур	پدرقسور
падарлаънат	پدرلعنت
падармодар	پدرمادر
падармурда	پدرمرده
падарозор	پدرآزار
падарона	پدرانه
падарраҳмат	پدررحمت
падарсаг	پدرسگ
падарсолор	پدرسالار
падарсолорӣ	پدرسالاري
падарсӯхта	پدرسوخته
падарфарзандӣ	پدرفرزندي
падарҷад	پدرجد
падаршавҳар	پدرشوهر
падаршоҳӣ	پدرشاهي
падаршӯй	پدرشوي
падвоз	پدواز
падид	پديد
падида	پديده
падидашиносӣ	پديده شناسي
падидашиносона	پديده شناساني
падидоваранада	پديدآورنده
падидоӣ	پديدائي
падидор	پديدار
падидорӣ	پديداري
падидоршиносӣ	پديدارشناسي
падрахта	پدرخته
падруд	پدرود
падрудан	پدرودن
паёб	پياب
паём	پيام
паёмбар	پيامبر
паёмбаргуна	پيامبرگونه
паёмбарӣ	پيامبري
паёмбарона	پيامبرانه
паёмгир	پيام گير
паёмгузор	پيام گزار
паёмгузорӣ	پيام گزاري
паёмнамо	پيام نما
паёмнигор	پيام نگار
паёмовар	پيام آور
паёпай	پياپي
паёпайӣ	پياپيي
паж	پژ
пажан	پژن
пажанд	پژند
пажвин	پژوين
пажвок	پژواک
пажмон	پژمان
пажмонӣ	پژماني
пажмонҳол	پژمان حال
пажмурда	پژمرده
пажмурдагӣ	پژمردگي
пажмурдадил	پژمرده دل
пажмурдан	پژمردن
пажмурданӣ	پژمردني
пажмурдарӯй	پژمرده روي
пажмурдарӯҳ	پژمرده روح
пажмурдаҳол	پژمرده حال
пажмурида	پژمريده
пажованд	پژاوند
пажогин	پژاگن
пажул	پژول
пажӯлида	پژوليده
пажӯлидан	پژوليدن
пажӯҳ	پژوه
пажӯҳанда	پژوهنده
пажӯҳандагӣ	پژوهندگي
пажӯҳида	پژوهيده
пажӯҳидан	پژوهيدن
пажӯҳиш	پژوهش
пажӯҳишгар	پژوهشگر
пажӯҳишгоҳ	پژوهشکاه
пажӯҳишӣ	پژوهشي
пажӯҳишкада	پژوهشکده
пажӯҳишкор	پژوهشکار
пажӯҳишнома	پژوهشنامه
паз	پز
пазанда	پزنده
пазандагӣ	پزندگي
пазидан	پزيدن
пазир	پذير
пазира	پذيره
пазиранда	پذيرنده
пазириш	پذيرش
пазиро	پذيرا
пазироӣ	پذيرائي
пазируфт	پذيرفت
пазируфта	پذيرفته
пазируфтан	پذيرفتن
пазируфтанӣ	پذيرفتني
пазируфтгорӣ	پذيرفتگاري
пазируфтор	پذيرفتار
пазируфторӣ	پذيرفتاري
пазиш	پزش
пазмон	پزمان
пазмонӣ	پزماني
пазмоншуда	پزمانشده
пазо	پزا
пазон	پزان
пазонанда	پزاننده
пай	پي
пайафкан	پي افکن
пайафканӣ	پي افکني
пайбарӣ	پي بري
пайванд	پيوند
пайвандак	پيوندک
пайвандакдор	پيوندک دار
пайвандгар	پيوندگر
пайвандгарӣ	پيوندگري
пайвандгаҳ	پيوندگه
пайвандгоҳ	پيوندگاه
пайванддор	پيونددار
пайвандиш	پيوندش
пайвандӣ	پيوندي
пайвандкорӣ	پيوندکاري
пайвандкунак	پيوندکنک
пайвандкунанда	پيوندکننده
пайвандкунӣ	پيوندکني
пайванднопазир	پيوندناپذير
пайвандхӯрда	پيوندخورده
пайвандшаванда	پيوندشونده
пайвандшавандагӣ	پيوندشوندگي
пайваст	پيوست
пайваста	پيوسته
пайвастаабрӯ	تيوسته ابرو
пайвастагӣ	پيوستگي
пайвастагон	پيوستگان
пайвастан	پيوستن
пайвасткунанда	پيوست کننده
пайвасткунӣ	پيوست کني
пайвастор	پيوستار
пайвастшаванда	پيوست شونده
пайвастшавӣ	پيوست شوي
пайгард	پيگرد
пайгир	پيگير
пайгирӣ	پيگيري
пайгирона	پيگيرانه
пайгор	پيگار
пайгум	پيگم
пайгумкарда	پي گم کرده
пайгумкунӣ	پي گمکني
пайгусаста	پي گسسته
пайгуфтор	پي گفتار
пайғавӣ	پيغوي
пайғалат	پي غلط
пайғамбар	پيغمبر
пайғамбарзода	پيغمبرزاده
пайғамбарӣ	پيغمبري
пайғамбарона	پيغمبرانه
пайғола	پيغاله
пайғом	پيغام
пайғомбар	پيغامبر
пайғомбарӣ	پيغامبري
пайғомгузор	پيغامگزار
пайғомгузорӣ	پيغامگزاري
пайғомдеҳ	پيغامده
пайғомовар	پيغام آور
пайғомрасон	پيغامرسان
пайғомрасонӣ	پيغامرساني
пайғора	پيغاره
пайғу	پيغو
пайғунажод	پيغونژاد
пайғӯла	پيغوله
пайғӯланишин	پيغوله نشين
пайдарпай	پي درپى
пайдарпайӣ	پي در پئي
пайдарҳам	پي درهم
пайдарҳамӣ	پي درهمي
пайдо	پيدا
пайдовар	پيداور
пайдоиш	پيدايش
пайдошаванда	پيداشونده
пайдошавӣ	پيداشوي
пайзада	پيزده
пайк	پيک
пайканда	پيکنده
пайкар	پيکر
пайкара	پيکره
пайкарасоз	پيکره ساز
пайкарасозӣ	پيکره سازي
пайкарбузург	پيکربزرگ
пайкарда	پي کرده
пайкарнигор	پيکرنگار
пайкаророӣ	پيکرآرائي
пайкарсоз	پيکرساز
пайкарсозӣ	پيکرسازي
пайкартарош	پيکرتراش
пайкартарошӣ	پيکرتراشي
пайковӣ	پي کاوي
пайкол	پيکال
пайкон	پيکان
пайкона	پيکانه
пайконасум	پيکانه سم
пайконгар	پيکان گر
пайконзан	پيکان زن
пайконӣ	پيکاني
пайконнишон	پيکان نشان
пайконсоз	پيکان ساز
пайконхӯрда	پيکان خورده
пайкор	پيکار
пайкоргар	پيکارگر
пайкоргаҳ	پيکارگه
пайкоргоҳ	پيکارگاه
пайкорпараст	پيکارپرست
пайкорсоз	پيکارساز
пайкорҷӯй	پيکارجوي
паймо	پيما
паймоиш	پيمايش
паймон	پيمان
паймона	پيمانه
паймонагусор	پيمانه گسار
паймонакаш	پيمانه کش
паймонакашӣ	پيمانه کشي
паймонанӯш	پيمانه نوش
паймонашикан	پيمانه شکن
паймонгусил	پيمان گسل
паймондеҳ	پيمان ده
паймондор	پيمان دار
паймондорӣ	پيمان داري
паймонӣ	پيماني
паймонкор	پيمان کار
паймонкорӣ	پيمان کاري
паймоннома	پيمان نامه
паймоншикан	پيمان شکن
паймоншиканӣ	پيمان شکني
паймоншиканона	پيمان شکنانه
паймудан	پيمودن
пайпора	پيپاره
пайрав	پيرو
пайравикунанда	پيروي کننده
пайравӣ	پيروي
пайравона	پيروانه
пайраҳа	پيراهه
пайрезӣ	پي ريزي
пайроҳа	پيراهه
пайса	پيسه
пайсафед	پي سفيد
пайсипар	پي سپر
пайсипарӣ	پي سپري
пайсипор	پي سپار
пайсипорӣ	پي سپاري
пайсуда	پي سوده
пайсукун	پي سکون
пайт	پيت
пайтеша	پي تيشه
пайтоба	پي تابه
пайӯ	پيو
пайфарох	پي فراخ
пайфарохӣ	پي فراخي
пайхас	پيخس
пайхаст	پيخست
пайхаста	پيخسته
пайхастан	پيخستن
пайхол	پيخال
пайхуҷаста	پي خجسته
пайчин	پي چين
пайшинос	پي شناس
пайшиносӣ	پي شناسي
пак	پک
пакана	پکنه
паканд	پکند
паканӣ	پکني
пакар	پکر
пакарӣ	پکري
пал	پل
палла	پله
палав	پلو
палавкаду	پلوکدو
палавпаз	پلوپز
палавпазӣ	پلوپزي
палавхӯр	پلوخور
палағда	پلغده
палак	پلک
палакбон	پلک بان
палакзор	پلک زار
палакӣ	پلکي
палакмурда	پلک مرده
палақ-палақ	پلق پلق
паланг	پلنگ
палангафкан	پلنگ افکن
палангвор	پلنگ وار
палангина	پلنگينه
палангинапӯш	پلنگينه پوش
палангмушк	پلنگ مشک
палата	پلته
палах	پلخ
палбандӣ	پلبندي
палео	پليا
палеозой	پلي آزاي
палеолит	پلي آليت
палеонтолог	پلي آنتالاگ
палеонтология	پلي آنتالاگيه
палид	پليد
палидӣ	پليدي
палидкор	پليدکار
паллабардор	پله بردار
палладий	پلديي
паллак	پلک
палм	پلم
палмидан	پلميدن
палмос	پلماس
палмосидан	پلماسيدن
палмудан	پلمودن
палолак	پلالک
палолактеғ	پلالکتيغ
палонҷ	پلانج
палорак	پلارک
палоракхӯр	پلارک خور
палос	پلاس
палосин	پلاسين
палосӣ	پلاسي
палоспӯш	پلاس پوش
палпоя	پلپايه
палтар	پلتر
палтархӯрҷин	پلترخورجي
палто	پلتا
палтоворӣ	پلتاواري
палча	پلچه
панаҳ	پنه
панаҳкор	پنه کار
панаҳкорӣ	پنه کاري
панба	پنبه
панбадона	پنبه دانه
панбазан	پنبه زن
панбазанӣ	پنبه زني
панбазор	پنبه زار
панбакор	پنبه کار
панбакорӣ	پنبه کاري
панбафурӯш	پنبه فروش
панд	پند
пандгӯӣ	پندگوئي
пандгӯй	پندگوي
панддиҳанда	پنددهنده
панддиҳӣ	پنددهي
пандӣ	پندي
пандманд	پندمند
панднома	پندنامه
панднопазир	پند ناپذير
пандом	پندام
пандомез	پندآميز
пандомезона	پندآميزانه
пандомӯз	پندآموز
пандомӯзӣ	پندآموزي
пандпазир	پندپذير
пандтӯз	پندتوز
пандшунав	پندشنو
панир	پنير
панирак	پنيرک
панирӣ	پنيري
панирмоя	پنيرمايه
панироб	پنيرآب
панирпаз	پنيرپز
панирпазӣ	پنيرپزي
паном	پنام
паноҳ	پناه
паноҳанда	پناهنده
паноҳандагӣ	پناهندگي
паноҳбар	پناه بر
паноҳгиранда	پناه گيرنده
паноҳгоҳ	پناه گاه
паноҳдиҳанда	پناه دهنده
паноҳдиҳӣ	پناه دهي
паноҳидан	پناهيدن
паноҳӣ	پناهي
паноҳҷӯй	پناه جوي
пантеизм	پنتييزم
пантуркизм	پنترکيزم
пантуркист	پنترکيست
пантуркистӣ	پنترکيستي
панҷ	پنج
панҷа	پنجه
панҷаафканӣ	پنجه افکني
панҷагир	پنجه گير
панҷагирӣ	پنجه گيري
панҷадор	پنجه دار
панҷазан	پنجه زن
панҷазанӣ	پنجه زني
панҷакаш	پنجه کش
панҷара	پنجره
панҷарагулчин	پنجره گلچين
панҷарадевор	پنجره ديوار
панҷарадор	پنجره دار
панҷарак	پنجرک
панҷаранишин	پنجره نشين
панҷараоҳанин	پنجره آهنين
панҷашакл	پنجه شکل
панҷболор	پنجبالار
панҷболора	پنجبالاره
панҷбора	پنجباره
панҷвақта	پنج وقته
панҷвақтӣ	پنج وقتي
панҷгона	پنجگانه
панҷгоҳ	پنج گاه
панҷгӯша	پنج گوشه
панҷзабона	پنج زبانه
панҷзарб	پنج ضرب
панҷӣ	پنجي
панҷкаса	پنج کسه
панҷкасӣ	پنج کسي
панҷкунҷа	پنج کنجه
панҷқирра	پنج قيره
панҷмисраъ	پنج مصرع
панҷнӯш	پنج نوش
панҷобӣ	پنجابي
панҷоҳ	پنجاه
панҷоҳсола	پنجاه ساله
панҷоҳсолагӣ	پنجاه سالگي
панҷоҳум	پنجاهم
панҷоҳумин	پنجاهمين
панҷпарра	پنج پره
панҷравӣ	پنجروي
панҷраха	پنج رخه
панҷрукна	پنج رکنه
панҷрӯза	پنجروزه
панҷрӯзӣ	پنج روزي
панҷрӯя	پنج رويه
панҷсад	پنج صد
панҷсадсола	پنج صدساله
панҷсадсолагӣ	پنج صدسالگي
панҷсадум	پنج صدم
панҷсадумин	پنج صدمين
панҷсатҳа	پنج سطحه
панҷсер	پنج سير
панҷсима	پنج سيمه
панҷсола	پنج ساله
панҷсолагӣ	پنج سالگي
панҷтагӣ	پنج تگي
панҷтира	پنج تيره
панҷтогӣ	پنج تاگي
панҷтоннагӣ	پنج تانگي
панҷтор	پنج تار
панҷум	پنجم
панҷумин	پنجمين
панҷхонадор	پنج خانه دار
панҷҳазора	پنخهزاره
панҷҳазорӣ	پنجهزاري
панҷҳарба	پنجحربه
панҷшанбе	پنجشنبه
панҷшоха	پنج شاخه
панҷяк	پنج يک
панҷяккор	پنج يک کار
панҷяккорӣ	پنج يک کاري
панҷякхӯр	پنج يک خور
папирос	پپيراس
папиросдон	پپيراسدان
папироскаш	پپيراسکش
папироскашӣ	پپيراسکشي
папирус	پپيروس
паплус	پپلس
пар	پر
парадокс	پرداکس
парадоксалӣ	پرداکسلي
паразит	پرزيت
паразитология	پرزيتالاگيه
парак	پرک
паралел	پرليل
параллелӣ	پرليلي
параллелограмм	پرليلاگرم
парам	پرم
параметр	پرميتر
паран	پرن
паранд	پرند
паранда	پرنده
парандапарвар	پرنده پرور
парандапарварӣ	پرنده پروري
парандашинос	پرنده شناس
парандашиносӣ	پرنده شناسي
парандбофӣ	پرند بافي
парандох	پرنداخ
параст	پرست
параста	پرسته
парастанда	پرستنده
парастидан	پرستيدن
парастиш	پرستش
парастишгар	پرستشگر
парастишгарӣ	پرستشگري
парастишгоҳ	پرستشگاه
парастишкада	پرستشکده
парастишхона	پرستشخانه
парастор	پرستار
парасторзан	پرستارزن
парасторӣ	پرستاري
парасту	پرستو
парафшон	پرافشان
парафшонӣ	پرافشاني
параха	پرخه
парашут	پرشوت
парбаста	پربسته
парбистар	پربستر
парва	پروه
парваз	پروز
парванд	پروند
парванда	پرونده
парваранда	پرورنده
парвард	پرورد
парварда	پرورده
парварида	پروريده
парвардахона	پرورده خانه
парвардигор	پروردگار
парвариш	پرورش
парваришгоҳ	پرورشگاه
парваришёфта	پرورش يافته
парваришкунанда	پرورش کننده
парваронидан	پرورانيدن
парваҳон	پروهان
парвезан	پرويزن
парвин	پروين
парво	پروا
парвоз	پرواز
парвоза	پروازه
парвозгаҳ	پروازگه
парвозгоҳ	پروازگاه
парвозӣ	پروازي
парвозкунанда	پروازکننده
парвозкунон	پروازکنان
парвоӣ	پروائي
парвона	پروانه
парвонавор	پروانه وار
парвонагӣ	پروانگي
парвонадеҳ	پروانه ده
парвонадор	پروانه دار
парвонак	پروانک
парвонасифат	پروانه صفت
парвонасон	پروانه سان
парвоначӣ	پروانچي
парвонча	پروانچه
парвор	پروار
парвора	پرواره
парворбанд	پرواربند
парворбандӣ	پرواربندي
парворӣ	پرواري
парвос	پرواس
парвосидан	پرواسيدن
парганда	پرگنده
паргар	پرگر
паргола	پرگاله
паргор	پرگار
паргордон	پرگاردان
паргорзан	پرگارزن
паргорӣ	پرگاري
паргусаста	پرگسسته
парда	پرده
пардаарӯсак	پرده عروسک
пардабардор	پرده بردار
пардабардорӣ	پرده برداري
пардабол	پرده بال
пардавор	پرده وار
пардаворӣ	پرده واري
пардагар	پرده گر
пардагилем	پرده گليم
пардагӣ	پردگي
пардагоҳ	پرده گاه
пардадар	پرده در
пардадарида	پرده دريده
пардадарӣ	پرده دري
пардадарон	پرده دران
пардадор	پرده دار
пардадӯз	پرده دوز
пардак	پردک
пардакаш	پرده کش
пардакушо	پرده کشا
парданишин	پرده نشين
парданишинӣ	پرده نشين
пардапӯш	پرده پوش
пардапӯшӣ	پرده پوشي
пардапӯшона	پرده پوشانه
пардасарой	پرده سراي
пардасоз	پرده ساز
пардасӯз	پرده سوز
пардахт	پردخت
пардахта	پردخته
пардахтан	پردختن
пардашикоф	پرده شکاف
пардашинос	پرده شناس
пардеворӣ	پرديواري
пардез	پرديز
пардоз	پرداز
пардозанда	پردازنده
пардозгар	پردازگر
пардозгарӣ	پردازگري
пардоздиҳанда	پردازدهنده
пардоздиҳӣ	پردازدهي
пардозидан	پردازيدن
пардознок	پردازناک
пардор	پردار
пардохт	پرداخت
пардохтан	پرداختن
пардохтанӣ	پرداختني
пардохтгар	پرداختگر
пардохтӣ	پرداختي
пардохткунанда	پرداخت کننده
пардохтшаванда	پرداخت شونده
парез	پريز
парер	پرير
парерӯз	پريروز
пареш	پريش
парешаб	پريشب
парешан	پريشن
парешидан	پريشيدن
парешон	پريشان
парешонаҳвол	پريشان احوال
парешонаҳволӣ	پريشان احوالي
парешонгӯӣ	پريشان گوئي
парешондил	پريشان دل
парешондимоғ	پريشان دماغ
парешонӣ	پريشاني
парешонкор	پريشان کار
парешонмӯй	پريشان موي
парешонназар	پريشان نظز
парешоннафас	پريشان نفس
парешоннигоҳ	پريشان نگاه
парешонрӯзгор	پريشان روزگار
парешонрӯзгорӣ	پريشان روزگاري
парешонсайр	پريشان سير
парешонсафар	پريشان سفر
парешонфикр	پريشان فکر
парешонфикрӣ	پريشان فکري
парешонхаёл	پريشان خيال
парешонхотир	پريشان خاطر
парешонхотирӣ	پريشان خاطري
парешонхотирона	پريشان خاطرانه
парешонҳавос	يشان حواس
парешонҳол	پريشان حال
парешоншуда	پريشان شده
парешонҳолӣ	پريشان حالي
парзадарӯй	پرزده روي
парзанӣ	پرزني
парзанон	پرزنان
париандом	پري اندام
париафсой	پري افساي
парибанд	پري بند
паривара	پري وره
париваш	پري وش
паривор	پري وار
паригирифта	پري گرفته
парида	پريده
паридан	پريدن
паридаранг	پريده رنگ
паридахаёл	پريده خيال
паридор	پريدار
паридухт	پري دخت
паридухтар	پري دختر
паризада	پري زده
паримонанд	پري مانند
паринажод	پري نژاد
парипайкар	پري پيکر
парипашша	پرپشه
парипашшагӣ	پرپشگي
парир	پرير
парирух	پري رخ
парирухсор	پري رخسار
парирӯй	پري روي
парирӯз	پريروز
парисимо	پري سيما
парисо	پري سا
парисой	پري ساي
парисурат	پري صورت
паритет	پريتيت
паритовусӣ	پرطاوسي
парихон	پري خوان
парихона	پري خانه
парихонӣ	پري خواني
паричеҳра	پري چهره
париш	پرش
паришаб	پريشب
паришамоил	پريشمايل
парӣ	پري
парк	پرک
паркам	پرکم
парканда	پرکنده
паркашӣ	پرکشي
паркола	پرکاله
парламент	پرلمينت
парламентӣ	پرلمينتي
парлумон	پرلمان
парлумонӣ	پرلماني
парма	پرمه
пармавор	پرمه وار
пармагар	پرمه گر
пармакунанда	پرمه کننده
пармакунӣ	پرمه کني
пармаосо	پرمه آسا
пармасон	پرمه سان
пармахида	پرمخيده
пармачоҳ	پرمه چاه
пармос	پرماس
пармосидан	پرماسيدن
парниён	پرنيان
парниёнӣ	پرنياني
парниёнпӯш	پرنيان پوش
парно	پرنا
парнок	پرناک
парнун	پرنون
парнӯ	پرنو
паровар	پرآور
парокандааҳвол	پراکنده احوال
парокандагӣ	پراکندگي
парокандагӯй	پراکنده گوي
парокандадил	پراکنده دل
парокандакунӣ	پراکند کني
парокандан	پراکندن
парокандаризқ	پراکنده رزق
парокандарӯз	پراکنده روز
парокандахотир	پراکنده خاطر
парокандахотирӣ	پراکنده خاطري
парокандаҳол	پراکنده حال
парокандашавӣ	پراکنده شوي
пароканиш	پراکنش
парокӯҳ	پراکوه
паролак	پرالک
паром	پرام
паромрон	پرام ران
парон	پران
паронанда	پراننده
парондан	پراندن
парониш	پرانش
паронхӯҷа	پرانخوجه
паронча	پرانچه
парончак	پرانچک
парошидан	پراشيدن
парпанак	پرپنک
парпар	پرپر
пар-пар	پرپر
парпара	پرپره
парпарон	پرپران
парпаҳн	پرپهن
парпеч	پرپيچ
парпӣ	پرپي
парпой	پرپاي
парра	پره
паррадор	پره دار
паррак	پرک
паррезӣ	پرريزي
паррехта	پرريخته
паррик	پريک
парсинбаста	پرسينبسته
парсинг	پرسينگ
парсингбаста	پرسينگ بسته
парсӯхта	پرسوخته
парт	پرت
партав	پرتو
партавандоз	پرتوانداز
партавафкан	پرتوافکن
партавафканӣ	پرتوافکني
партавафшон	پرتوافشان
партавафшонӣ	پرتوافشاني
партавдармонӣ	پرتودرماني
партавсанҷ	پرتوسنج
партавфикан	پرتوفکن
партавшинос	پرتوشناس
партавшиносӣ	پرتوشناسي
партгоҳ	پرتگاه
парто	پرتا
партоб	پرتاب
партобидан	پرتابيدن
партобӣ	پرتابي
партобшиносӣ	پرتاب شناسي
партов	پرتاو
партофтан	پرتافتن
партшуда	پرت شده
паруболрехта	پروبال ريخته
паруболсӯхта	پروبال سوخته
парӯ	پرو
парфишон	پرفشان
парфишонӣ	پرفشاني
пархош	پرخاش
пархошгаҳ	پرخاشگه
пархошгоҳ	پرخاشگاه
пархошдида	پرخاش ديده
пархошкеш	پرخاش کيش
пархошсоз	پرخاش ساز
пархошҷӯй	پرخاش جوي
парҳез	پرهيز
парҳезгор	پرهيزگار
парҳезгорӣ	پرهيزگاري
парҳезидан	پرهيزيدن
парҳезӣ	پرهيزي
парҳезкор	پرهيزکار
парҳезкорӣ	پرهيزکاري
парҳезона	پرهيزانه
парҳун	پرهون
парча	پرچه
парчабурӣ	پرچه بري
парчагул	پرچه کل
парчам	پرچم
парчамдор	پرچمدار
парчамдорӣ	پرچمداري
парчамӣ	پرچمي
парчин	پرچين
парчинкор	پرچين کار
парчинкорӣ	پرچين کاري
парчинмех	پرچين ميخ
парчинпайванд	پرچين پيوند
паршикаста	پرشکسته
пас	پس
пасазҷангӣ	پس ازجنگي
пасанд	پسند
пасанда	پسنده
пасандеш	پس انديش
пасандоз	پس انداز
пасафканд	پس افکند
пасафканда	پس افکنده
пасафтода	پس افتاده
пасафтодагӣ	پس افتادگي
пасванд	پس وند
пасин	پسين
пасина	پسينه
пасингоҳ	پسين گاه
пасиниён	پسينيان
пасипардагӣ	پسپردگي
пасипо	پس پا
пасич	پسيچ
пасичидан	پسيچيدن
паскаш	پسکش
паскашӣ	پسکشي
паскӯча	پسکوچه
пасқадам	پس قدم
пасмонда	پس مانده
пасмондагӣ	پس ماندگي
паснишинӣ	پس نشيني
пасногард	پس ناگرد
паснокӣ	پس ناکي
пасоб	پس آب
пасованд	پساوند
пасовидан	پساويدن
пасодаст	پسادست
пасомад	پس آمد
пасопеш	پساپيش
пасоҳан	پس آهن
пасочин	پساچين
пасоянд	پسايند
пасояндагон	پسايند گان
паспагоҳ	پس پگاه
паспорт	پسپارت
пасравӣ	پس روي
паст	پست
пастак	پستک
пастакак	پستکک
пастакча	پستکچه
пастболо	پستبالا
пастгонӣ	پست گاني
пастзеҳн	پست ذهن
пастӣ	پستي
пастқад	پست قد
пастқомат	پست قامت
пастмазмун	پست مضمون
пастназар	پست نظر
пастназарӣ	پست نظري
пастниҳод	پست نهاد
пастоб	پست آب
пастраванда	پست رونده
пастравӣ	پست روي
пастсағрӣ	پست سغري
пастсалиқа	پست سليقه
пастсифат	پست صفت
пастсифатӣ	پست صفتي
пасттинат	پست طينت
пасттинатӣ	پست طينتي
пасттолеъ	پست طالع
пастфитрат	پست فطرت
пастфитратӣ	پست فطرتي
пастхамӣ	پست خمي
пастҳиммат	پست همت
пастҳимматӣ	پست همتي
пастҷинс	پست جنس
пастшаванда	پست شونده
пастшавӣ	پست شوي
пасфардо	پس فردا
пасхам	پسخم
пасхамӣ	پسخمي
пасхез	پس خير
пасхӯрда	پسخورده
пат	پت
патак	پتک
патакфурӯш	پتک فروش
патакча	پتکچه
патар	پتر
патар-патар	پترپتر
патаррос	پترّاس
патвоз	پتواز
патдор	پتدار
патент	پتينت
патефон	پتيفان
патёра	پتياره
патила	پتيله
патнок	پتناک
патология	پتالاگيه
патологӣ	پتالاگي
патфуз	پتفوز
пах	پخ
пахмоқ	پخماق
пахмоқмӯй	پخماق موي
пахну	پخنو
пахол	پخال
пахолпӯш	پخالپوش
пахсон	پخسان
пахт	پخت
пахта	پخته
пахтагин	پختگين
пахтагӣ	پختگي
пахтағундорӣ	پخته غنداري
пахтадор	پخته دار
пахтазор	پخته زار
пахтакаш	پخته کش
пахтакашӣ	پخته کشي
пахтакашонӣ	پخته کشاني
пахтакор	پختکار
пахтакорӣ	پختکاري
пахтанок	پختناک
пахтаресӣ	پخته ريسي
пахтасеб	پخته سيب
пахтасозӣ	پخته سازي
пахтасупорӣ	پخته سپاري
пахтатозакунӣ	پخته تازه کني
пахтахушккунак	پخته خشک کنک
пахтахушконӣ	پخته خشکاني
пахтачин	پخته چين
пахтачинӣ	پخته چيني
пахтачӣ	پختچي
пахтаҷаллоб	پخته جلاب
пахтаҷаллобӣ	پخته جلابي
пахташинос	پخته شناس
пахташонакунӣ	پخته شانه کني
пахш	پخش
пахшкунӣ	خش کني
пахшопаш	پخشاپش
пахшхӯрда	پخش خورده
паҳлавишинос	پهلوي شناس
паҳлавӣ	پهلوي
паҳлавон	پهلوان
паҳлавонзода	پهلوانزاده
паҳлавонӣ	پهلواني
паҳлавонона	پهلوانانه
паҳлавонпайкар	پهلوان پيکر
паҳлавонсурат	پهلوان صورت
паҳлавонҷусса	پهلوان جثه
паҳлу	پهلو
паҳлударӣ	پهلودري
паҳлудор	پهلودار
паҳлудорӣ	پهلوداري
паҳлузан	پهلوزن
паҳлуӣ	پهلوئي
паҳлунишин	پهلونشين
паҳлучӯб	پهلوچوب
паҳлушикоф	پهلوشکاف
паҳн	پهن
паҳна	پهنه
паҳнбар	پهن بر
паҳнбарг	پهن برگ
паҳнбол	پهن بال
паҳнгӯш	پهن گوش
паҳндашт	پهن دشت
паҳндӯш	پهن دوش
паҳнӣ	پهني
паҳнкитф	پهن کتف
паҳнкунанда	پهن کننده
паҳнкунӣ	پهن کني
паҳнкӯҳ	پهن کوه
паҳно	پهنا
паҳноб	پهن آب
паҳновар	پهناور
паҳноварӣ	پهناوري
паҳноӣ	پهنائي
паҳнона	پهنانه
паҳнпешонӣ	پهن پيشانه
паҳнриш	پهن ريش
паҳнрӯй	پهن روي
паҳнсина	پهن سينه
паҳншона	پهن شانه
паҳншуда	پهن شده
паҳ-паҳ	په په
пачақ	پچق
пачақшуда	پچق شده
паш	پش
пашанг	پشنگ
пашиз	پشيز
пашиза	پشيزه
пашк	پشک
пашм	پشم
пашмак	پشمک
пашмбор	پشم بار
пашмборӣ	پشم باري
пашмибузӣ	پشم بزي
пашмбур	پشم بر
пашмдор	پشم دار
пашмин	پشمين
пашмина	پشمينه
пашминабофӣ	پشمينه بافي
пашминавор	پشمينه وار
пашминапӯш	پشمينه پوش
пашмнок	پشم ناک
пашмоганд	پشم آگند
пашмолуд	پشم آلود
пашмрес	پشم ريس
пашмресӣ	پشم ريسي
пашмрехта	پشم رخته
пашмтарошак	پشم تراشک
пашмтарошӣ	پشم تراشي
пашмчин	پشم چين
пашмшонакунак	پشم شانکنک
пашмшӯӣ	پشم شوي
пашту	پشتو
пашша	پشه
пашшабанд	پشه بند
пашшабандӣ	پشه بندي
пашшагир	پشه گير
пашшахона	پشه خانه
пашшахӯрда	پشه خورده
паюгонӣ	پيوگاني
паюсидан	پيوسيدن
паямбар	پيمبر
паямбарӣ	پيبري
пе	پ
педагог	پيدگاگ
педагогика	پيدگاگيکه
педагогӣ	پيدگاگي
педал	پيدل
педиатр	پيدئتر
пенитсиллин	پينيتسيلين
пенсин	پينسين
пентон	پينتان
пераҳан	پيرهن
пераҳандор	پيرهن دار
пераҳанпӯш	پيرهن پوش
пераҳанчок	پيرهن چاک
пергамент	پيرگه مينت
перигей	پيريگيي
периметр	پيريميتر
перой	پيراي
пероиш	پيرايش
перомун	پيرامون
перор	پيرار
перорин	پيرارين
перорина	پيرارينه
перорсол	پيرار سال
перорсола	پيرارساله
пероста	پيراسته
перостагӣ	پيراستگي
перостан	پيراستن
пероҳан	پيراهن
пероя	پيرايه
пероябанд	پيرايه بند
пероябандӣ	پيرايه بندي
пероягар	پيرايه گر
пероядеҳ	پيرايه ده
перояпӯш	پيرايه پوش
пероясозӣ	پيرايه سازي
перпендикуляр	پيرپينديکولير
перрон	پيران
персонаж	پيرسانژ
пес	پيس
песа	پيسه
песӣ	پيسي
пессимизм	پيسيميزم
пессимист	پيسيميست
пессимистӣ	پيسيميستي
петрография	پيتراگرفييه
пех	پيخ
пехол	پيخال
пехтан	پيختن
пеҳ	پيه
пеҳоба	پيه آبه
печ	پيچ
печа	پيچه
печабанд	پيچه بند
печак	پيچک
печалак	پيچه لک
печанда	پيچنده
печасафед	پيچه سفيد
печбур	پيچ بر
печдарпеч	پيچ در پيچ
печдарпечӣ	پيچ درپيچي
печдор	پيچ دار
печида	پيچيده
печидан	پيچيدن
печиш	پيچش
печок	پيچاک
печон	پيچان
печондашуда	پيچانده شده
печопеч	پيچاپيچ
печутоб	پيچ وتاب
печутобхӯрда	پيچ وتاب خورده
печутобхӯрӣ	پيچ وتاب خوري
печхӯрда	پيچ خورده
пеш	پيش
пеша	پشه
пешавар	پيشه ور
пешаварӣ	پيشه وري
пешазидӣ	پيش ازعيدي
пешазинқилобӣ	پيش ازانقلابي
пешазинтихоботӣ	پيش ازانتخاباتي
пешазҷангӣ	پيش ازجنگي
пешайвон	پيش ايوان
пешайвондор	پيش ايواندار
пешакӣ	پيشکي
пешандеш	پيش انديش
пешандеша	پيش انديشي
пешандешӣ	پيش انديشي
пешандоз	پيش انداز
пешафтод	يش افتاد
пешаҳд	پيش عهد
пешбанд	پيش بند
пешбандӣ	پيشبندي
пешбар	پيش بر
пешбаранда	پيش برنده
пешбарӣ	پيش بري
пешбаста	پيش بسته
пешбин	پيش بين
пешбинишуда	پيش بيني شده
пешбинӣ	پيش بيني
пешбинона	پيش بينانه
пешбода	پيش باده
пешбоз	پيش باز
пешбол	پيش بال
пешбурд	پيش برد
пешванд	پيشوند
пешво	پيشوا
пешвоз	پيشواز
пешвозгиранда	پيشوازگيرنده
пешвозгирӣ	پيشوازگيري
пешвоӣ	پيشوائي
пешгард	پيش گرد
пешгаҳ	پيش که
пешгир	پيشگير
пешгирак	پيش گيرک
пешгирифта	پيش گرفته
пешгирӣ	پيش گيري
пешгоҳ	پيش گاه
пешгузашта	پيش گذشته
пешгузошта	پيش گذاشته
пешгуфтор	پيش گفتار
пешгӯй	پيش گوي
пешгӯӣ	پيش گويي
пешдандон	پيش دندان
пешдаргир	پيش درگير
пешдаргирон	پيش درگيران
пешдаст	پيش دست
пешдастӣ	پيش دستي
пешдаҳан	پيش دهن
пешдаҳанӣ	پيش دهني
пешдевор	پيش ديوار
пешдод	پيش داد
пешдодиён	پيش داديان
пешдоман	پيشدامن
пешдор	پيش دار
пешдӯкон	پيش دوکان
пешёр	پيش يار
пешизабонӣ	پيشي زباني
пешин	پيشين
пешина	پيشينه
пешингаҳ	پيشين گه
пешингоҳ	پيشين گاه
пешинзамон	پيشين زمان
пешиниён	پيشينيان
пешинӣ	پيشيني
пешипо	پيشپا
пешӣ	پيشي
пешкаш	پيشکش
пешкироя	پيش کرايه
пешкисват	پيش کسوت
пешкор	پيش کار
пешкора	پيش کاره
пешкушода	پيش کساده
пешқабза	پيش قبضه
пешқадам	پيش قدم
пешқадамӣ	پيش قدمي
пешқарордод	پيش قرارداد
пешлашкар	پيش لشکر
пешмисраъ	پيش مصرع
пешмузд	پيش مزد
пешнавис	پيش نويس
пешнамоз	پيش نماز
пешниҳод	پيشنهاد
пешниҳодӣ	پيشنهادي
пешниҳодшуда	پيشنهادشده
пешнокӣ	پيش ناکي
пешноф	پيش ناف
пешоб	پيش آب
пешоббарорӣ	پيش آب براري
пешобдон	پيش آب دان
пешобовар	پيش آب آور
пешоброн	پيش آبرن
пешоброҳ	پيش آبراه
пешодаст	پيشادست
пешомад	پيش آمد
пешомада	پيش آمده
пешон	يشان
пешона	پيشانه
пешонабофак	پيشانه بافک
пешонибаланд	يشاني بلند
пешонибанд	پيشاني بند
пешонибандак	پيشاني بندک
пешониборик	پيشاني باريک
пешонивасеъ	پيشاني وسيع
пешонидӯнг	پيشاني دونگ
пешоникушод	پيشاني کشاد
пешоникушода	پيشاني کشاده
пешониқашқа	پيشاني قشقه
пешонинавишт	پيشاني نوشت
пешонипаҳн	پيشاني پهن
пешонисахт	پيشاني سخت
пешонитанг	پيشاني تنگ
пешонифарох	پيشاني فراخ
пешонӣ	پيشاني
пешопеш	پيشاپيش
пешор	پيشار
пешоҳанг	پيش آهنگ
пешоҳангӣ	پيش آهنگي
пешоянд	پيشايند
пешоянда	پيشاينده
пешоянддор	پيشاينددار
пешпазак	پيش پزک
пешпардохт	پيش پرداخت
пешперо	پيش پير
пешпой	پيش پاي
пешпора	پيش پاره
пешпохӯр	پيشپاخور
пешпохӯрӣ	پيشپاخوري
пешрав	پيشرو
пешравӣ	پيشروي
пешравоқ	پيش رواق
пешрас	پيش رس
пешрафт	پيشرفت
пешрафта	پيشرفته
пешрафтагӣ	پيش رفتگي
пешронда	پيش رانده
пешрӯба	پيش روبه
пешсаф	پيش صف
пешсалом	پيش سلام
пешсаломӣ	پيش سلامي
пештар	پيشتر
пештара	پيشتره
пештахта	پيش تخته
пештоз	پيش تاز
пештоқ	پيش طاق
пешхарид	پيش خريد
пешхез	پيش خيز
пешхезӣ	پيش خيزي
пешхидмат	پيش خدمت
пешхизмат	پيش خذمت
пешхизматӣ	پيش خذمتي
пешхон	پيش خوان
пешхона	پيش خانه
пешхӯрд	پيش خورد
пешҷанг	پيش جنگ
пешҷилав	پيش جلو
пи	پي
пианино	پيه نينا
пианинонавоз	پيه نينانواز
пиво	پيوا
пивопаз	پيواپز
пивофурӯш	پيوافروش
пивофурӯшӣ	پيوافروشي
пигмент	پيگمينت
пидром	پدرام
пидромидан	پدراميدن
пиёда	پياده
пиёдааскар	پياده عسکر
пиёдагард	پياده گرد
пиёдагардӣ	پياده گردي
пиёдагӣ	پيادگي
пиёдагузар	پياده گذر
пиёдақӯшун	پياده قشون
пиёданизом	پياده نظام
пиёдапойга	پياده پايگه
пиёдарав	پياده رو
пиёдаравӣ	پياده روي
пиёдароҳа	پياده راهه
пиёз	پياز
пиёзак	پيازک
пиёзбех	پيازبيخ
пиёзбирён	پيازبريان
пиёздоғ	پيازداغ
пиёздона	پيازدانه
пиёзин	پيازين
пиёзӣ	پيازي
пиёзоба	پيازآبه
пиёзфурӯш	پيازفروش
пиёзшакл	پيازشکل
пиёла	پياله
пиёлагардон	پياله گردان
пиёладор	پياله دار
пиёлакаш	پياله کش
пиёланӯш	پياله نوش
пиёлапаймо	پياله پيما
пижӯлидан	پژوليدن
пижӯҳидан	پژوهيدن
пизишк	پزشک
пизишкӣ	پزشکي
пийҳ	پيه
пиқир-пиқир	پقرپقر
пиқиррос	پقراس
пил	پيل
пила	پيله
пилавар	پيله ور
пиласта	پيلسته
пилафган	پيل افگن
пилафкан	پيل افکن
пилафканӣ	پيل افکني
пилафсар	پيل افسر
пилбанд	پيلبند
пилболо	پيل بالا
пилбон	پيل بان
пилбор	پيل بار
пилвор	پيل وار
пилгӯш	پيل گوش
пилзӯр	پيل زور
пилишк	پلشک
пилишт	پلشت
пилк	پلک
пилксурх	پلک سرخ
пилла	پيله
пиллагар	پيله گر
пиллагузорӣ	پيله گذاري
пилладор	پيله دار
пилладорӣ	پيله داري
пиллакаш	پيله کش
пиллакашак	پيله کشک
пиллакашӣ	پيلّه کشي
пиллапаз	پيله پز
пиллапазӣ	پيله پزي
пиллапарвар	پيله پرور
пиллапарварӣ	پيله پروري
пиллапоя	پيله پايه
пилларесӣ	پيله ريسي
пилласупорӣ	پيله سپاري
пиллатайёркунӣ	پيله طيارکني
пиллахона	پيله خانه
пиллахушккунак	پيله خشک کنک
пиллахушконӣ	پيله خشکاني
пиллачигӣ	پيله چيگي
пиллаҷо	پيله جا
пилмидан	پلميدن
пилмурғ	پيل مرغ
пилпайкар	پيل پيکر
пилпой	پيل پاي
пилсӯз	پيل سوز
пилта	پلته
пилтабахмал	پلته بخمل
пилтагӣ	پلتگي
пилтакаш	پلته کش
пилтан	پيلتن
пилтапеч	پلته پيچ
пилтасӯз	پلتک سوز
пилтатоб	پلته تاب
пилтачароғ	پلته چراغ
пилустухон	پيل استخوان
пима	پيمه
пина	پينه
пинадор	پينه دار
пинадӯз	پينه دوز
пинадӯзӣ	پينه دوزي
пиназада	پينه زده
пинак	پينک
пинакӣ	پينکي
пинакравӣ	پينک روي
пингвин	پينگوين
пиндор	پندار
пиндошт	پنداشت
пиндоштан	پنداشتن
пину	پينو
пинҳон	پنهان
пинҳонгоҳ	پنهان گاه
пинҳондорӣ	پنهان داري
пинҳонӣ	پنهاني
пинҳонкор	پنهان کار
пинҳонкорӣ	پنهان کاري
пинҳонкорона	پنهان کارانه
пинҳонкунӣ	پنهان کني
пир	پير
пира	پيره
пиразан	پير زن
пиразол	پيرزال
пирак	پيرک
пиракӣ	پيرکي
пирамард	پيره مرد
пирамида	پير ميده
пирасар	پيره سر
пираҳан	پيرهن
пирбону	پيربانو
пиргов	پيرگاو
пирдухтар	پيردختر
пирзан	پيرزن
пирзол	پيرزال
пиринӣ	يريني
пирӣ	پيري
пирмард	پيرمرد
пирмом	پيرمام
пироза	پيرازه
пироиш	پيرايش
пиромун	پيرامون
пирона	پيرانه
пиронасар	پيرانه سر
пиронасарӣ	پيرانه سري
пиронсол	پيرانسال
пиронсолагӣ	پيرانسالگي
пиронсолӣ	پيرانسالي
пиростан	پيراستن
пироҳан	پيراهن
пироҳангулгун	پيراهن گلگون
пироҳандӯз	پيراهن دوز
пироҳандӯзӣ	پيراهن دوزي
пироҳанӣ	پيراهني
пироҳанхоб	پيراهن خواب
пироҳанчок	پيراهن چاک
пироя	پيرايه
пироябанд	پيرايه بند
пироябандӣ	پيرايه بندي
пирояпӯш	پيرايه پوش
пироясозӣ	پيرايه سازي
пир-пир	پر پر
пирсаг	پيرسگ
пирсол	پيرسال
пирӯз	پيروز
пирӯза	پيروزه
пирӯзагун	پيروزگون
пирӯзаранг	پيروزه رنگ
пирӯзатахт	پيروزه تخت
пирӯзаташт	پيروزه طشت
пирӯзахтар	پيروزاختر
пирӯзбахт	پيروزبخت
пирӯзбахтӣ	پيروزبختي
пирӯзгар	پيروزگر
пирӯзӣ	پيروزي
пирӯзманд	پيروزمند
пирӯзмандӣ	پيروزمندي
пирӯзмандона	پيروزمندانه
пирӯзразм	پيروزرزم
пирӯзрӯз	پيروزروز
пирӯзҷанг	پيروزجنگ
пирхар	پيرخر
пирхона	پيرخانه
пиршавӣ	پيرشوي
пиршуда	پيرشده
пирях	پيريخ
писанд	پسند
писандида	پسنديده
писандидакеш	پسنديده کيش
писандидакор	پسنديده کار
писандидан	پسنديدن
писандидадарой	پسنديده راي
писандидатабъ	پسنديده طبع
писандидафикр	پسنديده فکر
писандидахулқ	پسنديده خلق
писандидахӯй	پسنديده خوي
писар	پسر
писарак	پسرک
писарандар	پسراندر
писарбача	پسربچه
писаргир	پسرگير
писардор	پسردار
писарзода	پسرزاده
писарина	پسرينه
писарӣ	پسري
писарона	پسرانه
писарнабера	پسرنبيره
писархола	پسرخاله
писарча	پسرچه
писк	پسک
пист	پست
писта	پسته
пистагӣ	پستگي
пистадаҳон	پسته دهان
пистазор	پسته زار
пистакорӣ	پسته کاري
пистақӣ	پستقي
писталаб	پسته لب
пистамағз	پسته مغز
пистоқиранг	پستاقي رنگ
пистоқӣ	پستاقي
пистон	پستان
пистонак	پستانک
пистонбанд	پستان بند
пистондор	پستان دار
пистонӣ	پستاني
писханд	پسخند
писхандомез	پسخندآميز
писхо	پيسخا
питир-питир	پترپتر
питон	پيتان
питпилиқ	پيت پليق
пих	پخ
пиҳ	پيه
пича	پيچه
пичабанд	پيچه بند
пичасафед	پيچه سفيد
пичинг	پچينگ
пичингомез	پچينگ آميز
пичингомезона	پچينگ آميزانه
пичингпаронӣ	پچينگپراني
пичир-пичир	پچيرپچير
пичиррос	پچيراس
пичирросӣ	پچيراسي
пишак	پشک
пишакбача	پشک بچه
пишакшӯй	پشک شوي
пишгил	پشگيل
пишк	پشک
пишлоқ	پشلاق
пиш-пиш	پش پش
пишт	پشت
плазма	پلزمه
пластидаҳо	پلستيده ها
пластилин	پلستلين
пластмасса	پلستمسه
платина	پلتينه
платскарта	پلتسکرته
пломба	پلامبه
плуг	پلوگ
плутонӣ	پلوتاني
пневматикӣ	پنيومتيکي
пой	پاي
поавранҷан	پااورنجن
поандоз	پاانداز
поафшор	پاافشار
побаланд	پابلند
побанд	پابند
побараҳна	پابرهنه
побараҳнагӣ	پابرهنگي
побарҷой	پابرجاي
побаст	پابست
побаста	پابسته
побастагӣ	پابستگي
побел	پابيل
побелкарда	پابيل کرده
побозӣ	پابازي
побӯс	پابوس
побӯсӣ	پابوسي
поварақ	پاورق
повест	پاويست
погарон	پاگران
погон	پاگان
погондор	پاگاندار
поға	پاغه
поғамол	پاغه مال
поғанд	پاغند
поғачӯб	پاغه چوب
поғунда	پاغنده
под	پاد
пода	پاده
подабаро	پاده برا
подабон	پاده بان
подабонӣ	پاده باني
подавон	پادوان
поданг	پادنگ
подаргил	پاد رگيل
подард	پادرد
подарӣ	پادري
подароз	پادراز
подарҳаво	پادرهوا
подахона	پاده خانه
подачаро	پاده چرا
подаҷо	پاده جا
подгон	پادگان
подзаҳр	پادزهر
подир	پادير
подом	پادام
подор	پادار
подорӣ	پاداري
подош	پاداش
подошдеҳ	پاداش ده
подошдиҳанда	پاداش دهنده
подошдиҳӣ	پاداش دهي
подошт	پاداشت
подполковник	پادپالکاونيک
подӯконӣ	پادکاني
подшаҳ	پادشه
подшипник	پادشيپنيک
подшо	پادشا
подшоҳ	پادشاه
подшоҳбозӣ	پادشاه بازي
подшоҳдухтар	پادشاه دختر
подшоҳзода	پادشاه زاده
подшоҳӣ	پادشاهي
подшоҳона	پادشاهانه
поё	پايا
поёб	پاياب
поён	پايان
поёнбин	پايان بين
поёнбинӣ	پايان بيني
поёнӣ	پاياني
поённишин	پايان نشين
поённопазир	پايان ناپزير
поёноб	پايان اّب
пожанд	پاژند
пожах	پاژخ
поза	پازه
позанд	پازند
позарез	پازه ريز
позах	پازخ
позаҳр	پازهر
позер	پازير
позитивизм	پازيتويزم
позитивӣ	پازيتيوي
позоч	پازاچ
поидан	پائيدن
поижа	پايژه
поиз	پاييز
поиза	پايزه
поизгоҳ	پايزگاه
поизон	پايزان
поин	پايين
поингоҳ	پايين گاه
поинӣ	پاييني
поиннигар	پايين نگر
поиноб	پايين آب
поинпараст	پايين پرست
поинпарастӣ	پايين پرستي
поинталаб	پايين طلب
поиста	پايسته
поистан	پايستن
поӣ	پائي
пойандоз	پاي انداز
пойафзол	پاي افزال
пойафзолдӯз	پاي افزال دوز
пойафзолдӯзӣ	پاي افزال دوزي
пойафзолфурӯш	پاي افزال فروش
пойафзолфурӯшӣ	پاي افزال فروشي
пойафзор	پاي افزار
пойбанд	پاي بند
пойбараҳна	پاي برهنه
пойбаст	پاي بست
пойбаста	پاي بسته
пойбозӣ	پاي بازي
пойборик	پاي باريک
пойбӯсӣ	پاي بوسي
пойга	پاي گه
пойгавӣ	پاي گوي
пойгаҳ	پاي گه
пойгаҳнишин	پاي کهنشين
пойгачӣ	پاي گچي
пойгоҳ	پاي گاه
пойдароз	پادراز
пойдевор	پاي ديوار
пойдом	پاي دام
пойдон	پاي دان
пойдор	پاي دار
пойдора	پاي داره
пойдорӣ	پاي داري
пойдос	پاي داس
пойкор	پاي کار
пойкӯб	پاي کوب
пойкӯбӣ	پاي کوبي
пойлағз	پاي لغز
пойлуч	پاي لچ
поймард	پايمرد
поймардӣ	پاي مردي
поймол	پايمال
поймолгашта	پايمال گشته
поймолкунанда	پايمال کننده
поймолкунӣ	پايمال کني
поймолшуда	پايمال شده
поймонак	پاي مانک
поймонӣ	پاي ماني
поймузд	پاي مزد
поймуздӣ	پاي مزدي
пойнарасида	پاي نرسيده
пойнорас	پانارس
пойовар	پاي آور
пойпартоӣ	پاي پرتائي
пойпаш	پاي پش
пойпеч	پاي پيچ
пойпечак	پاي پيچک
пойпӯш	پاي پوش
пойранҷ	پاي رنج
пойсутун	پاي ستون
посӯхта	پاسوخته
пойтак	پاي تک
пойтахт	پايتخت
пойтеша	پاي تيشه
пойтоба	پاي تابه
пойхаст	پاي خست
поча	پاچه
поҷома	پاجامه
пойшикан	پاي شکن
пойшӯйхона	پاي شوي خانه
пок	پاک
покалта	پاکلته
покашак	پاکشک
покашакбозӣ	پاکشک بازي
покашол	پاکشال
покбин	پاک بين
покбоз	پاک باز
покбозӣ	پاک بازي
покботин	پاک باطن
поквиҷдон	پاک وجدان
поквиҷдонӣ	پاک وجداني
покгавҳар	پاک گوهر
покдаст	پاک دست
покдаҳон	پاک دهان
покдида	پاک ديده
покдил	پاک دل
покдилӣ	پاک دلي
покдилона	پاک دلانه
покдин	پاک دين
покдинӣ	پاک ديني
покдоман	پاک دامن
покдоманӣ	پاک دامني
покзабон	پاک زبان
покзабонӣ	پاک زباني
покзамир	پاک ضمير
покзамирӣ	پاک ضميري
покзод	پاک زاد
покзода	پاک زاده
покзот	پاک ذات
покиза	پاکيزه
покизаандом	پاکيزه اندام
покизаахлоқ	پاکيزه اخلاق
покизавиҷдон	پاکيزه وجدان
покизагавҳар	پاکيزه گوهر
покизагӣ	پاکيزگي
покизагӯй	پاکيزه گوي
покизадил	پاکيزه دل
покизадилӣ	پاکيزه دلي
покизадоман	پاکيزه دامن
покизадоманӣ	پاکيزه دامني
покизакор	پاکيزه کار
покизакорӣ	پاکيزه کاري
покизакорона	پاکيزه کارانه
покизакунӣ	پاکيزه کني
покизақавл	پاکيزه قول
покизамағз	پاکيزه مغز
покизанавис	پاکيزه نويس
покизаназар	پاکيزه نظر
покизанафс	پاکيزه نفس
покизапосух	پاکيزه پاسخ
покизарой	پاکيزه راي
покизарӯй	پاکيزه روي
покизарӯӣ	پاکيزه روي
покизасират	پاکيزه سيرت
покизасиришт	پاکيزه سرشت
покизатабъ	پاکيزه طبع
покизатан	پاکيزه تن
покизатинат	پاکيزه طينت
покизахӯй	پاکيزه خوي
покизачеҳр	پاکيزه چهر
покизаҷон	پاکيزه جان
покӣ	پاکي
поккирдор	پاک کردار
поккорӣ	پاک کاري
покмағз	پاک مغز
покмард	پاک مرد
покмеҳр	پاک مهر
покнавис	پاک نويس
покнависӣ	پاک نويسي
покнажод	پاک نژاد
покнажодӣ	پاک نژادي
покназар	پاک نظر
покнасаб	پاک نسب
покнашаванда	پاک نشونده
покниҳод	پاک نهاد
покният	پاک نيت
покоб	پاک آب
покор	پاکار
покорӣ	پاکاري
пок-покиза	پاک پاکيزه
покраг	پاک رگ
покрой	پاکراي
поксират	پاک سيرت
поксиришт	پاک سرشت
поксириштӣ	پاک سرشتي
поктабиат	پاک طبيعت
поктинат	پاک طينت
поку	پاکو
покунда	پاکنده
покушо	پاکشا
покӯбӣ	پاکوبي
покфитрат	پاک فطرت
покҳисоб	پاک حساب
покҷома	پاک جامه
покшӯй	پاک شوي
полағз	پا لغز
поланг	پالنگ
полаҳанг	پالهنگ
полвон	پالوان
полвонӣ	پالواني
полвонкачал	پالوان کچل
полгона	پالگانه
полез	پاليز
полигона	پاليگانه
полиграфия	پاليگرفيه
полиграфӣ	پاليگرفي
полидан	پاليدن
полиз	پاليز
полизак	پاليزک
полизбон	پاليزبان
полизгоҳ	پاليزگاه
полизӣ	پاليزي
полизкор	پاليزکار
полизкорӣ	پاليزکاري
полик	پاليک
поликлиника	پاليکلينيکه
поликона	پاليکانه
полис	پاليس
полисемия	پاليسيميه
политеизм	پاليتييزم
политехникӣ	پاليتيخنيکي
политсия	پاليتسيه
полифония	پاليفانيه
полиэтилен	پالييتيلين
полк	پالک
полковник	پالکاونيک
полкона	پالکانه
полой	پالاي
поло	پالا
полоидан	پالائيدن
полоиш	پالا يش
полоишгоҳ	پالا يشگاه
полон	پالان
полона	پالانه
полонбанд	پالانبند
полонгар	پالان گر
полонгарӣ	پالان گري
полондӯз	پالان دوز
полондӯзӣ	پالان دوزي
полонӣ	پالاني
полополо	پالا پالا
полояк	پالايک
полоянда	پالاينده
полуғ	پالغ
полуда	پالوده
полудагӣ	پالودگي
полудамағз	پالوده مغز
полудан	پالودن
полудапаз	پالوده پز
полҳанг	پال هنگ
помас	پامس
помидор	پاميدار
помирӣ	پاميري
помиршинос	پاميرشناس
помиршиносӣ	پاميرشناسي
помол	پامال
помолгашта	پامال گشته
помонак	پامانک
помонӣ	پاماني
понздаҳ	پانزده
понздаҳсола	پانزده ساله
понздаҳсолагӣ	پانزده سالکي
понздаҳум	پانزدهم
понсад	پانصد
пооҳу	پاآهو
поп	پاپ
попеч	پاپيچ
попӯш	پاپوش
попӯшӣ	پاپوشي
пор	پار
пора	پاره
порагир	پاره گير
порагирӣ	پاره گيري
порадеҳ	پاره ده
порадиҳанда	پاره دهنده
порадиҳӣ	پاره دهي
порадӯз	پاره دوز
порадӯзӣ	پاره دوزي
поразан	پاره زن
пораӣ	پاره اي
порахор	پاره خوار
порахӯр	پاره خور
порахӯрӣ	پاره خوري
порашуда	پاره شده
поргин	پارکين
поргӣ	پارگي
пордум	پاردم
порин	پارين
порина	پارينه
порлумон	پارلمان
порлумонӣ	پارلماني
поров	پاراو
порс	پارس
порсанг	پارسنگ
порсигӯй	پارسي گوي
порсиёна	پارسي يانه
порсизабон	پارسي زبان
порсӣ	پارسي
порсо	پارسا
порсоӣ	پارسائي
порсол	پارسال
порсола	پارساله
порсолина	پارسالينه
порт	پارت
портӣ	پارتي
пору	پارو
поруандозӣ	پارواندازي
порузанӣ	پاروزني
порукаш	پاروکش
порукашӣ	پاروکشي
порукашон	پاروکشان
порукашонӣ	پاروکشاني
поруоб	پاروآب
порупошӣ	پاروپاشي
порутӯда	پاروتوده
порухона	پاروخانه
порча	پارچه
порчабоф	پارچه باف
порчабофӣ	پارچه بافي
порчагул	پارچه گل
порчафурӯш	پارچه فروش
порчафурӯшӣ	پارچه فروشي
пос	پاس
посанг	پاسنگ
посбон	پاسبان
посбонгоҳ	پاسبان گاه
посбонӣ	پاسباني
посгоҳ	پاسگاه
посдор	پاسدار
посдоранда	پاسدارنده
посдорӣ	پاسداري
посира	پاسيره
посиракор	پاسيره کار
поскуна	پاسکنه
поскуно	پاسکنا
посор	پاسار
посух	پاسخ
посухгӯй	پاسخ گوي
посухгӯӣ	پاسخ گوئي
посухнома	پاسخ نامه
потар	پاتر
потеша	پاتيشه
потила	پاتيله
потусқа	پاتوسقه
пофишор	پافشار
пофишорӣ	پافشاري
похса	پاخسه
похсагин	پاخسه گين
похсагӣ	پاخسگي
похсадевор	پاخسه ديوار
похсазан	پاخسه زن
почадароз	پاچه دراز
почак	پاچک
почанг	پاچنگ
почапаз	پاچه پز
почпоя	پاچپايه
почта	پاچته
почтахона	پاچته خانه
поччо	پاچا
пош	پاش
пошанг	پاشنگ
пошдиҳак	پاش دهک
пошида	پاشيده
пошидан	پاشيدن
пошна	پاشنه
пошнабаланд	پاشنه بلند
пошнаборик	پاشنه باريک
пошнадор	پاشنه دار
пошнапаст	پاشنه پست
пошнапаҳн	پاشنه پهن
пошон	پاشان
пошхӯранда	پاش خورنده
пошхӯрда	پاش خورده
пошхӯрӣ	پاش خوري
пошшо	پاشا
пошшобибӣ	پاشابيبي
пошшохон	پاشاخان
поя	پايه
пояафроз	پايه افزار
появар	پايه ور
поягузор	پايه گذار
поягузорӣ	پايه گذاري
пояк	پايک
поякзанӣ	پايکزني
поякӣ	پايکي
поянда	پاينده
пояндагӣ	پايندکي
пояхароб	پايه خراب
прагматизм	پرگمتيزم
президент	پريزيدينت
президентӣ	پريزيدينتي
президиум	پريزيديوم
принтер	پرينتر
префикс	پريفيکس
призма	پريزمه
принсип	پرينسيپ
принсипнок	پرينسيپ ناک
проблема	پرابليمه
прокуратура	پراکورتوره
прокурор	پراکورار
прокурорӣ	پراکوراري
проректор	پرارکوتار
протез	پراتيز
протестантизм	پراتيستنتيزم
протестантӣ	پراتيستنتي
протокол	پراتاکال
протсессор	پراتسيسار
профессор	پرافيسار
профессорӣ	پرافيساري
психология	پسيخالاکيه
публисистика	پوبليسيستيکه
публисистӣ	پوبليسيستي
пуғанак	پوغنک
пуд	پود
пуда	پده
пудина	پدينه
пудинагӣ	پودينگي
пук	پوک
пукка	پوکه
пул	پول
пулакӣ	پولکي
пулакча	پولکچه
пулакчабол	پولکچه بال
пулакчадор	پولکچه دار
пулғундорӣ	پول غنداري
пулдон	پول دان
пулдор	پول دار
пулдорӣ	پول داري
пулдӯст	پول دوست
пулемёт	پوليميات
пулемётчӣ	پوليمياتچي
пулёб	پول ياب
пулёбӣ	پول يابي
пулӣ	پولي
пулмаст	پول مست
пулнок	پول ناک
пулносер	پوله ناسير
пулпараст	پول پرست
пулпарастӣ	پول پرستي
пулсоз	پل ساز
пулсозӣ	پل سازي
пулсупоранда	پول سپارنده
пулт	پولت
пулталаб	پول طلب
пулҷамъкунӣ	پول جمعکني
пулҷудокунӣ	پول جداکني
пунба	پنبه
пунбадаргӯш	پنبه درگوش
пунбадона	پنبه دانه
пунбазор	پنبه زار
пунбасифат	پنبه صفت
пунбачӯб	پنبه چوب
пундона	پندانه
пунш	پونش
пур	پر
пуравҷ	پراوج
пурадо	پرادا
пуразамат	پرعظمت
пуразм	پرعزم
пуразоб	پرعذاب
пуралам	پرالم
пуранвор	پرانوار
пурандеш	پرانديش
пурандеша	پرانديشه
пурандешагӣ	پرانديشگي
пурандешӣ	پرانديشي
пурандӯҳ	پراندوه
пурарзиш	پرارزش
пурасрор	پراسرار
пурафғон	پرافغان
пурафсун	پرافسون
пурафсона	پرافسانه
пурашк	پراشک
пурбар	پربر
пурбаракат	پربرکت
пурбарг	پر برگ
пурбардошт	پربرداشت
пурбаҳо	پربها
пурбаҳра	پربهره
пурбим	پربيم
пурбин	پربين
пурбод	پرباد
пурбода	پرباده
пурбор	پربار
пурборӣ	پرباري
пурвазн	پروزن
пурвалвала	پرولوله
пурвасах	پروسخ
пурваҳшат	پروحشت
пурваҷд	پروجد
пурвиқор	پروقار
пурвоҳима	پرواهمه
пурвусъат	پروسعت
пургавҳар	پرگوهر
пургап	پرگپ
пургапӣ	پرگپي
пургард	پرگرد
пургил	پرگل
пургиреҳ	پرگره
пургул	پرگل
пургӯй	پرگوي
пургӯӣ	پرگوئي
пургӯшт	پرگوشت
пурғавғо	پرغ وغا
пурғазаб	پرغضب
пурғайрат	پرغيرت
пурғалаён	پرغليان
пурғалат	پرغلط
пурғалоғула	پرغلاغله
пурғам	پرغم
пурғамза	پرغمزه
пурғаш	پرغش
пурғизо	پرغذا
пурғубор	پرغبار
пурғулғул	پرغلغل
пурғулғула	پرغلغله
пурғурур	پرغرور
пурғусса	پرغصه
пурдабдаба	پردبدبه
пурдарбеҳ	پردربه
пурдард	پردرد
пурдаромад	پردرامد
пурдаҳшат	پردهست
пурдида	پرديده
пурдиққат	پردقت
пурдиққатӣ	پردقتي
пурдил	پردل
пурдилӣ	پردلي
пурдоғ	پرداغ
пурдомана	پردامنه
пурдон	پردان
пурдошт	پرداشت
пурдуд	پردود
пурз	پرر
пурзабон	پرزبان
пурзабонӣ	پزباني
пурзавқ	پرذوق
пурзар	پرزر
пурзарар	پرضرر
пурзахм	پرزخم
пурзаҳмат	پرزحمت
пурзаҳр	پرزهر
пурзиё	پرضيا
пурзиён	پرزيان
пурзин	پرزين
пурзинат	پرزينت
пурзоҳир	پرظاهر
пурзӯр	پرزور
пурзӯрӣ	پرزوري
пуризтироб	پراضطراب
пуриқтидор	پراقتدار
пуриқтидорӣ	پراقتداري
пурилтифот	پرالتفات
пурилҳом	پرالهام
пуристеъдод	پراستعداد
пуристиғно	پراستغنا
пурифтихор	پرافتخار
пурихтилол	پراختلال
пурихтилоф	پراختلاف
пуриштиёқ	پراشتياق
пуриштиҳо	پراشتها
пурӣ	پري
пуркарруфар	پرکروفر
пуркафк	پرکفک
пуркибр	پرکبر
пуркор	پرکار
пуркорӣ	پرکاري
пуркулфат	پرکلفت
пуркунанда	پرکننده
пурқаҳр	پرقهر
пурқимат	پرقيمت
пурқувват	پرقوت
пурқудрат	پرقدرت
пурлаззат	پرلذت
пурлатофат	پرلطافت
пурлаъл	پرلعل
пурлой	پرلاي
пурлоф	پرلاف
пурмавҷ	پرموج
пурмағал	پرمغل
пурмағз	پرمغز
пурмазмун	پرمضمون
пурмакр	پرمکر
пурмалол	پرملال
пурмаломат	پرملامت
пурманиш	پرمنش
пурманфиат	پرمنفعت
пурмарорат	پرمرارت
пурмасаррат	پرمسرت
пурмасом	پرمسام
пурмасъулият	پرمسؤليت
пурматонат	پرمتانت
пурмаҳорат	پرمهارت
пурмаҳсул	پرمحصول
пурмашаққат	پرمشقت
пурмашғала	پرمشغله
пурмаънӣ	پرمعني
пурмаъно	پرمعنا
пурмаъноӣ	پرمعنائي
пурмаърифат	پرمعرفت
пурмева	پرميوه
пурмеҳр	پرمهر
пурмоҷаро	پرماجرا
пурмоя	پرمايه
пурмуаммо	پرمعما
пурмуболиға	پرمبالغه
пурмуддао	پرمدعا
пурмусибат	پرمصيبت
пурмуҳаббат	پرمحبت
пурмӯҳтаво	پرمحتوا
пурнавид	پرنويد
пурназокат	پرنزاکت
пурнаим	پرنعيم
пурнайранг	پرنيرنگ
пурнакҳат	پرنکهت
пурнақш	پرنقش
пурнақшунигор	پرنقش نگار
пурнам	پرنم
пурнамак	پرنمک
пурнатиҷа	پرنتيجه
пурнафосат	پرنفاست
пурнафъ	پرنفع
пурнашъа	پرنشعه
пурнеъмат	پرنعمت
пурнидо	پرندا
пурнигор	پرنگار
пурниёз	پرنياز
пурниҳеб	پرنهيب
пурнишот	پرنشاط
пурноз	پرناز
пурнозунуз	پرنازونوز
пурнола	پرناله
пурнуқсон	پرنقصان
пурнур	پرنور
пурнуфуз	پرنفوذ
пурнӯф	پرنوف
пурнӯш	پرنوش
пуроб	پرآب
пуробила	پرآبله
пуробӣ	پرآبي
пуровоз	پرآواز
пуровоза	پرآوازه
пуродам	پرآدم
пурожанг	پرآژنگ
пурозар	پرآذر
пурозарм	پرآزرم
пурозор	پرآزار
пуропур	پراپر
пурорзу	پرآرزو
пуроташ	پرآتش
пуроҳу	پرآهو
пуроҷинг	پرآجنگ
пурошӯб	پرآشوب
пурпеч	پرپيچ
пурпина	پرپينه
пурра	پرّه
пуррабадан	پرّه بدن
пурравнақ	پررونق
пуррагӣ	پرّگي
пурранг	پررنگ
пуррарӯй	پره روي
пурраҳуқуқ	پرّه حقوق
пурроз	پرراز
пуррутубат	پررطوبت
пурсабза	پرسبزه
пурсабр	پرصبر
пурсабрӣ	پرصبري
пурсаброна	پرصبرانه
пурсадо	پرصدا
пурсалобат	پرصلابت
пурсамар	پرثمر
пурсамара	پرثمره
пурсанг	پرسنگ
пурсанда	پرسنده
пурсанъат	پرصنعت
пурсаодат	پرسعادت
пурсарват	پرثروت
пурсареҳ	پرصريح
пурсармоя	پرسرمايه
пурсафо	پرصفا
пурсаховат	پرسخاوت
пурсидан	پرسيدن
пурсиданӣ	پرسيدني
пурсим	پرسيم
пурситора	پرستاره
пурсиш	پرسش
пурсишнома	پرسش نامه
пурсишҷонишин	پرسش جانشين
пурсон	پرسان
пурсопурс	پرساپرس
пурсоя	پرسايه
пурсуков	پرس وکاو
пурсупос	پرس وپاس
пурсурат	پرصورت
пурсурур	پرسرور
пурсутӯҳ	پرستوه
пурсуҷӯй	پرس وجوي
пурсӯз	پرسوز
пурсӯзугудоз	پرسوزوگداز
пуртааффун	پرتعفّن
пуртаб	پرتب
пуртавон	پرتوان
пуртадбир	پرتدبير
пуртазвир	پرتزوير
пуртакаббур	پرتکبر
пурталаб	پرطلب
пурталотум	پرتلاطم
пуртамаъ	پرطمع
пуртамкин	پرتمکين
пуртароват	پرطراوت
пуртаҳдид	پرتهديد
пуртаҳлука	پرتهلکه
пуртаҷриба	پرتجربه
пурташвиш	پرتشويش
пуртаъсир	پرتاثير
пуртоб	پرتاب
пуртоқат	پرطاقت
пуртоқатӣ	پرطاقتي
пуртоқатона	پرطاقتانه
пуртуғён	پرطغيان
пурфазаъ	پرفزع
пурфазилат	پرفضيلت
пурфайз	پرفيض
пурфан	پرفن
пурфараҳ	پرفره
пурфасоҳат	پرفصاحت
пурфиреб	پرفريب
пурфитна	پرفتنه
пурфоида	پرفايده
пурфоҷиа	پرفاجعه
пурфусун	پرفسون
пурфутӯҳ	پرفتوح
пурхавотир	پرخواطر
пурхавф	پرخوف
пурхаёл	پرخيال
пурхам	پرخم
пурханда	پرخنده
пурхатар	پرخطر
пурхашм	پرخشم
пурхашмона	پرخشمانه
пурхирад	پرخرد
пурхоб	پرخواب
пурхок	پرخاک
пурхор	پرخار
пурхосият	پرخاصيت
пурхошок	پرخاشاک
пурхумор	پرخمار
пурхун	پرخون
пурхурӯш	پرخروش
пурхӯр	پرخور
пурхӯрӣ	پرخوري
пурҳавас	پرهوس
пурҳаводис	پرحوادث
пурҳадас	پرحدث
пурҳаёҳу	پرهياهو
пурҳазар	پرحذر
пурҳайбат	پرهيبت
пурҳайрат	پرحيرت
пурҳаловат	پرحلاوت
пурҳаракат	پرحرکت
пурҳараҷ	پرحرج
пурҳарорат	پرحرارت
пурҳасад	پرحسد
пурҳасрат	پرحسرت
пурҳашам	پرحشم
пурҳашамат	پرحشمت
пурҳаяҷон	پرهيخان
пурҳикмат	پرحکمت
пурҳила	پرحيله
пурҳиммат	پرهمت
пурҳузн	پرحزن
пурҳунар	پرهنر
пурҳуш	پرهوش
пурчамин	پرچمين
пурчанг	پرچنگ
пурчин	پرچين
пурҷадал	پرجدل
пурҷанҷол	پرجنجال
пурҷасорат	پرجسارت
пурҷафо	پرجفا
пурҷигар	پرجگر
пурҷигарӣ	پرجگري
пурҷилва	پرجلوه
пурҷило	پرجلا
пурҷозиба	پرجاذبه
пурҷусса	پرجثه
пурҷӯш	پرجوش
пуршавкат	پرشوکت
пуршавқ	پرشوق
пуршаккар	پرشکر
пуршар	پرشر
пуршарар	پرشرر
пуршараф	پرشرف
пуршарм	پرشرم
пуршароб	پرشراب
пуршарора	پرشراره
пуршарофат	پرشرافت
пуршафақ	پرشفق
пуршафқат	پرشفقت
пуршаҳд	پرشهد
пуршаҳомат	پرشهامت
пуршаън	پرشأن
пуршеб	پرشيب
пуршиддат	پرشدت
пуршикан	پرشکن
пуршикаст	پرشکست
пуршитоб	پرشتاب
пуршон	پرشان
пуршукуфа	پرشکوفه
пуршукӯҳ	پرشکوه
пуршуҷоат	پرشجاعت
пуршӯр	پرشور
пуршӯҳрат	پرشهرت
пуршӯъла	پرشعله
пурэҳсон	پراحسان
пурэҳсос	پراحساس
пурэҳтизоз	پراهتزاز
пурэҳтиром	پراحترام
пурэҳтирос	پراحتراس
пурэътимод	پراعتماد
пурэъҷоз	پراعجاز
пус	پس
пусандар	پسندر
пусар	پسر
пусарандар	پسراندر
пут	پت
путк	پتک
пуф	پف
пуфак	پفک
пухта	پخته
пухтагӣ	پختگي
пухтакор	پخته کار
пухтакорӣ	پخته کاري
пухтакорона	پخته کارانه
пухтамағз	پخته مغز
пухтан	پختن
пухтарой	پخته راي
пухтасозӣ	پخته سازي
пухтасухан	پخته سخن
пухтахор	پخته خار
пухтупаз	پخت وپز
пуч	پوچ
пучак	پوچک
пучидан	پوچ يدن
пучмағз	پوچ مغز
пучмағзӣ	پوچ مغزي
пучуқ	پچق
пуччак	پوچک
пушаймон	پشيمان
пушаймониовар	پشيماني آور
пушаймонӣ	پشيماني
пушак	پشک
пушк	پشک
пушланг	پشلنگ
пушт	پشت
пушта	پشته
пуштак	پشتک
пуштакӣ	پشتکي
пуштакӯҳ	پشته کوه
пуштанг	پشتنگ
пушталанг	پشتلنگ
пуштбараҳна	پشتبرهنه
пуштболо	پشت بالا
пуштбон	پشت بان
пуштбонӣ	پشت باني
пуштвон	پشتوان
пуштвора	پشتواره
пуштгарм	پشتگرم
пуштгармӣ	پشتگرمي
пуштибон	پشتي بان
пуштибондор	پشتبان دار
пуштибонӣ	پشتباني
пуштивонӣ	پشتي واني
пуштигир	پشتي گير
пуштигул	پشتي گل
пуштикомӣ	پشتکامي
пуштипардагӣ	پشت پردگي
пуштӣ	پشتي
пушткӯз	پشت کوز
пуштнок	پشتناک
пуштнокӣ	پشتناکي
пуштопушт	پشتاپشت
пуштора	پشتاره
пушторакаш	پشتاره کش
пуштреш	پشت ريش
пуштсӯхта	پشت سوخته
пушту	پشتو
пуштхамзада	پشت خمزده
пуштхамида	پشت خميده
пӯ	پو
пӯй	پوي
пӯё	پويا
пӯён	پويان
пӯз	پوز
пӯзбанд	پوزبند
пӯзиш	پوزش
пӯзишгар	پوزشگر
пӯзишпазир	پوزش پذير
пӯзханд	پوزخند
пӯиш	پوئيش
пӯйидан	پوئيدن
пӯк	پوک
пӯка	پوکه
пӯкдаҳан	پوک دهن
пӯкидан	پوکيدن
пӯкӣ	پوکي
пӯкка	پوکه
пӯккашак	پوک کشک
пӯккидан	پوکيدن
пӯкшавӣ	پوکشوي
пӯла	پوله
пӯлод	پولاد
пӯлодбол	پولادبال
пӯлодвор	پولادوار
пӯлодгар	پولادگر
пӯлодгудоз	پولادگداز
пӯлодгудозӣ	پولادگدازي
пӯлоддаст	پولاددست
пӯлодин	پولادين
пӯлодӣ	پولادي
пӯлодмех	پولادميخ
пӯлоднаъл	پولادنعل
пӯлодпӯш	پولادپوش
пӯлодраг	پولادرگ
пӯлодранг	پولادرنگ
пӯлодрез	پولادريز
пӯлодрезӣ	پولادريزي
пӯлодсанҷ	پولادسنج
пӯлодсой	پولادساي
пӯлодсум	پولادسم
пӯлодхой	پولادخاي
пӯпак	پوپک
пӯпакдор	پوپک دار
пӯпакӣ	پوپکي
пӯпанак	پوپنک
пӯпанакбаста	پوپنک بسته
пӯпидор	پوپي دار
пӯпинамурғ	پوپينه مرغ
пӯписа	پوپيسه
пӯпӣ	پوپي
пӯптиш	پوپتيش
пӯпу	پوپو
пӯсандагӣ	پوسندگي
пӯсида	پوسيده
пӯсидагӣ	پوسيدگي
пӯсидан	پوسيدن
пӯсиш	پوسش
пӯсонанда	پوساننده
пӯст	پوست
пӯстиндӯз	پوستين دوز
пӯстак	پوستک
пӯстакча	پوستکچه
пӯстғафс	پوست غفس
пӯстдунба	پوست دنبه
пӯстӣ	پوستي
пӯстин	پوستين
пӯстиндӯзӣ	پوستين دوزي
пӯстинпӯш	پوستين پوش
пӯстинча	پوستين چه
пӯстканда	پوست کنده
пӯстканӣ	پوستکني
пӯстлахт	پوست لخت
пустлоқ	پوست لاق
пӯстлоқхӯр	پوست لاقخور
пӯстлох	پوست لاخ
пӯстмол	پوست مال
пӯстнавишт	پوست نوشت
пӯстпарда	پوست پرده
пӯстпарто	پوست پرتا
пӯстпартоӣ	پوست پرتائي
пӯстпартофта	پوست پرتافته
пӯстпора	پوست پاره
пӯстсафед	پوست سفيد
пӯчоқ	پوچاق
пӯш	پوش
пӯшида	پوشيده
пӯшидагӣ	پوشيدگي
пӯшидан	پوشيدن
пӯшиданӣ	پوشيدني
пӯшидароз	پوشيده راز
пӯшидарозӣ	پوشيده رازي
пӯшидарух	پوشيده رخ
пӯшидачашм	پوشيده چشم
пӯшидаҳол	پوشيده حال
пӯшидарӯӣ	پوشيده روي
пӯшиш	پوشش
пӯшок	پوشاک
пӯшокворӣ	پوشاکواري
пӯшокӣ	پوشاکي
пӯштахона	پوشته خانه
пӯя	پويه
пӯянда	پوينده
пӯяндароҳ	پوينده راه
рабб	رب
рабаз	ربض
раббано	ربنا
раббӣ	ربي
раббонӣ	رباني
рабеӣ	ربيعي
рабеулаввал	ربيع الاول
рабеулохир	ربيع الآخر
рабеуссонӣ	ربيع الثّاني
рабеъ	ربيع
рабиб	ربيب
рабиба	ربيبه
рабоидан	ربائيدن
рабоиш	ربايش
работ	رباط
работбон	رباط بان
работӣ	رباتي
рабоҳ	رباح
рабоянда	رباينده
рабояндагӣ	ربايندگي
рабт	ربط
рабубӣ	ربوبي
рабуда	ربوده
рабудагӣ	ربودگي
рабудан	ربودن
рабун	ربون
рабуннос	رب النّاس
рабуха	ربوخه
рабъ	ربع
рав	رو
раван	رون
раванд	روند
раванда	رونده
раванданишин	رونده نشين
раввоқ	رواق
равған	روغن
равғанандоз	روغن انداز
равғанбарорӣ	روغن براري
равғангар	روغن گر
равғангарӣ	روغن گري
равғангирӣ	روغن گيري
равғангулӣ	روغن گلي
равғандоғ	روغن داغ
равғандон	روغن دان
равғандор	روغن دار
равғанзабонӣ	روغن زباني
равғанзада	روغن زده
равғанин	روغنين
равғанӣ	روغني
равғанкаду	روغن کدو
равғанкаш	روغن کش
равғанкашӣ	روغن کشي
равғанкорӣ	روغن کاري
равғанмолӣ	روغن مالي
равғанмонанд	روغن مانند
равғанмоҳӣ	روغن ماهي
равғаннокӣ	روغن ناکي
равғанолуд	روغن آلود
равғанрезӣ	روغن ريزي
равғансӯзӣ	روغن سوزي
равғанфурӯш	روغن فروش
равғанфурӯшӣ	روغن فروشي
равғанхона	روغن خانه
равғанхӯр	روغن خور
равғанхӯрда	روغن خورده
равғанҷаллоб	روغن جلاّب
равғаншор	روغن شار
равза	روضه
равзагоҳ	روضه گاه
равзаранг	روضه رنگ
равиш	روش
равишомӯз	روش آموز
равишомӯзӣ	روش آموزي
равия	رويه
равӣ	روي
равнақ	رونق
равнақангез	رونق انگيز
равнақгарӣ	رونق گري
раво	روا
равобин	روا بين
равобит	روابط
раводид	رواديد
равоеҳ	روايح
равоком	رواکام
равоқ	رواق
равоқдор	رواق دار
равоқӣ	رواقي
равон	روان
равона	روانه
равонак	روانک
равонакунанда	روانه کننده
равонбахш	روان بخش
равонбемор	روان بيمار
равонбеморӣ	روان بيماري
равондармонӣ	روان درماني
равонӣ	رواني
равоносой	روان آساي
равонпарвар	روان پرور
равонпардоз	روان پرداز
равонпизишк	روان پزشک
равонпизишкӣ	روان پزشکي
равонтабъ	روان طبع
равонхон	روان خوان
равонхонӣ	روان خواني
равонхоҳ	روان خواه
равоншинос	روان شناس
равоншиносӣ	روان شناسي
равоншинохтӣ	روان شناختي
равоншод	روان شاد
раворав	روارو
раворавӣ	رواروي
равоҳ	رواح
равоҳил	رواحل
равҳ	روح
равҳанат	روحنت
равшан	روشن
равшанбаён	روشن بيان
равшанбасар	روشن بصر
равшанбин	روشن بين
равшанбинӣ	روشن بيني
равшангар	روشنگر
равшангуҳар	روشن گهر
равшандил	روشن دل
равшандилӣ	روشن دلي
равшанзамир	روشن ضمير
равшанибахш	روشني بخش
равшанидиҳанда	روشني دهنده
равшаниногузар	روشني ناگذر
равшанӣ	روشني
равшанқиёс	روشن قياس
равшаннамоӣ	روشن نمائي
равшаннафас	روشن نفس
равшанниҳод	روشن نهاد
равшаноӣ	روشنايي
равшанравон	روشن روان
равшанравонӣ	روشن رواني
равшанрой	روشن راي
равшантоб	روشن تاب
равшанфикр	روشن فکر
равшанфикрӣ	روشن فکري
равшанҷабин	روشن جبين
равшаншавӣ	روشن شوي
раг	رگ
рага	رگه
рагбанд	رگ بند
рагбандӣ	رگ بندي
рагдор	رگ دار
рагзан	رگ زن
рагзанӣ	رگ زني
рагкаш	رگ کش
рагкашӣ	رگ کشي
рагмол	رگ مال
рагмолӣ	رگ مالي
рагшинос	رگ شناس
рагшиносӣ	رگ شناسي
рагу	رگو
рағбат	رغبت
рағбатангез	رغبت انگيز
рағбатнок	رغبت ناک
рағбатнокӣ	رغبت ناکي
рағбатовар	رغبت آور
рағза	رغزه
рағзабофӣ	رغزه بافي
рағиф	رغيف
рағм	رغم
радд	رد
рада	رده
радар	ردر
раддия	رديه
радиатор	ردئتار
радиатсионӣ	رديتسياني
радиатсия	رديتسيه
радий	رديي
радикулит	ردکوليت
радио	رديا
радиоактив	رديااکتيو
радиоактивият	رديااکتيويت
радиоактивӣ	رديااکتيوي
радиоалоқа	ردياعلاقه
радиограмма	ردياگرمه
радиогузаронӣ	ردياگذراني
радиоӣ	رديائي
радиомавҷ	ردياموج
радиостансия	ردياستنسيه
радиостудия	ردياستوديه
радиотехник	ردياتخنيک
радиотехника	ردياتخنيکه
радиохона	ردياخانه
радиошунавонӣ	ردياشنواني
радист	رديست
радиус	رديوس
радиф	رديف
раднашаванда	ردنشونده
раднопазир	رد ناپذير
радоат	ردائت
радон	ردان
раёсат	رياست
раёҳин	رياحين
ража	رژه
ражд	رژد
раз	رز
разбон	رزبان
разеъ	رضيع
раззоқ	رزاق
разидан	رزيدن
разил	رذيل
разилат	رذيلت
разилӣ	رذيلي
разилона	رذيلانه
разин	رزين
разӣ	رضي
разм	رزم
разма	رزمه
разманда	رزمنده
размгар	رزمگر
размдӯст	رزم دوست
размидан	رزميدن
размӣ	رزمي
размовар	رزم آور
размҷӯй	رزم جوي
разолат	رذالت
разонат	رزانت
раис	رئيس
раисбоб	رئيس باب
раисикунанда	رئيسي کننده
раисӣ	رئيسي
раисхона	رئيس خانه
раисшинос	رئيس شناس
раият	رعيت
раиятӣ	رعيتي
раиятнавоз	رعيت نواز
раиятнавозӣ	رعيت نوازي
раиятпарвар	رعيت پرور
раиятпарварӣ	رعيت پروري
райб	ريب
райён	ريان
райҳон	ريحان
райҳонӣ	ريحاني
райъ	ريع
райъон	ريعان
ракик	رکيک
ракин	رکين
ракокат	رکاکت
ракук	رکوک
ракъат	رکعت
рақаба	رقبه
рақам	رقم
рақамгузорӣ	رقم گذاري
рақамдор	رقم دار
рақамзан	رقم زن
рақамӣ	رقمي
рақиб	رقيب
рақиқ	رقيق
рақим	رقيم
раққос	رقّاص
раққосак	رقّاصک
раққосӣ	رقّاصي
рақобат	رقابت
рақобатдор	رقابت دار
рақобаткунанда	رقابت کننده
рақобатнок	رقابت ناک
рақобатнокӣ	رقابت ناکي
рақобатпазир	رقابت پذير
рақобатнопазир	رقابت ناپذير
рақоқат	رقاقت
рақс	رقص
рақсидан	رقصيدن
рақсон	رقصان
рам	رم
рама	رمه
рамад	رمد
рамазон	رمضان
рамақ	رمق
рамал	رمل
раманда	رمنده
рамандагӣ	رمند گي
рамапой	رمه پاي
рама-рама	رمه رمه
рамарон	رمه ران
рамеҳ	رميح
рамз	رمز
рамзан	رمزاً
рамзгар	رمزگر
рамздор	رمزدار
рамзӣ	رمزي
рамзкушо	رمز کشا
рамзкушоӣ	رمزکشايي
рамзнавис	رمز نويس
рамзнависӣ	رمزنويسي
рамзнок	رمزناک
рамзомез	رمزآميز
рамзошно	رمز آشنا
рамзхонӣ	رمز خواني
рамида	رميده
рамидан	رميدن
рамл	رمل
раммол	رمال
раммолӣ	رمالي
рамод	رماد
рамондан	رماندن
раморам	رمارم
рамуз	رموز
рамузфаҳм	رموزفهم
рамузфаҳмӣ	رموزفهمي
рамхӯрда	رم خورده
рамҳ	رمح
ранг	رنگ
ранга	رنگه
рангангезӣ	رنگ ريزي
рангбаранг	رنگ برنگ
рангбаст	رنگ بست
рангбохта	رنگ باخته
рангвор	رنگوار
рангворфурӯш	رنگوارفروش
рангворфурӯшӣ	رنگوارفروشي
ранггар	رنگگر
рангдиҳанда	رنگ دهنده
рангдиҳӣ	رنگ دهي
рангдон	رنگ دان
рангдор	رنگ دار
рангзан	رنگ زن
рангзанӣ	رنگ زني
рангзард	رنگ زرد
рангзардӣ	رنگ زردي
рангин	رنگين
рангинадоӣ	رنگين ادائي
рангинбол	رنيگ بال
рангинӣ	رنگيني
рангинкамон	رنگين کمان
рангинхаёл	رنگين خيال
рангистон	رنگستان
рангканда	رنگ کنده
рангкандагӣ	رنگ کندگي
рангкор	رنگ کار
рангкунӣ	رنگ کني
рангмол	رنگ مال
рангмолӣ	رنگ مالي
ранговар	رنگ آور
рангомез	رنگ آميز
рангомезӣ	رنگ آميزي
рангоранг	رنگارنگ
рангорангӣ	رنگارنگي
рангпар	رنگ پر
рангпарида	رنگ پريده
рангпаридагӣ	رنگ پريدگي
рангпошак	رنگ پاشک
рангпӯш	رنگ پوش
ранграв	رنگ رو
ранграз	رنگ رز
ранграфта	رنگ رفته
рангрез	رنگ ريز
рангрезӣ	رنگ ريزي
рангрезхона	رنگ ريزخانه
рангсанҷ	رنگ سنج
рангсов	رنگ ساو
рангсоз	رنگ ساز
рангсозӣ	رنگ سازي
рангубор	رنگ وبار
рангубордиҳӣ	رنگ وباردهي
рангуборфурӯш	رنگ وبارفروش
рангуборхона	رنگ وبارخانه
рангчашм	رنگ خشم
рангшиносӣ	رنگ شناسي
ранд	رند
ранда	رنده
рандагар	رنده گر
рандагарӣ	رنده گري
рандакорӣ	رنده کاري
рандакунӣ	رنده کني
рандидан	رنديدن
ранҷ	رنج
ранҷа	رنجه
ранҷбар	رنجبر
ранҷбардор	رنج بردار
ранҷбарзода	رنجبرزاده
ранҷбарӣ	رنج بري
ранҷбурд	رنج برد
ранҷбурда	رنجبرده
ранҷзо	رنج زا
ранҷдида	رنج ديده
ранҷида	رنجيده
ранҷидагӣ	رنجيدگي
ранҷидан	رنجيدن
ранҷидахотир	رنجيده خاطر
ранҷиш	رنجش
ранҷишомез	رنجش آميز
ранҷкаш	رنج کش
ранҷманд	رنجمند
ранҷмандӣ	رنجمندي
ранҷовар	رنج آور
ранҷур	رنجور
ранҷурӣ	رنجوري
раоё	رعايا
рапсодия	رپساديه
расад	رسد
расадбанд	رصدبند
расадбандӣ	رصدبندي
расадбин	رصدبين
расаддон	رصددان
расаддор	رصددار
расаднишин	رصدنشين
расадхона	رصدخانه
расама	رسمه
расан	رسن
расанбоз	رسن باز
расанбозӣ	رسن بازي
расанбур	رسن بر
расанвар	رسن ور
расангар	رسنگر
расанда	رسنده
расантоб	رسن تاب
расантобӣ	رسن تابي
расво	رسوا
расвоӣ	رسوايي
расид	رسيد
расида	رسيده
расидагӣ	رسيدگي
расидан	رسيدن
расидангоҳ	رسيدن گاه
расиданӣ	رسيدني
расин	رصين
расиш	رسش
расм	رسم
расман	رسماًً
расмбоз	رسم باز
расмгир	رسم گير
расмдор	رسم دار
расмигузашт	رسمي گذشت
расмият	رسميت
расмиятдӯст	رسميت دوست
расмиятдӯстӣ	رسميت دوستي
расмиятпараст	رسميت پرست
расмиятпарастӣ	رسميت پرستي
расмиятчигӣ	رسميتچيگي
расмиятчӣ	رسميتچي
расмӣ	رسمي
расмкаш	رسم کش
расмкашӣ	رسم کشي
расмнок	رسمناک
расмулхат	رسم الخط
расмшуда	رسم شده
расо	رسا
расоил	رسايل
расона	رسانه
расонанда	رساننده
расонат	رسانت
расоӣ	رسائي
расоқомат	رسا قامت
расорасӣ	رسارسي
расос	رصاص
расоса	رصاصه
рассом	رسام
рассомӣ	رسامي
раст	رست
раста	رسته
растагор	رستگار
растагорӣ	رستگاري
растан	رستن
растанипарвар	رستني پرور
растанипарварӣ	رستني پروري
растанишинос	رستني شناس
растанишиносӣ	رستني شناسي
растанӣ	رستني
растача	رسته چه
растохез	رستاخيز
расул	رسول
расулдор	رسول دار
расулӣ	رسولي
расулхона	رسول خانه
ратб	رطب
ратиб	رطيب
ратл	رطل
ратсия	رتسيه
раф	رف
рафак	رفک
рафеъ	رفيع
рафида	رفيده
рафидамоҳӣ	رفيده ماهي
рафидапо	رفيده پا
рафидарӯй	رفيده روي
рафиқ	رفيق
рафиқӣ	رفيقي
рафиқона	رفيقانه
рафоқат	رفاقت
рифоҳ	رفاه
рафоҳ	رفاه
рафраф	رف رف
рафт	رفت
рафта	رفته
рафтагор	رفته گار
рафтагӣ	رفتگي
рафтан	رفتن
рафтанӣ	رفتني
рафта-рафта	رفته رفته
рафтоварӣ	رفت آوري
рафтор	رفتار
рафтуой	رفت وآي
рафтуомад	رفت وآمد
рафча	رفچه
рафъ	رفع
рафъат	رفعت
рах	رخ
рахапеч	رخه پيچ
рахбарор	رخ برار
рахбарорӣ	رخ براري
рахбин	رخ بين
рахборик	رخ باريک
рахдор	رخ دار
рахна	رخنه
рахнагар	رخنه گر
рахнагӣ	رخنگي
рахнагоҳ	رخنه گاه
рахнадор	رخنه دار
рахнак	رخنک
рахнакунӣ	رخنه کني
рахо	رخا
раховат	رخاوت
рахпеч	رخ پيچ
рах-рах	رخ رخ
рахт	رخت
рахтак	رختک
рахтдор	رخت دار
рахткаш	رخت کش
рахтовез	زخت آويز
рахтхона	رخت خانه
рахтшур	رخت شور
рахтшӯй	رخت شوي
рахча	رخچه
рахш	رخش
рахшанда	رخشنده
рахшидан	رخشيدن
рахшон	رخشان
рахшондагӣ	رخشاندگي
рахшонӣ	رخشاني
раҳ	ره
раҳаба	رهبه
раҳакӣ	رهکي
раҳанҷом	ره انجام
роҳбалад	راه بلد
раҳбар	رهبر
раҳбарикунанда	رهبري کننده
раҳбарият	رهبريت
раҳбарӣ	رهبري
раҳгард	ره گرد
раҳгардӣ	ره گردي
раҳгароӣ	ره گرائي
раҳгузар	رهگذر
раҳгум	رهگم
раҳгумзада	رهگم زده
раҳгумкарда	رهگم کرده
раҳдавак	رهدوک
раҳзан	رهزن
раҳзанӣ	رهزني
раҳидан	رهيدن
раҳиқ	رحيق
раҳил	رحيل
раҳим	رحم
раҳин	رهين
раҳӣ	رهي
раҳкушо	ره کشا
раҳкӯфтагӣ	ره کوفتگي
раҳл	رحل
раҳм	رحم
раҳмангез	رحم انگيز
раҳмат	رحمت
раҳматӣ	رحمتي
раҳматнома	رحمت نامه
раҳмдил	رحم دل
раҳмдилӣ	رحم دلي
раҳмдилона	رحم دلانه
раҳмовар	رحم آور
раҳмон	رحمان
раҳмхӯр	رحم خور
раҳмхӯрӣ	رحم خوري
раҳн	رهن
раҳнавард	ره نورد
раҳнавардӣ	ره نوردي
раҳнамо	رهنما
раҳнамоӣ	رهنمايي
раҳнамун	ره نمون
раҳннома	رهن نامه
раҳнорафта	ره نارفته
раҳо	رها
раҳовӣ	رهاوي
раҳовард	ره آورد
раҳоиш	رهايش
раҳоибахш	رهائي بخش
раҳоӣ	رهائي
раҳомӯз	ره آموز
раҳонанда	رهاننده
раҳораҳ	رهاره
раҳосозӣ	رهاسازي
раҳошуда	رهاشده
раҳпаймо	ره پيما
раҳпаймоӣ	ره پيمايي
раҳпоӣ	ره پائي
раҳпулӣ	ره پولي
раҳрав	رهرو
раҳравон	رهروان
раҳ-раҳ	ره ره
роҳсипор	راه سپار
раҳсипорӣ	رهسپاري
раҳтӯша	ره توشه
раҳфарсо	رهفرسا
рачак	رچک
раҷаб	رجب
раҷаз	رجز
раҷазхонӣ	رجزخواني
раҷим	رجيم
риҷо	رجاء
раҷулият	رجوليت
раҷҷа	رجه
раҷҷачӯб	رجه چوب
раш	رش
рашид	رشيد
рашк	رشک
рашкангез	رشک انگيز
рашкдор	رشک دار
рашкин	رشکين
рашкнок	رشک ناک
рашковар	رشک آور
рашкомез	رشک آميز
рашод	رشاد
рашодат	رشادت
рашоша	رشاشه
рашт	رشت
рашҳ	رشح
рашҳа	رشحه
раъд	رعد
раъдбонг	رعدبانگ
раъдвор	رعدوار
раъдовар	رعد آور
раъдосо	رعدآسا
раъй	رأي
раъно	رعنا
раъноӣ	رعنايي
раъс	رأس
раъша	رعشه
ре	ر
реактив	رياَکتيو
реактивӣ	رياَکتيوي
реактор	رياَکتار
реализм	رياَليزم
рев	ريو
рева	ريوه
ревматизм	ريومتيزم
ревос	ريواس
ревоҷ	ريواج
рег	ريگ
регбӣ	ريگبي
регбозӣ	ريگ بازي
регбум	ريگ بوم
регдоғ	ريگ داغ
регдор	ريگ دار
регзардак	ريگ زردک
регзарра	ريگ ذره
регзор	ريگ زار
регистон	ريگستان
регӣ	ريگي
регкӯчӣ	ريگ کوچي
регламент	ريگلامنت
реглой	ريگ لاي
регмайда	ريگ ميده
регомез	ريگ آميز
регпахшкунӣ	ريگ پخشکني
регпушта	ريگ پشته
регреза	ريگ ريزه
регсанг	ريگ سنگ
регсангӣ	ريگ سنگي
регсор	ريگ سار
регтӯда	ريگتوده
регфарш	ريگ فرش
регхок	ريگ خاک
регхона	ريگ خانه
регшӯй	ريگ شوي
регшӯр	ريگ شور
реғ	ريغ
реж	ريژ
режа	ريژه
режиссёр	ريژسيار
рез	ريز
реза	ريزه
резаандом	ريزه اندام
резабоз	ريزه باز
резаборон	ريزه باران
резавор	ريزه وار
резаворфурӯш	ريزه وارفروش
резаворфурӯшӣ	ريزه وارفروشي
резадандон	ريزه دندان
резадона	ريزه دانه
резакорӣ	ريزه کاري
резакунӣ	ريزه کني
резамӯҳра	ريزه مهره
резанда	ريزنده
резандагӣ	ريزندگي
резасанг	ريزه سنگ
резачин	ريزه چين
резачинӣ	ريزه چيني
резачорпо	ريزه چارپا
резбарга	ريزبرگه
резбин	ريزبين
резбинӣ	ريزبيني
резбоф	ريزباف
резбофт	ريزبافت
резгӣ	ريزگي
резерватсия	ريزيروتسيه
резидан	ريزيدن
резидент	ريزيدينت
резинвор	ريزينوار
резинӣ	ريزيني
резинпӯш	ريزين پوش
резиш	ريزش
резишгоҳ	ريزشگاه
резон	ريزان
резонанс	ريزاننس
резондан	ريزاندن
резмавҷ	ريزموج
резпардозанда	ريزپردازنده
резсанг	ريزسنگ
резтароша	ريزتراشه
резфилм	ريزفيلم
рейс	ريس
рейтинг	رييتنگ
реклама	ريکلمه
рекламадиҳанда	ريکلمه دهنده
рекорд	ريکارد
рекордӣ	ريکاردي
ректор	رکتار
ректорат	رکتارت
реле	ريلي
релйеф	ريليف
релс	ريلس
релссозӣ	ريلس سازي
рентген	رنتگين
рентгенӣ	رنتگيني
репертуар	ريپرتوئر
репортаж	رپارتژ
рес	ريس
ресанда	ريسنده
ресандагӣ	ريسندگي
ресидан	ريسيدن
ресмон	ريسمان
ресмонбанд	ريسمان بند
ресмонбоз	ريسمان باز
ресмонбозӣ	ريسمان بازي
ресмонбоф	ريسمان باف
ресмонбофӣ	ريسمان بافي
ресмонӣ	ريسماني
ресмонмонанд	ريسمان مانند
ресмонпечонӣ	ريسمان پيچاني
ресмонрес	ريسمان ريس
ресмонресӣ	ريسمان زيسي
ресмонтоб	ريسمان تاب
ресмонҷаллоб	ريسمان جلاّب
ресмоншакл	ريسمان شکل
ретсепт	رتسيپت
реферат	ريفيرت
референдум	ريفيريندم
референт	ريفيرنت
рефлекс	ريفلکس
рехан	ريخن
рехта	ريخته
рехтагар	ريخته گر
рехтагарӣ	ريخته گري
рехтагархона	ريخته گرخانه
рехтагӣ	ريختگي
рехтан	ريختن
рехтапайкар	ريخته پيکر
рехтапо	ريخته پا
рехтшиносӣ	ريخت شناسي
реҳ	ريح
реҳлат	رحلت
реҷа	ريجه
реш	ريش
реша	ريشه
решабарандоз	ريشه برانداز
решагӣ	ريشگي
решадор	ريشه دار
решаёбӣ	ريشه يابي
решаӣ	ريشه ائي
решакан	ريشه کن
решаканӣ	ريشه کني
решакаш	ريشه کش
решаков	ريشه کاو
решаковӣ	ريشه کاوي
решасӯз	ريشه سوز
решача	ريشچه
решин	ريشين
решашинос	ريشه شناس
решашиносӣ	ريشه شناسي
решашинохтӣ	ريشه شناختي
решида	ريشيده
решидан	ريشيدن
реъда	رعده
рибқа	ربقه
рибо	ربا
рибохӯр	رباخور
рибохорӣ	رباخواري
рибохӯрӣ	رباخوري
ривоҷ	رواج
ривоҷдиҳанда	رواج دهنده
ривоҷнок	رواج ناک
ривоят	روايت
ривояткунанда	روايت کننده
ривоятнигор	روايت نگار
ривоятмаҳзар	روايت محضر
ридак	ردک
риддат	ردت
ридо	رداء
риё	ريا
риёварз	رياورز
риёварзӣ	رياورزي
риёзат	رياضت
риёзаткаш	رياضت کش
риёзаткашӣ	رياضت کشي
риёзидон	رياضي دان
риёзиёт	رياضيات
риёзӣ	رياضي
риёкор	ريا کار
риёкорӣ	رياکاري
риёкорона	رياکارانه
риёл	ريال
ризвон	رضوان
ризқ	رزق
ризо	رضا
ризоият	رضائيت
ризоӣ	رضائي
ризоманд	رضامند
ризомандӣ	رضامندي
ризоҷӯ	رضاجو
ризоҷӯӣ	رضاجويي
ризоъ	رضاع
ризоят	رضايت
ризоятманд	رضايتمند
ризоятмандӣ	رضايتمندي
ризоятнома	رضايت نامه
рикоб	رکاب
рикобдор	رکاب دار
риққат	رقت
риққатангез	رقّت انگيز
риққатовар	رقّت آور
риқоқ	رقاق
риқоъ	رقاع
рим	ريم
рима	ريمه
римдор	ريم دار
римӣ	ريمي
римкаш	ريم کش
римнок	ريمناک
ринг	رينگ
ринд	رند
риндӣ	رندي
риндона	رندانه
рисола	رساله
рисолат	رسالت
ритл	رطل
ритм	ريتم
рифқ	رفق
рих	ريخ
рихин	ريخين
рихинак	ريخينک
рихинакдор	ريخينک
риш	ريش
ришвагир	رشوه گير
ришвагирӣ	رشوه گيري
ришвадиҳанда	رشوه دهنده
ришваситон	رشوه ستان
ришваситонӣ	رشوه ستاني
ришвахӯрӣ	رشوه خوري
ришгирак	ريش گيرک
ришгов	ريش گاو
ришдароз	ريش دراز
ришдор	ريش دار
ришк	رشک
ришкалон	ريش کلان
ришқа	رشقه
ришнок	ريشناک
ришсафед	ريش سفيد
ришсиёҳ	ريش سياه
ришт	رشت
ришта	رشته
риштаалаф	رشته علف
риштаӣ	رشته ائي
риштакаш	رشته کش
риштамонанд	رشته مانند
риштан	رشتن
риштарош	ريش تراش
риштарошак	ريش تراشک
риштарошида	ريش تراشيده
риштарошӣ	ريش تراشي
ришташакл	رشته شکل
риштунук	ريش تنک
ришханд	ريش خند
ришхандомез	ريش خندآميز
ришҷунбонӣ	ريش جنباني
робита	رابطه
робот	رابات
ров	راو
ровад	راود
ровак	راوک
ровакӣ	راوکي
ровӣ	راوي
роғ	راغ
роға-роға	راغه راغه
роғдандон	راغ دندان
роғдор	راغ دار
роғиб	راغب
роғӣ	راغي
род	راد
родӣ	رادي
родманиш	رادمنش
родманишӣ	رادمنشي
родмард	رادمرد
родмардӣ	رادمردي
роз	راز
розак	رازک
розаккор	رازک کار
розаккорӣ	رازک کاري
розгӯй	راز گوي
роздон	رازدان
роздонӣ	رازداني
роздор	رازدار
роздорӣ	رازداري
розигӣ	راضيگي
розиёна	راضيانه
розиқ	رازق
розӣ	راضي
розкушо	رازکشا
розкушоӣ	رازکشائي
рознигаҳдор	رازنگه دار
роиз	رايض
роиқ	رايق
роиҳа	رايحه
роӣ	رائي
рой	راي
ройгон	رايگان
ройзан	رايزن
ройзанӣ	رايزني
ройсоз	راي ساز
ройшинос	راي شناس
рокиб	راکب
рокид	راکد
роқим	راقم
роқӣ	راقي
рол	رال
ром	رام
роман	رامن
романнавис	رامن نويس
романс	رامنس
романтизм	رامنتيزم
романтик	رامنتيک
ромб	رامب
ромбшакл	رامب شکل
ромгашта	رام گشته
ромиш	رامش
ромишгар	رامشگر
ромишгарӣ	رامشگري
ромишгоҳ	رامشگاه
ромишӣ	رامشي
ромкунанда	رام کننده
ромкунӣ	رام کني
ромнашаванда	رام نشونده
ромрӯз	رام روز
ромшуда	رامشده
рон	ران
ронанда	راننده
ронандагӣ	رانندگي
ронда	رانده
рондан	راندن
рондашуда	رانده شده
рониш	رانش
ронондан	راناندن
росид	راصد
росил	راسل
росим	راسم
росих	راسخ
росихдам	راسخ دم
росихқадам	راسخ قدم
рост	راست
роста	راسته
ростбаромада	راست برآمده
ростбин	راست بين
ростгаро	راست گرا
ростгуфтор	راست گفتار
ростгӯй	راست گوي
ростгӯша	راست گوشه
ростдил	راست دل
ростин	راستين
ростӣ	راستي
росткирдор	راست کردار
росткирдорӣ	راست کرداري
росткор	راست کار
росткорӣ	راست کاري
росткунҷа	راست کنجه
ростқавл	راست قول
ростқавлӣ	راست قولي
ростқалам	راست قلم
ростнамо	راست نما
ростнокӣ	راست ناکي
росто	راستا
ростоӣ	راستائي
рострав	راست رو
ростфикр	راست فکر
ростфикрӣ	راست فکري
ростхатта	راست خطّه
ростхаттӣ	راست خطّي
росу	راسو
рота	راته
ротиб	راتب
ротиба	راتبه
ротибахӯр	راتبه خور
ротиқ	راتق
ротор	راتار
рофа	رافه
рофат	رافت
рофеъ	رافع
рофизӣ	رافضي
роҳ	راه
роҳакӣ	راهکي
роҳат	راحت
роҳатангез	راحت انگيز
роҳатафзо	راحت افزا
роҳатбахш	راحت بخش
роҳатиҷон	راحت جان
роҳатӣ	راحتي
роҳаткурсӣ	راحت کرسي
роҳатовар	راحت آور
роҳатомез	راحت آميز
роҳатулҳулқум	راحت الحلقوم
роҳатфазой	راحت فزاي
роҳбанд	راه بند
роҳбандон	راه بندان
роҳбар	راهبر
роҳатталаб	راحت طلب
роҳатталабӣ	راحت طلبي
роҳбарзеб	راهبرزيب
роҳбарикунанда	راهبري کننده
роҳбарият	راهبريت
роҳбарӣ	راهبري
роҳбон	راه بان
роҳбонӣ	راه باني
роҳгард	راه گرد
роҳгардӣ	راه گردي
роҳгузар	راه گذر
роҳгузор	راه گذار
роҳгум	راه گم
роҳгумзада	راه گم زده
роҳгумкарда	راه گم کرده
роҳдавак	راه دوک
роҳдида	راه ديده
роҳдон	راه دان
роҳдор	راه دار
роҳдорӣ	راه داري
роҳёб	راه ياب
роҳёбӣ	راه يابي
роҳёфта	راه يافته
роҳзан	راه زن
роҳзанӣ	راه زني
роҳзанона	راه زنانه
роҳиб	راهب
роҳибият	راهبيت
роҳибӣ	راهبي
роҳил	راحل
роҳила	راحله
роҳин	راهن
роҳиоҳанчӣ	راه آهنچي
роҳӣ	راهي
роҳкиро	راه کرا
роҳкушоӣ	راه کشايي
роҳкушоянда	راه کشاينده
роҳнавард	راه نورد
роҳнавардӣ	راه نوردي
роҳнамой	راه نماي
роҳнамоӣ	راه نمائي
роҳнамун	راه نمون
роҳнишин	راه نشين
роҳнишондиҳӣ	راه نشان دهي
роҳнома	راه نامه
роҳовард	راه آورد
роҳпаймо	راه پيما
роҳпаймоӣ	راه پيمايي
роҳпой	راه پاي
роҳпулӣ	راه پولي
роҳпӯй	راه پوي
роҳравӣ	راه روي
роҳравон	راه روان
роҳсоз	راه ساز
роҳсозӣ	راه سازي
роҳхарҷӣ	راه خرجي
роҳхат	راه خط
роҳхатӣ	راه خطي
роҳҷӯй	راه جوي
роҳшинос	راه شناس
роҷа	راجه
роҷеуннақд	راجع النقد
роҷеъ	راجع
роҷӣ	راجي
рош	راش
рошид	راشد
рошкаш	راشکش
рошкашӣ	راشکشي
роял	رايل
роят	رايت
руасо	رؤسا
рубб	رب
рубл	روبل
рубоб	رباب
рубобнавоз	رباب نواز
рубоиёт	رباعيات
рубоӣ	رباعي
рубъ	ربع
руд	رود
рудзан	رود زن
руднавоз	رود نواز
руин	رويين
руинтан	رويين تن
рӯй	روي
руй	روي
рукн	رکن
рукуд	رکود
рукун	رکون
рукӯъ	رکوع
руқабо	رقبا
руқаот	رقعات
руқъа	رقعه
руқия	رقيه
рул	رول
румӣ	رومي
руммон	رمان
румуз	رموز
румҳ	رمح
рун	رون
рунос	روناس
руоф	رعاف
рупия	روپيه
рус	روس
руст	رست
руспӣ	روسپي
русзабон	روس زبان
русидон	روسي دان
русӣ	روسي
руспизода	روسپي زاده
руста	رسته
рустам	رستم
рустамдил	رستم دل
рустамона	رستمانه
рустан	رستن
рустанӣ	رستني
рустӣ	رستي
русто	روستا
рустоӣ	روستايي
рустоқ	روستاق
русул	رسول
руст-рустаконбозӣ	رست رستکان بازي
русум	رسوم
рутаб	رتب
рутба	رتبه
рутбапараст	رتبه پرست
рутбапарастӣ	رتبه پرستي
рутубат	رطوبت
рутубатнок	رطوبتناک
рутубатнокӣ	رطوبتناکي
рутубатнопазир	رطوبت ناپذير
рутубатомез	رطوبت آميز
рутубатпазир	رطوبت پذير
рутубатсанҷ	رطوبت سنج
руфақо	رفقا
руфот	رفات
руфӯ	رفو
руфӯгар	رفوگر
руфӯгарӣ	رفوگري
рух	رخ
рухак	رخک
рухзард	رخ زرد
рухом	رخام
рухомӣ	رخامي
рухсат	رخصت
рухсатӣ	رخصتي
рухсатнома	رخصت نامه
рухсатталабӣ	رخصت طلبي
рухсора	رخساره
рухсорагулгун	رخساره گلگون
рухсорасурх	رخساره سرخ
руҳ	روح
руҳин	روحين
руҳия	روحيه
рӯҳӣ	روحي
руҳӣ	روحي
руҳпарвар	روح پرور
руҳуллоҳ	روح الله
руҷӯъ	رجوع
рушд	رشد
рушдия	رشديه
рӯб	روب
рӯйбанд	روي بند
рӯбанда	روبنده
рӯбардор	روبردار
рӯбарӯй	روبروي
рӯбарӯкунӣ	روبروکني
рӯбарӯшавӣ	روبروشوي
рӯйбаста	رويبسته
рӯбаҳ	روبه
рӯбаҳмизоҷ	روبه مزاج
рӯбаҳона	روبهانه
рӯбаҳсифат	روبه صفت
рӯбидан	روبيدن
рӯйбин	روي بين
рӯбинак	روبينک
рӯбинӣ	روبيني
рӯйбинон	روي بينان
рӯбинона	روبينانه
рӯбоз	روباز
рӯболин	روبالين
рӯбондан	روبانيدن
рӯборӣ	روباري
рӯбоҳбача	روباه بچه
рубоҳбоз	روباه باز
рӯбоҳбозӣ	روباه بازي
рӯбоҳвор	روباه وار
рӯбоҳӣ	روباهي
рӯбоҳмизоҷ	روباه مزاج
рӯбоҳона	روباهانه
рӯбоҳсифат	روباه صفت
рӯбоҳсифатӣ	روباه صفتي
рӯбоҳтабиат	روباه طبيعت
рӯбучин	روب وچين
рӯбӯсӣ	روبوسي
рӯйгардон	رويگردان
рӯгардоншуда	روگردان شده
рӯгарм	روگرم
рӯғеза	روغيزه
рӯд	رود
рӯда	روده
рӯдабанд	روده بند
рӯдавӣ	رودوي
рӯдағафс	روده غفس
рӯдағафсӣ	روده غفسي
рӯдадароз	روده دراز
рӯдаӣ	روده اي
рӯдакан	روده کن
рӯдаканак	روده کنک
рӯдакаф	روده کف
рӯдапо	روده پا
рӯдбор	رودبار
рӯдковӣ	رودکاوي
рӯднавоз	رودنواز
рӯдхона	رود خانه
рӯё	رويا
рӯз	روز
рӯза	روزه
рӯзадор	روزه دار
рӯзадорӣ	روزه داري
рӯзакушоӣ	روزه کشايي
рӯзафзун	روزافزون
рӯзафрӯз	روزافروز
рӯзахӯр	روزه خور
рӯзбайъ	روزبيع
рӯзбеҳ	روز به
рӯзбон	روزبان
рӯзгард	روزگرد
рӯзгор	روزگار
рӯзгордида	روزگارديده
рӯзгордор	روزگاردار
рӯзгордорӣ	روزگارداري
рӯзгузаронӣ	روزگذراني
рӯзгун	روزگون
рӯзғор	روزغار
рӯзғордорӣ	روزغارداري
рӯзғоркашӣ	روزغارکشي
рӯздармиён	روزدرميان
рӯздида	روزديده
рӯзибахш	روزي بخش
рӯзидеҳ	روزي ده
рӯзина	روزينه
рӯзӣ	روزي
рӯзкӯр	روزکور
рӯзқарор	روزقرار
рӯзмарра	روزمره
рӯзмузд	روزمزد
рӯзнодида	روزناديده
рӯзнома	روزنامه
рӯзномавӣ	روزناموي
рӯзноманавис	روزنامه نويس
рӯзноманависӣ	روزنامه نويسي
рӯзноманигор	روزنامه نگار
рӯзноманигорӣ	روزنامه نگاري
рӯзномафурӯш	روزنامه فروش
рӯзномафурӯшӣ	روزنامه فروشي
рӯзномахон	روزنامه خوان
рӯзномахонӣ	روزنامه خواني
рӯзона	روزانه
рӯзсиёҳ	روزسياه
рӯзшуморӣ	روزشماري
рӯида	روئيده
рӯидан	روئيدن
рӯидарича	روي دريچه
рӯидилакӣ	روي دلکي
рӯизаминӣ	روي زميني
рӯимизӣ	روي ميزي
рӯин	رويين
рӯина	رويينه
рӯиобӣ	روي آبي
рӯиостинӣ	روي آستيني
рӯирост	روي راست
рӯисаҳнӣ	روي صحني
рӯисинагӣ	روي سينگي
рӯиустухонӣ	روي استخواني
рӯихотир	روي خاطر
рӯихуш	روي خوش
рӯиҳавлигӣ	روي حوليگي
рӯиҳавлихобӣ	روي حولي خوابي
рӯиҳам	روي هم
рӯиҷой	روي جاي
рӯйандуд	روي اندود
рӯйбаст	روي بست
рӯйбасткунӣ	روي بست کني
рӯйбастшуда	روي بست شده
рӯйбинӣ	روي بيني
рӯйборик	روي بارک
рӯйгардонӣ	روي گرداني
рӯйгардоншуда	روي گردان شده
руйдароз	روي دراز
рӯйдод	روي داد
рӯйдода	روي داده
руйзард	روي زرد
рӯйинтан	روئين تن
руйинтанӣ	روئين تني
рӯйканӣ	روي کني
рӯйкаш	روي کش
рӯйкашбоб	روي کش باب
рӯйкашкунӣ	روي کش کني
рӯйкашшуда	روي کش شده
рӯйкурта	روي کرته
рӯйкушода	روي کشاده
рӯймол	روي مال
рӯймолча	روي مالچه
рӯнавис	رو نويس
рӯйнависӣ	روي نويسي
рӯйнавишт	روي نوشت
рӯйнамо	روي نما
рӯйнамоӣ	روي نمائي
рӯйнодид	روي ناديد
рӯйнокӣ	روي ناکي
рӯйовар	روي آور
рӯйпаҳн	روي پهن
рӯйпӯш	روي پوش
рӯпӯшӣ	رو پوشي
рӯпӯшкунӣ	رو پوش کني
рӯйрост	روي راست
рӯйсиёҳ	روي سياه
рӯйтарошида	روي تراشيده
рӯйхат	روي خط
рӯйхаткунӣ	روي خط کني
рӯйхатчӣ	روي خطچي
рӯйҷой	روي جاي
рӯнависӣ	رو نويسي
рӯнамоӣ	رونمايي
рӯнос	روناس
рӯносӣ	روناسي
рӯпанаҳ	روپنه
рӯпӯст	روپوست
рӯпӯш	روپوش
рӯпӯшак	روپوشک
рӯс	روس
рӯсарӣ	روسري
рӯсафед	روسفيد
рӯсафедӣ	روسفيدي
рӯсиёҳ	روسياه
рӯсиёҳӣ	روسياهي
рӯсурх	روسرخ
рӯтурш	روترش
рӯфта	روفته
рӯфтан	روفتن
рӯфтурӯб	روفت و روب
рӯфтучин	روفت و چين
рӯхунук	رو خنک
рӯҳ	روح
рӯҳан	روحاً
рӯҳафзоӣ	روح افزايي
рӯҳафтода	روح افتاده
рӯҳафтодагӣ	روح افتاد گي
рӯҳбаланд	روح بلند
рӯҳбаландӣ	روح بلندي
рӯҳбаландкунӣ	روح بلندکني
рӯҳбаландона	روح بلندانه
рӯҳбахш	روح بخش
рӯҳбон	رهبان
рӯҳбоният	رهبانيت
рӯҳия	روحيه
рӯҳқа	روحقه
рӯҳмурда	روح مرده
рӯҳнавоз	روح نواز
рӯҳоният	روحانيت
рӯҳонӣ	روحاني
рӯҳпарвар	روح پرور
рӯҳулқудс	روح القدس
рӯҳфарсо	روه فرسا
рӯҳшинос	روح شناس
рӯҳшиносӣ	روح شناسي
рӯшан	روشن
рӯшинос	روشناس
рӯшиносӣ	روشناسي
рӯшноигузар	روشنايي گذر
рӯшноидаро	روشنايي درا
рӯшноидиҳанда	روشنايي دهنده
рӯшноидиҳӣ	روشنايي دهي
рӯшноидӯст	روشنايي دوست
рӯшноиногузар	روشنايي گذر
рӯшноитарсӣ	روشناي يترسي
рӯшноиҳаросӣ	روشناي يهراسي
рӯшноӣ	روشنايي
рӯъб	رعب
рӯъё	رؤيا
рӯъят	رؤيت
рӯя	رويه
рӯякибин	رويکي بين
рӯякибинӣ	رويکي بيني
рӯякикор	رويکي کار
рӯякифаҳмӣ	رويکي فهمي
рӯякӣ	رويکي
рӯян	روين
рӯянӣ	رويني
рӯянранг	روين رنگ
сабб	سب
сабаб	سبب
сабабгор	سببگار
сабабдор	سببدار
сабабият	سببيت
сабабӣ	سببي
сабабнок	سبب ناک
сабабнокӣ	سبب ناکي
сабабхоҳ	سبب خواه
сабабҷӯӣ	سبب جوئي
сабабҷӯй	سبب جوي
сабад	سبد
сабадбоф	سبدباف
сабадбофӣ	سبدبافي
сабадпӯш	سبدپوش
сабадтӯр	سبدتور
сабадча	سبدچه
сабадчин	سبدچين
сабадчӯб	سبدچوب
сабақ	سبق
сабақгирӣ	سبق گيري
сабақдиҳӣ	سبق دهي
сабақомӯз	سبق آموز
сабақомӯзӣ	سبق آموزي
сабал	سبل
сабалат	سبلت
саббоба	سبابه
саббоғ	صباغ
саббоғӣ	صباغي
саббок	سباک
саббор	صبار
саббоҳ	سباح
саббоҳӣ	سباحي
сабеҳ	صبيح
сабз	سبز
сабза	سبزه
сабзабандӣ	سبزه بندي
сабзавот	سبزوات
сабзавотӣ	سبزواتي
сабзавоткор	سبزوات کار
сабзавоткорӣ	سبزوات کاري
сабзавотфурӯш	سبزوات فروش
сабзавотфурӯшӣ	سبزوات فروشي
сабзазор	سبزه زار
сабзазоркунӣ	سبزه زارکني
сабзак	سبزک
сабзахӯр	سبزه خور
сабзидан	سبزيدن
сабзидон	سبزي دان
сабзикаҳак	سبزي کهک
сабзина	سبزينه
сабзинагӣ	سبزينگي
сабзинаранг	سبزينه رنگ
сабзинарӯй	سبزينه روي
сабзиначеҳра	سبزينه چهره
сабзипоракунӣ	سبزي پاره کني
сабзиранг	سبزي رنگ
сабзирезакунак	سبزي ريزه کنک
сабзирезакунӣ	سبزي ريزه کني
сабзифурӯш	سبزي فروش
сабзифурӯшӣ	سبزي فروشي
сабзиҷотфурӯш	سبزي جات فروش
сабзиҷотфурӯшӣ	سبزي جات فروشي
сабзиш	سبزش
сабзӣ	سبزي
сабзкорӣ	سبزکاري
сабзқабо	سبز قبا
сабзнамо	سبزنما
сабзоб	سبزآب
сабзпой	سبزپاي
сабзпӯш	سبزپوش
сабзранг	سبزرنگ
сабзтоб	سبزتاب
сабзфом	سبزفام
сабзхат	سبزخط
сабзча	سبزچه
сабзчашм	سبزچشم
сабзчеҳра	سبزچهره
сабика	سبيکه
сабил	سبيل
сабилмонда	سبيل مانده
сабир	صبير
сабия	صبيه
сабӣ	صبي
сабк	سبک
сабкшиносӣ	سبک شناسي
сабқат	سبقت
сабқуллисон	سبق اللسان
саблат	سبلت
сабо	صبا
сабоё	صبايا
сабосуръат	صباسرعت
сабот	ثبات
саботкорӣ	ثبات کاري
саботкорона	ثبات کارانه
сабоҳ	صباح
сабоҳат	صباحت
сабоҳӣ	صباحي
сабр	صبر
сабрнок	صبرناک
сабт	ثبت
сабтдору	ثبت دارو
сабук	سبک
сабукак	سبکک
сабукаш	سبوکش
сабукбол	سبک بال
сабукбор	سبک بار
сабукборӣ	سبک باري
сабуквазн	سبک وزن
сабуквазнӣ	سبک وزني
сабуквор	سبک وار
сабукгард	سبک گرد
сабукдав	سبک دو
сабукдаст	سبک دست
сабукдастӣ	سبک دستي
сабукдӯш	سبک دوش
сабукзабон	سبک زبان
сабукирода	سبک اراده
сабукӣ	سبکي
сабукқадам	سبک قدم
сабуклиқо	سب ک لقا
сабукмағз	سبک مغز
сабукмағзӣ	سب ک مغزي
сабукмизоҷ	سبک مزاج
сабукмоя	سبک مايه
сабукмоягӣ	سبک مايگي
сабукпар	سبک پر
сабукпарвоз	سبک پرواز
сабукпой	سبک پاي
сабукрав	سبک رو
сабукравӣ	سبک روي
сабукрафтор	سبک رفتار
сабукраъй	سبک رأي
сабукрой	سبک راي
сабукрӯй	سبک روي
сабукрӯҳ	سبک روح
сабукрӯҳӣ	سبک روحي
сабуксавор	سبک سوار
сабуксайр	سبک سير
сабуксанг	سبک سنگ
сабуксар	سبک سر
сабуксарӣ	سبک سري
сабуксор	سبکسار
сабуксорӣ	سبکساري
сабуктан	سبک تن
сабуктоз	سبک تاز
сабукфикр	سبک فکر
сабукфикрӣ	سبک فکري
сабукфикрона	سبک فکرانه
сабукхез	سبک خيز
сабукҷилав	سبک جلو
сабукҷон	سبک جان
сабукҷонӣ	سبک جاني
сабукҷусса	سبک جثّه
сабукшавӣ	سبک شوي
сабукъинон	سبک عنان
сабур	صبور
сабурӣ	صبوري
сабӯ	سبو
сабӯӣ	سبوي
сабӯкаш	سبوکش
сабӯс	سبوس
сабӯсак	سبوسک
сабӯсдоғ	سبوس داغ
сабӯснок	سبوسناک
сабӯстарит	سبوس تريت
сабӯҳ	صبوح
сабӯҳӣ	صبوحي
субҳа	سبحه
сабҳа	سبحه
сабча	سبچه
сабъ	سبع
сабъӣ	سبعي
сабъсират	سبع سيرت
сава	سوه
савачӯб	سوه چوب
савб	صوب
сӯба	صوبه
савба	صوبه
сӯбадор	صوبه دار
савбадор	صوبه دار
савганд	سوگند
савганднома	سوگندنامه
савгандшикан	سوگند شکن
савгандшиканӣ	سوگندشکني
савғот	سوغات
савғотӣ	سوغاتي
савдо	سودا
савдовият	سوداويت
савдовӣ	سوداوي
савдогар	سوداگر
савдогарбача	سوداگربچه
савдогарӣ	سوداگري
савдозада	سودازده
савдоимизоҷ	سوداي مزاج
савдоият	سودائيت
савдоӣ	سودائي
савиқ	سويق
савийя	سويه
савқ	سوق
савлат	صولت
савлатдор	صولت دار
савлатдорӣ	صولت داري
савлатманд	صولتمند
савлатмандӣ	صولتمندي
савлаҷон	صوله جان
савм	صوم
савмаа	صومعه
савмаанишин	صومعه نشين
саво	سوا
савоб	ثواب
савобандӯзӣ	ثواب اندوزي
савобдид	صواب ديد
савобиқ	سوابق
савобит	ثوابت
савобӣ	ثوابي
савобкор	ثواب کار
савобкорӣ	ثواب کاري
савобталаб	ثواب طلب
савобҷӯ	ثواب جو
савод	سواد
саводкорӣ	سوادکاري
саводнок	سوادناک
саводнокӣ	سوادناکي
саводомӯз	سوادآموز
саводомӯзӣ	سوادآموزي
савоиқ	صواعق
савол	سوال
саволборон	سوال باران
саволдор	سوال دار
саволӣ	سوالي
саволнома	سوال نامه
саволомез	سوال آميز
савомеъ	صوامع
савонеҳ	سوانح
сувор	سوار
савор	سوار
сувора	سواره
савора	سواره
саворагард	سواره گرد
саворагардӣ	سواره گردي
саворанизом	سواره نظام
савораҳуҷум	سواره حجم
саворгард	سوارگرد
суворӣ	سواري
саворӣ	سواري
саворшавӣ	سوارشوي
савоҳил	سواحل
савр	ثور
саврат	سورت
савринҷон	سورينجان
саврӣ	ثوري
савсан	سوسن
савсанӣ	سوسني
савсор	سوسار
савт	صوت
савтиёт	صوتيات
савтия	صوتيه
савтӣ	صوتي
савтхон	صوت خوان
савтхонӣ	صوت خواني
савум	سوم
савумин	سومين
саг	سگ
сагак	سگک
сагакхор	سگک خوار
сагбача	سگ بچه
сагбоз	سگ باز
сагбон	سگ بان
сагдида	سگ ديده
сагдил	سگ دل
сагдилӣ	سگ دلي
сагдор	سگ دار
сагзан	سگزن
сигзӣ	سگزي
сагӣ	سگي
сагмагас	سگ مگس
сагманиш	سگ منش
сагмизоҷ	سگ مزاج
сагмоҳӣ	سگماهي
сагобӣ	سگ آبي
сагпараст	س گ پرست
сагпарварӣ	سگ پروري
сагсор	سگسار
сагхона	س گ خانه
сагча	سگچه
сагҷон	س گ جان
сагҷонӣ	سگ جاني
сағал	سغل
сағир	صغير
сағира	صغيره
сағирамонда	صغيره مانده
сағирахона	صغيره خانه
сағирӣ	صغيري
сағирхона	صغير خانه
сағона	سغانه
сағонашакл	سغانه شکل
сағр	ثغر
сағриборик	سغري باريک
сағривасеъ	سغري وسيع
сағрипаҳн	سغري پهن
сағрипӯш	سغري پوش
сағрӣ	سغري
сад	صد
садд	سد
сада	سده
садабед	سده بيد
садад	صدد
садақа	صدقه
садақахӯр	صدقه خور
садақахӯрӣ	صدقه خوري
садама	صدمه
садарайҳон	سده ريحان
садаф	صدف
садафгун	صدف گون
садафдандон	صدف دندان
садафин	صدفين
садафӣ	صدفي
садафкорӣ	صدف کاري
садафосо	صدف آسا
садафпора	صدف پاره
садафранг	سدف رنگ
саддбандӣ	سدبندي
садбарг	صدبرگ
садбаргзор	صدبرگ زار
садгес	سدگيس
садгуна	صدگونه
саддона	صددانه
садид	سديد
садиқ	صديق
садӣ	صدي
садкора	صدکاره
садқа	صدقه
садо	صدا
садобардор	صدابردار
садогир	صداگير
садогирифта	صداگرفته
садогузарон	صداگذران
садод	سداد
садодеҳ	صداده
садодиҳӣ	صدادهي
садодор	صدادار
садоқат	صداقت
садоқаткор	صداقت کار
садоқатманд	صداقتمند
садоқатмандӣ	صداقتمندي
садоқатмандона	صداقتمندانه
садонишон	صدانشان
садоногузар	صداناگذر
садоногузарӣ	صداناگذري
садоногузаронӣ	صداناگذراني
садонок	صداناک
садонокӣ	صداناکي
садопарда	صداپرده
садорас	صدارس
садорат	صدارت
садофурубарӣ	صدافروبري
садосанҷ	صداسنج
садпора	صدپاره
садр	صدر
садранг	صدرنگ
садреш	صدريش
садрӣ	صدري
садрнишин	صدرنشين
садсола	صدساله
садсолагӣ	صدسالگي
садто	صدتا
садтӯ	صدتو
садум	صدم
садумин	صدمين
садчанд	صدچند
садчок	صدچاک
садшикан	سدشکن
садяк	صديک
садямоқ	صديماق
садямоқӣ	صديماقي
саёқ	سياق
саёҳат	سياحت
саёҳатгоҳ	سياحت گاه
саёҳатдӯст	سياحت دوست
саёҳатнома	سياحت نامه
сазидан	سزيدن
сазо	سزا
сазовор	سزاوار
сазоӣ	سزاي
саид	سعيد
саидтолеъ	سعيدطالع
саир	سعير
саис	سئيس
саисӣ	سئيسي
саисхона	سئيس خانه
сайд	صيد
сайдафкан	صيدافکن
сайдгир	صيدگير
сайдгоҳ	صيدگاه
сайдозмуд	صيدآزمود
сайдпараст	صيدپرست
сайёд	صياد
сайёдӣ	صيادي
сайёл	سيال
сайёр	سيار
сайёра	سياره
сайёрашинос	سياره شناس
сайёрашиносӣ	سياره شناسي
сайёф	سياف
сайёҳ	سياح
сайёҳӣ	سياحي
сайиб	ثيب
сайиба	ثيبه
сайид	سيد
сайин	صيين
сайқал	صيقل
сайқалгар	صيقل گر
сайқалгарӣ	صيقل گري
сайқалдиҳӣ	صيقل دهي
сайқалдор	صيقل دار
сайқалӣ	صيقلي
сайқалкор	صيقل کار
сел	سيل
сайл	سيل
селгоҳ	سيلگاه
сайлгоҳ	سيلگاه
селоб	سيلاب
сайлоб	سيلاب
сайлон	سيلان
сайлоният	سيلانيت
селрафтор	سيل رفتار
сайлрафтор	سيل رفتار
сайр	سير
сайра	سيره
сайрафӣ	صيرفي
сайргоҳ	سيرگاه
саярон	سيران
сайрон	سيران
сайт	صيت
сайф	سيف
сайфия	صيفيه
сайфӣ	صيفي
сайфур	سيفور
сайҳун	سيحون
сакалту	سيکلتو
сакарот	سکرات
сакаротулмавт	سکرات الموت
сакиҷ	سکج
саккок	سکّاک
саккокӣ	سکّاکي
сакоҳан	سکاهن
сакр	سکر
сакрат	سکرت
сакрон	سکران
саксавул	سکسوول
саксавулзор	سکسوول زار
саксофон	سکسافان
сакта	سکته
сактамалеҳ	سکته مليح
сактахонӣ	سکته خواني
сакубо	سکوبا
сақав	سقو
сақам	سقم
сақанқур	سقنقور
сақар	سقر
сақат	سقط
сақатҳиммат	سقط همت
сақил	ثقيل
сақим	سقيم
сақич	سقيچ
сақичак	سيچک
сақӣ	سقي
саққо	سقا
саққобозӣ	سقابازي
саққодор	سقادار
саққоӣ	سقائي
саққол	صقّال
саққомонанд	سقامانند
саққохона	سقاخانه
сақлотун	سقلاطون
сақмуниё	سقمونيا
сақолат	ثقالت
сақом	سقام
сақомат	سقامت
сақоя	سقايه
сақр	صقر
сақф	سقف
сақфдор	سقف دار
сол	سال
салаб	سلب
салавот	صلوات
саланг	سلنگ
саланг-саланг	سلنگ سلنگ
саласулбавл	سلس البول
салат	سلط
салаф	سلف
салафия	سلفيه
салафӣ	سلفي
салафут	سلفوت
салб	سلب
салбӣ	سلبي
сулват	سلوت
салват	سلوت
салвӣ	سلوي
салво	سلوي
салиб	صليب
салибдор	صليب دار
салибӣ	صلبي
салибкашӣ	صليب کشي
салибшакл	صليب شکل
салиқа	سليقه
салиқадор	سليقه دار
салиқанок	سليقه ناک
салим	سليم
салимдил	سليم دل
салимқалб	سليم قلب
салис	سليس
салита	سليطه
салкаш	سلکش
силқ	سلق
салқ	سلق
салқин	سلقين
салқинӣ	سلقيني
салқиншавӣ	سلقين شوي
салқуд	سلقود
салла	سله
саллабандон	سله بندان
салладор	سله دار
саллакоса	سله کاسه
салламно	سلمنا
саллот	سلات
саллох	سلاخ
саллохӣ	سلاخي
саллоххона	سلاخ خانه
салма	سلمه
салмакӣ	سلمکي
салмо	سلما
сало	صلا
салобат	صلابت
салобатдор	صلابت دار
салобатнок	صلابت ناک
салоиқ	سلايق
салом	سلام
саломат	سلامت
саломатӣ	سلامتي
саломатмонда	سلامت مانده
саломнома	سلام نامه
саломона	سلامانه
саломхона	سلام خانه
салоса	ثلاثه
салосат	سلاست
салосатнок	سلاست ناک
салосил	سلاسل
салотат	سلاطت
салотин	سلاطين
салоҳ	صلاح
салоҳдид	صلاحديد
салоҳият	صلاحيت
салоҳиятдор	صلاحيت دار
салоя	صلايه
салронӣ	سلراني
салсабил	سلسبيل
салсол	سلسال
салт	سلت
салтанат	سلطنت
салтанатхоҳ	سلطنت خواه
салтанатхоҳӣ	سلطنت خواهي
салтсавор	سلت سوار
салх	سلخ
салчӯб	سلچوب
салҷ	ثلج
салҷуқиён	سلجقيان
салҷуқӣ	سلجقي
самм	سم
самад	صمد
самадият	صمديت
самак	سمک
саман	ثمن
суман	سمن
суманбар	سمنبر
саманбар	سمن بر
суманбарг	سمن برگ
саманбарг	سمن برگ
саманд	سمند
самандар	سمندر
саманзор	سمن زار
самар	ثمر
самара	ثمره
самарадор	ثمره دار
самаранок	ثمره ناک
самаранокӣ	ثمره ناکي
самараовар	ثمره آور
самарқандӣ	سمرقندي
самбо	سمبا
самбочӣ	سمباچي
самбӯса	سمبوسه
самбӯсапаз	سمبوسه پز
самбӯсапазӣ	سمبوسه پزي
самбӯсафурӯш	سمبوسه فروش
самбӯсафурӯшӣ	سمبوسه فروشي
самғ	صمغ
самғӣ	صمغي
самдор	سمدار
самеъ	سميع
самим	صميم
самимият	صميميت
самимӣ	صميمي
самимона	صميمانه
самин	ثمين
саммит	سميت
саммо	صماء
саммулхиёт	سم الخياط
само	سما
самовӣ	سماوي
самовор	سماوار
самоворхона	سماوارخانه
самоворчӣ	سماوارچي
самовот	سماوات
самоӣ	سمائي
симоӣ	سيماي
саморис	سمارس
саморуғ	سمارغ
самоҳ	سماح
самоҳат	سماحت
самоҷат	سماجت
самоҷатпеша	سماجت پيشه
самоъ	سماع
самсом	صمصام
самт	سمت
самтгирӣ	سمت گيري
самтёбӣ	سمت يابي
самтурраъс	سمت الرائس
самум	سموم
самур	سمور
самурай	سموري
самъ	سمع
сана	سنه
санавбар	صنوبر
санавбарзор	صنوبرزار
санавбарқад	صنوبرقد
санавбарқомат	صنوبرقامت
санавбархиром	صنوبرخرام
санад	سند
санаддор	سنددار
санадият	سنديت
санадӣ	سندي
санадсоз	سندساز
санадсозӣ	سندسازي
санам	صنم
санампараст	صنم پرست
санамхона	صنم خانه
санатория	سنتاريه
санбӯса	سنبوسه
санбӯсапаз	سنبوسه پز
санбӯсапазӣ	سنبوسه پزي
санбӯсафурӯш	نبوسه فروش
санбӯсафурӯшӣ	سنبوسه فروشي
санг	سنگ
сангак	سنگک
сангандоз	سنگ انداز
сангандозӣ	سنگ اندازي
сангар	سنگر
сангарбандӣ	سنگربندي
сангаргоҳ	سنگرگاه
сангбақа	سنگ بقه
сангборон	سنگ باران
сангбур	سنگبر
сангбурӣ	سنگبري
сангғелон	سنگ غيلان
сангғелонӣ	سنگ غيلاني
сангдевор	سنگ ديوار
сангдил	سنگ دل
сангдилӣ	سنگ دلي
сангдон	سنگ دان
сангзан	سنگ زن
сангзанӣ	سنگ زني
сангзор	سنگ زار
сангин	سنگين
сангинбаҳо	سنگين بها
сангинбор	سنگين بار
сангиндаст	سنگين دست
сангиндил	سنگين دل
сангиндилӣ	سنگين دلي
сангинирода	سنگين اراده
сангинӣ	سنگيني
сангинҷон	سنگين جان
сангистон	سنگستان
сангӣ	سنگي
сангкашонӣ	سنگ کشاني
сангкор	سنگ کار
сангкорӣ	سنگ کاري
сангкӯбак	سنگ کوبک
санглох	سنگ لاخ
сангмайда	سنگ ميده
сангмайдакунак	سنگ ميده کنک
сангмонанд	سنگ مانند
сангнамак	سنگ نمک
сангоб	سنگ آب
сангобак	سنگ آبک
сангобдавак	سنگ آب دوک
санговез	سن گ آويز
сангозмой	سن گ آزماي
сангосан	سنگاسن
сангпар	سنگ پر
сангпаронӣ	سنگ پراني
сангпахта	سنگ پخته
сангпора	سنگ پاره
сангпоя	سنگ پايه
сангпул	سنگ پل
сангпухт	سنگ پخت
сангпушт	سنگ پشت
сангпуштвор	سنگ پشتوار
сангпуштмонанд	سنگ پش ت مانند
сангрез	سن گ ريز
сангреза	سنگريزه
сангрезӣ	سنگ ريزي
сангсон	سنگ سان
сангсор	سنگ سار
сангтарош	سنگ تراش
сангтарошӣ	سنگ تراشي
сангтӯда	سنگ توده
сангула	سنگوله
сангфарсо	سنگ فرسا
сангфарш	سنگ فرش
сангхор	سنگ خوار
сангхӯрак	سن گ خورک
сангчабоз	سنگچه باز
сангчабозӣ	سنگچه بازي
сангчин	سنگ چين
сангчинӣ	سنگ چيني
сангчол	سنگ چال
сангшикан	سنگ شکن
сангшиканӣ	سنگ شکني
сангшинос	سنگ شناس
сангшиносӣ	سنگ شناسي
сангшуда	سنگ شده
сандал	صندل
сандалак	سندلک
сандалича	صندليچه
сандалӣ	صندلي
сандалнишин	صند ل نشين
сандалсарой	صندل سراي
сандалсой	صندلساي
сандарус	سندروس
сандид	صنديد
сандон	سندان
сандоншикан	سمدان شکن
сандоншикоф	سندان شکاف
сандуқ	صندوق
сандуқа	صندوقه
сандуқзада	صندوق زده
сандуқсоз	صندوق ساز
сандуқсозӣ	صندوق سازي
сандуқча	صندوقچه
сандус	سندوس
сандусӣ	سندوسي
сандуф	سندوف
санеъ	صنيع
санин	سنين
санитария	سنيتريه
санитарӣ	سنيتري
сания	ثنيه
санӣ	سني
санноъ	صناع
сано	ثنا
саноат	صناعت
саноатвар	صناعت ور
саноатӣ	صناعتي
саноатпеша	صناعت پيشه
саноатчӣ	صناعتچي
санобил	سنابل
саногар	ثناگر
саногустар	ثناگستر
саногӯӣ	ثناگوئي
саногӯй	ثناگوي
санодид	صناديد
санодиқ	صنادق
саноеъ	صنايع
саноё	ثنايا
синор	سنار
санор	سنار
санохон	ثنا خوان
санохонӣ	ثناخواني
саноч	سناچ
саночак	سناچک
саноҷ	سناج
саноҷиқ	سناجق
санскрит	سنسکريت
санскритӣ	سنسکريتي
санскритшинос	سنسکريت شناس
санскритшиносӣ	سنسکريت شناسي
сантиметр	سنتمتر
сантур	سنتور
сантурзан	سنتورزن
сантурӣ	سنتوري
санҷ	سنج
санҷид	سنجيد
санҷидагӯӣ	سنجيده گوئي
санҷидагӯй	سنجيده گوي
санҷидакор	سنجيده کار
санҷидан	سنجيدن
санҷидашуда	سنجيده شده
санҷиш	سنجش
санҷоб	سنجاب
санҷобӣ	سنجابي
санҷоқ	سنجاق
санъ	صنع
санъат	صنعت
санъатгар	صنعت گر
санъатгарӣ	صنعت گري
санъатдӯст	صنعت دوست
санъаткор	صنعت کار
санъаткорӣ	صنعت کاري
санъаткорона	صنعت کارانه
санъатшинос	صنعت شناس
санъатшиносӣ	صنعت شناسي
саодат	سعادت
саодатбахш	سعادت بخش
саодатёр	سعادت يار
саодатманд	سعادتمند
саодатмандӣ	سعادتمندي
саодатмандона	سعادتمندانه
саодатмаоб	سعادت مآب
саодатнишон	سعادت نشان
саолиб	ثعالب
саолик	صعاليک
сапал	سپل
сапалпой	سپل پاي
сапед	سپيد
сапеда	سپيده
сапедадам	سپيده دم
сапедадамон	سپيده دمان
сапедгор	سپيدگار
сапедгорӣ	سپيدگاري
сапеддаст	سپيددست
сафедӣ	سفيدي
сафедном	سفيدنام
сапедор	سپيدار
сапедҷома	سپيدجامه
сап-сафед	سپ سفيد
сар	سر
сара	سره
сараввал	سراول
саравлод	سراولاد
сарагроном	سراگرانام
сараён	سريان
сарак	سرک
саракбандӣ	سرک بندي
саракчинӣ	سرکچيني
сарамард	سره مرد
сарангушт	سرانگشت
сарандоз	سرانداز
саранҷом	سرانجام
саранҷомдиҳӣ	سرانجام دهي
сараскар	سرعسکر
сараспакӣ	سراسپکي
саратон	سرطان
саратонзо	سرطان زا
саратоншинос	سرطان شناس
саратоншиносӣ	سرطان شناسي
сарафканда	سرافکنده
сарафкандагӣ	سرافکندگي
сарафзол	سر افزال
сарафканӣ	سرافکني
сарафроз	سرافراز
сарафрозӣ	سرافرازي
сарафсор	سرافسار
сарафшон	سرافسان
сарахбор	سراخبار
сарахс	سرخس
сараъзо	سراعضا
сарбадорон	سربداران
сарбаланд	سربلند
сарбаландӣ	سربلندي
сарбаландона	سربلندانه
сарбамӯҳр	سربمهر
сарбанд	سربند
сарбандак	سربندک
сарбараҳна	سربرهنه
сарбарҳаво	سربرهوا
сарбаста	سربسته
сарбахш	سربخش
сарбоғӣ	سرباغي
сарбоз	سرباز
сарбозгирӣ	سربازگيري
сарбозӣ	سربازي
сарбозхона	سربازخانه
сарболо	سربالا
сарбор	سربار
сарборӣ	سرباري
сарбузург	سربزرگ
сарбузургӣ	سر بزرگي
сарбуна	سربنه
сарбур	سربر
сарбурида	سربريده
сарбурӣ	سربري
сарв	سرو
сарвазир	سروزير
сарвақт	سروقت
сарвандом	سرو اندام
сарвар	سرور
сарварӣ	سروري
сарват	ثروت
сарватдор	ثروت دار
сарватманд	ثروتمند
сарватмандӣ	ثروتمندي
сарватхез	ثروت خيز
сарвболо	سروبالا
сарвбун	سروبن
сарвин	سروين
сарвистон	سروستان
сарвқад	سروقد
сарвқомат	سروقامت
сарво	سروا
сарвод	سرواد
сарвода	سرواده
сарводахон	سروده خوان
сарвол	سرال
сарврафтор	سرو رفتار
сарвхиром	سروخرام
саргазит	سرگزيت
саргала	سرگله
саргаранг	سرگرنگ
саргарангӣ	سرگرنگي
саргардӣ	سرگردي
саргардон	سرگردان
саргардонӣ	سرگرداني
саргарм	سرگرم
саргармӣ	سرگرمي
саргармкунанда	سرگرم کننده
саргарон	سر گران
саргаронӣ	سر گراني
саргаҳ	سرگه
саргашта	سرگشته
саргаштагӣ	سرگشتگي
саргин	سرگين
саргиндон	سرگين دان
саргирак	سرگيرک
саргиреҳ	سرگره
саргирифта	سرگرفته
саргиҷ	سرگج
саргоҳ	سرگاه
саргузашт	سرگذشت
саргузашта	سرگذشته
саргум	سرگم
саргумӣ	سرگمي
саргумшуда	سرگم شده
саргурд	سرگرد
саргурез	سرگريز
саргурӯҳ	سرگروه
саргӯшӣ	سرگوشي
сарғалтон	سرغلتان
сард	سرد
сардабир	سردبير
сардарахтӣ	سردرختي
сардаргум	سردرگم
сардаргумӣ	سردرگمي
сардард	سردرد
сардарӣ	سردري
сардарҳаво	سردرهوا
сардаста	سردسته
сардастӣ	سردستي
сардафтар	سردفتر
сардгӯй	سردگوي
сарддам	سرددم
сардӣ	سردي
сардлаб	سردلب
сардмеҳр	سردمهر
сардмеҳрӣ	سردمهري
сардмуомила	سردمعامله
сардмуомилагӣ	سردمعاملگي
сардоб	سرداب
сардоба	سردابه
сардовар	سرداور
сардор	سردار
сардорӣ	سرداري
сардсер	سردسير
сардсерӣ	سردسيري
сардухтур	سردختور
сардӯз	سردوز
сардхона	سردخانه
сардхун	سردخون
сардшавӣ	سردشوي
сареуззавол	سريع الزوال
сареулинтиқол	سريع الانتقال
сареулкитобат	سريع الکتابت
сареулкитобатӣ	سريع الکتابتي
сареуссайр	سريع السير
сареҳ	صريح
сареҳӣ	صريحي
сареъ	سريع
сарзада	سرزده
сарзамин	سرزمين
сарзаниш	سرزنش
сарзиёд	سرزياد
сарзинда	سرزنده
саривақтӣ	سروقتي
саригӯшӣ	سرگوشي
саридарвақт	سردروقت
саридастӣ	سردستي
саридеворӣ	سرديواري
саридора	سراداره
саризаминӣ	سرزميني
сарикасӣ	سرکسي
сариқтисоддон	سراقتصاددان
саримсоқ	سرمساق
сарин	سرين
сарипоӣ	سرپائي
сарир	سرير
сарироҳӣ	سرراهي
сарисинагӣ	سرسينگي
сарича	سريچه
саришта	سرشته
сариштакор	سررشته کار
сариштакорӣ	سررشته کاري
сариштакорона	سررشته کارانه
сарӣ	سري
саркалон	سرکلان
саркарда	سرکرده
саркардагӣ	سرکردگي
саркафта	سرکفته
саркаҷ	سرکج
саркаш	سرکش
саркашӣ	سرکشي
саркашона	سر کشانه
сарконсул	سرکانسول
саркор	سر کار
саркотиб	سرکاتب
саркушода	سرکشاده
саркӯб	سرکوب
саркӯбӣ	سرکوبي
саркӯфта	سرکوفته
саркӯчак	سر کوچو
саркӯчакӣ	سرکوچکي
сарқабила	سرقبيله
сарқанд	سرقند
сарқата	سرقه
сарқонун	سرقانون
сарқофила	سرقافله
сарқут	سرقوت
сарлавҳа	سرلوحه
сарлавҳадор	سرلوحه دار
сарлашкар	سرلشکر
сарлуч	سرلوچ
сармад	سرمد
сармадӣ	سرمدي
сармақола	سرمقاله
сарманбаъ	سرمنبع
сарманзил	سرمنزل
сарманшаъ	سرمنشأ
сармаст	سرمست
сармастӣ	سرمستي
сармашқ	سرمشق
сармеханик	سرميخنيک
сармеъмор	سرمعمار
сармо	سرما
сармобардор	سرمابردار
сармобардорӣ	سرمابرداري
сармозада	سرمازده
сармозадагӣ	سرمازدگي
сармонак	سرمانک
сармохӯрда	سرماخورده
сармохӯрдагӣ	سرماخوردگي
сармоя	سرمايه
сармоягузор	سرمايه گذار
сармоягузорӣ	سرمايه گذاري
сармоядор	سرمايه دار
сармоядорӣ	سرمايه داري
сармуншӣ	سرمنشي
сармутахассис	سرمتخصص
сармуҳандис	سرمهندس
сармуҳаррир	سرمحرر
сармуҳосиб	سرمحاسب
сармушовир	سرمشاور
сарнавишт	سرنوشت
сарнавиштсоз	سرنوشت ساز
сарнагун	سرنگون
сарнагунӣ	سرنگوني
сарнагунсозӣ	سرنگون سازي
сарнагунсор	سرنگونسار
сарнагуншавӣ	سرنگون شوي
сарнайза	سرنيزه
сарнақш	سرنقش
сарнасл	سرنسل
сарнах	سرنخ
сарниҳон	سرنهان
сарнишеб	سرنشيب
сарнишин	سرنشين
сарнокӣ	سرناکي
сарнома	سرنامه
сарсонӣ	سرساني
саро	سرا
сароб	سراب
саробистар	سرا بستر
саробӣ	سرابي
саробон	سرابان
саробонӣ	سراباني
саробӯстон	سرابوستان
саровоз	سرآواز
саровон	سراوان
сароғоз	سرآغاز
сароғӯш	سر آغوش
сародиқ	سرادق
сародор	سرادار
сародорӣ	سراداري
сарозер	سرازير
сароидан	سرائيدن
сарой	سراي
саройбон	سراي بان
саройбонӣ	سراي باني
саройнишин	سراي نشين
саройпарда	سراي پرده
саромад	سرآمد
саромат	صرامت
саромос	سراماس
сарон	سران
сарона	سرانه
саронрӯ	سران رو
саропарда	سراپرده
саропой	سراپاي
саросар	سراسر
саросарӣ	سراسري
саросема	سراسيمه
саросемавор	سراسيمه وار
саросемагӣ	سراسيمگي
саростин	سراستين
сарофат	صرافت
сароҳанг	سرآهنگ
сароҳат	صراحت
сароҳатан	صراحتاً
сароча	سراچه
сароҷа	سراجه
сарошеб	سراشيب
сарошпаз	سرآشپز
сароянда	سراينده
сарояндагӣ	سرايندگي
сарпаноҳ	سرپناه
сарпанҷа	سرپنجه
сарпараст	سرپرست
сарпарастӣ	سرپرستي
сарпарастор	سرپرستار
сарпарасторӣ	سرپرستاري
сарпартояк	سرپرتايک
сарпаст	سرپست
сарпастӣ	سرپستي
сарпастона	سرپستانه
сарпеч	سرپيچ
сарпечак	سرپيچک
сарпечида	سرپيچيده
сарпечӣ	سرپيچي
сарпизишк	سرپزشک
сарпиёз	سرپياز
сарпоён	سرپايان
сарпос	سرپاس
сарпосбон	سرپاسبان
сарпӯшдор	سرپوشدار
сарпӯшида	سرپوشيده
саррада	سررده
сарришта	سررشته
сарро	سرأ
сарроф	صرّاف
саррофӣ	صرّافي
саррофхона	صرّاف خانه
сарроҷ	سرّاج
сарроҷӣ	سراجي
сарсабад	سرسبد
сарсабз	سرسبز
сарсабзӣ	سرسبزي
сарсар	صرصر
сарсаригард	سرسري گرد
сарсаригардӣ	سرسري گردي
сарсариёна	سرسريانه
сарсарӣ	سرسري
сарсатр	سرسطر
сарсафед	سرسفيد
сарсафҳа	سرصفحه
сарсахт	سرسخت
сарсилоҳ	سرسلاح
сарсина	سرسينه
сарсом	سرسام
сарсомӣ	سرسامي
сарсон	سرسان
сарсулола	سرسلاله
сарсупурда	سرسپرده
сарсутун	سرستون
сарсутурда	سرسترده
сарсухан	سرسخن
сарсӯзан	سرسوزن
сартаг	سرتگ
сартарош	سرتراش
сартарошӣ	سرتراشي
сартарошон	سرتراشان
сартарошхона	سرتراش خانه
сартез	سرتيز
сартоб	سرتاب
сартопо	سرتاپا
сарторик	سرتاريک
сартос	سرطاس
сартосар	سرتاسر
сартосарӣ	سرتاسري
сартӯйӣ	سرتوئي
сарулибос	سرولباس
сарун	سرون
сарупо	سروپا
сарупопӯшонӣ	سروپاپوشاني
сарутан	سروتن
сарф	صرف
сарфа	صرفه
сарфабар	صرفه بر
сарфагар	صرفه گر
сарфагарӣ	صرفه گري
сарфакор	صرفه کار
сарфакорӣ	صرفه کاري
сарфакорона	صرفه کارانه
сарфанок	صرفناک
сарфармондеҳ	سرفرمانده
сарфароз	سرفراز
сарфарозӣ	سرفرازي
сарфаҳм	سرفهم
сарфаҷӯ	صرقه جو
сарфаҷӯёна	صرفه جويانه
сарфаҷӯӣ	صرفه جوئي
сарфиканда	سرفکنده
сарфишон	سرفشان
сарфӣ	صرفي
сарфкунанда	صرف کننده
сарфшаванда	صرف شونده
сархайл	سرخيل
сархайлӣ	سرخيلي
сархалонӣ	سرخلاني
сархам	سرخم
сархамӣ	سرخمي
сархамона	سرخمانه
сархат	سرخط
сархел	سرخيل
сархирманӣ	سرخرمني
сархон	سرخوان
сархона	سرخانه
сархор	سرخار
сархора	سرخواره
сархорӣ	سرخاري
сархуш	سرخوش
сархушӣ	سرخوشي
сархушк	سرخشک
сархӯр	سرخور
сарҳ	صرح
сарҳавз	سرحوض
сарҳавздор	سرحوض دار
сарҳад	سرحد
сарҳадбон	سرحدبان
сарҳадбонӣ	سرحدباني
сарҳаддор	سرحددار
сарҳаддорӣ	سرحدداري
сарҳадӣ	سرحدي
сарҳадчӣ	سرحدچي
сарҳадшикан	سرحدشکن
сарҳадшиканӣ	سرحدشکني
сарҳакам	سرحکم
сарҳалқа	سرحلقه
сарҳалқагӣ	سرحلقه
сарҳанг	سرهنگ
сарҳарф	سرحرف
сарҳисоб	سرحساب
сарҳисобдор	سرحسابدار
сарҳол	سرحال
сарҳосил	سرحاصل
сарчарх	سرچرخ
сарчархак	سرچرخک
сарчашма	سرچشمه
сарчин	سرچين
сарчӯпон	سرچوپان
сарҷамъ	سرجمع
сарҷамъӣ	سرجمعي
сарҷанг	سرجگ
сарҷарида	سرجريده
сарҷик	سرجيک
сарҷилав	سرجلو
сарҷилавдор	سرجلودار
сарҷин	سرجين
сарҷумла	سرجمله
сарҷунбонӣ	سرجنباني
сарҷӯй	سرجوي
сарҷӯш	سرجوش
сарҷӯшӣ	سرجوشي
саршикан	سرشکن
саршикаста	سرشکسته
саршинос	سرشناس
саршир	سرشير
саршор	سرشار
саршох	سرشاخ
саршубон	سرشبان
саршумор	سرشمار
саршуморӣ	سرشماري
саршӯён	سرشويان
саршӯӣ	سرشوئي
саршӯй	سرشوي
саръ	صرع
саръзада	صرع زده
саръӣ	صرعي
сатанг	ستنگ
сатангнамо	ستنگ نما
сатарван	سترون
сатват	سطوت
сатил	سطيل
сатилсоз	سطيل ساز
сатин	ستين
сатир	ستير
сатира	ستيره
сатӣ	ستي
сатл	سطل
саттора	سطاره
сатр	ستر
сатранг	سترنگ
саттор	ستّار
сатҳ	سطح
сатҳӣ	سطحي
саф	صف
сафавӣ	صفوي
сафан	سفن
сафар	سفر
сафарбар	سفربر
сафарбарӣ	سفربري
сафарӣ	سفري
сафаркарда	سفرکرده
сафаркунанда	سفرکننده
сафарнома	سفرنامه
сафархат	سفرخط
сафарҷал	سفرجل
сафарҷалранг	سفرجل رنگ
сафаҳ	صفه
сафбандӣ	صف بندي
сафват	صفوت
сафвон	صفوان
сафдар	صفدر
сафдарӣ	صفدري
сафдор	صفدار
сафед	سفيد
сафедҳо	سفيدها
сафеда	سفيده
сафедагар	سفيده گر
сафедадам	سفيده دم
сафедак	سفيدک
сафедбадан	سفيدبدن
сафедбахт	سفيدبخت
сафедбахтӣ	سفيدبختي
сафедбед	سفيدبيد
сафедбо	سفيدبا
сафедбод	سفيدباد
сафедгарӣ	سفيدگري
сафедгил	سفيدگل
сафедгул	سفيد گل
сафедгуна	سفيدگونه
сафеддег	سفيدديگ
сафедкор	سفيدکار
сафедкорӣ	سفيدکاري
сафедкоса	سفيدکاسه
сафедкунанда	سفيدکننده
сафедкунӣ	سفيدکني
сафедмол	سفيدمال
сафедмоҳӣ	سفيدماهي
сафедмӯӣ	سفيدموئي
сафедмӯй	سفيدموي
сафедмӯҳра	سفيدمهره
сафеднажод	سفيدنژاد
сафедоб	سفيداب
сафедор	سفيدار
сафедорзор	سفيدارزار
сафедпешонӣ	سفيدپيشاني
сафедпӯст	سفيدپوست
сафедпӯчоқ	سفيدپوچاق
сафедпӯш	سفيدپوش
сафедпӯшон	سفيدپوشان
сафедранг	سفيدرنگ
сафедриш	سفيدريش
сафедрухсор	سفيدرخسار
сафедрӯй	سفيدروي
сафедтоб	سفيدتاب
сафедфом	سفيدفام
сафедхунӣ	سفيدخوني
сафедча	سفيدچه
сафедчаранг	سفيدچه رنگ
сафедчарӯй	سفيدچه روي
сафедчатоб	سفيدچه تاب
сафедчеҳра	سفيدچهره
сафедҷома	سفيدجامه
сафедҷомагон	سفيدجامه گان
сафедшуда	سفيدشده
сафеҳ	سفيه
сафеҳӣ	سفيهي
сафеҳона	سفيهانه
сафил	سفيل
сафилӣ	سفيلي
сафина	سفينه
сафир	سفير
сафӣ	صفي
сафкашӣ	صف کشي
сафнишин	صف نشين
сафо	صفا
сафобахш	صفابخش
сафобахшанда	صفابخشنده
сафоин	سفائن
сафокеш	صفاکيش
сафол	سفال
сафолак	سفالک
сафолат	سفالت
сафолгар	سفالگر
сафолгарӣ	سفالگري
сафолгархона	سفالگرخانه
сафолин	سفالين
сафолинлаб	سفالين لب
сафолӣ	سفالي
сафолпора	سفال پاره
сафолпӯш	سفال پوش
сафора	سفاره
сафорат	سفارت
сафоратхона	سفارت خانه
сафороӣ	صف آرائي
сафоҳат	سفاهت
сафоҳатомез	سفاحت آميز
сафро	صفراء
сафробар	صفرابر
сафровимизоҷ	صفراوي مزاج
сафровӣ	صفراوي
сафрозада	صفرازده
сафроӣ	صفرائي
сафросӯхта	صفراسوخته
сафсата	سفسطه
сафсатагӯӣ	سفسطه گوئي
сафсатагӯй	سفسطه گوي
сафсатаомез	سفسطه آميز
сафсатафурӯш	سفسطه فروش
сафсатафурӯшӣ	سفسطه فروشي
сафсатахонӣ	سفسطه خواني
саффок	سفّاک
саффор	صفّار
саффорӣ	صفاري
сафҳ	صفح
сафҳа	صفحه
сафча	صفچه
сафшикан	صف شکن
сафшиканӣ	صف شکني
сахигӣ	سخيگي
сахӣ	سخي
сахлав	سخلو
сахо	سخا
саховат	سخاوت
саховатманд	سخاوت مند
саховатмандӣ	سخاوت مندي
саховатмандона	سخاوت مندانه
саховатпеша	سخاوت پيشه
сахопеша	سخاپيشه
сахофат	سخافت
сахра	صخره
сахт	سخت
сахтан	سختن
сахтбозу	سخت بازو
сахтбол	سخت بال
сахтбунёд	سخت بنياد
сахтбунён	سخت بنيان
сахтгап	سخت گپ
сахтгир	سخت گير
сахтгирӣ	سخت گيري
сахтгӯй	سخت گوي
сахтдаст	سخت دست
сахтдил	سخت دل
сахтдилӣ	سخت دلي
сахтигарӣ	سخت گير
сахтидида	سختي ديده
сахтиён	سختيان
сахтикаш	سختي کش
сахтирода	سخت اراده
сахтӣ	سختي
сахткамон	سخت کمان
сахткӯш	سخت کوش
сахтлаҷом	سخت لجام
сахтмуомила	سخت معامله
сахтпанҷа	سخت پنجه
сахтпой	سخت پاي
сахтрӯй	سخت روي
сахтрӯз	سخت روز
сахтрӯӣ	سخت روئي
сахтсар	سخت سر
сахтсарӣ	سخت سري
сахту	سختو
сахтчашм	سخت چشم
сахтҷилав	سخت جلو
сахтҷон	سخت جان
сахтҷонӣ	سخت جاني
сахтҷӯш	سخت جوش
сахтшавӣ	سخت شوي
сахтшуда	سخت شده
сахтэътиқод	سخت اعتقاد
сахун	سخن
саҳар	سحر
саҳара	سحره
саҳаргоҳ	سحرگاه
саҳаргаҳӣ	سحرگهي
саҳаргаҳон	سحرگاهان
саҳаргоҳӣ	سحرگاهي
саҳарӣ	سحري
саҳархез	سحرخيز
саҳархезак	سحرخيزک
саҳархезӣ	سحرخيزي
саҳархон	سحرخوان
саҳат	صحت
саҳбо	صهبا
саҳв	سهو
саҳва	صهوه
саҳван	سهواً
саҳвнок	سهوناک
саҳвравӣ	سهو روي
саҳеҳ	صحيح
саҳеҳӣ	صحيحي
саҳеҳулаъзо	صحيح الاعضا
саҳеҳулмизоҷ	صحيح المزاج
саҳеҳуннафс	صحيح النفس
саҳеҳуттабъ	صحيح الطبع
саҳиболо	سهي بالا
саҳиқад	سهي قد
саҳиқомат	سهي قامت
саҳил	صهيل
саҳим	سهيم
саҳифабанд	صحيفه بند
саҳифабандӣ	صحيفه بندي
саҳӣ	سهي
саҳқ	سحق
саҳл	سهل
саҳлангор	سهلنگار
саҳлангорӣ	سهلنگاري
саҳлангорона	سهلنگارانه
саҳлгир	سهل گير
саҳлгирӣ	سهل گيري
саҳлгӯӣ	سهل گوئي
саҳлгӯй	سهل گوي
саҳлӣ	سهلي
саҳм	سهم
саҳмгин	سهمگين
саҳмгир	سهمگير
саҳмгирӣ	سهمگيري
саҳмгузор	سهمگذار
саҳмгузорӣ	سهمگذاري
саҳмдор	سهمدار
саҳмдорӣ	سهمداري
саҳмия	سهميه
саҳмнок	سهمناک
саҳн	صحن
саҳна	صحنه
саҳнавӣ	صحنوي
саҳназеб	صحنه زيب
саҳнаоро	صحنه آرا
саҳнасоз	صحنه ساز
саҳнасозӣ	صحنه سازي
саҳнача	صحنچه
саҳоб	صحاب
саҳоба	صحابه
саҳоиф	صحائف
саҳом	سهام
саҳомӣ	سهامي
саҳро	صحرا
саҳрогард	صحراگرد
саҳрогардӣ	صحراگردي
саҳроӣ	صحرائي
саҳронавард	صحرانورد
саҳронавардӣ	صحرانوردي
саҳронишин	صحرانشين
саҳрорав	صحرارو
суҳур	سحور
саҳур	سحور
саҳурӣ	سحوري
саҳҳор	سحار
саҳҳоф	صحاف
саҳҳофӣ	صحافي
сачоқ	سچاق
саҷда	سجده
саҷдагоҳ	سجده گاه
саҷийя	سجيه
саҷҷода	سجاده
саҷҷоданишин	سجاده نشين
саҷҷодапараст	سجاده پرست
саҷъ	سجع
саъб	صعب
саъба	صعبه
саъва	صعوه
саъд	سعد
саъдӣ	سعدي
саъй	سعي
саъқа	صعقه
саълаб	ثعلب
саълуқ	صعلوک
саътариманзар	سعتري منظر
саялон	سيلان
се	سه
сеанс	سئانس
сеаспа	سه اسپه
себ	سيب
себак	سيبک
себанд	سه بند
себанддор	سه بنددار
себара	سه بره
себарга	سه برگه
себаргазор	سه برگه زار
себзор	سيب زار
себӣ	سيبي
себқоқ	سيب قاق
себора	سه باره
себурҷа	سه برجه
себча	سيبچه
себчинӣ	سيب چيني
себчой	سيب چاي
севанчӣ	سيونچي
севоғар	سيواغر
севол	سيوال
сегона	سه گانه
сегонагӣ	سه گانگي
сегоҳ	سه گاه
сегӯша	سه گوشه
седандона	سه دندانه
сезабона	سه زبانه
сезана	سه زنه
сездаҳ	سزده
сездаҳболор	سزده بالار
сездаҳсола	سزده ساله
сездаҳсолагӣ	سزده سالگي
сездаҳум	سزدهم
сездаҳумин	سزدهمين
сезий	سيزيي
сеӣ	سه ئي
сейм	سيم
сейсмограф	سيسما گرف
сейсмография	سيسما گرفيه
сейсмолог	سيسمالاگ
сейсмология	سيسمالاگيه
сейум	سه يم
сейумин	سه يمين
сейф	سيف
секарата	سه کرته
секаратӣ	سه کرتي
секин	سکين
секунҷа	سه کنجه
сеқабата	سه قبطه
сеқирра	سه قره
села	سيله
селбор	سيلبار
селбориш	سيل بارش
селборон	سيله باران
селвор	سيلوار
селексионер	سليکسئانير
селексия	سليکسيه
селитра	سليتره
селлоид	سلايد
селлофан	سلافن
селлофанӣ	سلافني
селлюлоза	سليولازه
селоба	سيل آبه
селобканд	سيلاب کند
селовард	سيل آورد
селон	سيلان
селроҳа	سيل راهه
семантика	سيمنتکه
семантикӣ	سيمنتکي
семасиология	سيمسيالاگيه
семафор	سيمفار
семент	سيمنت
сементбарорӣ	سيمنت براري
сементӣ	سيمنتي
сементкаш	سيمنت کش
сементкорӣ	سيمنت کاري
сементпӯш	سيمنت پوش
сементрезӣ	سيمنت ريزي
семестр	سيمستر
семинар	سمينر
семиотика	سيمياتکه
семисраъгӣ	سه مصرعگي
семоҳа	سه ماهه
семоҳагӣ	سه ماهگي
сенат	سنت
сенатор	سنتار
сенздаҳ	سنزده
сенсуализм	سنساَليزم
сентиментализм	سنتمنتليزم
сентнер	سنتنير
сентрифуга	سنترفوگه
сентябр	سنتيبر
сенуқта	سه نقطه
сеовоз	سه آواز
сеошёна	سه آشيانه
сепар	سه پر
сепара	سه پره
сепаратизм	سه پرتيزم
сепаратор	سپرتار
сепоя	سه پايه
сер	سير
серабр	سيرابر
серавлод	سيراولاد
серавлодӣ	سيراولادي
серавҷ	سيراوج
серадад	سيرعدد
серазоб	سيرعذاب
серайб	سيرعيب
сералаф	سيرعلف
серамал	سيرعمل
серамалӣ	سيرعملي
серанга	سه رنگه
серандеша	سيرانديشه
серарақ	سيرعرق
сераха	سه رخه
сераҳа	سه رهه
сераҳамият	سيراهميت
сераҳолӣ	سيراهالي
сербар	سيربر
сербаракат	سيربرکت
сербарг	سيربرگ
сербардошт	سيربرداشت
сербарӣ	سيربري
сербача	سيربچه
сербачагӣ	سيربچگي
сербеша	سيربيشه
сербор	سيربار
сербориш	سيربارش
серборишӣ	سيربارشي
серборон	سيرباران
серборонӣ	سيرباراني
серботлоқ	سيرباتلاق
сербутта	سيربته
сергап	سيرگپ
сергапӣ	سيرگپي
сергаштугузор	سيرگشت وگذار
сергиря	سيرگريه
сергулбарг	سيرگل برگ
сергунҷоиш	سيرگنجايش
сергӯшт	سيرگوشت
сергӯштӣ	سيرگوشتي
серғавғо	سيرغوغا
серғайрат	سيرغيرت
серғайратӣ	سيرغيرتي
серғалла	سيرغله
серғалоғула	سيرغلاغله
серғамза	سيرغمزه
серғизо	سرغذا
серғизоӣ	سيرغذاي
серғор	سيرغار
серғулғула	سيرغلغله
серғурбат	سيرغربت
серғурбатӣ	سيرغربتي
сердарахт	سيردرخت
сердарбеҳ	سيردربه
сердардисар	سيردردسر
сердаромад	سيردرامد
сердастёр	سيردستيار
сердаъво	سيردعوا
сердошт	سيرداشت
сердуд	سيردود
сержант	سرژنت
сержантӣ	سرژنتي
серзамин	سيرزمين
серзан	سيرزن
серзанӣ	سيرزني
серзаҳ	سيرزه
серзаҳмат	سيرزحمت
серзилзила	سيرزلزله
серзина	سيرزينه
сериддао	سيرادعا
серилтифот	سيرالطفات
серинопазир	سيري ناپذير
серистеъмол	سيراستعمال
серишва	سيرعشوه
серӣ	سيري
серка	سيرکه
серкафк	سيرکفک
серкашмакаш	سير کشمکش
серкор	سيرکار
серкорӣ	سيرکاري
серкӯҳ	سيرکوه
серқабата	سير قبطه
серқилтиқ	سيرقلتق
серқилтиқӣ	سيرقلتقي
серқирра	سرقره
серқиррагӣ	سيرقرگي
серлой	سيرلاي
сермағал	سيرمغل
сермағз	سيرمغز
сермазмун	سير مضمون
серманаҳ	سيرمنه
сермасриф	سيرمصرف
сермаҳсул	سيرمحصول
сермаҳсулӣ	سيرمحصولي
сермашаққат	سيرمشقت
сермаъно	سيرمعنا
сермаъноӣ	سيرمعنائي
сермева	سيرميوه
сермевагӣ	سيرميوگي
сермеҳвар	سيرمحور
сермеҳнат	سيرمحنت
сермиллат	سيرملت
сермол	سيرمال
сермолӣ	سيرمالي
сермоҳӣ	سيرماهي
сермошин	سيرماشين
сермутолиа	سيرمطالعه
сермӯй	سيرموي
сернақшунигор	سيرنقش ونگار
сернам	سيرنم
сернамак	سيرنمک
сернамӣ	سيرنمي
сернасл	سيرنسل
сернаслӣ	سيرنسلي
сернашуданӣ	سيرنشدني
серноз	سيرناز
сернозунуз	سيرنازونوز
сернолиш	سيرنالش
сернуқта	سيرنقطه
сернусха	سيرنسخه
сернуфуз	سيرنفوذ
сернуфус	سيرنفوس
сероб	سيرآب
серобӣ	سيرآبي
серовоз	سيرآواز
серовозӣ	سيرآوازي
серодам	سيرآدم
серодамӣ	سيرآدمي
серожанг	سيرآژنگ
серозах	سيرآزخ
серороиш	سيرآرايش
серороишӣ	سيرآرايشي
серофтоб	سيرآفتاب
сероҳа	سه راهه
сероҷинг	سيرآجنگ
серошӯб	سيرآشوب
серпай	سيرپي
серпахта	سيرپخته
серпаҳлу	سيرپهلو
серпашм	سيرپشم
серпашмӣ	سيرپشمي
серпул	سيرپول
серпулӣ	سيرپولي
серравған	سيرروغن
серравғанӣ	سيرروغني
серранг	سيررنگ
серрангубор	سيررنگ وبار
серрафтуой	سيررفت وآي
серрафтуомад	سيررفت وآمد
серраха	سيررخه
серрахӣ	سيررخي
серреша	سيرريشه
серриш	سيرريش
серсабза	سيرسبزه
серсабзӣ	سيرسبزي
серсамара	سيرثمره
серсанг	سيرسنگ
серсафеда	سيرسفيده
серсоҳа	سيرساحه
серсоя	سيرسايه
серсӯрох	سيرسوراخ
сертакаллуф	سيرتکلف
сертакаллуфӣ	سيرتکلفي
серталаб	سيرطلب
серталабӣ	سيرطلبي
сертамаъ	سيرطمع
сертараддуд	سيرتردد
сертараддудӣ	سيرترددي
сертарафа	سيرطرفه
сертарқиш	سيرترقش
сертаҷриба	سيرتجربه
сертаҷрибагӣ	سيرتجربگي
серташаббус	سيرتشبس
серташвиш	سيرتشويش
сертеппа	سيرتپه
сертеъдод	سيرتعداد
сертор	سيرتار
сертухм	سيرتخم
серукна	سه رکنه
серун	سيرون
серунӣ	سيروني
серӯза	سيروزه
серӯзагӣ	سه روزگي
серӯя	سه رويه
серфарзанд	سيرفرزند
серфарзандӣ	سيرفرزندي
серфоида	سيرفايده
серхарид	سيرخريد
серхаридор	سيرخريدار
серхароҷот	سيرخراجات
серхарҷ	سيرخرج
серхоб	سيرخاب
серхобӣ	سيرخابي
серхок	سيرخاک
серхокистар	سيرخاکستر
серхона	سيرخانه
серхун	سيرخون
серхунӣ	سيرخوني
серхӯша	سيرخوشه
серҳавас	سيرهوس
серҳавсала	سيرحوصله
серҳаракат	سيرحرکت
серҳаракатӣ	سيرحرکتي
серҳиҷо	سيرهجا
серҳиҷоӣ	سيرهجائي
серҳосил	سيرحاصل
серҳосилӣ	سيرحاصلي
серҳуҷайра	سيرهجيره
серчим	سيرچيم
серҷабҳа	سيرجبهه
серҷангал	سيرجنگل
серҷанҷол	سيرجنجال
серҷоғ	سيرجاغ
серҷоғӣ	سيرجاغي
серҷунбуҷӯл	سيرجنب وجول
сершавӣ	سيرشوي
сершағал	سيرشغل
сершакл	سيرشکل
сершаклӣ	سيرشکليي
сершамол	سيرشمال
сершаҳват	سيرشهوت
сершилм	سيرشلم
сершилмӣ	سيرشلمي
сершир	سيرشير
сершира	سيرشيره
серширӣ	سيرشيري
сершох	سيرشاخ
сершумора	سيرشماره
серямоқ	سيريماق
серях	سيريخ
сесад	سه صد
сесадум	سه صدم
сесадумин	سه صدمين
сесоата	سه ساعته
сесоатина	سه ساعتينه
сесола	سه ساله
сесолагӣ	سه سالگي
сесӯ	سه سو
сетабақа	سه طبقه
сеталоқа	سه طلاقه
сетарафа	سه طرفه
сетира	سه تيره
сетогӣ	سه تاگي
сетоӣ	سه تائي
сетор	س ه تار
сеторӣ	سه تاري
сетӯ	سه تو
сеузва	سه عضوه
сефаза	سه فزه
сеҳазорӣ	سه هزاري
сеҳр	سحر
сеҳра	سهره
сеҳрангез	سحرانگيز
сеҳрабоз	سحرباز
сеҳрабозӣ	سحربازي
сеҳрбанд	سحربند
сеҳрбоф	سحرباف
сеҳргар	سحرگر
сеҳргарӣ	سحرگري
сеҳрзада	سحرزده
сеҳриҷ	صهريج
сеҳрият	صهريت
сеҳркирдор	سحرکردار
сеҳркор	سحرکار
сеҳркорӣ	سحرکاري
сеҳрнамо	سحرنما
сеҳрнигор	سحرنگار
сеҳрофарин	سحرآفرين
сеҳрсоз	سحرساز
сеҳрулбаён	سحرالبيان
сечанд	سه چند
сечандӣ	سه چندي
сечарха	سه چرخه
сеҷоя	سه جايه
сешанбе	سه شنبه
сешанбегӣ	سه شنبگي
сешоха	سه شاخه
сеюм	سه يم
сеюмин	سه يمين
сеяк	سه يک
сеякӣ	سه يکي
сибғат	صبغت
сибён	صبيان
сибил	سبيل
сибқат	سبقت
сиблат	سبلت
сибол	سبال
сибоъ	سباع
сиво	سوا
сивор	سوار
сигарет	سيگريت
сигнал	سگنل
сигналдиҳанда	سگنل دهنده
сигналдиҳӣ	سگنل دهي
сигол	سگال
сиголидан	سگاليدن
сиголиш	سگالش
сиголишгарӣ	سگالش گري
сигор	سيگار
сигорӣ	سيگاري
сигоркаш	سيگارکش
сигоркашӣ	سيگارکشي
сигорфурӯш	سيگارفروش
сигорфурӯшӣ	سيگارفروشي
сугустан	سگستن
сиға	صيغه
сиғар	صغر
сиғор	صغار
сиддиқ	صديق
сидирк	سدرک
сидқ	صدق
сидқӣ	صدقي
сидоқ	صداق
сидра	سدره
сиёдат	سيادت
сиёқ	سياق
сиёқат	سياقت
сиём	صيام
сиён	سيان
сиёнат	صيانت
сиёр	سيار
сиёсат	سياست
сиёсатбоз	سياست باز
сиёсатбозӣ	سياست بازي
сиёсатбоф	سياست باف
сиёсатгоҳ	سياست گاه
сиёсатдон	سياست دان
сиёсатмадор	سياستمدار
сиёсатмадорӣ	سياستمداري
сиёсатмадорона	سياستمدارانه
сиёсатнок	سياست ناک
сиёсатшинос	سياست شناس
сиёсатшиносӣ	سياست شناسي
сиёсигардонӣ	سياسي گرداني
сиёсӣ	سياسي
сиёҳ	سياه
сиёҳабрӯ	سياه ابرو
сиёҳак	سياهک
сиёҳакдор	سياهک دار
сиёҳалаф	سياه علف
сиёҳало	سياه علا
сиёҳандом	سياه اندام
сиёҳахтар	سياه اختر
сиёҳбадан	سياه بدن
сиёҳбанд	سياه بند
сиёҳбахт	سياه بخت
сиёҳбахтӣ	سياه بختي
сиёҳбед	سياه بيد
сиёҳбод	سياه باد
сиёҳбол	سياه بال
сиёҳботин	سياه باطن
сиёҳбурд	سياه برد
сиёҳбурут	سياه بروت
сиёҳгилем	سياه گليم
сиёҳгӯш	سياه گوش
сиёҳдарун	سياه درون
сиёҳдил	سياه دل
сиёҳдилӣ	سياه دلي
сиёҳдона	سياه دانه
сиёҳдук	سياه دوک
сиёҳзамин	سياه زمين
сиёҳзулф	سياه زلف
сиёҳидон	سياهي دان
сиёҳӣ	سياهي
сиёҳкор	سياه کار
сиёҳкоса	سياه کاسه
сиёҳқаламӣ	سياه قلمي
сиёҳқош	سياه قاش
сиёҳмилла	سياه مله
сиёҳмушкин	سياه مشکين
сиёҳмӯй	سياه موي
сиёҳнавис	سياه نويس
сиёҳном	سياه نام
сиёҳнома	سياهنامه
сиёҳномӣ	سياهنامي
сиёҳоб	سياه آب
сиёҳолу	سياه آلو
сиёҳпашм	سياه پشم
сиёҳпир	سياه پير
сиёҳпӯст	سياه پوست
сиёҳпӯш	سياه پوش
сиёҳпӯшӣ	سياه پوشي
сиёҳраг	سياه رگ
сиёҳранг	سياه رنگ
сиёҳриш	سياه ريش
сиёҳрӯз	سياه روز
сиёҳрӯзгор	سياه روزگار
сиёҳрӯзӣ	سياه روزي
сиёҳрӯӣ	سياه روئي
сиёҳрӯй	سياه روي
сиёҳсанг	سياه سنگ
сиёҳсар	سياه سر
сиёҳсурфа	سياه سرفه
сиёҳтинат	سياه طينت
сиёҳтоб	سياه تاب
сиёҳтолеъ	سياه طالع
сиёҳтут	سياه توت
сиёҳтӯруқ	سياه توروق
сиёҳфом	سياهفام
сиёҳфомӣ	سياهفامي
сиёҳхок	سياه خاک
сиёҳхол	سياه خال
сиёҳча	سياهچه
сиёҳчаранг	سياهچه رنگ
сиёҳчурда	سياه چورده
сиёҳчарда	سياه چرده
сиёҳчатоб	سياه چتاب
сиёҳчашм	سياه چشم
сиёҳчеҳра	سياه چهره
сиёҳшавӣ	سياه شوي
сиёҳшуда	سياه شده
сикангубин	سکنگبين
сиканҷ	سکنج
сиканҷа	سکنجه
сиканҷабин	سکنجبين
сикка	سکّه
сиккадор	سکّه دار
сиккадуруст	سکّه درست
сикказан	سکّه زن
сикказанӣ	سکّه زني
сиккахона	سکّه خانه
сиклон	سکلان
сикоҳан	سکاهن
сиқа	ثقه
сиққондан	سقّاندن
сиқл	ثقل
сиқлат	ثقلت
сиқол	صقال
сил	سل
сила	سيله
силавсин	سلوسن
силаандеш	صله انديش
силаҳ	سلح
силаҳшӯр	سلح شور
силбода	سلباده
силикат	سلکت
силиқ	سلق
силиндр	سليندر
силӣ	سلي
силк	سلک
силкасал	سل کسل
силлогизм	سلا گيزم
силос	سيلاس
силосхобонӣ	سيلاس خاباني
силоҳ	سلاح
силоҳбадаст	سلاح به دست
силоҳбардор	سلاح بردار
силоҳбарорӣ	سلاح براري
силоҳдор	سلاح دار
силоҳдорӣ	سلاح داري
силоҳнок	سلاح ناک
силоҳпартоӣ	سلاح پرتائي
силоҳсоз	سلاح ساز
силоҳсозӣ	سلاح سازي
силоҳфурӯш	سلاح فروش
силоҳфурӯшӣ	سلاح فروشي
силоҳхона	سلاح خانه
силоҳҷаллоб	سلاح جلاب
силоҳҷаллобӣ	سلاح جلابي
силоҳшӯр	سلاح شور
силсила	سلسله
силсилабанд	سلسله بند
силсилабандӣ	سلسله بندي
силсиладор	سلسله دار
силсилазулф	سلسله ذلف
силсилакӯҳ	سلسله کوه
силсиламӯй	سلسله موي
силсиланома	سلسله نامه
силсилапайванд	سلسله پيوند
силсилаҷунбон	سلسله جنبان
силтав	سلتو
сим	سيم
симандом	سيم اندام
симандуд	سيم اندود
симандуда	سيم اندوده
симарра	سيم اره
симат	سمت
симбаёз	سيم بياض
симбар	سيم بر
симбоз	سيم باز
симбор	سيم بار
симбур	سيم بر
симгун	سيم گون
симгуна	سيم گونه
симдор	سيم دار
симдӯзӣ	سيم دوزي
симиё	سيميا
симин	سيمين
симина	سيمينه
симинандом	سيمين اندام
симинбадан	سيمين بدن
симинбанд	سيمين بند
симинбар	سيمين بر
симинпайкар	سيمين پيکر
симинранг	سيمين رنگ
симинтан	سيمين تن
симинфом	سيمين فان
симӣ	سيمي
симкаш	سيم کش
симкашӣ	سيم کشي
симкор	سيم کار
симкорӣ	سيم کاري
симкуш	سيم کش
симкӯб	سيم کوب
симмоҳӣ	سيم ماهي
симо	سيما
симоб	سيماب
симобвор	سيماب وار
симобдил	سيماب دل
симобиранг	سيماب ي رنگ
симобичашм	سيماب ي چشم
симобӣ	سيمابي
симом	صمام
симор	ثمار
симот	سماط
симоъ	سماع
симпайкар	سيم پيکر
симпеч	سيم پيچ
симпозиум	سمپازيوم
симполо	سيمپالا
симсим	سمسم
сим-сим	سيم سيم
симсор	سمسار
симтан	سيم تن
симтанӣ	سيم تني
симтӯр	سيم تور
симурғ	سيمرغ
симфония	سمفانيه
симфонӣ	سمفاني
симхор	سيمخار
симчӯб	سيم چوب
симъизор	سيم عذار
симэлак	سيم ايلک
син	سين
синн	سن
сина	سينه
синаафгор	سينه افگار
синабанд	سينه بند
синабирён	سينه بريان
синагудоз	سينه گداز
синадард	سينه درد
синадӯз	سينه دوز
синазанӣ	سينه زني
синакабоб	سينه کباب
синакалон	سينه کلان
синакӯб	سينه کوب
синамак	سينه مک
синамо	سينما
синамоӣ	سينمائي
синапаҳн	سينه پهن
синареш	سينه ريش
синасафед	سينه سفيد
синасипар	سينه سپر
синасоф	سينه صاف
синасӯз	سينه سوز
синатахт	سينه تخت
синафарох	سينه فراخ
синахалта	سينه خلته
синахарош	سينه خراش
синахурӯш	سينه خروش
синахҷ	سنخج
синачок	سينه چاک
синашикоф	سينه شکاف
синга	سنگه
сингак	سنگک
сингор	سنگار
синд	سند
синдикализм	سنديکليزم
синдикалист	سنديکليست
синдикат	سنديکت
синдон	سندان
синӣ	سيني
синк	سنک
синнимактабӣ	سن مکتبي
синоат	صناعت
синон	سنان
синонгузорӣ	سنان گذاري
синоним	سينانم
синтагма	سنتگمه
синтаксис	سينتکسيس
синтаксисӣ	سينتکسيسي
синтез	سينتيز
синтетика	سينتتيکه
синтетикӣ	سينتتيکي
синус	سينس
синф	صنف
синфӣ	صنفي
синхрония	سنخرانيه
синхронӣ	سنخراني
синча	سنچه
синчакор	سنچه کار
синчакорона	سنچه کارانه
синҷ	سنج
сиоят	سعايت
сионизм	سيانيزم
сиоятнамо	سعايت نما
сипанд	سپند
сипанддона	سپنددانه
сипандон	سپندان
сипандормуз	سپندآرمز
сипанҷ	سپنج
сипар	سپر
сипарам	سپرم
сипарбоз	سپرباز
сипарболак	سپربالک
сипарғам	سپرغم
сипардевор	سپرديوار
сипардевора	سپرديواره
сипардор	سپردار
сипардорӣ	سپرداري
сипарӣ	سپري
сипармонанд	سپرمانند
сипарчагул	سپرچه گل
сипарҷӣ	سپرجي
сипаршакл	سپرشکل
сипас	سپس
сипаҳ	سپه
сипаҳбад	سپهبد
сипаҳдор	سپه دار
сипаҳдорӣ	سپه داري
сипаҳкаш	سپه کش
сипаҳсарвар	سپه سرور
сипаҳсолор	سپه سالار
сипаҳсолорӣ	سپه سالاري
сипаҳшикан	سپه شکن
сипеҳр	سپهر
сипеҳрвор	سپهروار
сипеҳрсой	سپهرساي
сипор	سپار
сипора	سپاره
сипос	سپاس
сипоса	سپاسه
сипосгузор	سپاسگذار
сипосгузорӣ	سپاسگذاري
сипосгӯй	سپاسگوي
сипосдор	سپاسدار
сипостан	سپاستن
сипоҳ	سپاه
сипоҳгарӣ	سپاه گري
сипоҳгарона	سپاه گرانه
сипоҳигарӣ	سپاهيگري
сипоҳӣ	سپاهي
сипоҳона	سپاهانه
сипоҳсолор	سپاه سالار
сипоҳсолорӣ	سپاه سالاري
сип-сиёҳ	سيپ سياه
сипурдан	سپردن
сипурз	سپرز
сипӯзгор	سپوزگار
сипӯзидан	سپوزيدن
сипӯзкор	سپوزکار
сир	سر
сирр	سر
сирак	سيرک
сиракӣ	سيرکي
сират	سيرت
сиратан	سيرتاً
сирбол	سربال
сиргар	سرگر
сирдавонӣ	سردواني
сирдиҳӣ	سردهي
сирдон	سردان
сирдор	سردار
сирдошт	سرداشت
сиреш	سريش
сирешим	سريشم
сиришк	سرشک
сиришкрез	سرشک ريز
сиришт	سرشت
сиришта	سرشته
сириштан	سرشتن
сириштӣ	سرشتي
сирк	سرک
сирка	سرکه
сирканҷабин	سرکنجبين
сиркапешонӣ	سرکه پيشاني
сиркбоз	سيرک باز
сиркбозӣ	سيرک بازي
сирко	سرکا
сиркоӣ	سرکاي
сирқат	سرقت
сирқатӣ	سرقتي
сирқот	سرقات
сирнок	سرناک
сирот	صراط
сироҷ	سراج
сироят	سرايت
сироятӣ	سرايتي
сирояткунанда	سرايت کننده
сироятнопазир	سرايت ناپذير
сирпиёз	سيرپياز
сирпӯшӣ	سرپوشي
сирран	سراً
сиррӣ	سري
сирф	صرف
сирфан	صرفاً
сирфошкунанда	سرفاشکننده
сисанбар	سيسنبر
сисола	سي ساله
сисолагӣ	سي سالگي
система	سيستيمه
систерна	سسستيرنه
систематикӣ	سيستيمتکي
сит	صيت
ситабрӣ	ستبري
ситад	ستد
ситидан	ستيدن
ситам	ستم
ситамандеш	ستم انديش
ситамгарӣ	ستم گري
ситамгора	ستمگاره
ситамдида	ستم ديده
ситамзада	ستم زده
ситамкада	ستم کده
ситамкаш	ستم کش
ситамкашида	ستم کشيده
ситамкор	ستم کار
ситамкорӣ	ستم کاري
ситампеша	ستم پيشه
ситампешагӣ	ستم يشگي
ситамрасида	ستم رسيده
ситанба	ستنبه
ситеғ	ستيغ
ситез	ستيز
ситеза	ستيزه
ситезанда	ستيزنده
ситезакор	ستيزه کار
ситезакорӣ	ستيزه کاري
ситезароӣ	ستيزه رائي
ситезарӯй	ستيزه روي
ситезаҷӯй	ستيزجوي
ситезидан	ستيزيدن
ситем	ستيم
ситер	ستير
ситеҳидан	ستيهيدن
сито	ستا
ситоғ	ستاغ
ситоғкурра	ستاغ کره
ситод	ستاد
ситодан	ستادن
ситозан	ستازن
ситоидан	ستايدن
ситоиш	ستايش
ситоишгар	ستايش گر
ситоишгоҳ	ستايش گاه
ситоишкор	ستايش کار
ситоишсаро	ستايش سرا
ситок	ستاک
ситом	ستام
ситон	ستان
ситона	ستانه
ситонанда	ستاننده
ситониш	ستانش
ситоплазма	سيتاپلزمه
ситора	ستاره
ситорабор	ستاره بار
ситоравор	ستاره وار
ситорагарм	ستاره گرم
ситорагармӣ	ستاره گرمي
ситоразор	ستاره زار
ситорамонанд	ستاره مانند
ситорасипоҳ	ستاره سپاه
ситорасӯхта	ستاره سوخته
ситоратӯда	ستاره توده
ситорахунук	ستاره خنک
ситорашакл	ستاره شکل
ситорашинос	ستاره شناس
ситорашиносӣ	ستاره شناسي
ситорашумор	ستاره شمار
ситорашуморӣ	ستاره شماري
ситр	ستر
ситвус	ستوس
ситрус	سيترس
ситрусӣ	سترسي
ситруспарвар	سترس پرور
ситруспарварӣ	سترسپروري
сутуда	ستوده
ситуда	ستوده
ситудамаош	ستوده معاش
ситудан	ستودن
ситудахисол	ستوده خصال
ситург	سترگ
сутурдан	ستردن
ситурдан	ستردن
сифат	صفت
сифатан	صفتاً
сифатӣ	صفتي
сифатнок	سفت ناک
сифла	سفله
сифлагӣ	سفلگي
сифлапарвар	سفله پرور
сифлатабъ	سفله طبع
сифлӣ	سفلي
сифот	صفات
сифр	صفر
сифрвор	صفروار
сих	سيخ
сихгӯш	سيخ گوش
сихкабоб	سيخ کباب
сихкабобпаз	سيخ کباب پز
сихмолакунӣ	سيخماله کني
сихмоларонӣ	سيخماله راني
сихпар	سيخپر
сихроҳа	سيخ راهه
сихрӯда	سيخروده
сихча	سيخچه
сиҳат	صحت
сиҳатбахш	صحت بخش
сиҳатёбанда	صحت يابنده
сиҳатёбӣ	صحت يابي
сиҳатӣ	صحتي
сиҳаткунанда	صحت کننده
сиҳатшаванда	صحت شونده
сиҳатшавӣ	صحت شوي
сиҳҳат	صحت
сиҳиқад	سهي قد
сиҳисарв	سهي سرو
сиҳӣ	صحي
сиҳом	سهام
сиҷил	سجل
сиҷн	سجن
сиюм	سيوم
сиюмин	سيومين
сиюрғол	سيورغال
сияр	سير
сияҳ	سيه
сияҳак	سيهک
сияҳбахт	سيه بخت
сияҳбодом	سيه بادام
сияҳгилем	سيه گليم
сияҳгӯш	سيه گوش
сияҳдил	سيه دل
сияҳдилӣ	سيه دلي
сияҳӣ	سيهي
сияҳком	سيه کام
сияҳкомӣ	سيه کامي
сияҳкор	سيه کار
сияҳкорӣ	سيه کاري
сияҳкоса	سيه کاسه
сияҳкӯш	سيه کوش
сияҳмаст	سيه مست
сияҳном	سيه نام
сияҳнома	سيه نامه
сияҳномӣ	سيه نامي
сияҳолу	سيه آلو
сияҳпистон	سيه پستان
сияҳпӯш	سيه پوش
сияҳранг	سيه رنگ
сияҳриш	سيه ريش
сияҳрӯз	سيه روز
сияҳрӯзгор	سيه روزگار
сияҳрӯзӣ	سيه روزي
сияҳрӯй	سيه روي
сияҳсар	سي ه سر
сияҳситора	سيه ستاره
сияҳтоб	سيه تاب
сияҳфом	سيه فام
сияҳхок	سيه خاک
сияҳчарда	سيه چرده
сияҳчашм	سي ه چشم
сияҳчеҳра	سي ه چهره
сияҳчол	سيه چال
сияҳҷома	سيه جامه
сӣ	سي
скафандр	سکفندر
скептитсизм	سکيپتتسيزم
скипидар	سکپيدر
склероз	سکليراز
скрипка	سکريپکه
славянӣ	سلويني
славяншинос	سلوين شناس
славяншиносӣ	سلوين شناسي
словакӣ	سلاوکي
смета	سميته
снайпер	سنيپر
соат	ساعت
соатбайъ	ساعت بيع
соаткиса	ساعت کيسه
соатсоз	ساعت ساز
соатсозӣ	ساعت سازي
собиқ	سابق
собиқа	سابقه
собиқан	سابقاً
собиқуззикр	سابق الذکر
собир	صابر
собирӣ	صابري
собирона	صابرانه
собит	ثابت
собитазм	ثابيت عزم
собитқадам	ثابت قدم
собитқадамӣ	ثابت قدمي
собитқадамона	ثابت قدمانه
собитрой	ثابت رأي
собот	سابات
соботнок	ساباتناک
собун	صابون
собунак	صابونک
собунгар	صابونگر
собунгарӣ	صابونگري
собунпаз	صابون پز
собунпазӣ	صابون پزي
собунпазхона	صابونپزخانه
собуншӯӣ	صابون شوئي
сов	ساو
соварӣ	ساوري
советӣ	ساويتي
совидан	ساويدن
совлиқ	ساولق
совхоз	ساوخاز
соғ	ساغ
соғар	ساغر
соғаркаш	ساغرکش
соғаркашӣ	ساغرکشي
соғу	ساغو
соғутарош	ساغوتراش
соғутарошӣ	ساغوتراشي
сод	صاد
сода	ساده
содагӣ	سادگي
содадил	ساده دل
содадилӣ	ساده دلي
содадилона	ساده دلانه
содазанах	ساده زنخ
содаизор	ساده عذار
содаизорӣ	ساده عذاري
содалавҳ	ساده لوح
содалавҳӣ	ساده لوحي
содалавҳона	ساده لوحانه
соданависӣ	ساده نويسي
содарафтор	ساده رفتار
содарафторӣ	ساده رفتاري
содарӯй	ساده روي
содарӯӣ	ساده روئي
содиқ	صادق
содиққавл	صادق قول
содиқона	صادقانه
содиқулқавл	صادق القول
содир	صادر
содира	صادره
содиркунанда	صادرکننده
содирот	صادرات
содиротӣ	صادراتي
содот	سادات
соз	ساز
созанда	سازنده
созандагӣ	سازندگي
созандакор	سازنده کار
созвар	سازور
созвор	سازوار
созворӣ	سازواري
созгор	سازگار
созгорӣ	سازگاري
созидан	سازيدن
созиш	سازش
созишгар	سازشگر
созишгарӣ	سازشگري
созишгарона	سازشگرانه
созишкор	سازشکار
созишкорӣ	سازشکاري
созишкорона	سازشکارانه
созишкунӣ	سازش کني
созишнома	سازش نامه
созишнопазир	سازش ناپذير
созмон	سازمان
созмондеҳ	سازمان ده
созмондиҳанда	سازمان دهنده
созмондиҳӣ	سازمان دهي
созондан	سازاندن
созу	سازو
соибраъйӣ	صائب رأيي
соибтадбир	صائب تدبير
соиғ	صايغ
соид	صاعد
соидан	سائيدن
соидсафед	ساعدسفيد
соиқ	سائق
соиқа	صاعقه
соиқабор	صاعقه بار
соилӣ	سائلي
соим	صايم
соин	صائن
соир	سائر
соис	سائس
соиш	سايش
сой	ساي
сокиб	ساکب
сокин	ساکن
сокинак	ساکنک
сокинраг	ساکنرگ
сокит	ساکت
сокитӣ	ساکتي
сокитона	ساکتانه
сокӯл	ساکول
соқ	ساق
соқа	ساقه
соқиб	ثاقب
соқинома	ساقي نامه
соқит	ساقط
соқия	ساقيه
соқӣ	ساقي
солбанд	سال بند
солбар	سال بر
солгард	سالگرد
солгардонӣ	سالگرداني
солгашт	سال گشت
солғут	سالغوت
солдида	سال ديده
солдор	سال دار
солеҳ	صالح
солеҳона	صالحانه
солиб	سالب
солиғ	سالغ
солиён	ساليان
солиёна	ساليانه
солик	سالک
солим	سالم
солимақл	سالم عقل
солимақлӣ	سالم عقلي
солиман	سالماً
солимгардонӣ	سالم گرداني
солимӣ	سالمي
солимфикр	سالم فکر
солимфикрӣ	سالم فکري
солинавӣ	سالنوي
солис	ثالث
солисан	ثالثاً
солиф	سالف
солманд	سالمند
солнома	سالنامه
солноманавис	سالنامه نويس
солноманависӣ	سالنامه نويسي
солозмой	سال آزماي
солона	سالانه
солор	سالار
солрӯз	سالروز
солу	سالو
солук	سالوک
солус	سالوس
солусӣ	سالوسي
солхӯрда	سالخورده
солхӯрдагӣ	سلخوردگي
солшуморӣ	سالشماري
сом	سام
сомм	سام
сомеа	صامعه
сомеҳ	سامح
сомеъ	صامع
сомин	ثامن
сомит	صامت
сомӣ	سامي
сомон	سامان
сомона	سامانه
сомониён	سامانيان
сомонӣ	ساماني
сомонолот	سامان آلات
сомонсӯз	سامان سوز
сон	سان
соната	سانته
сонет	سانيت
сонеъ	صانع
сонеҳа	صانحه
сония	ثانيه
сониявӣ	ثانيوي
сониягард	ثانيه گرد
сониян	ثانياً
сониясанҷ	ثانيه سنج
сонияшумор	ثانيه شمار
сонӣ	ثاني
соот	ساعات
сор	سار
соранг	سارنگ
соранҷ	سارنج
сорбон	ساربان
сорбонсарой	ساربان سراي
сорбонхона	ساربان خانه
сорвон	ساروان
сориқ	سارق
сорим	صارم
сориф	صارف
сорӣ	ساري
соруҷ	سارج
соскан	ساسکن
сосониён	ساسانيان
сосонӣ	ساساني
сотгин	ساتگين
сотеъ	ساطع
сотир	ساتر
сотсиализм	ساتسيئليزم
сотсиалист	ساتسئليست
сотсиалистӣ	ساتسيئليستي
сотур	ساطور
соф	صاف
софгавҳар	صاف گوهر
софдил	صاف دل
софдилӣ	صاف دلي
софдилона	صافدلانه
софзамир	صاف ضمير
софил	سافل
софисират	صافي سيرت
софитинат	صافي طينت
софихамир	صافي خمير
софият	صافيت
софӣ	صافي
софкорӣ	صاف کاري
софқалб	صاف قلب
софмашраб	صاف مشرب
софтинат	صاف طينت
сохт	ساخت
сохта	ساخته
сохтагӣ	ساختگي
сохтакор	ساخته کار
сохтакорӣ	ساخته کاري
сохтакорона	ساخته کارانه
сохтан	ساختن
сохтмон	ساختمان
сохтмонӣ	ساختماني
сохтор	ساختار
сохтук	ساختوک
соҳа	ساحه
соҳиб	صاحب
соҳибадолат	صاحب عدالت
соҳибаёл	صاحب عيال
соҳибақл	صاحب عقل
соҳибафсар	صاحب افسر
соҳибахлоқ	صاحب اخلاق
соҳиббарид	صاحب بريد
соҳибғараз	صاحب غرض
соҳибдавлат	صاحب دولت
соҳибдевон	صاحب ديوان
соҳибдил	صاحب دل
соҳибзавқ	صاحب ذوق
соҳибзамин	صاحب زمين
соҳибидрок	صاحب ادراک
соҳибиқбол	صاحب اقبال
соҳибиқтидор	صاحب اقتدار
соҳибимзо	صاحب امضا
соҳибимтиёз	صاحب امتياز
соҳибиноят	صاحب عنايت
соҳибинтизом	صاحب انتظام
соҳибирода	صاحب اراده
соҳибистеъдод	صاحب استعداد
соҳибистиқлол	صاحب استقلال
соҳибихтиёр	صاحب اخيار
соҳибихтиёрӣ	صاحب اختياري
соҳибихтисос	صاحب اختصاص
соҳибӣ	صاحبي
соҳибкалом	صاحب کلام
соҳибкамол	صاحب کمال
соҳибкарам	صاحب کرم
соҳибкаромат	صاحب کرامت
соҳибкитоб	صاحب کتاب
соҳибкор	صاحبکار
соҳибкорӣ	صاحب کاري
соҳибкулоҳ	صاحب کلاه
соҳибқалам	صاحب قلم
соҳибқирон	صاحب قران
соҳибқувват	صاحب قوت
иблисон	صاحب لسان
соҳибманзалат	صاحب منزلت
соҳибмансаб	صاحب منصب
соҳибмаслиҳат	صاحب مصلحت
соҳибмаълумот	صاح ب معلومات
соҳибмоя	صاحب مايه
соҳибназар	صاحب نظر
соҳибнеъмат	صاحب نعمت
соҳибном	صاحب نام
соҳибномус	صاحب ناموس
соҳибнуфуз	صاحب نفوذ
соҳибраъй	صاحب رعي
соҳибсалиқа	صاحب سليقه
соҳибсалтанат	صاحب سلطنت
соҳибсаодат	صاحب سعادت
соҳибсарир	صاحب سرير
соҳибсармоя	صاحب سرمايه
соҳибсахо	صاحب سخا
соҳибсимоъ	صاحب سماع
соҳибсукун	صاحب سکون
соҳибсуқ	صاحب سوق
соҳибсухан	صاحب سخن
соҳибтабъ	صاحب طبع
соҳибтадбир	صاحب تدبير
соҳибтараддуд	صاحب تردد
соҳибтафаккур	صاحب تفکر
соҳибтафаррус	صاحب تفرس
соҳибтахт	صاحب تخت
соҳибтаҷаммул	صاحب تجمل
соҳибтаҷриба	صاحب تجربه
соҳибтаҷрибагӣ	صاحب تجربگي
соҳибтоҷ	صاحب تاج
соҳибулҷайш	صاحب الجيش
соҳибфаросат	صاحب فراصت
соҳибфаҳм	صاحب فهم
соҳибфикр	صاحب فکر
соҳибфирош	صاحب فراش
соҳибхабар	صاحب خبر
соҳибхирад	صاحب خرد
соҳибхона	صاحب خانه
соҳибхоназан	صاحب خانه زن
соҳибҳашамат	صاحب حشمت
соҳибҳиммат	صاحب همت
соҳибҳуқуқ	صاحب حقوق
соҳибҳунар	صاحب هنر
соҳибчангол	صاحب چنگال
соҳибҷамол	صاحب جمال
соҳибҷашн	صاحب جشن
соҳибҷоҳ	صاحب جاه
соҳибъиёр	صاحب عيار
соҳибэҳсон	صاحب احسان
соҳибэҳтиром	صاحب احترام
соҳибэътибор	صاحب اعتبار
соҳил	ساحل
соҳилбандӣ	ساحل بندي
соҳилнишин	صاحل نشين
соҳир	ساحر
соҳира	ساهره
соҳирӣ	ساحري
соҳирона	ساحرانه
соҳӣ	ساهي
соч	ساچ
сочма	ساچمه
сочмадон	ساچمه دان
сочмарез	ساچمه ريز
сочмарезӣ	ساچمه ريزي
соҷ	ساج
соҷгун	ساج گون
соҷид	ساجد
соъ	صاع
соъхоҳ	صاع خاه
соя	سايه
сояандоз	سايه انداز
сояафкан	سايه افکن
соябон	سايه بان
соябонгул	سايه بان گل
соябоншакл	سايه بان شکل
соягард	سايه گرد
соягоҳ	سايه گاه
соягир	سايه گير
соягӣ	سايگي
соягустар	سايه گستر
соядаст	سايه دست
соядор	سايه دار
соядӯст	سايه دوست
соязада	سايه زده
сояманд	سايه مند
соянамо	سايه نما
соянишин	سايه نشين
соянок	سايه ناک
сояпараст	سايه پرست
сояпарвард	سايه پرورد
сояпарварда	سايه پرورده
соярав	سايه رو
сояравшан	سايه روشن
соярӯ	سايه رو
соясифат	سايه صفت
сояфикан	سايه افکن
соячашм	سايه سايه
спартакиада	سپرتکيئده
спектакл	سپيکتکل
спектр	سپيکتر
спикер	سپيکر
спирт	سپيرت
спиртдор	سپيرت دار
спиртӣ	سپيرتي
спиртнок	سپيرت ناک
спорт	سپارت
спортлото	سپارت لاتا
стадион	ستدئان
стакан	ستکان
стандарт	ستندرت
стандартонӣ	ستندرتاني
старшина	سترشينه
стенограмма	ستيناگرمه
стенография	ستيناگرفيه
стерилизатсия	ستيرليزتسيه
стетоскоп	ستيتاسکاپ
стоматология	ستامتالاگيه
стратегия	سترتيگيه
стратегӣ	سترتيگي
стратостат	سترتاستت
стратосфера	سترتاسفيره
студент	ستودينت
студия	ستوديه
стюардесса	ستيوارديسه
суъ	سوء
суадо	سعدا
субйект	سبئيکت
субйективизм	سبئيکتيويزم
субйективӣ	سبئيکتيوي
субот	ثبات
суботкор	ثبات کار
суботкорӣ	ثبات کاري
суботкорона	ثبات کارانه
субстансия	سبستنسيه
субстрат	سبسترت
субтропикӣ	سبتراپکي
субул	سبل
субур	ثبور
субут	ثبوت
субӯҳ	صبوح
субҳ	صبح
субҳгоҳӣ	صبحگاهي
субҳдам	صبحدم
субҳидам	صبحدم
субҳон	سبحان
субҳона	سبحانه
субҳоналлоҳ	سبحان الله
субъ	سبع
сувар	صور
суварӣ	صوري
суварнигор	صورنگار
суввол	سوال
суғба	سغبه
суғдӣ	سغدي
суғуд	سغود
суғур	سغر
суғурта	سغرته
суғуртапулӣ	سغرته پولي
суд	سود
суда	سوده
судад	سودد
судан	سودن
судбахш	سودبخش
судбоз	سودباز
судбозӣ	سودبازي
судда	سده
судӣ	سودي
судманд	سودمند
судмандӣ	سودمندي
судоб	سوداب
судобӣ	سودابي
судовар	سود آور
судонӣ	سوداني
судоъ	صداع
судоъпазир	صداع پذير
судпараст	سودپرست
судпарастӣ	سودپرستي
судпарастона	سودپرستانه
судра	صدره
судур	صدور
судхӯр	سودخور
судхӯрӣ	سودخوري
судшаванда	سودشونده
судя	سوديه
суизанн	سوءظن
суиидора	سوءاداره
суиистеъмол	سوءاستعمال
суиистифода	سوءاستفاده
суиқасд	سوءقصد
суккон	سکان
суккондор	سکاندار
сукно	سکني
сукр	سکر
сукрангез	سکرنگيز
сукровар	سکر آور
сукун	سکون
сукунат	سکونت
сукурра	سکره
сукут	سکوت
суқ	سوق
суқба	ثقبه
суқийя	سوقيه
суқот	سقاة
суқут	سقوط
сулл	سل
сулаҳфот	سلحفات
сулб	صلب
сулбия	سلبيه
сулбӣ	صلبي
суллам	سلم
суллоб	صلاب
сулола	سلاله
сулолавӣ	سلالوي
сулс	ثلث
сулсул	صلصل
султон	سلطان
султонӣ	سلطاني
сулук	سلوک
сулфа	سلفه
сулфакабутак	سلفکبوتک
сулфат	سلفت
сулфид	سلفيد
сулфидан	سلفيدن
сулфур	سلفور
сулфурдор	سلفوردار
сулуқ	سلوق
сулҳ	صلح
сулҳдӯст	صلح دوست
сулҳдӯстӣ	صلحدوستي
сулҳдӯстона	صلح دوستانه
сулҳия	صلحيه
сулҳнома	صلحنامه
сулҳнопазир	صلح ناپذير
сулҳовар	صلح آور
сулҳпараст	صلح پرست
сулҳпарастӣ	صلح پرستي
сулҳпарвар	صلح پرور
сулҳпарварӣ	صلح پروري
сулҳталаб	صلح طلب
сулҳталабӣ	صلح طلبي
сулҳталабона	صلح طلبانه
сулҳхоҳ	صلح خواه
сулҳхоҳӣ	صلح خواهي
сулҳфурӯш	صلح فروش
сулҳҷӯ	صلحجو
сулҳҷӯёна	صلح جويانه
сулҳҷӯӣ	صلح جوي
сум	سم
сумм	سم
сумалак	سملک
суманак	سمنک
суманбӯй	سمنبوي
сумансой	سمنساي
сумба	سمبه
сумбагӣ	سمبگي
сумбода	سمباده
сумбул	سمبل
сумбула	سمبله
сумдор	سمدار
сумкаш	سمکش
сумкӯб	سم کوب
суммоқ	سماق
суммот	سمات
сумра	سمره
сумтарош	سم تراش
сумувв	سمو
сумум	سموم
сумут	صموت
сумҷ	سمج
сун	سون
сунами	سنمي
сунб	سنب
сунба	سنبه
сунбагӣ	سنبگي
сунбидан	سنبيدن
сунбода	سنباده
сунбонидан	سنبانيدن
сунбул	سنبل
сунбула	سنبله
сунбулистон	سنبلستان
сунғур	سنغر
сундус	سندس
суниш	سونش
сунқур	سنقر
суннат	سنت
суннатгароӣ	سنتگراي
суннатӣ	سنتي
суннимазҳаб	سني مذهب
суннӣ	سني
сунноъ	صناع
сунуф	صنوف
сунӯҳ	سنه
сунъ	صنع
сунъисохт	صنعي ساخت
сунъӣ	صنعي
суол	سؤال
супареғ	سپريغ
супор	سپار
супоранда	سپارنده
супурдан	سپاردن
супориш	سپارش
супоришгар	سپارش گر
супоришдиҳанда	سپارش دهنده
супоришӣ	سپارشي
супоришнома	سپارشنامه
суп-сурх	سپ سرخ
супурз	سپرز
сур	سور
сура	سوره
сурайё	ثريا
сурайёмакон	ثريا مکان
сурайёмақом	ثريا مقام
сурайёсарир	ثريا سرير
суранҷон	سرنجان
сурат	صورت
суратгар	صورت گر
суратгарӣ	صورتگري
суратгир	صورت گير
суратгирӣ	صورت گيري
суратдор	صورت دار
суратзеб	صورت زيب
сураткада	صورت کده
сураткаш	صورت کش
сураткашӣ	صورت کشي
суратмаҷлис	صورت مجلس
суратнигор	صورت نگار
суратнигорӣ	صورت نگاري
суратнок	صورت ناک
суратнопазир	صورت ناپذير
суратнопазирӣ	صورت ناپذيري
суратпазир	صورت پذير
суратпазирӣ	صورت پذيري
суратпараст	صورت پرست
суратпарастӣ	صورتپرستي
суратсоз	صورت ساز
суратхона	صور ت خانه
суратҳисоб	صورت حساب
суратчистон	صور ت چستان
сурб	سرب
сурбин	سربين
сурбӣ	سربي
сурғуч	سرغوچ
сурғучӣ	سرغوچي
суриёнӣ	سورياني
сурин	سرين
суринҷ	سرنج
сурӣ	سوري
сурма	سرمه
сурмагун	سرمه گون
сурмадон	سرمه دان
сурмаӣ	سرمه اي
сурмакаш	سرمکش
сурмакашак	سرمکشک
сурмакашӣ	سرمه کشي
сурманок	سرمه ناک
сурмаранг	سرمه رنگ
сурмасо	سرمه سا
сурмасон	سرمه سان
сурмафом	سرمه فام
сурмахок	سرمه خاک
сурмачӯб	سرمه چوب
сурнай	سرني
сурнайнавоз	سرني نواز
сурнайнавозӣ	سرني نوازي
сурнайча	سرنيچه
сурнайчӣ	سرنيچي
сурноӣ	سرنائي
сурной	سرناي
суроб	سراب
суроғ	سراغ
суроға	سراغه
сурон	سران
суросур	سراسور
суроҳ	صراح
суроҳӣ	صراحي
сурра	صره
суру	سرو
суруд	سرود
суруда	سروده
сурудан	سرودن
сурудгӯӣ	سرودگوئي
суруддӯст	سرود دوست
суруднавис	سرودنويس
суруднависӣ	سرودنويسي
сурудсарой	سرودسراي
сурудхон	سرودخوان
сурудхонӣ	سرودخواني
сурук	سروک
сурун	سرون
сурур	سرور
сурурангез	سرورانگيز
сурурбахш	سروربخش
суруровар	سرورآور
сурӯш	سوروش
сурфа	سرفه
сурфидан	سرفيدن
сурх	سرخ
сурхак	سرخک
сурхакон	سرخکان
сурхбед	سرخ بيد
сурхбинӣ	سرخ بيني
сурхзамин	سرخ زمين
сурхина	سرخينه
сурхинарӯй	سرخينه روي
сурхӣ	سرخي
сурхмӯй	سرخ موي
сурхной	سرخ ناي
сурхоб	سرخ آب
сурхпӯст	سرخ پوست
сурхпӯш	سرخ پوش
сурхранг	سرخ رنگ
сурхрӯда	سرخ روده
сурхриш	سرخ ريش
сурхрӯй	سرخ روي
сурхрухсор	سرخرخسار
сурхтоб	سرخ تاب
сурххок	سرخ خاک
сурхҳо	سرخ ها
сурхча	سرخچه
сурхчатоб	سرخچه تاب
сурхчашм	سرخ چشم
сурхчеҳра	سرخ چهره
суръат	سرعت
суръатафзо	سرعت افزا
суръатнок	سرعت ناک
суръатнокӣ	سرعت ناکي
суръатфазо	سرعت فزا
суръатфизо	سرعت فزا
сус	سوس
сусзор	سسزار
сусмор	سوسمار
суст	سست
сустақида	سست عقيده
сустандеш	سست انديش
сустаркон	سست ارکان
сустасос	سست اساس
сустаҳд	سست عهد
сустаҳдӣ	سست عهدي
сустбозу	سست بازو
сустбунёд	سست بنياد
сустгард	سست گرد
сустгирӣ	سست گيري
сустдил	سست دل
сустирода	سست اراده
сустиродагӣ	سست ارادگي
сустӣ	سستي
сусткамар	سست کمر
сусткор	سست کار
сусткорӣ	سست کاري
сусткӯш	سست کوش
сустқадам	سست قدم
сустмағз	سست مغز
сустмизоҷ	سست مزاج
сустниҳод	سست نهاد
сустовоз	سست آواز
сустпай	سست پي
сустпаймон	سست پيمان
сустрав	سست رو
сустраг	سست رگ
сустрой	سست راي
сустҳаракат	سست حرکت
сустҳаракатӣ	سست حرکتي
сустҳиммат	سست همت
сустҷавлон	سست جولان
сустшавӣ	سست شوي
сустэътиқод	سست اعتقاد
сут	سوت
сутом	سوتام
сутра	ستره
сутудагузин	ستوده گذين
сутудан	ستودن
сутудон	ستودان
сутун	ستون
сутунбандӣ	ستون بندي
сутунгӯша	ستون گوشه
сутундор	ستون دار
сутунмӯҳра	ستون مهره
сутунча	ستونچه
сутур	ستور
сутура	ستوره
сутурван	سترون
сутург	سترگ
сутургӣ	سترگي
сутургоҳ	سترگاه
сутурлобдон	صطرلاب دان
сутухон	ستوخوان
сутхон	ستخوان
сутӯҳ	ستوه
сутӯъ	ستوع
суубат	صعوبت
сууд	صعود
суф	صوف
суфа	صفه
суфакӯҳ	صفه کوه
суфаро	سفرا
суфастоӣ	سوفسطاي
суфл	ثفل
суфлӣ	ثفلي
суфмоҳӣ	سف ماهي
суфол	سفال
суфолин	سفالين
суфолӣ	سفالي
суфпӯш	صوف پوش
суфр	صفر
суфра	سفره
суфрамоҳӣ	سفره ماهي
суфт	سفت
суфта	سفته
суфтагар	سفتگر
суфтагарӣ	سفته گري
суфтагӯш	سفته گوش
суфтакунанда	سفته کننده
суфтан	سفتن
суфул	سفول
суфун	سفون
суфуф	صفوف
суффа	صفه
суфча	سوفچه
сух	سوخ
сухан	سخن
суханбоз	سخن باز
суханбозӣ	سخن بازي
суханбоф	سخن باف
суханбофӣ	سخن بافي
суханвар	سخنور
суханварӣ	سخنوري
суханварона	سخن ورانه
сухангар	سخن گر
сухангузор	سخن گزار
сухангустар	سخن گستر
сухангустарӣ	سخن گستري
сухангӯй	سخنگوي
сухангӯӣ	سخن گوئي
сухандароӣ	سخن درائي
сухандарой	سخن دراي
сухандон	سخن دان
сухандонӣ	سخنداني
сухандӯст	سخن دوست
суханношунав	سخن ناشنو
суханношунавӣ	سخن ناشنوي
сухановар	سخن آور
суханорой	سخن آراي
суханороӣ	سخن آرائي
суханофарин	سخن آفرين
суханпайванд	سخن پيوند
суханпараст	سخن پرست
суханпарвар	سخن پرور
суханпарварӣ	سخن پروري
суханпардоз	سخن پرداز
суханпардозӣ	سخن پردازي
суханпардозона	سخن پردازانه
суханпароканӣ	سخن پراکني
суханреза	سخن ريزه
суханрон	سخنران
суханронӣ	سخنراني
сухансавор	سخن سوار
сухансанҷ	سخن سنج
сухансанҷӣ	سخن سنجي
сухансарой	سخن سرا ي
сухансароӣ	سخن سرائي
сухансоз	سخن ساز
суханталаб	سخن طلب
сухантироз	سخن طراز
суханфаҳм	سخن فهم
суханфаҳмӣ	سخن فهمي
суханчин	سخن چين
суханчинӣ	سخن چيني
суханшинос	سخن سناش
суханшунав	سخن شنو
сухра	سخره
сухсур	سخسور
сухун	سخون
сухунат	سخونت
суҳайл	سهيل
суҳуб	سحب
суҳул	سهول
суҳулат	سهولت
суҳуф	صحف
суҷуд	سجود
суюд	صيود
суюрғол	سيورغال
суюф	سيوف
сӯй	سوي
сӯг	سوگ
сӯгвор	سوگوار
сӯгворӣ	سوگواري
сӯгдор	سوگ دار
сӯгдорӣ	سوگ داري
сӯгзада	سوگ زده
сӯгнок	سوگ ناک
сӯгнома	سوگنامه
сӯз	سوز
сӯзан	سوزن
сӯзанак	سوزنک
сӯзанбанд	سوزن بند
сӯзанбарг	سوزن برگ
сӯзанвор	سوزن وار
сӯзангар	سوزن گر
сузангарӣ	سوزن گري
сӯзанда	سوزنده
сӯзандон	سوزن دان
сӯзандору	سوزن دارو
сӯзандӯзӣ	سوزن دوزي
сӯзанзада	سوزن زده
сӯзанзанӣ	سوزن زني
сӯзанидӯз	سوزني دوز
сӯзанидӯзӣ	سوزني دوزي
сӯзанӣ	سوزني
сӯзанкарда	سوزن کرده
сӯзанкоб	سوزن کاب
сӯзанкорӣ	سوزن کاري
сӯзанхӯрда	سوزن خورده
сӯзиш	سوزش
сӯзишворӣ	سوزش واري
сӯзишнок	سوزش ناک
сӯзнок	سوزناک
сӯзок	سوزاک
сӯзон	سوزان
сӯзосӯз	سوزاسوز
сӯиидора	سوءاداره
сӯиистеъмол	سؤاستعمال
сӯиистифода	سؤاستفاده
сӯиқасд	سوءقصد
сӯк	سوک
сӯқум	سوقوم
сӯқумӣ	سوقومي
сӯл	سول
сӯлак	سولک
сӯлама	سولمه
сӯлуқ	سلوق
сӯм	سوم
сӯмиа	صومعه
сӯна	سونه
сӯпчак	سوپچک
сӯр	سور
сӯрӣ	سوري
сӯроғ	سوراغ
сӯрох	سوراخ
сӯрохдор	سوراخ دار
сӯрохӣ	سوراخي
сӯрохкунӣ	سوراخ کني
сӯсан	سوسن
сӯта	سوته
сӯф	صوف
сӯфигарӣ	صوفي گري
сӯфиёна	صوفيانه
сӯфигӣ	صوفيگي
сӯфитӯрғай	صوفي تورغي
сӯфӣ	صوفي
сӯфор	سوفار
сӯхт	سوخت
сӯхта	سوخته
сӯхтагӣ	سوختگي
сӯхтадил	سوخته دل
сӯхтамағз	سوخته مغز
сӯхтан	سوختن
сӯхтанбоб	سوختن باب
сӯхтанӣ	سوختني
сӯхтахирман	سوخته خرمن
сӯхтаҷигар	سوخته جگر
сӯхтор	سوختار
сӯхторнишон	سوختارنشين
сӯхторнишонӣ	سوختارنشاني
сӯхтусӯз	سوخت و سوز
сӯҳбат	صحبت
сӯҳбатбарор	صحبت برار
сӯҳбаторо	صحبت آرا
сӯҳбатороӣ	صحبت آرائي
сӯҳон	سوهان
сӯҳонсанг	سوهان سنگ
сӯҳонча	سوهانچه
сӯъбон	ثعبان
сӯъбонӣ	ثعبني
сӯълук	صعلوک
сӯър	سعر
сӯя	سويه
сӯян	سوين
сӯянсов	سوين ساو
сӯясанг	سويه سنگ
сюртук	سيورتک
та	ته
тааб	تعب
тааббуд	تعبد
тааввуд	تعود
тааддӣ	تعدي
тааддуд	تعدد
тааззур	تعذّر
тааллуқ	تعلّق
тааллуқдор	تعلّقدار
тааллуқдорӣ	تعلّق داري
тааллул	تعلّل
тааллум	تألم
тааммуқ	تعمق
тааммул	تأمل
тааннӣ	تأنّي
таарруз	تعرّض
тааррузнопазир	تعرّض ناپذير
таассуб	تعصب
таассур	تأثّر
таассурангез	تأثّرانگيز
таассуровар	تأثّرآور
таассурот	تأثّرات
таассуф	تأسف
таассуфангез	تأسف انگيز
таассуфбор	تأسف بار
таассуфкунон	تأسف کنان
таассуфовар	تأسف آور
таассуфомез	تأسف آميز
таафдон	تعف دان
тааффун	تعفّن
тааффунӣ	تعفّني
тааҳҳуд	تعهد
тааҳҳуднома	تعهدنامه
тааҳҳул	تأهل
тааҷҷуб	تعجب
тааҷҷубангез	تعجب انگيز
тааҷҷубкорона	تعجب کارانه
тааҷҷубовар	تعجب آور
тааҷҷубомез	تعجب آميز
таб	تب
табаа	تبعه
табаагӣ	تبعگي
табаддул	تبدل
табаддулот	تبدلات
табаият	تبعيت
табақ	طبق
табақа	طبقه
табақабандӣ	طبقه بندي
табақавӣ	طبقوي
табақбар	طبق بر
табақбарӣ	طبق بري
табақкашонӣ	طبق کشاني
табақмонак	طبق مانک
табақтарош	طبق تراش
табақтарошӣ	طبق تراشي
табақча	طبق چه
табаллур	تبلّر
табанг	تبنگ
табанга	تبنگه
табангу	تبنگو
табар	تبر
табардаста	تبردسته
табарза	تبرزه
табарзин	تبرزين
табаррук	تبرّک
табаррукӣ	تبرّکي
табаррӯъ	تبرّع
табартақсим	تبرتقسيم
табассум	تبسم
табассумомез	تبسم آميز
табаҳ	تبه
табаҳкор	تبه کار
табаҳрӯзгор	تبه روزگار
таббат	تبت
табгардон	تب گردان
табгирифта	تب گرفته
табдил	تبديل
табдилдиҳанда	تبديل دهنده
табдилдиҳӣ	تبديل دهي
табдилёбанда	تبديل يابنده
табдилёбӣ	تبديل يابي
табдилӣ	تبديلي
табдилнашаванда	تبديل نشونده
табдилшаванда	تبديل شونده
табдор	تب دار
табиат	طبيعت
табиатан	طبيعتاً
табиатдӯст	طبيعت دوست
табиатдӯстӣ	طبيعت دوستي
табиатшинос	طبيعت شناس
табиатшиносӣ	طبيعت شناسي
табиб	طبيب
табибӣ	طبيبي
табииёт	طبيعيات
табиӣ	طبيعي
табир	تبير
табира	تبيره
табиразан	تبيره زن
табих	طبيخ
табиш	تبش
табйин	تبيين
табл	طبل
таблак	طبلک
таблакзан	طبلک زن
таблакзанӣ	طبلک زني
табларза	تب لرزه
табларзадорӣ	تب لرزه داري
таблзан	طبل زن
таблзанӣ	طبل زني
таблиғ	تبليغ
таблиғкунанда	تبليغ کننده
таблиғот	تبليغات
таблиғотӣ	تبليغاتي
таблиғотчӣ	تبليغاتچي
таблкӯб	طبل کوب
табло	تبلا
таблхор	طبل خوار
табнок	تب ناک
табобат	طبابت
табобатӣ	طبابتي
табобаткунанда	طبابت کننده
табобатхона	طبابت خانه
табодул	تبادل
табор	تبار
табоҳ	تباه
табоҳӣ	تباهي
табоҳкор	تباه کار
табоҳрӯзгор	تباه روزگار
табрик	تبريک
табрикӣ	تبريکي
табрикнома	تبريک نامه
табрикот	تبريکات
табрикотӣ	تبريکاتي
табсира	تبصره
табх	طبخ
табхир	تبخير
табхол	تبخال
табхола	تبخاله
табшикан	تب شکن
табшир	تبشير
табъ	طبع
табъан	طبعاً
табъид	تبعيد
табъидгоҳ	تبعيد گاه
табъиз	تبعيض
табънозук	طبع نازک
табъозмоӣ	طبع آزمايي
табъчоқ	طبع چاق
табъчоқӣ	طبع چاقي
таваккул	توکّل
таваккал	توکّل
таваккалан	توکّلاً
таваккалӣ	توکلي
тавақ	توق
таваққуд	توقّد
таваққуф	توقّف
таваққуфгоҳ	توقّف گاه
таваққӯъ	توقّع
таваллоомез	تولي آميز
таваллуд	تولّد
таваллудгоҳ	تولّدگاه
таваллудхона	تولّدخانه
таваррум	تورم
тавассул	توسل
тавассут	توسط
таваҳҳум	توهم
таваҳҳуш	توحش
таваҷҷӯҳ	توجه
тавба	توبه
тавбагар	توبه گر
тавбакор	توبه کار
тавбакунанда	توبه کننده
тавбахона	توبه خانه
тавбашикан	توبه شکن
тавзеҳ	توضيح
тавзеҳӣ	توضيحي
тавзеҳот	توضيحات
тавзеъ	توزيع
тавил	طويل
тавила	طويله
тавилабанд	طويله بند
тавқ	طوق
тавқбанд	طوق بند
тавқдор	طوق دار
тавқеъ	توقيع
тавқир	توقير
тавқиф	توقيف
тавлид	توليد
тавлидӣ	توليدي
тавлидкунанда	توليد کننده
тавлидот	توليدات
тавлидотӣ	توليداتي
тавобеъ	توابع
тавозӯъ	تواضع
тавозӯъкор	تواضع کار
тавозӯъкорона	تواضع کارانه
тавозӯъпеша	تواضع پيشه
тавозӯъшева	تواضع شيوه
тавон	توان
тавонбахш	توان بخش
тавонгар	توانگر
тавонгардил	توانگردل
тавонгардилӣ	توانگردلي
тавонгарӣ	توانگري
тавонистан	توانستن
тавониш	توانش
тавоно	توانا
тавонозмоӣ	توان آزمايي
тавоноӣ	توانائ
тавора	تواره
таворабанд	تواره بند
таворагирӣ	تواره گيري
таворих	تواريخ
тавоф	طواف
тавофуқ	توافق
тавофур	توافر
тавр	طور
таврот	تورات
тавсан	توسن
тавсандилӣ	توسن دلي
тавсеа	توسعه
тавсеаталабӣ	توسعه طلبي
тавсиф	توصيف
тавсифнома	توصيف نامه
тавсия	توصيه
тавсиякунанда	توصيه کننده
тавсиянома	توصيه نامه
тавтеа	توطئه
тавтеакор	توطئه کار
тавтеаомез	توطئه آميز
тавф	طوف
тавфиқ	توفيق
тавфир	توفير
тавфирсанҷ	توفيرسنج
тавҳид	توحيد
тавҷеҳ	توجيه
тавъам	توأم
тавъамон	توأمان
тавъан	طوعاً
таг	تگ
тагакӣ	تگکي
тагал	تگل
тагалак	تگلک
тагалбарра	تگل بره
тагаловӣ	تگالاوي
тагалҷанг	تگل جنگ
тагалҷангандозӣ	تگل جنگ اندازي
тагарг	تگرگ
тагас	تگس
таггирӣ	تگ گيري
тагдон	تگدان
тагдор	تگ دار
тагдӯзӣ	تگ دوزي
тагидегӣ	تگ ديگي
тагизаминӣ	تگ زميني
тагин	تگين
тагипо	تگ پا
тагипоймонӣ	تگ پايماني
тагисарӣ	تگ سري
тагичашм	تگ چشم
тагишифтӣ	تگ شفتي
тагкаш	تگ کش
тагкобӣ	تگ کابي
тагкурсӣ	تگ کرسي
таглама	تگ لمه
тагламадӯз	تگ لمه دوز
тагмонак	تگ مانک
тагнишин	تگ نشين
тагнокӣ	تگ ناکي
тагоб	تگاب
тагобӣ	تگابي
тагпаҳн	تگ پهن
тагпурсӣ	تگ پرسي
тагпӯш	تگ پوش
тагпӯшӣ	تگپوشي
тагрехта	تگ ريخته
тагсарӣ	تگ سري
тагсинҷ	تگ سنج
таг-таги	تگ تگ
тагурӯ	تگ ورو
тагхона	تگ خانه
тагчарм	تگ چرم
тагҷой	تگ جاي
тағаззул	تغزل
тағайюр	تغير
тағаннӣ	تغني
тағзия	تغذيه
тағма	تغمه
тағйир	تغيير
тағйирдиҳӣ	تغييردهي
тағйирёбанда	تغييريابنده
тағйирёбӣ	تغييريابي
тағйирёфта	تغييريافته
тағйирнопазир	تغييرناپذير
тағйирнопазирӣ	تغييرناپذيري
тағйирот	تغييرات
тағйирпазир	تغييرپذير
тағйирпазирӣ	تغييرپذيري
тағобача	تغابچه
тағор	تغار
тағора	تغاره
тағорача	تغاره چه
тағофул	تغافل
тағофулпеша	تغافل پيشه
тағояк	تغايک
тағоякдор	تغايک دار
тадаббур	تدبر
тадбир	تدبير
тадбирсоз	تدبيرساز
тадбиршинос	تدبيرشناس
тадвин	تدوين
тадвир	تدوير
тадқиқ	تدقيق
тадқиқгар	تدقيق گر
тадқиқӣ	تدقيقي
тадқиқкунанда	تدقيق کننده
тадқиқот	تدقيقات
тадқиқотӣ	تدقيقاتي
тадқиқотчӣ	تدقيقاتچي
тадлис	تدليس
тадовӣ	تداوي
тадорук	تدارک
тадохул	تداخل
тадрис	تدريس
тадрисгоҳ	تدريس گاه
тадрисӣ	تدريسي
тадриҷ	تدريج
тадриҷан	تدريجاً
тадриҷӣ	تدريجي
тадфин	تدفين
таёқ	تياق
тазаввуҷ	تزوج
тазаккур	تذکر
тазалзул	تزلزل
тазалзулнопазир	تزلزل ناپذير
тазаллум	تظلم
тазарв	تذرو
тазаррӯъ	تضرع
тазвир	تزوير
тазвиргар	تزويرگر
тазвиҷ	تزويج
тазйид	تزييد
тазйиқ	تضييق
тазйин	تزيين
тазкира	تذکره
тазкиранавис	تذکره نويس
тазлил	تذليل
тазмин	تضمين
тазминӣ	تضميني
тазминот	تضمينات
тазодд	تضاد
тазоҳур	تظاهر
тазоҳурот	تظاهرات
тазоюд	تزايد
тазриқ	تزريق
тазҳиб	تذهيب
тазъид	تزئيد
тазъин	تزئين
тай	طي
тайарон	طيران
тайгашта	طي گشته
тайёр	تيار
тайёра	طياره
тайёрибинӣ	تياري بيني
тайёрӣ	تياري
тайёркунанда	تيارکننده
тайёрфурӯш	تيارفروش
тайёрхӯр	تيارخور
тайёрхӯрӣ	تيارخوري
тайиб	طييب
тайласон	طيلسان
тайлоқ	طيلاق
тайр	طير
тайсал	تيسل
тайшуда	طي شده
так	تک
така	تکه
такаббур	تکبر
такаббурӣ	تکبري
такаббурнок	تکبرناک
такаббурона	تکبرانه
такаббурфурӯшӣ	تکبرفروشي
такабуз	تکه بز
такагӣ	تکگي
такаллум	تکلم
такаллуф	تکلّف
такасалтанг	تکه سلتنگ
такбанд	تک بند
такбандбоф	تک بندباف
такбарг	تک برگ
такбир	تکبير
такгир	تک گير
такгирӣ	تک گيري
такдав	تک دو
такзиб	تکذيب
такидегӣ	تک ديگي
такка	تکّه
таккурсӣ	تک کرسي
таклиф	تکليف
такмил	تکميل
такмилдиҳӣ	تکميل دهي
такмилёбӣ	تکميل يابي
такмилӣ	تکميلي
такнишин	تک نشين
такнишон	تک نشان
такоб	تکاب
таковар	تکاور
таковарӣ	تکاوري
такомул	تکامل
такон	تکان
таконхӯрӣ	تکان خوري
такопӯй	تکاپوي
такпоӣ	تک پائي
такпурсӣ	تک پرسي
такрим	تکريم
такрор	تکرار
такроран	تکراراً
такрористеҳсол	تکراراستحصال
такрорӣ	تکراري
такроршавандагӣ	تکرارشوندگي
таксинҷ	تک سنج
таксир	تکثير
таксӣ	تکسي
так-так	تک تک
тактика	تکتيکه
тактикӣ	تکتيکي
тактоз	تکتاز
такудав	تک ودو
такупӯ	تک وپو
такурӯй	تک وروي
такутоз	تک وتاز
такфин	تکفين
такфир	تکفير
такфирӣ	تکفيري
такхона	تک خانه
такчарм	تک چرم
такҷоӣ	تک جائ
такҷой	تک جاي
такшин	تک شين
такя	تکيه
такягаҳ	تکيه گه
такягоҳ	تکيه گاه
такядор	تکيه دار
такякалом	تکيه کلام
такянишин	تکيه نشين
такяҷой	تکيه جاي
тақаббул	تقبل
тақаддус	تقدس
тақайюд	تقيد
тақал	تقل
тақалкорӣ	تقل کاري
тақалло	تقلا
тақаллуб	تقلب
тақаллубӣ	تقلبي
тақаллубкор	تقلب کار
тақаллубкорӣ	تقلب کاري
тақар	تقر
тақаррос	تقراس
тақарруб	تقرب
тақар-тақар	تقرتقر
тақар-туқур	تقرتقور
тақвим	تقويم
тақвияткунанда	تقويت کننده
тақводор	تقوادار
тақводорӣ	تقواداري
тақвофурӯш	تقوافروش
тақдим	تقديم
тақдир	تقدير
тақдирнома	تقديرنامه
тақдирпараст	تقديرپرست
тақдирпарастӣ	تقديرپرستي
тақдирсоз	تقديرساز
тақдирҷунбон	تقديرجنبان
тақдис	تقديس
тақлид	تقليد
тақлидгар	تقليد گر
тақлидгарӣ	تقليد گري
тақлидӣ	تقليدي
тақлидкор	تقليدکار
тақлидкорӣ	تقليدکاري
тақлидкорона	تقليدکارانه
тақлидкунанда	تقليدکننده
тақлиднопазир	تقليدناپذير
тақлидчӣ	تقليدچي
тақлил	تقليل
тақобул	تقابل
тақозо	تقاضا
тақозогар	تقاضاگر
тақоруб	تقارب
тақриб	تقريب
тақрибан	تقريباً
тақрибӣ	تقريبي
тақриз	تقريظ
тақризнавис	تقريظ نويس
тақрир	تقرير
тақриран	تقريراً
тақсим	تقسيم
тақсимбандӣ	تقسيم بندي
тақсимгар	تقسيم گر
тақсимӣ	تقسيمي
тақсимкунанда	تقسيم کننده
тақсимнашаванда	تقسيم نشونده
тақсимнопазир	تقسيم ناپذير
тақсимот	تقسيمات
тақсимча	تقسيمچه
тақсимшаванда	تقسيم شونده
тақсимшавандагӣ	تقسيم شوند گي
тақсир	تقصير
тақсирбин	تقصير بين
тақсиргӯӣ	تقصيرگوئي
тақ-тақ	تق تق
тақтеъ	تقطيع
тақтир	تقتير
талл	طل
тала	تله
талаб	طلب
талаба	طلبه
талабанда	طلبنده
талабгор	طلب گار
талабидан	طلبيدن
талабиданӣ	طلبيدني
талабкорона	طلب کارانه
талабкунанда	طلب کننده
талабнома	طلب نامه
талабот	طلبات
талаввун	تلون
талаққӣ	تلقي
талаттуф	تلطف
талаф	تلف
талафкорӣ	تلف کاري
талафот	تلفات
талаффуз	تلفظ
талафшуда	تلف شده
талбанда	طلبنده
талбидан	طلبيدن
талбис	تلبيس
талбисӣ	تلبيسي
талбискор	تلبيس کار
талбискорӣ	تلبيس کاري
талбон	طلبان
талвеҳ	تلويح
талвин	تلوين
талвоса	تلواسه
талқин	تلقين
талқон	تلقان
таллоғу	تلاغو
таллон	تلان
талмеҳ	تلميح
талмуд	تلمود
талоқ	طلاق
талоқат	طلاقت
талоқхат	طلاق خط
талон	تلان
талотум	تلاطم
талотуф	تلاتوف
талотӯб	تلاتوب
талофӣ	تلافي
талош	تلاش
талошидан	تلاشيدن
талошӣ	تلاشي
талоя	طلايه
талоягӣ	طلايگي
талх	تلخ
талха	تلخه
талхадон	تلخه دان
талхак	تلخک
талхакаф	تلخه کف
талхгуфтор	تلخ گفتار
талхгуфторӣ	تلخ گفتاري
талхгӯӣ	تلخ گوئي
талхгӯй	تلخ گوي
талхзабон	تلخ زبان
талхзабонӣ	تلخ زباني
талхиписанд	تلخي پسند
талхис	تلخيص
талхӣ	تلخي
талхкаш	تلخ کش
талхком	تلخ کام
талхкомӣ	تلخ کامي
талхмаза	تلخ مزه
талхмизоҷ	تلخ مزاج
талхнамо	تلخ نما
талхоб	تلخ آب
талхоба	تلخ آبه
талхсиришт	تلخ سرشت
талхсухан	تلخ سخن
талхсуханӣ	تلخ سخني
талхфом	تلخ فام
талча	تل چه
талъат	طلعت
тамаввул	تمول
тамаддун	تمدن
тамайюз	تميز
тамаллук	تملک
тамаллуқ	تملق
тамаллуқгӯй	تملق گو ي
тамаллуқгӯӣ	تملق گوئي
тамаллуқкор	تملق کار
тамаллуқкорӣ	تملق کاري
тамаллуқкорона	تملق کارانه
тамаллуқомез	تملق آميز
тамаллуқпеша	تملق پيشه
тамаркуз	تمرکز
тамасхур	تمسخر
тамасхуромез	تمسخرآميز
таматтӯъ	تمتع
тамаъ	طمع
тамаъварзӣ	طمع ورزي
тамаъдор	طمع دار
тамаъкор	طمع کار
тамаъкорӣ	طمع کاري
тамаъкорона	طمع کارانه
тамаъҷӯй	طمع جوي
тамаъҷӯӣ	طمع جوئي
тамба	تمبه
тамбал	تمبل
тамбалӣ	تمبلي
тамбалона	تمبلانه
тамбур	تمبور
тамғо	تمغا
тамдеҳ	تمديح
тамдид	تمديد
тамиз	تميز
тамйиз	تمييز
тамкин	تمکين
тамлик	تمليک
таммоъ	طماع
тамоил	تمايل
тамоку	تماکو
тамокудон	تماکودان
тамокузор	تماکوزار
тамокукаш	تماکوکش
тамокукашӣ	تماکوکشي
тамокукор	تماکوکار
тамокукорӣ	تماکوکاري
тамокуқуттӣ	تماکوقطي
тамокупарвар	تماکو پرور
тамокупарварӣ	تماکو پروري
тамокуфурӯшӣ	تماکو فروشي
тамокухалта	تماکو خلته
тамолук	تمالک
тамом	تمام
тамоман	تماماً
тамомият	تماميت
тамомӣ	تمامي
тамомкунанда	تمام کننده
тамомнашаванда	تمام نشونده
тамомнашуданӣ	تمام نشدني
тамомрух	تمام رخ
тамомтаърих	تمام تأريخ
тамомшуда	تمام شده
тамомшуданӣ	تمام شدني
тамомиёр	تمام عيار
таморуз	تماروض
тамос	تماس
тамосук	تماسک
тамошо	تماشا
тамошобин	تماشابين
тамошобинӣ	تماشابيني
тамошобоб	تماشاباب
тамошогар	تماشاگر
тамошогарӣ	تماشاگري
тамошодӯст	تماشادوست
тамошоӣ	تماشائي
тамошокада	تماشاکده
тамошокаду	تماشاکدو
тамошокун	تماشاکن
тамошокунон	تماشاکنان
тамошоталаб	تماشاطلب
тамошохона	تماشاخانه
тамоюл	تمايل
тамоюлот	تمايلات
тамр	تمر
тамрин	تمرين
тамс	طمث
тамсил	تمثيل
тамсилӣ	تمثيلي
тамтамӣ	تمتمي
тамуз	تموز
тамук	تموک
тамҳид	تمهيد
тамҷид	تمجيد
тамъ	طمع
тан	تن
тана	تنه
танабаста	تنه بسته
танаввӯъ	تنوع
танавор	تنه وار
таназзул	تنزل
танакор	تنه کار
танаффур	تنفر
танаффуромез	تنفرآميز
танаффус	تنفس
танаум	تنعم
танба	تنبه
танбал	تنبل
танбалӣ	تنبلي
танбалона	تنبلانه
танбараҳна	تن برهنه
танбеҳ	تنبيه
танбеҳдиҳӣ	تنبيه دهي
танбеҳкорона	تنبيه کارانه
танбоку	تنباکو
табон	تبان
танбӯр	تنبور
танбӯрӣ	تنبوري
танбӯрнавоз	تنبورنواز
танбӯрнавозӣ	تنبور نوازي
танвир	تنوير
танвиргар	تنويرگر
танвирӣ	تنويري
танг	تنگ
танга	تنگه
тангадон	تنگه دان
тангайш	تنگ عيش
тангайшӣ	تنگ عيشي
тангбахтӣ	تنگ بختي
тангбаста	تنگ بسته
тангбаҳр	تنگ بهر
тангдар	تنگ در
тангдарз	تنگ درز
тангдарзӣ	تنگ درزي
тангдаст	تنگ دست
тангдастӣ	تنگ دستي
тангдаҳан	تنگ دهن
тангдил	تنگ دل
тангдилӣ	تنگ دلي
тангзаҳра	تنگ زهره
тангзарф	تنگ ظرف
тангӣ	تنگي
тангкӯча	تنگ کوچه
тангқабо	تنگ قبا
тангмағз	تنگ مغز
тангмайдон	تنگ ميدان
тангмаош	تنگ معاش
тангмизоҷ	تنگ مزاج
тангмоя	تنگ مايه
тангназар	تنگ نظر
тангназарӣ	تنگ نظري
тангназарона	تنگ نظرانه
тангнафас	تنگ نفس
тангной	تنگ ناي
тангоғӯшӣ	تنگ آغوشي
тангостин	تنگ آستين
танготанг	تنگاتنگ
тангпешонӣ	تنگ پيشاني
танграв	تنگ رو
тангрӯзӣ	تنگ روزي
тангсол	تنگ سال
тангсолӣ	تنگ سالي
танг-танг	تنگ تنگ
тангтоб	تنگ تاب
тангутор	تنگ وتار
тангхирад	تنگ خرد
тангхирадӣ	تنگ خردي
тангҳавсала	تنگ حوصله
тангҳавсалагӣ	تنگ حوصلگي
тангчашм	تنگ چشم
тангчашмӣ	تنگ چشمي
тандес	تنديس
тандидан	تنديدن
тандиҳӣ	تندهي
тандор	تندار
тандуруст	تند رست
тандурустӣ	تندرستي
танз	طنز
танзеҳ	تنزيه
танзил	تنزيل
танзим	تنظيم
танзимгар	تنظيم گر
танзимгарӣ	تنظيم گري
танзимкорӣ	تنظيم کاري
танзимкунанда	تنظيم کننده
танзимнашаванда	تنظيم نشونده
танзимот	تنظيمات
танидан	تنيدن
танин	طنين
танинандоз	طنين انداز
таниндор	طنين دار
танӣ	تني
танк	تنک
танкер	تنکير
танкзан	تنک زن
танкӣ	تنکي
танкрон	تنک ران
танкронӣ	تنک راني
танксоз	تنک ساز
танксозӣ	تنک سازي
танкчӣ	تنک چي
танкшикан	تنک شکن
танқеҳ	تنقيح
танқид	تنقيد
танқидан	تنقيداً
танқидӣ	تنقيدي
танқидкорона	تنقيد کارانه
танқидкунанда	تنقيدکننده
танқидомез	تنقيد آميز
танқис	تنقيص
танқисӣ	تنقيصي
танлуч	تن لچ
танноз	طناز
таннозӣ	طنازي
танозод	تن آزاد
таноб	طناب
таноббоз	طناب باز
таноббозӣ	طناب بازي
таноббоф	طناب باف
таноббофӣ	طناب بافي
танобкаш	طناب کش
танобкашӣ	طناب کشي
танобона	طنابانه
танобпеч	طناب پيچ
танобпулӣ	طناب پولي
таноброҳа	طناب راهه
танобтобак	طناب تابک
танобчӣ	طناب چي
тановар	تناور
тановул	تناول
танозӯъ	تنازع
таноқуз	تناقض
таноқус	تناقص
танорой	تناراي
танороӣ	تنارا ئي
таносо	تناسا
таносоӣ	تن آسائي
таносуб	تناسب
таносубан	تناسباً
таносубнок	تناسبناک
таносул	تناسل
таносулӣ	تناسلي
таносух	تناسخ
танофур	تنافر
танпараст	تن پرست
танпарастӣ	تن پرستي
танпарвар	تن پرور
танпарварӣ	تن پروري
танпоккун	تنپاک کن
танпӯша	تن پوشه
тансиҳат	تن صحت
тансиҳатӣ	تن صحتي
тантанавӣ	تنتنوي
тантананок	تنتنه ناک
тантананокӣ	تنتنه ناکي
тантеҳ	تنته
тануманд	تنومند
танумандӣ	تنومندي
танӯр	تنور
танӯра	تنوره
танӯркабоб	تنور کباب
танӯрсоз	تنور ساز
танӯрсозӣ	تنور سازي
танӯрхона	تنور خانه
танхароб	تن خراب
танхоҳ	تن خواه
танхоҳдор	تنخواهدار
танҳо	تنها
танҳогард	تنها گرد
танҳогардӣ	تنها گردي
танҳодаст	تنهادست
танҳодастӣ	تنهادستي
танҳоӣ	تنهائي
танҳонишинӣ	تنهانشيني
таншарик	تنشريک
таншӯӣ	تنشوئي
таншӯй	تنشوي
таншӯяк	تنشويک
таоқуб	تعاقب
таоло	تعالي
таолӣ	تعالي
таом	طعام
таомнома	طعام نامه
таомпаз	طعام پز
таомпазӣ	طعام پزي
таомул	تعامل
таомфурӯш	طعام فروش
таомфурӯшӣ	طعام فروشي
таомхона	طعام خانه
таомхӯрӣ	طعام خوري
таоруф	تعارف
таоруфот	تعارفات
таоҳуд	تعاهد
тапанда	تپنده
тапаррос	تپرّاس
тапар-тапар	تپرتپر
тапидан	تپيدن
тапиш	تپش
тапондан	تپاندن
таппонча	طپانچه
таппа	تپه
таппак	تپک
таппас	تپس
тапӣ	تپي
таппӣ	تپي
тап-тап	تپ تپ
тапур	تپور
тапуркулӯх	تپورکلخ
тапурхок	تپور خاک
тар	تر
тарра	تره
тараб	طرب
тарабангез	طرب انگيز
тарабафзо	طرب افزا
тарабгоҳ	طرب گاه
тарабзо	طرب زا
тарабнок	طرب ناک
тарабовар	طرب آور
тарабпеша	طرب پيشه
тарабсарой	طرب سراي
тарабхез	طرب خيز
тарабхона	طرب خانه
тараддуд	تردد
тарак	ترک
тарака	ترکه
таракачӣ	ترکچي
тараққиёт	ترقيات
тараққипарвар	ترقي پرور
тараққихоҳ	ترقي خواه
тараққихоҳӣ	ترقي خواهي
тараққихоҳона	ترقي خواهانه
тараққӣ	ترقّي
тараққо	ترقّا
тараққос	ترقّاس
тараққосзанон	ترقاس زنان
тарақотуруқ	ترقاترق
тарақ-туруқ	تُرُق ترق
таранг	ترنگ
тарангӣ	ترنگي
тарандом	تراندام
тараннум	ترنم
таранҷабин	ترنجبين
тарассуд	ترصد
тарассул	ترسل
таратезак	تره تيزک
тараф	طرف
тарафайн	طرفين
тарафгир	طرفگير
тарафгирӣ	طرفگيري
тарафдор	طرفدار
тарафдорӣ	طرفداري
тарафкашӣ	طرفکشي
тарафона	طرفانه
тараҳҳум	ترحم
тараҳҳумовар	ترحم آور
тараҳҳумомез	ترحم آميز
тарашшӯҳ	ترشح
тарбандӣ	تربندي
тарбеъ	تربيع
тарбият	تربيت
тарбиявӣ	تربيوي
тарбиягирӣ	تربيه گيري
тарбиятдида	تربيت ديده
тарбиятдиҳанда	تربيت دهنده
тарбиятёфта	تربيت يافته
тарбиятӣ	تربيتي
тарбияткунанда	تربيت کننده
тарбиятнопазир	تربيت ناپذير
тарбиятпазир	تربيت پذير
тарбод	ترباد
тарбодзада	تربادزده
тарбодшинос	تربادشناس
тарбодшиносӣ	تربادشناسي
тарбуз	تربوز
тарвиҷ	ترويج
тарғиб	ترغيب
тарғибот	ترغيبات
тарғиботӣ	ترغيباتي
тарғибгар	ترغيب گر
тарғибкунанда	ترغيب کننده
тард	طرد
тардаст	تردست
тардастӣ	تردستي
тардид	ترديد
тардиднопазир	ترديد ناپذير
тардимоғ	تردماغ
тардоман	تردامن
тардоманӣ	تردامني
тарева	تريوه
тарёк	ترياک
тарёкӣ	ترياکي
тарёккаш	ترياک کش
тарёккашӣ	ترياک کشي
тарёкхона	ترياک خانه
тарз	طرز
тарзабон	ترزبان
тарзабонӣ	ترزباني
тарзахма	ترزخمه
тарид	تريد
таридгоҳ	طريد گاه
тарина	ترينه
тариқ	طريق
тариқа	طريقه
тариқатшинос	طريقت شناس
тарит	تريت
тариф	تريف
тарӣ	تري
тарк	ترک
тарканда	ترکنده
таркиб	ترکيب
таркибан	ترکيباً
таркиббанд	ترکيب بند
таркиббандӣ	ترکيب بندي
таркибӣ	ترکيبي
таркибот	ترکيبات
таркидан	ترکيدن
таркиш	ترکش
тарконанда	ترکاننده
таркониш	ترکانش
таркунанда	ترکننده
тарқиш	ترقش
тарқишдор	ترقشدار
тарма	ترمه
тармадав	ترمه دو
тармадавӣ	ترمه دوي
тармакан	ترمه کن
тарматарид	ترمه تريد
тармафуроӣ	ترمه فرائ
тармахез	ترمه خيز
тармахезӣ	ترمه خيزي
тармева	ترميوه
тармим	ترميم
тармимгар	ترميم گر
тармимгарӣ	ترميم گري
тармимӣ	ترميمي
тарнашаванда	ترنشونده
тарнов	ترناو
тарновча	ترناوچه
тароват	طراوت
тароватафзо	طراوت افزا
тароватбахш	طراوت بخش
тароватнок	طراوت ناک
таровеҳ	تراويح
таровидан	تراويدن
таровиш	تراوش
таровишӣ	تراوشي
тироз	تيراز
тарозу	ترازو
тарозубон	ترازوبان
тарозудор	ترازودار
тарозудорӣ	ترازوداري
тарозукаш	ترازوکش
тарозукашӣ	ترازوکشي
тарозумисқол	ترازومثقال
тарозусанҷ	ترازوسنج
тарозухона	ترازوخانه
тарозуҷой	ترازوجاي
тарозушикан	ترازوشکن
тарокум	تراکم
тарона	ترانه
таронагӯй	ترانه گوي
таронагӯӣ	ترانه گو ئي
таронанавис	ترانه نويس
таронанависӣ	ترانه نويسي
таронасарой	ترانه سراي
таронасароӣ	ترانه سرائي
таронасоз	ترانه ساز
таронасозӣ	ترانه سازي
таронахон	ترانه خوان
таронахонӣ	ترانه خواني
таротар	تراتر
тарош	تراش
тароша	تراشه
тарошакафонӣ	تراشه کفاني
тарошанда	تراشنده
тарошачин	تراشه چين
тарошида	تراشيده
тарошидан	تراشيدن
тарошиданӣ	تراشيدني
тарошкор	تراش کار
тарошкорӣ	تراش کاري
таррак	ترک
таррор	طرار
таррорӣ	طراري
тарроҳ	طراح
тарроҳӣ	طراحي
тарс	ترس
тарсабза	ترسبزه
тарсакӣ	ترسکي
тарсанда	ترسنده
тарсгор	ترس گار
тарсгорӣ	ترس گاري
тарсеъ	ترصيع
тарсида	ترسيده
тарсидан	ترسيدن
тарсим	ترسيم
тарсимӣ	ترسيمي
тарскор	ترس کار
тарскорӣ	ترس کاري
тарснок	ترس ناک
тарсо	ترسا
тарсозода	ترسا زاده
тарсон	ترسان
тарсонанда	ترساننده
тарсонданӣ	ترساندني
тарсондил	ترسان دل
тарсончак	ترسان چک
тарсончакӣ	ترسانچکي
тарс-тарс	ترس ترس
тарсу	ترسو
тарсхона	ترس خانه
тарсхӯрда	ترس خورده
тартиб	ترتيب
тартибдиҳанда	ترتيب دهنده
тартибдиҳӣ	ترتيب دهي
тартибӣ	ترتيبي
тартибнок	ترتيب ناک
тартибот	ترتيبات
тартил	ترتيل
тарф	طرف
тарфатулъайн	طرفةالعين
тарфбозӣ	طرف بازي
тархис	ترخيص
тархун	ترخون
тархӯрӣ	ترخوري
тарҳ	طرح
тарҳкаш	ترحکش
тарҳкашӣ	ترحکشي
тарҳрез	طرحريز
тарҳрезӣ	طرحريزي
тарҳсоз	طرحساز
тарҳсозӣ	طرحسازي
тарҳшаванда	طرحشونده
тарҷеҳ	ترجيح
тарҷеъ	ترجيع
тарҷеъбанд	ترجيع بند
тарҷима	ترجمه
тарҷимаиҳолӣ	ترجمة حالي
тарҷимон	ترجمان
тарҷума	ترجمه
тарҷумавӣ	ترجموي
тарҷумаиҳолӣ	ترجمة حالي
тарҷумашуда	ترجمه شده
тарҷумон	ترجمان
тарҷумонӣ	ترجماني
тасаввур	تصور
тасаввурӣ	تصوري
тасаввурнашаванда	تصورنشونده
тасаввурнопазир	تصور ناپذير
тасаввурот	تصورات
тасаввуршаванда	تصورشونده
тасаввуф	تصوف
тасаввуфӣ	تصوفي
тасаддӣ	تصدي
тасаддуқ	تصدق
тасаллидиҳанда	تسلي دهنده
тасаллидиҳӣ	تسلي دهي
тасаллиёб	تسلي ياب
тасаллиёбӣ	تسلي يابي
тасаллиовар	تسلي آور
тасаллиомез	تسلي آميز
тасаллӣ	تسلي
тасаллут	تسلط
тасалсул	تسلسل
тасаннун	تسنن
тасаннӯъ	تصنع
тасарруф	تصرف
тасарруфӣ	تصرفي
тасар-тусур	تسر تسر
тасбеҳ	تسبيح
тасбеҳгардонӣ	تسبيح گرداني
тасбит	تثبيت
тасбитгар	تثبيت گر
тасвиб	تصويب
тасвид	تسويد
тасвир	تصوير
тасвирёфта	تصويريافته
тасвирӣ	تصويري
тасвирнашаванда	تصوير نشونده
тасвирнок	تصويرناک
тасвирнопазир	تصوير ناپذير
тасвирот	تصويرات
тасвиршаванда	تصوير شونده
тасвиршуда	تصويرشده
тасдеъ	تصديع
тасдиқ	تصديق
тасдиқкунанда	تصديق کننده
тасдиқнома	تصديق نامه
таскин	تسکين
таскинбахш	تسکين بخش
таскиндиҳанда	تسکين دهنده
таскиннаёбанда	تسکين نيابنده
таскиннопазир	تسکين ناپذير
таскиномез	تسکين آميز
таслим	تسليم
таслимкорона	تسليم کارانه
таслият	تسليت
таслиятбахш	تسليت بخش
тасма	تسمه
тасмаарра	تسمه اره
тасмавор	تسمه وار
тасмагӣ	تسمگي
тасмадор	تسمه دار
тасмақамчин	تسمه قمچين
тасмачарх	تسمه چرخ
тасмашакл	تسمه شکل
тасмим	تصميم
тасниф	تصنيف
таснифгар	تصنيفگر
таснифот	تصنيفات
тасовӣ	تساوي
тасодум	تصادم
тасодуф	تصادف
тасодуфан	تصادفاً
тасодуфӣ	تصادفي
тасодуфот	تصادفات
тасреҳ	تصريح
тасриф	تصريف
тасрифнашаванда	تصريف نشونده
тасрифшаванда	تصريف شونده
тасф	تسف
тасфидан	تسفيدن
тасфия	تصفيه
тасхир	تسخير
тасхиркунанда	تسخيرکننده
тасхирнопазир	تسخير ناپذير
тасхиршуда	تسخيرشده
тасҳеҳ	تصحيح
тасҳеҳгар	تصحيحگر
тасҳеҳот	تصحيحات
тасҳил	تسهيل
тасҳиф	تصحبف
татаббӯъ	تتبع
татаввур	تطور
татбиқ	تطبيق
татвил	تطويل
татовул	تطاول
татҳир	تطهير
тафф	تف
тафаззул	تفضل
тафаккур	تفکر
тафаққуд	تفقد
тафарруқ	تفرق
тафарруҷ	تفرج
тафарруҷгоҳ	تفرج گاه
тафаҳҳум	تفهم
тафаҳҳус	تفحص
тафбод	تف باد
тафовут	تفاوت
тафовутнок	تفاوت ناک
тафола	تفاله
тафоул	تفاؤل
тафохур	تفاخر
тафоҳум	تفاهم
тафреҳ	تفريح
тафреҳот	تفريحات
тафриқа	تفرقه
тафриқаандоз	تفرقه انداز
тафриқаандозӣ	تفرقه اندازي
тафрит	تفريط
тафс	تفس
тафсида	تفسيده
тафсидан	تفسيدن
тафсил	تفصيل
тафсилан	تفصيلاً
тафсилӣ	تفصيلي
тафсилнок	تفصيلناک
тафсилот	تفصيلات
тафсир	تفسير
тафсира	تفسيره
тафсирӣ	تفسيري
тафсиркунанда	تفسيرکننده
тафсиш	تفسش
тафсон	تفسان
тафсондан	تفساندن
тафсондашуда	تفسانده شده
тафсонидан	تفسانيدن
тафт	تفت
тафта	تفته
тафтадил	تفته دل
тафтан	تفتن
тафтаҷигар	تفته جگر
тафтбод	تفت باد
тафтиш	تفتيش
тафтишӣ	تفتيشي
тафтишкунанда	تفتيش کننده
тафтишот	تفتيشات
тафтишотӣ	تفتيشاتي
тафтон	تفتان
тафӯр	تفور
тафҳим	تفهيم
тафшила	تفشيله
тахайюл	تخيل
тахайюлот	تخيلات
тахаллус	تخلص
тахаллуф	تخلف
тахаллуфнопазир	تخلف ناپذير
тахаллуфпазир	تخلف پذير
тахалхул	تخلخل
тахассус	تخصص
тахассусӣ	تخصصي
тахассусталаб	تخصص طلب
тахир	تخير
тахлис	تخليص
тахлит	تخليط
тахлия	تخليه
тахмин	تخمين
тахминан	تخميناً
тахминӣ	تخميني
тахмон	تخمان
тахорӣ	تخاري
тахриб	تخريب
тахрибкор	تخريب کار
тахрибкорӣ	تخريب کاري
тахсис	تخصيص
тахт	تخت
тахта	تخته
тахтабанд	تخته بند
тахтабандӣ	تخته بندي
тахтабаст	تخته بست
тахтабетон	تخته بيتان
тахтабозӣ	تخته بازي
тахтабур	تخته بر
тахтабурӣ	تخته بر
тахтаварғ	تخته ورغ
тахтагин	تخته گين
тахтагӣ	تختگي
тахтадевор	تخته ديوار
тахтакана	تخته کنه
тахтакат	تخته کت
тахтакунҷора	تخته کنجاره
тахтакулоҳ	تخته کلاه
тахтакӯб	تخته کوب
тахтанард	تخته نرد
тахтапора	تخته پاره
тахтапул	تخته پل
тахтапушт	تخته پشت
тахтапӯст	تخته پوست
тахтапӯш	تخته پوش
тахтаравоқ	تخته رواق
тахтасанг	تخته سنگ
тахтасуфа	تخته سفه
тахта-тахта	تخته تخته
тахтафарш	تخته فرش
тахтача	تختچه
тахтачабандӣ	تختچه بندي
тахтачахонӣ	تختچه خاني
тахтачой	تخته چاي
тахтачӯб	تخته چوب
тахтбом	تخت بام
тахтгир	تخته گير
тахтгирӣ	تخته گيري
тахтгон	تخت گان
тахтгоҳ	تخت گاه
тахтӣ	تختي
тахтмон	تخت مان
тахтнишин	تخت نشين
тахтнишинӣ	تخت نشيني
тахфиф	تخفيف
таҳ	ته
таҳаввул	تحول
таҳаввулӣ	تحولي
таҳаввулот	تحولات
таҳаввур	تهور
таҳайюр	تحير
таҳайюрангез	تحيرانگيز
таҳайюромез	تحير آميز
таҳаккум	تحکم
таҳаққуқ	تحقّق
таҳаммул	تحمل
таҳаммулнопазир	تحمل ناپذير
таҳамтан	تهمتن
таҳаррук	تحرک
таҳассур	تحسر
таҳбағалӣ	ته بغلي
таҳвил	تحويل
таҳвилӣ	تحويلي
таҳвия	تهويه
таҳгир	تهگير
таҳғалбер	تهغلبير
таҳдар	تهدر
таҳдевор	ته ديوار
таҳдид	تهديد
таҳдидгар	تهديدگر
таҳдидкорона	تهديد کارانه
таҳдидкунанда	تهديد کننده
таҳдидкунон	تهديد کنان
таҳдидомез	تهديدآميز
таҳдидомезона	تهديدآميزانه
таҳдон	ته دان
таҳдор	ته دار
таҳзиб	تهذيب
таҳия	تهيه
таҳиягар	تهيه گر
таҳиякунанда	تهيه کننده
таҳкаш	ته کش
таҳким	تحکيم
таҳкимот	تحکيمات
таҳкимотӣ	تحکيماتي
таҳкурсӣ	ته کرسي
таҳқиқ	تحقيق
таҳқиқгар	تحقيقگر
таҳқиқӣ	تحقيقي
таҳқиқкунанда	تحقيق کننده
таҳқиқот	تحقيقات
таҳқиқотӣ	تحقيقاتي
таҳқир	تحقير
таҳқирдида	تحقير ديده
таҳқиромез	تحقيرآميز
таҳқиршуда	تحقيرشده
таҳлика	تهلکه
таҳлил	تحليل
таҳлилгар	تحليل گر
таҳлилӣ	تحليلي
таҳлилкунанда	تحليل کننده
таҳлилот	تحليلات
таҳлука	تهلکه
таҳлукаангез	تهلکه انگيز
таҳлуканок	تهلکه ناک
таҳлукаовар	تهلکه آور
таҳлукаомез	تهلکه آميز
таҳмил	تحميل
таҳмилӣ	تحميلي
таҳмон	ته مان
таҳнишаста	ته نشسته
таҳнишин	ته نشين
таҳният	تهنيت
таҳорат	طهارت
таҳоратхона	طهارت خانه
таҳоҷум	تهاجم
таҳоҷумӣ	تهاجمي
таҳпӯш	ته پوش
таҳпӯшӣ	ته پوشي
таҳранг	ته رنگ
таҳриб	تحريب
таҳрик	تحريک
таҳрикӣ	تحريکي
таҳрикомез	تحريک آميز
таҳрим	تحريم
таҳримӣ	تحريمي
таҳрир	تحرير
таҳриран	تحريراً
таҳририя	تحريريه
таҳрирӣ	تحريري
таҳрирот	تحريرات
таҳрирталаб	تحريرطلب
таҳрис	تحريص
таҳриф	تحريف
таҳрифгар	تحريف گر
таҳрифгарӣ	تحريف گري
таҳрифкор	تحريف کار
таҳрифкорӣ	تحريف کاري
таҳсил	تحصيل
таҳсилдида	تحصيل ديده
таҳсилӣ	تحصيلي
таҳсилкарда	تحصيل کرده
таҳсилот	تحصيلات
таҳсин	تحسين
таҳсинкорона	تحسين کارانه
таҳсиномез	تحسين آميز
таҳсинона	تحسينانه
таҳсуфа	ته سفه
таҳт	تحت
таҳтар	ته تر
таҳтонӣ	تحتاني
таҳтуллафз	تحت اللفظ
таҳтуллафзӣ	تحت اللفظي
таҳтӯл	تحتول
таҳтхона	تحت خانه
таҳур	طهور
таҳхона	ته خانه
таҳхонагӣ	ته خانگي
таҳхонадор	ته خانه دار
таҳчӯбкорӣ	ته چوبکاري
таҳҷоӣ	ته جا ئي
таҳшин	ته شين
таҳшинӣ	ته شيني
таҳшинот	ته شينات
таҳшир	ته شير
таҳширӣ	ته شيري
таҷаддуд	تجدد
таҷаддудпарвар	تجددپرور
таҷаддудхоҳ	تجددخواه
таҷаллигоҳ	تجلي گاه
таҷаллӣ	تجلّي
таҷалло	تجلّي
таҷаммул	تجمل
таҷаммулӣ	تجملي
таҷаммулот	تجملات
таҷаммӯъ	تجمع
таҷанг	تجنگ
таҷарруд	تجرّد
таҷассум	تجسم
таҷассус	تجسس
таҷвид	تجويد
таҷвиз	تجويز
таҷвиф	تجويف
таҷдид	تجديد
таҷзия	تجزيه
таҷзиякунанда	تجزيه کننده
таҷзияхона	تجزيه خانه
таҷлил	تجليل
таҷнис	تجنيس
таҷовуз	تجاوز
таҷовузгар	تجاوزگر
таҷовузкор	تجاوزکار
таҷовузкорӣ	تجاوزکاري
таҷовузкорона	تجاوزکارانه
таҷориб	تجارب
таҷоҳул	تجاهل
таҷриба	تجربه
таҷрибавӣ	تجربوي
таҷрибагузаронӣ	تجربه گزراني
таҷрибадида	تجربه ديده
таҷрибадор	تجربه دار
таҷрибакор	تجربه کار
таҷрибанок	تجربه ناک
таҷрибаомӯз	تجربه آموز
таҷрибаомӯзӣ	تجربه آموزي
таҷрибахона	تجربه خانه
таҷрид	تجريد
таҷридӣ	تجريدي
таҷҳиз	تجهيز
таҷҳизонидан	تجهيزانيدن
таҷҳизонидашуда	تجهيزانيده شده
таҷҳизот	تجهيزات
таш	تش
ташаббус	تشبث
ташаббускор	تشبث کار
ташаббускорӣ	تشبث کاري
ташаввуқ	تشوق
ташаддуд	تشدد
ташаккул	تشکّل
ташаккулёбӣ	تشکّل يابي
ташаккур	تشکّر
ташаккурнома	تشکّرنامه
ташаннуҷ	تشنّج
ташаннуҷовар	تشنّج آور
ташаттут	تشتّت
ташаффӣ	تشفّي
ташбеҳ	تشبيه
ташбиб	تشبيب
ташвиқ	تشويق
ташвиқкунанда	تشويق کننده
ташвиқот	تشويقات
ташвиқотгар	تشويقاتگر
ташвиқотӣ	تشويقاتي
ташвир	تشوير
ташвиш	تشويش
ташвишангез	تشويش انگيز
ташвишдиҳанда	تشويش دهنده
ташвишдиҳӣ	تشويش دهي
ташвишкашӣ	تشويش کشي
ташвишнок	تشويشناک
ташвишовар	تشويش آور
ташвишомез	تشويش آميز
ташдид	تشديد
ташкил	تشکيل
ташкилдиҳанда	تشکيل دهنده
ташкилдиҳӣ	تشکيل دهي
ташкилӣ	تشکيلي
ташкилот	تشکيلات
ташкилотчигӣ	تشکيلات چيگي
ташкилотӣ	تشکيلاتي
ташна	تشنه
ташнагишикан	تشنگي شکن
ташнагӣ	تشنگي
ташнадил	تشنه دل
ташнадилӣ	تشنه دلي
ташназабон	تشنه زبان
ташназада	تشنه زده
ташнаком	تشنه کام
ташнакомӣ	تشنه کامي
ташналаб	تشنه لب
ташнахор	تشنه خوار
ташнахун	تشنه خون
ташнаҳол	تشنه حال
ташначашм	تشنه چشم
ташнаҷигар	تشنه جگر
ташнашикан	تشنه شکن
ташноб	تشناب
ташреҳ	تشريح
ташреҳӣ	تشريحي
ташрик	تشريک
ташриф	تشريف
ташрифовар	تشريف آور
ташрифоварӣ	تشريف آوري
ташрифот	تشريفات
ташрифотӣ	تشريفاتي
ташриффармо	تشريف فرما
таштак	تشتک
таштгар	تشتگر
ташхис	تشخيص
ташхисот	تشخيصات
ташҳир	تشهير
таъбир	تعبير
таъбиргар	تعبير گر
таъбиргӯй	تعبير گوي
таъбирдиҳанда	تعبير دهنده
таъбирдон	تعبيردان
таъбиркунанда	تعبيرکننده
таъбирнома	تعبيرنامه
таъбия	تعبيه
таъвиз	تعويذ
таъвиқ	تعويق
таъвил	تأويل
таъдиб	تأديب
теъдод	تعداد
таъдод	تعداد
таъзим	تعظيم
таъзир	تعزير
таъйид	تأييد
таъйин	تعيين
таъйиннома	تعيين نامه
таъйинот	تعيينات
таъкид	تأکيد
таъкидан	تأکيداً
таъкидӣ	تأکيدي
таъқиб	تعقيب
таъқибкунанда	تعقيب کننده
таъқибот	تعقيبات
таъқиботӣ	تعقيباتي
таълим	تعليم
таълимгирифта	تعليم گرفته
таълимгирӣ	تعليم گيري
таълимгоҳ	تعليم گاه
таълимдида	تعليم ديده
таълимдиҳӣ	تعليم دهي
таълимӣ	تعليمي
таълимот	تعليمات
таълимхона	تعليم خانه
таълиф	تأليف
таълифкунанда	تأليف کننده
таълифот	تعليفات
таъм	طعم
таъмид	تعميد
таъмим	تعميم
таъмин	تأمين
таъмингар	تأمينگر
таъминкунанда	تأمين کننده
таъминот	تامينات
таъминотӣ	تاميناتي
таъмир	تعمير
таъмирбоб	تعميرباب
таъмиргар	تعميرگر
таъмиргоҳ	تعميرگاه
таъмирот	تعميرات
таъмирталаб	تعمير طلب
таън	طعن
таъна	طعنه
таънаборон	طعنه باران
таъназан	تعنه زن
таъназанӣ	طعنه زني
таънаомез	طعنه آميز
таънаомезона	طعنه آميزانه
таънасор	طعنه سار
таъриф	تعريف
таърифа	تعريفه
таърифгар	تعريف گر
таърифдӯст	تعريف دوست
таърифӣ	تعريفي
таърифнома	تعريف نامه
таърифот	تعريفات
таърих	تأريخ
таърихан	تأريخاً
таърихдон	تاريخ دان
таърихдор	تأريخ دار
таърихӣ	تأريخي
таърихнавис	تأريخ نويس
таърихнависӣ	تأريخ نويسي
таърихнигор	تأريخ نگار
таърихнигорӣ	تأريخ نگاري
таърихнома	تأريخ نامه
таърихчӣ	تأريخچي
таърихшинос	تأريخ شناس
таърихшиносӣ	تأريخ شناسي
таъсир	تأثير
таъсирбахш	تأثيربخش
таъсирбахшо	تأثيربخشا
таъсирнок	تأثيرناک
таъсирнокӣ	تأثيرناکي
таъсирнопазир	تأثيرناپذير
таъсирнопазирӣ	تأثيرناپذيري
таъсирот	تأثيرات
таъсирпазир	تأثيرپذير
таъсирпазирӣ	تأثيرپذيري
таъсиррасонанда	تأثيررساننده
таъсиррасонӣ	تأثيررساني
таъсис	تأسيس
таъсисдиҳанда	تأسيس دهنده
таътил	تعطيل
таъхир	تأخير
таъхирнопазир	تأخيرناپذير
таъхирнопазирӣ	تأخيرناپذيري
таъҷил	تعجيل
таъҷилӣ	تعجيلي
таяммум	تيمم
таяммун	تيمن
те	ت
театр	تأتر
театрдӯст	تأتردوست
театрӣ	تأتري
театршинос	تأترشناس
театршиносӣ	تأترشناسي
теб	تيب
тев	تيو
тевана	تيونه
тегин	تگين
тегинхӯр	تگين خور
теғ	تيغ
теға	تيغه
теғадор	تيغه دار
теғакмонанд	تيغک مانند
теғафрӯз	تيغ افروز
теғафшон	تيغ افشان
теғбанд	تيغبند
теғбаланд	تيغبلند
теғбоз	تيغ باز
теғбозӣ	تيغ بازي
теғборон	تيغ باران
теғдор	تيغدار
теғзан	تيغ زن
теғӣ	تيغي
теғкашӣ	تيغکشي
теғозмой	تيغ آزماي
теғорой	تيغ آراي
теғпартофта	تيغ پرتافته
тез	تيز
тезбин	تيزبين
тезбинӣ	تيزبيني
тезбол	تيزبال
тезбозор	تيزبازار
тезбозорӣ	تيزبازاري
тезбӯй	تيزبوي
тезваҷд	تيزوجد
тезвир	تيزوير
тезгазак	تيزگزک
тезгар	تيزگر
тезгард	تيزگرد
тезгардӣ	تيزگردي
тезгир	تيزگير
тезгом	تيزگام
тезгудоз	تيزگداز
тезгузар	تيزگزر
тезгуфтор	تيزگفتار
тезгӯш	تيزگوش
тезгӯша	تيزگوشه
тездав	تيزدو
тездам	تيزدم
тездандон	تيزدندان
тездаргиранда	تيزدرگيرنده
тездаст	تيزدست
тездастӣ	تيزدستي
теззабон	تيززبان
теззабонӣ	تيززباني
теззеҳн	تيزذهن
теззеҳнӣ	تيزذهني
тезис	تزيس
тезӣ	تيزي
тезкин	تيزکين
тезкор	تيزکار
тезкорӣ	تيزکاري
тезкунанда	تيزکننده
тезкунҷа	تيزکنجه
тезмағз	تيزمغز
тезмизоҷ	تيزمزاج
тезнавис	تيزنويس
тезнависӣ	تيزنويسي
тезнигоҳ	تيزنگاه
тезнохун	تيزناخون
тезнӯл	تيزنول
тезоб	تيزآب
тезоба	تيز آبه
тезобдиҳанда	تيزآبدهنده
тезобдиҳӣ	تيزآبدهي
тезобӣ	تيزآبي
тезобхӯрда	تيزاب خورده
тезпаз	تيزپز
тезпазак	تيزپزک
тезпайкон	تيزپايکان
тезпар	تيزپر
тезпарвоз	تيزپرواز
тезпо	تيزپا
тезрав	تيزرو
тезравӣ	تيزروي
тезранҷ	تيزرنج
тезрафтор	تيزرفتار
тезсайрон	تيزسيران
тезсуръат	تيزسرعت
тезтак	تيزتک
тез-тез	تيزتيز
тезутунд	تيزوتند
тезфаҳм	تيزفهم
тезфаҳмӣ	تيزفهمي
тезфикр	تيزفکر
тезфикрӣ	تيزفکري
тезхашм	تيزخشم
тезҳаракат	تيزحرکت
тезҳаракатӣ	تيزحرکتي
тезҳуш	تيزهوش
тезчанг	تيزچنگ
тезчангол	تيزچنگال
тезчашм	تيزچشم
тезчашмӣ	تيزچشمي
тезчоп	تيزچاپ
тезҷараён	تيزجريان
тезшикан	تيزشکن
тезшиканӣ	تيزشکني
тезшунав	تيزشنو
тектоника	تيکتانيکه
тектоникӣ	تيکتانيکي
тела	تيله
теладиҳӣ	تيله دهي
телба	تلبه
телбагӣ	تلبگي
телбакор	تلبه کار
телбакорӣ	تلبه کاري
телебарнома	تله برنامه
телевизион	تلويزيان
телевизионӣ	تلويزياني
телевизор	تلويزار
телеграмма	تلگرمه
телеграф	تلگرف
телеграфӣ	تلگرفي
телеграфхона	تلگرفخانه
теледастгоҳ	تله دستگاه
телеманора	تله مناره
телеметр	تله متر
телеметрӣ	تله متري
телемеханика	تله مخنيکه
телемеханикӣ	تله مخنيکي
телескоп	تلسکاپ
телескопӣ	تلسکاپي
телестудия	تله ستوديه
телетайп	تله تيپ
телетайпӣ	تله تيپي
телефон	تلفان
телефонӣ	تلفاني
телефоннигошт	تله فان نگاشت
телефончӣ	تلفان چي
телпак	تلپک
телпакдор	تلپک دار
телпакдӯз	تلپک دوز
телпакдӯзӣ	تلپک دوزي
телпакмӯй	تلپک موي
темор	تيمار
тендер	تندر
тендерӣ	تندري
теннис	تينس
теннисбоз	تينسباز
теннисбозӣ	تينسبازي
тенор	تنار
теодолит	تيآداليت
теократия	تيآکرتيه
теология	تئالاگيه
теорема	تياريمه
теппа	تپه
теппадор	تپه دار
теппакӯҳ	تپه کوه
теппача	تپه چه
терапевт	ترپوت
терапевтӣ	تراپوتي
терапия	تراپيه
тергав	ترگو
термекс	ترميکس
термит	ترميت
термин	ترمين
термограф	ترماگرف
термография	ترماگرفيه
термодинамика	ترمادينميکه
термодинамикӣ	ترمادنميکي
термометр	ترمامتر
термос	ترماس
термоядроӣ	ترمايدراي
терракота	تره کاته
террариум	تره ريوم
террор	ترار
терроризм	تراريزم
террорист	تراريست
террористӣ	ترارستي
техник	تخنيک
техника	تخنيکه
техникадон	تخنيکه دان
техникапараст	تخنيکه پرست
техникапарастӣ	تخنيکه پرستي
техникӣ	تخنيکي
технолог	تخنالاگ
технология	تخنالاگيه
технологӣ	تخنالاگي
теша	تيشه
тибб	طب
тиб	طب
тиббӣ	طبي
тибит	تبيت
тибитӣ	تبيتي
тибқ	طبق
тиз	تيز
тик	تک
тикка	تکه
тиққондан	تقاندن
тиққонҷ	تقانج
тиқ-тиқ	طق-طق
тилим	طلم
тилисм	طلسم
тилисмбанд	طلسم بند
тилисмбон	طلسمبان
тилисмшикан	طلسم شکن
тилло	طلا
тиллобаркаш	طلابرکش
тилловорӣ	طلاواري
тиллогин	طلاگين
тиллогун	طلاگون
тиллодор	طلادار
тиллозамин	طلازمين
тиллоӣ	طلائي
тиллокамар	طلاکمر
тиллоков	طلاکاو
тиллоковӣ	طلاکاوي
тиллокор	طلاکار
тиллокорӣ	طلاکاري
тиллокӯб	طلاکوب
тиллокӯбӣ	طلاکوبي
тиллонок	طلاناک
тиллоранг	طلارنگ
тиллохез	طلاخيز
тилмоч	تيلماچ
тиллоандуд	طلااندود
тилловат	تلاوت
тиллоя	طلايه
тим	تيم
тимор	تيمار
тимоҷ	تيماج
тимсол	تمثال
тимсоҳ	تمساح
тимча	تمچه
тин	تين
тинат	طينت
тинг-тинг	تنگ تنگ
тинҷ	تنج
тинҷӣ	تنجي
тип	تيپ
типология	تيپالاگيه
типологӣ	تيپولوژي
типсозӣ	تيپ سازي
тир	تير
тира	تيره
тираақл	تيره عقل
тирабахт	تيره بخت
тирабахтӣ	تيره بختي
тираберун	تيره بيرون
тирагӣ	تيرگي
тирагун	تير گون
тирадил	تيره دل
тирадилӣ	تيره دلي
тиразамир	تيره ضمير
тираж	تيرژ
тирак	تيرک
тирамағз	تيره مغز
тирамоҳ	تيره ماه
тирамоҳӣ	تيره ماهي
тирамоҳрӯя	تيره ماهرويه
тирандоз	تيرانداز
тирандозӣ	تيراندازي
тираниҳод	تيره نهاد
тираранг	تره رنگ
тирарой	تيره راي
тирарӯй	تيره روي
тирарӯз	تيره روز
тирарӯзгор	تيره روزگار
тирарӯзӣ	تيره روزي
тирасӯз	تيره سوز
тирафкан	تير افکن
тирафом	تيره فام
тирачашм	تيره چشم
тирашаб	تيره شب
тирашабӣ	تيره شبي
тирбанд	تيربند
тирбарг	تيربرگ
тирбол	طربال
тирборон	تيرباران
тирвор	تيروار
тиргак	تيرگک
тиргакмон	تيرگکمان
тиргон	تيرگان
тирдон	تيردان
тире	تيره
тирез	تيريز
тиреза	تيريزه
тирезакорӣ	تيريزه کاري
тирезача	تيريزه چه
тирзан	تيرزن
тирзанӣ	تيرزني
тирист	تيرست
тиркаш	تيرکش
тиркашон	تيرکشان
тиркиш	تيرکش
тиркишӣ	تيرکشي
тиркиштасма	تيرکش تسمه
тирмех	تيرميخ
тирмизак	تيرمزک
тирмонанд	تيرمانند
тирмор	تيرمار
тирморвор	تيرماروار
тирногузар	تيرناگذر
тирнорас	تيرنارس
тирожа	تيراژه
тироза	تيرازه
тирозанда	تيرازنده
тирпарвоз	تيرپرواز
тирпарронӣ	تيرپراني
тиррас	تيررس
тирром	تيررام
тирромӣ	تيررامي
тирсоз	تير ساز
тирукамон	تيروکمان
тирхона	تيرخانه
тирхӯрда	تيرخورده
тирҷӯй	تيرجوي
тит	تيت
титав	تيتو
титол	تيتال
титолбофӣ	تيتال بافي
титр	تيتر
титшуда	تيت شده
тифл	طفل
тифлдор	طفلدار
тифлдӯст	طفل دوست
тифлӣ	طفلي
тифлона	طفلانه
тифоқ	تفاق
тифоқан	تفاقاً
тифоқӣ	تفاقي
тифоқо	تفاقا
тифоқона	تفاقانه
тиҳигоҳ	تهي گاه
тиҳидаст	تهي دست
тиҳидастӣ	تهي دستي
тиҳимағз	تهي مغز
тиҳӣ	تهي
тиҳу	تيهو
тиҷорат	تجارت
тиҷоратӣ	تجارتي
тиҷоратхона	تجارت خانه
то	تا
тоат	طاعت
тоатварӣ	طاعتوري
тоатгаҳ	طاعت گه
тоатгоҳ	طاعت گاه
тоатфурӯш	طاعت فروش
тоатпеша	طاعت پيشه
тоб	تاب
това	تاوه
тобдон	تابدان
тобак	تابک
тобанда	تابنده
тобандагӣ	تابندگي
тобасанг	تابه سنگ
тобғула	تاب غوله
тобдиҳӣ	تابدهي
тобдода	تابداده
тобдор	تابدار
тобеин	تابعين
тобеият	تابعيت
тобеот	طابعات
тобеъ	تابع
тобеъкунанда	تابع کننده
тобидан	تابيدن
тобистон	تابستان
тобистона	تابستانه
тобистонбоб	تابستان باب
тобистонӣ	تابستاني
тобиш	تابش
тобишнок	تابشناک
тобнок	تابناک
тобовар	تاب آور
тобоварӣ	تاب آوري
тобоварона	تاب آورانه
тобон	تابان
тобонӣ	تاباني
тобситон	تابستان
тобут	تابوت
тобуткаш	تابوت کش
тобутсоз	تابوتساز
тобутхона	تابوتخانه
тобхона	تابخانه
тобхӯрда	تاب خورده
тов	تاو
товал	تاول
товасанг	تاوه سنگ
товидан	تاويدن
товон	تاوان
товонгирӣ	توان گيري
товондиҳӣ	توان دهي
товотов	تاواتاو
товус	طاوس
товусӣ	طاوسي
товусхиром	طاوس خرام
тоғӣ	طاغي
тоғут	طاغوت
тоғутпараст	طاغوت پرست
тоғутпарастӣ	طاغوت پرستي
тож	تاژ
тожик	تاژيک
тоз	تاز
тоза	تازه
тозаандеша	تازه انديشه
тозабар	تازه بر
тозабарг	تازه برگ
тозабаҳор	تازه بهار
тозабум	تازه بوم
тозабунёд	تازه بنياد
тозаворид	تازه واريد
тозагӣ	تازگي
тозагул	تازه گل
тозазуҳур	تازه ظهور
тозакор	تازه کار
тозакорӣ	تازه کاري
тозамусулмон	تازه مسلمان
тозанафас	تازه نفس
тозанашаванда	تازه نشونده
тозанда	تازنده
тозаниҳол	تازه نهال
тозапайкар	تازه پيکر
тозапарвоз	تازه پرواز
тозарас	تازه رس
тозарух	تازه رخ
тозарухсор	تازه رخسار
тозарӯй	تازه روي
тозасоз	تازه ساز
тозасухан	تازه سخن
тозахат	تازه خط
тозаҷавон	تازه جوان
тозаҷанг	تازه جنگ
тозиёна	تازيانه
тозиёназанӣ	تازيانه زني
тозиш	تازش
тозӣ	تازي
тозон	تازان
той	تاي
тойбанд	تايبند
тойбандӣ	تايبندي
ток	تاک
токбур	تاکبر
токбуррӣ	تاکبري
токгӯркунӣ	تاک گورکني
токдон	تاک دان
токдор	تاک دار
токдорӣ	تاک داري
токзор	تاکزار
токистон	تاکستان
токкушоӣ	تاک کشاي
токпарвар	تاک پرور
токпарварӣ	تاک پروري
токпилла	تاک پله
токсиколог	تاکسيکالاگ
токсикология	تاکسيکالاگيه
токсин	تاکسين
токча	طاچه
тоқ	طاق
тоқа	طاقه
тоқасум	طاقه سم
тоқат	طاقت
тоқатгудоз	طاقت گداز
тоқатнок	طاقت ناک
тоқатнокӣ	طاقت ناکي
тоқатовар	طاقت آور
тоқатоварӣ	طاقت آوري
тоқатпазир	طاقت پذير
тоқатпазирӣ	طاقت پذيري
тоқатфарсо	طاقت فرسا
тоқатшикан	طاقت شکن
тоқдор	طاقدار
тоқдес	طاقديس
тоқия	طاقيه
тоқиядӯз	طاقيه دوز
тоқиядӯзӣ	طاقيه دوزي
тоқӣ	طاقي
тоқча	طاقچه
тол	تال
толвоса	تالواسه
толеъ	طالع
толеъбин	طالع بين
толеъбинӣ	طالع بيني
толеъдон	طالع دان
толеънома	طالع نامه
толеъшинос	طالع شناس
толеъшиносӣ	طالع شناسي
толиб	طالب
толиба	طالبه
толибилм	طالب علم
толиш	طالش
толишӣ	طالشي
толоб	تالاب
толон	تالان
толонгар	تالانگر
толонгарӣ	تالانگري
толондида	تالان ديده
толор	تالار
толумол	تال ومال
том м	تام
томгароӣ	تام گرائي
томактабӣ	تامکتبي
томарқа	تامرقه
томат	تامت
томеъ	طامع
томиа	طامعه
томот	طامات
тонна	تانه
тоннел	تونل
топограф	تاپاگرف
топография	تاپاگرفيه
топографӣ	تاپاگرافي
топонимика	تاپانيميکه
тор	تار
тора	تاره
торак	تارک
торам	تارم
торафт	تارفت
торгир	تارگير
тордон	تاردان
торзан	تارزن
торик	تاريک
торикистон	تاريکستان
торикӣ	تاريکي
торикшаб	تريک شب
торӣ	تاري
тормоз	تارماز
тормоздиҳӣ	تارمازدهي
торнавоз	تارنواز
торнавозӣ	تارنوازي
торон	تاران
тороҷ	تاراج
тороҷгар	تاراجگر
тороҷгардида	تاراج گرديده
тороҷгарӣ	تاراجگري
тороҷгашта	تراج گشته
тороҷдида	تاراج ديده
тороҷӣ	تاراجي
тороҷкунанда	تاراج کننده
тороҷшуда	تاراج شده
торс	تارس
торсакӣ	تارسکي
тортанак	تارتنک
тортананда	تارتننده
тортанӣ	تارتني
тортуқ	تارتوق
торум	طارم
торумор	تارومار
торф	تارف
торфдор	تارف دار
торфзор	تارف زار
торфӣ	تارفي
торфканӣ	تارف کني
тос	طاس
тоса	تاسه
тосазада	تاس زده
тосбоз	طاس باز
тосбозӣ	طاس بازي
тосида	تاسيده
тосидан	تاسيدن
тосинфӣ	تاصنفي
тосиш	تاسش
тосӣ	طاسي
тоскулоҳ	طاس کلاه
тосмоҳӣ	تاس ماهي
тоссар	طاس سر
тоссарӣ	طاس سري
тот	تات
тоталитарӣ	تاتليتري
тотӣ	تاتي
тотор	تاتار
тоторӣ	تاتاري
тоту	تاتو
тотула	تاتوله
тотура	تاتوره
тоун	طاعون
тоунзада	طاعون زده
тоунӣ	طاعوني
тофта	تافته
тофтабанд	تافته بند
тофтабандӣ	تافته بندي
тофтан	تافتن
тохт	تاخت
тохта	تاخته
тохтан	تاختن
тохтутоз	تاخت وتاز
тоҳир	طاهر
тоҷ	تاج
тоҷвар	تاج ور
тоҷварӣ	تاج وري
тоҷгузорӣ	تاج گزاري
тоҷгул	تاج گل
тоҷдор	تاج دار
тоҷик	تاجيک
тоҷикзабон	تاجيک زبان
тоҷикидон	تاجيکي دان
тоҷикистонӣ	تاجيکستاني
тоҷикӣ	تاجيکي
тоҷикнишин	تاجيک نشين
тоҷикона	تاجيکانه
тоҷикшинос	تاجيکشناس
тоҷикшиносӣ	تاجيک شناسي
тоҷир	تاجر
тоҷирӣ	تاجري
тоҷихурӯс	تاج خروس
тоҷхоҳ	تاج خواه
тоҷхоҳӣ	تاج خواهي
тош	تاش
траектория	ترئکتاريه
трактор	ترکتار
тракторрон	ترکتارران
тракторронӣ	ترکتارراني
тракторсозӣ	ترکتارسازي
транзит	ترنزيت
транзитӣ	ترنزيتي
транскрипсия	ترنسکريپسيه
трансформатор	ترنسفارمتار
трапетсия	ترپتسيه
трахома	ترخامه
триада	تري آده
трибуна	تريبونه
трибунал	تريبونل
тригонометрия	تريگانامتريه
трико	تريکا
трикотаж	تريکاتژ
трикотажбофӣ	تريکاتژبافي
триод	ترياد
трипсин	تريپسين
тритий	تريتي
трифтонг	تريفتانگ
троллейбус	تراليبوس
троллейбусрон	تراليبوس ران
тромбон	ترامبان
тромбоннавоз	ترامبان نواز
тропикӣ	تراپيکي
тропосфера	تراپاسفيره
ту	تو
тубак	توبک
тубо	طوبي
тубон	توبان
тувара	تواره
тугма	تگمه
тугмабанд	تگمه بند
тугмадор	تگمه دار
тугун	تگن
тугунча	تگنچه
тугунчак	تگنچک
туғ	طوغ
туғак	توغک
туғбардор	توغبردار
туғён	توغيان
туғро	طغرا
туғрокаш	طغراکش
туғронавис	طغرانويس
тук	تک
туқайзор	طوقيزار
тулак	تولک
туланг	تلنگ
тулум	تلم
тулӯъ	طلوع
тулӯъкунанда	طلوع کننده
тулфор	تلفار
туман	تومن
туманолуд	تمن آلود
тумтароқ	طمطراق
тумшуқ	تمشق
тумшуқбанд	تمشق بند
тунбон	تنبان
тунг	تنگ
тунд	تند
тунда	تنده
тундак	تندک
тундур	تندر
тундар	تندر
тундбод	تندباد
тундбӯ	تندبو
тундгап	تندگپ
тундгапӣ	تندگپي
тундзеҳн	تندذهن
тундзабон	تند زبان
тундидан	تنديدن
тундӣ	تندي
тундмаза	تندمزه
тунднавис	تندنويس
тунднависӣ	تندنويسي
тундмиҷоз	تندمجاز
тундмиҷозӣ	تندمجازي
тундпарвоз	تندپرواز
тундрав	تندرو
тундравӣ	تندروي
тундрафтор	تندرفتار
тундрафторӣ	تندرفتاري
тундроӣ	تندرائي
тундрой	تندروي
тундрӯй	تندروي
тундтоз	تندتاز
тундфеъл	تندفعل
тундфеълӣ	تندفعلي
тундхашмӣ	تندخشمي
тундхез	تندخيز
тундхулқ	تندخلق
тундхулқӣ	تندخلقي
тундхӯй	تندخوي
тундхӯӣ	تندخوئي
тунел	تنل
тунелсоз	تنلساز
тунелсозӣ	تنلسازي
тунтоб	تون تاب
тунӣ	توني
тунук	تنک
тунука	تنکه
тунукагӣ	تنکگي
тунукакорӣ	تنکه کاري
тунукапора	تنکه پاره
тунукапӯш	تنکه پوش
тунукасоз	تنکه ساز
тунукасозӣ	تنکه سازي
тунукбизоат	تنک بضاعت
тунукдил	تنک دل
тунукзарф	تنک ظرف
тунукӣ	تنکي
тунукқабат	تنک قبت
тунукмағз	تنک مغز
тунукмоя	تنک مايه
тунукоб	تنک آب
тунукоба	تنک آبه
тунукпӯст	تنک پوست
тунукриш	تنک ريش
тунукрӯй	تنک روي
тунукрӯшноӣ	تنک روشنائي
тунукшароб	تنک شراب
туппа	توپه
туппакашак	توپه کشک
тур	تر
турб	ترب
турбат	تربت
турбатхона	تربت خانه
турбина	تربينه
турбинасозӣ	تربينه سازي
турбогенератор	ترباگنيرتار
турбтарош	ترب تراش
турбча	تربچه
туризм	ترزم
турист	تورست
турк	ترک
туркзабон	ترک زبان
туркидон	ترکي دان
туркӣ	ترکي
туркман	ترکمن
туркона	ترکانه
турконхидев	ترکان خديو
турктоз	ترک تاز
туркҷӯш	ترک جوش
туркшинос	ترکشناس
туркшиносӣ	ترک شناسي
турм	ترم
турна	ترنه
турнақатор	ترنه قطار
туроб	تراب
туронӣ	توراني
турра	طره
турс	ترس
турунҷ	ترنج
туруш	ترش
турфа	طرفه
турш	ترش
туршак	ترشک
туршидан	ترشيدن
туршӣ	ترشي
туршмаза	ترش مزه
туршмонанд	ترش مانند
туршрӯй	ترشروي
туршрӯёна	ترش رويانه
туршрӯӣ	ترش روي
тут	توت
тутанҷир	توت انجير
тутафшонӣ	توت افشاني
тутзор	توت زار
тутила	توتيله
тутилагӣ	توتيلگي
тутмавиз	توت مويز
тутпазӣ	توت پزي
тутпарварӣ	توت پروري
тутхӯрӣ	توت خوري
тутшинонӣ	توت شناني
туф	تف
туфайл	طفيل
туфайлихӯр	طفيلي خور
туфайлӣ	طفيلي
туфанг	تفنگ
туфангдор	تفنگ دار
туфангпаронӣ	تفنگ پرّاني
туфангсоз	تفنگ ساز
туфангча	تفنگ چه
туфдон	تفدان
туфулият	تفوليت
тухм	تخم
тухма	تخمه
тухмбирён	تخم بريان
тухмбозӣ	تخم بازي
тухмгузорӣ	تخم گزاري
тухмдон	تخم دان
тухмзо	تخم زا
тухмзоӣ	تخم زائي
тухмикор	تخمي کار
тухмикорӣ	تخمي کاري
тухмипарвар	تخمي پرور
тухмипарварӣ	تخمي پروري
тухмӣ	تخمي
тухммонӣ	تخم ماني
тухммуғҷа	تخم مغجه
тухмпартоӣ	تخم پرتائي
тухмпошак	تخم پاشک
тухмпошӣ	تخم پاشي
тухмҳуҷайра	تخم هجيره
тухмҷанг	تخم جنگ
тухмшакл	تخم شکل
туҳаф	تحف
туҷҷор	تجار
туш	توش
тушбера	توشبيره
тушберагирак	توشبيره گيرک
тӯ	تو
тӯб	توب
тӯббозӣ	توب بازي
тӯбӣ	طوبي
тӯбо	طوبي
тӯбра	توبره
тӯбсада	توب سده
тӯбча	توبچه
тӯғ	توغ
тӯғрӣ	توغري
тӯда	توده
тӯдабарг	توده برگ
тӯдабоз	توده باز
тӯдабозӣ	توده بازي
тӯдагул	توده گل
тӯдакаш	توده کش
тӯдаситора	توده ستاره
тӯёна	طويانه
тӯйгардӣ	توي گردي
тӯйфурорӣ	توي فراري
тӯйхабар	توي خبر
тӯйхона	توي خانه
тӯйхӯр	توي خور
тӯйча	توي چه
тӯз	توز
тӯзидан	توزيدن
тӯқайзор	طوقيزار
туқсабо	توقسبا
тӯқ-тӯқ	توق توق
тӯқум	توقم
тӯқумдӯз	توقم دوز
тӯқумшуллук	توقم شلک
тӯл	طول
тӯла	طوله
тӯлгирӣ	طولگيري
тӯлӣ	طولي
тӯлонӣ	طولاني
тӯмор	طومار
тӯморшакл	طومارشکل
тӯп	توپ
тӯпандоз	توب انداز
тӯпаланг	توپلنگ
тӯпзанӣ	توپ زني
тӯппаронӣ	توپ پراني
тӯппидӯз	توپي دوز
тӯппӣ	توپي
тӯпсалом	توپ سلام
тӯпсозӣ	توپ سازي
тӯпхона	توپ خانه
тӯпчибошӣ	توپ چي باشي
тӯпчӣ	توپچي
тӯр	تور
тӯра	توره
тӯрагӣ	توره گي
тӯрба	توربه
тӯрбоф	تورباف
тӯрбофӣ	توربافي
тӯрдор	توردار
тӯрдӯзӣ	تردوزي
тӯрӣ	توري
тӯркаду	تورکدو
тӯрсабад	تورسبد
тӯруқ	تورق
тӯрхалта	تورخلته
тӯршакл	تورشکل
тӯс	توس
тӯсзор	توس زار
тӯсӣ	طوسي
тӯтибаён	طوطي بيان
тӯтибурут	طوطي بروت
тӯтивор	طوطي وار
тӯтиё	توتيا
тӯтӣ	طوطي
тӯфаланг	توفلنگ
тӯфидан	توفيدن
тӯфон	طوفان
тӯхтан	توختن
тӯҳмат	تهمت
тӯҳматангез	تهمت انگيز
тӯҳматбор	تهمت بار
тӯҳматбофӣ	تهمت بافي
тӯҳматгар	تهمت گر
тӯҳматгарона	تهمت گرانه
тӯҳматзада	تهمت زده
тӯҳматӣ	تهمتي
тӯҳматолуд	تهمت آلود
тӯҳматолуда	تهمت آلوده
тӯҳматомез	تهمت آميز
тӯҳматчӣ	تهمتچي
тӯҳфа	تحفه
тӯш	توش
тӯша	توشه
тӯшак	توشک
тӯшдор	توشدار
тӯъма	طعمه
тӯъмахор	طعمه خوار
тюлен	تيولن
-у	و
убайд	عبيد
убара	ابره
уббаҳат	ابهت
уббод	عباد
убна	ابنه
убоб	عباب
убол	اوبال
уболак	اوبالک
убра	ابره
убувват	ابوت
убудийят	عبوديت
убур	عبور
убургоҳ	عبورگاه
убурнопазир	عبورناپذير
убус	عبوس
убусат	عبوست
убуҳҳат	ابهت
увайс	اويس
уввос	اواس
увол	اوال
угро	اگرا
уғлута	اغلوطه
уғния	اغنيه
уғур	اوغر
уғурак	اوغرک
уғурдаста	اوغردسته
уғурча	اوغرچه
уд	عود
удабо	ادبا
удайчӣ	اديچي
удбез	عودبيز
удвон	عدوان
уддӣ	عدي
удӣ	عودي
удмурт	ادمورت
удмуртӣ	ادمورتي
уднавоз	عودنواز
уднавозӣ	عودنوازي
удсӯз	عودسوز
удул	عدول
узангу	ازنگو
узбак	ازبک
узбакӣ	ازبکي
узв	عضو
узван	عضواً
узвият	عضويت
узел	اوزيل
узлат	عزلت
узлатнишин	عزلت نشين
узлатнишинӣ	عزلت نشيني
узмо	عظمي
узн	اذن
узода	عضاده
узор	عذار
узот	ازات
узр	عذر
узргӯӣ	عذرگوئي
узрнок	عذرناک
узрнопазир	عذرناپذير
узровар	عذرآور
узроварӣ	عذرآوري
узромез	عذرآميز
узромезона	عذرآميزانه
узрпазир	عذرپذير
узрпурсӣ	عذرپرسي
узрсоз	عذرساز
узрхоҳ	عذرخواه
узрхоҳӣ	عذرخواهي
узрхоҳона	عذرخواهانه
узрҷӯёна	عذرجويانه
узубат	عذوبت
уйғур	اويغر
уйғурӣ	اويغري
украин	اکرئين
украинӣ	اکرئيني
уқад	عقد
уқало	عقلا
уқбо	عقبي
уқда	عقده
уқдакушо	عقده کشا
уқёнус	اقيانوس
уқёнусгард	اقيانوس گرد
уқёнусӣ	اقيانوسي
уқёнуснавард	اقيانوس نورد
уқёнуспаймо	اقيانوس پيما
уқёнусшинос	اقيانوس
уқёнусшиносӣ	اقيانوس شناسي
уқнум	اقنوم
уқоб	عقاب
уқоббинӣ	عقاب بيني
уқобвор	عقاب وار
уқобӣ	عقابي
уқобмонанд	عقاب مانند
уқобона	عقابانه
уқубат	عقوبت
уқубатдиҳанда	عقوبت دهنده
уқуқ	عقوق
уқул	عقول
улавдор	الودار
уламо	علما
улвинажод	علوي نژاد
улвият	علويت
улвӣ	علوي
улё	عليا
улёҳазрат	علياحضرت
улоғ	الاغ
улоқ	الاق
уллос	الاس
уллосзананда	الاس زننده
уллосзанӣ	الاس زني
уллосӣ	الاسي
уллоскашанда	الاس کشنده
уллоскашӣ	الاس کش
ултиматум	التمتم
ултра	اولتره
ултрабунафш	اولتره بنفش
ултраовоз	اولتره آواز
ултрасадо	اولتره صدا
улу	اولو
улувв	علو
улуғ	الغ
улуламр	اولوالامر
улулхамр	اولوالخمر
улум	علوم
улус	الوس
улуф	الوف
улуфа	علوفه
улфат	الفت
улфатӣ	الفتي
улфатпазир	الفت پذير
улҷа	الجه
умм	ام
умам	امم
умаро	امرا
умда	عمده
умдафурӯш	عمده فروش
умдафурӯшӣ	عمده فروشي
умед	اميد
умедбахш	اميدبخش
умедвор	اميدوار
умедворкунанда	اميدوارکننده
умедворона	اميدوارانه
умедворӣ	اميدواري
умедгоҳ	اميدگاه
умедкада	اميدکنده
умедхона	اميد خانه
умқ	عمق
умқсанҷ	عمق سنج
уммат	امت
уммаҳат	امهت
уммаҳот	امهات
уммед	اميد
уммедвор	اميد وار
уммӣ	امي
уммол	عمال
уммуламроз	ام الامراض
уммулкитоб	ام الکتاب
уммулқуроъ	ام القراء
уммулхабоис	ام الخبايث
уммулхалоиқ	ام الخلائق
уммулҳаводис	ام الحوادث
умния	امنيه
умоч	اماچ
умр	عمر
умра	عمره
умрафзой	عمرافزاي
умрбод	عمرباد
умрбоқӣ	عمر باقي
умрвар	عمرور
умргузаронӣ	عمرگذراني
умрдарозӣ	عمردرازي
умрдида	عمرديده
умрзой	عمرزاي
умрӣ	عمري
умркоҳ	عمرکاه
умркӯтоҳ	عمرکوتاه
умркӯтоҳӣ	عمرکوتاهي
умрон	عمران
умрпаймоӣ	عمرپيمايي
умрфарсой	عمرفرساي
умрҷӯ	عمرجو
умум	عموم
умуман	عموماّ
умумиаврупоӣ	عمومي اوروپائي
умумиартишӣ	عمومي ارتشي
умумиаскарӣ	عمومي عسکري
умумибашарӣ	عمومي بشري
умумидавлатӣ	عمومي دولتي
умумидемократӣ	عمومي ديماکرتي
умумидунёӣ	عمومي دنيائي
умумиинсонӣ	عمومي انساني
умумииттиҳодӣ	عمومي اتّحادي
умумииттиҳодиявӣ	عمومي اتحاديوي
умумимактабӣ	عمومي مکتبي
умумихалқӣ	عمومي خلقي
умумиҳизбӣ	عمومي حزبي
умумиҷаҳонӣ	عمومي جهاني
умумиҷумҳуриявӣ	عمومي جمهوريوي
умумиҷумҳурӣ	عمومي جمهوري
умумишахс	عمومي شخص
умумишаҳрӣ	عمومي شهري
умумишуда	عمومي شده
умумият	عموميت
умумӣ	عمومي
умур	امور
унвон	عنوان
унвонӣ	عنواني
универсалӣ	انيويرسلي
университет	انيورسيتيت
унқ	عنق
унқуд	عنقود
унноб	عنّاب
уннобгун	عنابگون
уннобӣ	عنابي
уннобранг	عناب رنگ
унс	انس
унсгирӣ	انس گيري
унсо	انثا
унсур	عنصر
унсурӣ	عنصري
унфӣ	عنفي
унфувон	عنفوان
упо	اپا
ур	عور
уран	ارن
урафо	عرفا
урбон	عربان
урва	عروه
урдибиҳишт	اردي بهشت
урдибиҳиштӣ	اردي بهشتي
ӯрду	اوردو
урду	اردو
урдугоҳ	اردوگاه
урдузабон	اردو زبان
уреб	اوريب
уребча	اوريبچه
уребчашм	اوريب چشم
урён	عوريان
урёнӣ	عورياني
урмузд	اردمزد
ӯроқ	اوراق
уроқ	اوراق
уролог	ارالاگ
урология	ارالاگيه
урологӣ	ارالاگي
уруқ	عروق
урупо	اروپا
урус	اروس
уруҷ	عروج
урф	عرف
урфан	عرفاً
урфият	عرفيت
урфӣ	عرفي
урҷун	عرجون
усс	اس
усаро	اسرا
ускуна	اسکونه
усқуф	اسقوف
услуб	اسلوب
услубшинос	اسلوب شناس
услубшиносӣ	اسلوب شناسي
ӯсма	اوسمه
усма	اسمه
усора	عصاره
успуш	اسپش
усрат	عسرت
усто	استا
устогӣ	استاگي
устод	استاد
устодӣ	استادي
устодона	استادانه
устоз	استاذ
устоӣ	استائي
устокор	استاکار
устокорӣ	استاکاري
устокорона	استاکارانه
устохӣ	اوستاخي
устохона	استاخانه
устуво	استواء
устувон	استوان
устувона	استوانه
устувонаӣ	استوانه اي
устувор	استوار
устуворӣ	استواري
устуворона	استوارانه
устур	استور
устура	استوره
устурбон	استوربان
устурван	استرون
устурдан	استردن
устурлоб	اسطرلاب
устухон	استخوان
устухонбанд	استخوان بند
устухонбандӣ	استخوان بندي
устухонбузург	استخوان بزرگ
устухондард	استخوان درد
устухондор	استخوان دار
устухонпарда	استخوان پرده
устухонпора	استخوان پاره
устухонрабо	استخوان ربا
устухонреза	استخوان ريزه
устухонрезагӣ	استخوان ريزگي
устухонсозӣ	استخوان سازي
устухонталошӣ	استخوان تلاشي
устухонфурӯшӣ	استخوان فروشي
устухонхоӣ	استخوان خائي
устухонӣ	استخواني
устухонхор	استخوان خوار
устухонхорӣ	استخوان خواري
устухонхӯр	استخوان خور
устухонхӯрӣ	استخوان خوري
устухоншинос	استخوان شناس
устухоншиносӣ	استخوان شناسي
усул	اصول
усулан	اصولاً
усулӣ	اصولي
усур	عثور
усфур	عصفور
утлат	عطلت
утоқ	اطاق
утоқа	اطاقه
утопия	اتاپيه
уторид	عطارد
утос	عطاس
утрор	اترار
уттӣ	اتي
уту	اتو
утукаш	اتوکش
утуфат	عطوفت
уф	اوف
уфар	افر
уфт	افت
уфтодагӣ	افتادگي
уфтодан	افتادن
уфтухез	افت وخيز
уфуқ	افق
уфуқӣ	افقي
уфул	افول
уфунат	عفونت
ух	اخ
ухравӣ	اخروي
ухро	اخري
ухт	اخت
ухувват	اخوت
уҳу	اهو
уҳу-уҳу	اهو اهو
учоқ	اچاق
уҷб	عجب
уҷм	عجم
уҷмат	عجمت
уҷоб	عجاب
уҷоҷ	اجاج
уҷр	اجر
уҷратгир	اجرت گير
уҷратхӯр	اجرت خور
уҷро	اجرا
уҷур	اجور
ушкуфа	اشکوفه
ушна	اشنه
ушнабаста	اشنه بسته
ушнагиёҳ	اشنه گياه
ушнадор	اشنه دار
ушнон	اشنان
ушпулак	اشپلک
ушр	عشر
ушра	عشره
ушрия	عشريه
ушрӣ	عشري
ушрхон	عشرخوان
уштулум	اشتلم
уштур	اشتر
уштурак	اشترک
уштурбон	اشتربان
уштургиёҳ	اشتر گياه
уштурғоз	اشترغاز
уштурпой	اشترپاي
уштурхор	اشترخار
ушшоқ	عشّاق
уюб	عيوب
уюн	عيون
ӯ	او
ӯба	اوبه
ӯбада	اوبده
ӯгай	اوگي
ӯғур	اوغر
ӯғурак	اوغرک
ӯғурдаста	اوغردسته
ӯғуркӯбӣ	اوغر کوبي
ӯғурча	اوغر چه
ӯғурчадаста	اوغرچه دسته
ӯғуршакл	اوغرشکل
ӯзак	اوزک
ӯзбак	اوزبک
ӯзбакӣ	اوزبکي
ӯзбек	اوزبيک
ӯзбекӣ	اوزبيکي
ӯй	اوي
ӯланг	اولنگ
ӯлат	اولت
ӯлпон	اولپان
ӯлпонпулӣ	اولپان پولي
ӯлчак	اولچک
ӯлчакчӯб	اولچک چوب
ӯлҷа	اولجه
ӯмоч	اوماچ
ӯра	اوره
ӯрамонанд	اوره مانند
ӯрда	اورده
ӯрдак	اوردک
ӯрдакпарронӣ	اوردک پراني
ӯрдугоҳ	اوردوگاه
ӯрмуз	اورمز
ӯрмузд	اورمزد
ӯсал	اوسل
ӯсмакашӣ	اوسمه کشي
ӯтов	اوتاو
ӯҳ	اوه
ӯҳбат	اهبت
ӯҳда	عهده
ӯҳдабаро	عهده برا
ӯҳдабароёна	عهده برايانه
ӯҳдабароӣ	عهده برايي
ӯҳдадор	عهده دار
ӯҳдадорӣ	عهده داري
ӯҳданобаро	عهده نابرا
ӯҳданобароӣ	عهده نابرايي
ӯҳӯ-ӯҳӯ	اوهو اوهو
ӯҳҳӯ	اوهو
ӯъҷуба	اعجوبه
фааммо	فاما
фабиҳо	فبها
фабрика	فبريکه
фабрикӣ	فبريکي
фаввора	فواره
фавворазанӣ	فواره زني
фавз	فوز
фавқ	فوق
фавқан	فوقاً
фавқият	فوقيت
фавқӣ	فوقي
фавқонӣ	فوقاني
фавқуззикр	فوق الذّکر
фавқулвасф	فوق الوصف
фавқулиқтидор	فوق الاقتدار
фавқулмиллӣ	فوق الملّي
фавқулода	فوق العاده
фавқулодагӣ	فوق العادگي
фавқулфавқ	فوق الفوق
фавқулхолис	فوق الخالص
фавқулҳад	فوق الحد
фавқулҳассос	فوق الحساس
фавқунноқил	فوق الناقل
фавқунноқилият	فوق الناقليت
фавқуссадо	فوق الصدا
фавқуссуръат	فوق السرعت
фавқуттабиат	فوق الطبيعت
фавқуттабиӣ	فوق الطبيعي
фавқуттамом	فوق التمام
фавқуттасаввур	فوق التصور
фавқушшиддат	فوق الشدت
фавоеҳ	فوائح
фавозил	فواضل
фавоид	فوائد
фавокеҳ	فواکه
фавот	فوات
фавотеҳ	فواتح
фавоҳиш	فواحش
фавр	فور
фавран	فوراً
фаврат	فورت
фаврӣ	فوري
фавт	فوت
фавтидан	فوتيدن
фавҳ	فوح
фавҷ	فوج
фавҷдор	فوج دار
фагона	فگانه
фағ	فغ
фаға	فغه
фағанд	فغند
фағвора	فغواره
фағёз	فغياز
фағистон	فغستان
фағок	فغاک
фағон	فغان
фағона	فغانه
фағфур	فغفور
фағфурӣ	فغفوري
фадавиёна	فدويانه
фадавӣ	فدوي
фидомат	فدامت
фадфад	فدفد
фаёл	فيال
фаёр	فيار
фажа	فژه
фажғанд	فژغند
фажогин	فژاگين
фажок	فژاک
фазаъ	فزع
фазилат	فضيلت
фазилатгустар	فضيلت گستر
фазилатнок	فضيلت ناک
фазилатоин	فضيلت آئين
фазилатомез	فضيلت آميز
фазиҳ	فضيح
фазиҳат	فضيحت
фазл	فضل
фазла	فضله
фазлпарвар	فضل پرور
фазлпеша	فضل پيشه
фазлфурӯшӣ	فضل فروشي
фазо	فضا
фазоеҳ	فضائح
фазоил	فضائل
фазоиш	فزايش
фазолик	فذالک
фазотрон	فزاتران
фай	في
файёз	فياض
файз	فيض
файзбахш	فيض بخش
файзбахшӣ	فيض بخشي
файзбор	فيض بار
файзгирӣ	فيض گيري
файзёб	فيض ياب
файзёбӣ	فيض يابي
файзпарвар	فيض پرور
файл	فيل
файласуф	فيلسوف
файласуфӣ	فيلسوفي
файласуфмаоб	فيلسوف مآب
файласуфона	فيلسوفانه
файсал	فيصل
факк	فک
факоҳат	فکاحت
факс	فکس
факт	فکت
факулта	فکلته
факултативӣ	فکلتتيوي
факултет	فکلتيت
фақат	فقط
фақеҳ	ففيه
фақир	فقير
фақирона	فقيرانه
фақирӣ	فقيري
фақоҳат	فقاهت
фақр	فقر
фалак	فلک
фалаквор	فلکوار
фалакзада	فلک زده
фалакзадагӣ	فلک زدگي
фалакиёт	فلکيات
фалакӣ	فلکي
фалакмартаба	فلک مرتبه
фалакпаймо	فلکپيما
фалакпеч	فلک پيچ
фалакпоя	فلک پايه
фалаксайр	فلک سير
фалаксаро	فلک سرا
фалаксароӣ	فلک سرايي
фалаксой	فلکساي
фалактавон	فلک توان
фалактоз	فلکتاز
фалакулафлок	فلک الافلاک
фалакулмуҳит	فلک المحيط
фалакфарсо	فلک فرسا
фалакхон	فلک خوان
фалакхонӣ	فلک خواني
фалақ	فلق
фаларз	فلرز
фаларзанг	فلرزنگ
фалахмон	فلخمان
фалаҷ	فلج
фалаҷзада	فلج زده
фалаҷӣ	فلجي
фалаҷшавӣ	فلج شوي
фалаҷшуда	فلج شده
фалев	فليو
фалла	فلّه
фалғанд	فلغند
фалқ	فلق
фалмохан	فلماخن
фаллоҳ	فلاح
фалод	فلاد
фалода	فلاده
фаллоқ	فلاق
фалокат	فلاکت
фалокатбор	فلاکت بار
фалокатзада	فلاکت زده
фалокатӣ	فلاکتي
фалокатовар	فلاکت آور
фалокатомез	فلاکت آميز
фалокатофар	فلاکت آفر
фалон	فلان
фалонак	فلانک
фалонӣ	فلاني
фалосанг	فلا سنگ
фалосифа	فلاسفه
фалот	فلات
фалотунсират	فلاطون سيرت
фалотунҳикмат	فلاطون حکمت
фалохан	فلاخن
фалоҳ	فلاح
фалоҳат	فلاحت
фалоҳатӣ	فلاحتي
фалоҷарам	فلاجرم
фалс	فلس
фалсафа	فلسفه
фалсафабоф	فلسفه باف
фалсафабофӣ	فلسفه بافي
фалсафавӣ	فلسفوي
фалсафадон	فلسفه دان
фалсафаронӣ	فلسفه راني
фалсафафурӯшӣ	فلسفه فروشي
фалсафиёт	فلسفيات
фалсафӣ	فلسفي
фалхам	فلخم
фалхамдор	فلخم دار
фалхамдорӣ	فلخم داري
фалҷ	فلج
фам	فم
фаммуласад	فم الاسد
фанн	فن
фанак	فنک
фанакпӯш	فنک پوش
фанан	فنن
фанд	فند
фандхӯрӣ	فندخوري
фанер	فنير
фанерӣ	فنيري
фанертахта	فنيرتخته
фано	فنا
фанонашаванда	فنانشونده
фанонопазир	فناناپذير
фанонопазирӣ	فناناپذيري
фанопазир	فناپذير
фанопазирӣ	فناپذيري
фанохона	فناخانه
фаношаванда	فناشونده
фаношавӣ	فناشوي
фантастика	فنتستيکه
фантастикӣ	فنتستيکي
фанфурӯш	فن فروش
фаншинос	فن شناس
фаншиносӣ	فنشناسي
фарр	فر
фара	فره
фаразан	فرضاً
фарам	فرم
фаранг	فرنگ
фарангизода	فرنگي زاده
фарангимаоб	فرنگي مآب
фарангиталъат	فرنگي طلعت
фарангӣ	فرنگي
фаранҷинок	فرنجي ناک
фаранҷипӯш	فرنجي پوش
фаранҷипӯшӣ	فرنجي پوشي
фаранҷӣ	فرنجي
фаранҷмушк	فرنجمشک
фарасб	فرسب
фарасниҳода	فرس نهاده
фарасп	فرسب
фарахша	فرخشه
фараҳ	فرح
фараҳангез	فرح انگيز
фарҳангезӣ	فرح انگيزي
фараҳафзо	فرح افزا
фараҳафзоӣ	فرح افزاي
фараҳбахш	فرح بخش
фараҳбахшӣ	فرح بخشي
фараҳзо	فرحزا
фараҳманд	فرحمند
фараҳмандӣ	فرحمندي
фараҳмандона	فرحمندانه
фараҳнок	فرحناک
фараҳовар	فرح آور
фараҳфизо	فرح فزا
фараҷ	فرج
фараҷӣ	فرجي
фарбеҳ	فربه
фарбеҳӣ	فربهي
фарбеҳтан	فربه تن
фарбӣ	فربي
фарвадин	فرودين
фарваз	فروز
фарвардин	فروردين
фарвиз	فرويز
фарвор	فروار
фарғанд	فرغند
фарғар	فرغر
фарғардан	فرغردن
фарғеш	فرغيش
фард	فرد
фардан	فرداً
фардара	فردره
фардарӣ	فردري
фардбайт	فردبيت
фардият	فرديت
фардӣ	فردي
фарднаво	فردنوا
фардо	فردا
фардоина	فرداينه
фардрав	فردرو
фареш	فريش
фарёд	فرياد
фарёдзан	فريادزن
фарёдзанон	فريادزنان
фарёдкашон	فريادکشان
фарёдкун	فريادکن
фарёдкунон	فريادکنان
фарёднома	فريادنامه
фарёдрас	فريادرس
фарёдрасӣ	فريادرسي
фарёдхоҳ	فريادخواه
фарёдхоҳӣ	فريادخواهي
фарз	فرض
фарзан	فرضاً
фарзанд	فرزند
фарзандбезор	فرزندبيزار
фарзандвор	فرزندوار
фарзанддор	فرزنددار
фарзанддорӣ	فرزندداري
фарзанддӯст	فرزنددوست
фарзанддӯстӣ	فرزنددوستي
фарзандӣ	فرزندي
фарзандталаб	فرزندطلب
фарзандхонда	فرزندخوانده
фарзандхонӣ	فرزندخواني
фарзиёт	فرضيات
фарзин	فرزين
фарзинбанд	فرزين بند
фарзинваш	فرزين وش
фарзия	فرضيه
фарзӣ	فرضي
фарзом	فرزام
фарзон	فرزان
фарзона	فرزانه
фарзонагӣ	فرزانگي
фарид	فريد
фариза	فريضه
фариқ	فريق
фаришта	فرشته
фариштаниҳод	فرشته نهاد
фариштахисол	فرشته خصال
фариштахӯ	فرشته خو
фарӣ	فري
фаркан	فرکن
фарканд	فرکند
фарқ	فرق
фарқият	فرقيت
фарқкунанда	فرق کننده
фарқнок	فرق ناک
фарқпазир	فرق پذير
фармакология	فرمکالاگيه
фарманд	فرمند
фармоиш	فرمايش
фармоишгар	فرمايشگر
фармой	فرماي
фармон	فرمان
фармонбар	فرمان بر
фармонбардор	فرمان بردار
фармонбардорӣ	فرمان برداري
фармонбардорона	فرمان بردارانه
фармонбарӣ	فرمان بري
фармонгузор	فرمان گذار
фармондеҳ	فرمان ده
фармондеҳӣ	فرمان دهي
фармондор	فرمان دار
фармонпазир	فرمان پذير
фармонпазирӣ	فرمان پذيري
фармонраво	فرمان روا
фармонравоӣ	فرمان روايي
фармонфармо	فرمان فرما
фармонфармоӣ	فرمان فرمايي
фармоншикан	فرمان شکن
фармоншиканӣ	فرمان شکني
фармоянда	فرماينده
фармуд	فرمود
фармуда	فرموده
фармудан	فرمودن
фармуш	فرمش
фармушӣ	فرمشي
фармӯш	فرموش
фармӯшӣ	فرموشي
фармӯшкор	فرموش کار
фармӯшкорӣ	فرموش کاري
фарнабера	فرنبيره
фарнод	فرناد
фарнос	فرناس
фаро	فرا
фаровард	فراورد
фаровардан	فراوردن
фаровез	فراويز
фаровездор	فراويزدار
фаровон	فراوان
фаровонӣ	فراواني
фаровонсухан	فراوان سخن
фаровонҳосил	فراوان حاصل
фаровонҳосилӣ	فراوان حاصلي
фаровоншикеб	فراوان شکيب
фарогир	فراگير
фарогиранда	فراگيرنده
фарогирӣ	فراگيري
фароғ	فراغ
фароғат	فراغت
фароғатбахш	فراغت بخش
фароғатгоҳ	فراغتگاه
фароғатхона	فراغت خانه
фароғбол	فراغ بال
фароз	فراز
фарозӣ	فرازي
фарозанда	فرازنده
фарозидан	فرازيدن
фарозманд	فرازمند
фарозсанҷ	فرازسنج
фароиз	فرائض
фаромадан	فرامدن
фаромадгоҳ	فرامدگاه
фаромарзӣ	فرامرزي
фаромушт	فرامشت
фаромуштӣ	فرامشتي
фаромӯш	فراموش
фаромӯшӣ	فراموشي
фаромӯшкор	فراموش کار
фаромӯшкорӣ	فراموش کاري
фаромӯшнашаванда	فراموش نشونده
фаромӯшнашуданӣ	فراموش نشدني
фаромӯшношуданӣ	فراموش ناشدني
фаромӯшпеша	فراموش پيشه
фаромӯшсоз	فرامش ساز
фаромӯшхона	فراموش خانه
фаромӯшхотир	فراموش خاطر
фаромӯшхотирӣ	فراموش خاطري
фаромӯшшуда	فراموش شده
фаронавашта	فرانوشته
фарониҳодан	فرانهادن
фаронсавӣ	فرانسوي
фарорасӣ	فرارسي
фарорӯй	فراروي
фарорун	فرارون
фаросат	فراست
фаросатманд	فراستمند
фаросатмандӣ	فراستمندي
фаросих	فراسخ
фаростук	فراستک
фарох	فراخ
фарохандеш	فراخ انديش
фарохандешӣ	فراخ انديشي
фарохбарвезан	فراخ برويزن
фарохбез	فراخ بيز
фарохбин	فراخ بين
фарохбол	فراخ بال
фарохдаст	فراخ دست
фарохдастӣ	فراخ دستي
фарохдаҳан	فراخ دهن
фарохдаҳанӣ	فراخ دهني
фарохдида	فراخ ديده
фарохдидагӣ	فراخ ديدگي
фарохдил	فراخ دل
фарохдилӣ	فراخ دلي
фарохдоман	فراخ دامن
фарохдоманӣ	فراخ دامني
фарохдӯш	فراخ دوش
фарохӣ	فراخي
фарохмайдон	فراخ ميدان
фарохнеъмат	فراخ نعمت
фарохной	فراخ ناي
фарохо	فراخا
фарохон	فراخوان
фарохонд	فراخواند
фарохонӣ	فراخواني
фарохостин	فراخ آستين
фарохоҳанг	فراخ آهنگ
фарохпалла	فراخ پله
фарохпешонӣ	فراخ پيشاني
фарохрав	فراخ رو
фарохравӣ	فراخ روي
фарохрӯй	فراخ روي
фарохрӯзӣ	فراخ روزي
фарохрӯӣ	فراخ رويي
фарохсухан	فراخ سخن
фарохта	فراخته
фарохтан	فراختن
фарохуд	فراخود
фарохур	فراخور
фарохчашм	فراخ چشم
фарохшикам	فراخ شکم
фарохшона	فراخ شانه
фароҳам	فراهم
фароҳамоварӣ	فراهم آوري
фароша	فراشه
фарошо	فراشا
фароштан	فراشتن
фароштурук	فراشتروک
фарра	فرّه
фарраманд	فرّه مند
фарраҳӣ	فرّهي
фаррос	فراس
фаррош	فراش
фаррошзан	فراش زن
фаррошӣ	فراشي
фаррух	فرّخ
фаррухахтар	فرّخ اختر
фаррухзод	فرّخ زاد
фаррухӣ	فرّخي
фаррухқадам	فرّخ قدم
фаррухлиқо	فرّخ لقا
фаррухнажод	فرخ نژاد
фаррухниҳод	فرخ نهاد
фаррухпай	فرخ پي
фаррухрӯй	فرخ روي
фаррухрӯз	فرخ روز
фаррухрӯзгор	فرخ روزگار
фаррухсимо	فرخ سيما
фаррухсиришт	فرخ سرشت
фаррухталъат	فرخ طلعت
фаррухфол	فرخ فال
фаррухфолӣ	فرّخ فالي
фарс	فرث
фарсанг	فرسنگ
фарсангсор	فرسنگسار
фарсах	فرسخ
фарсоидан	فرسائيدن
фарсоиш	فرسايش
фарсуда	فرسوده
фарсудагӣ	فرسودگي
фарсудан	فرسودن
фарсудахотир	فرسوده خاطر
фарсудахотирӣ	فرسوده خاطري
фарт	فرط
фартур	فرتور
фартут	فرتوت
фартутӣ	فرتوتي
фарт-фарт	فرت فرت
фарфар	فرفر
фарфур	فرفور
фарх	فرخ
фархав	فرخو
фархаст	فرخست
фархаста	فرخسته
фарханҷ	فرخنج
фархаша	فرخشه
фархордес	فرخارديس
фархунда	فرخنده
фархундабахт	فرخنده بخت
фархундабахтӣ	فرخنده بختي
фархундагӣ	فرخندگي
фархундакеш	فرخنده کيش
фархундапай	فرخنده پي
фархундарой	فرخنده راي
фархундатолеъ	فرخنده طالع
фархундафарҷом	فرخنده فرجام
фархундафол	فرخنده فال
фархундафолӣ	فرخنده فالي
фархундаҳол	فرخنده حال
фарҳанг	فرهنگ
фарҳангдӯст	فرهنگ دوست
фарҳангдӯстӣ	فرهنگ دوستي
фарҳангистон	فرهنگستان
фарҳангистонӣ	فرهنگستاني
фарҳангӣ	فرهنگي
фарҳангнавис	فرهنگ نويس
фарҳангнависӣ	فرهنگ نويسي
фарҳангнигор	فرهنگ نگار
фарҳангнигорӣ	فرهنگ نگاري
фарҳангнома	فرهنگ نامه
фарҳангофарин	فرهنگ آفرين
фарҳангофаринӣ	فرهنگ آفريني
фарҳангпазир	فرهنگ پذير
фарҳангпазирӣ	فرهنگ پذيري
фарҳангпарвар	فرهنگ پرور
фарҳангпарварӣ	فرهنگ پروري
фарҳангсаро	فرهنگ سرا
фарҳангсоз	فرهنگ ساز
фарҳангсозӣ	فرهنگ سازي
фарҳангҷӯй	فرهنگ جوي
фарҳанҷ	فرهنج
фарҳанҷидан	فرهنجيدن
фарҳахта	فرهخته
фарҳехта	فرهيخته
фарҳехтагӣ	فرهيختگي
фарҳехтан	فرهيختن
фарҷ	فرج
фарҷа	فرجه
фарҷод	فرجاد
фарҷом	فرجام
фарҷомидан	فرجاميدن
фарҷомин	فرجامين
фарҷомҷӯй	فرجام جوي
фарҷомгоҳ	فرجامگاه
фарш	فرش
фаръ	فرع
фаръӣ	فرعي
фаря	فريه
фасс	فص
фасақа	فسقه
фасд	فصد
фасеҳ	فسيح
фасеҳат	فصيحت
фасеҳбаён	فصيح بيان
фасеҳбаёнӣ	فصيح بياني
фасеҳзабон	فصيح زبان
фасеҳзабонӣ	فصيح زباني
фасеҳӣ	فصيحي
фасеҳкалом	فصيح کلام
фасеҳсухан	فصيح سخن
фасеҳулбаён	فصيح البيان
фасеҳуллисон	فصيح اللسان
фасил	فصيل
фасила	فسيله
фасилагоҳ	فسيله گاه
фасл	فصل
фаслӣ	فصلي
фаслулхитоб	فصل الخطاب
фасод	فساد
фасодангез	فسادانگيز
фасодат	فسادت
фасоддор	فساددار
фасодкаш	فسادکش
фасодкор	فسادکار
фасодкорӣ	فسادکاري
фасодкорона	فسادکارانه
фасоднок	فسادناک
фасодолуда	فسادآلوده
фасодомез	فسادآميز
фасон	فسان
фасона	فسانه
фасонапардоз	فسانه پرداز
фасонахон	فسانه خوان
фасонашумор	فسانه شمار
фасонасаро	فسانه سرا
фасонгар	فسانگر
фасонгарӣ	فسانگري
фасонӣ	فساني
фасор	فسار
фасороҳехта	فسارآهيخته
фасоҳат	فصاحت
фассод	فصاد
фасурдагӣ	فسردگي
фасурдан	فسردن
фасх	فسخ
фатализм	فتليزم
фаталист	فتليست
фатарот	فترات
фатвонома	فتوي نامه
фатвоталаб	فتوي طلب
фатила	فتيله
фатиламӯй	فتيله موي
фатиласӯз	فتيله سوز
фатин	فطين
фатир	فطير
фатирмаска	فطير مسکه
фатирхамир	فطيرخمير
фатӣ	فتي
фатқ	فتق
фато	فتي
фатолида	فتاليده
фатолидан	فتاليدن
фатонат	فطانت
фатток	فتّاک
фаттон	فتّان
фаттонӣ	فتّاني
фатрат	فترت
фаттоҳ	فتّاح
фатҳ	فتح
фатҳа	فتحه
фатҳнома	فتح نامه
фатҳовар	فتح آور
фах	فخ
фахам	فخم
фахан	فخن
фахидан	فخيدن
фахм	فخم
фахмидан	فخميدن
фахн	فخن
фахомат	فخامت
фахр	فخر
фахридан	فخريدن
фахрия	فخريه
фахриясароӣ	فخريه سرائي
фахрӣ	فخري
фахроварӣ	فخرآوري
фахрфурӯшӣ	فخرفروشي
фахфара	فخفره
фахфур	فخفور
фахфурӣ	فخفوري
фах-фах	فخ فخ
фаххак	فخّک
фаххас	فخّس
фаххос	فخّاس
фаххосӣ	فخّاسي
фаҳл	فحل
фаҳлавӣ	فهلوي
фаҳлавиёт	فهلويات
фаҳлӣ	فحلي
фаҳм	فهم
фаҳмидан	فهميدن
фаҳмиданӣ	فهميدني
фаҳмиш	فهمش
фаҳмо	فهما
фаҳӯл	فحول
фаҳӯллибос	فحول لباس
фаҳҳод	فهاد
фаҳҳош	فحاش
фаҳҳошӣ	فحاشي
фаҳш	فحش
фаҳшиёт	فحشيات
фаҳшкорӣ	فحشکاري
фач	فچ
фач-фач	فچ فچ
фачгӯӣ	فچ گوئي
фачӣ	فچي
фаҷара	فجره
фаҷеона	فاجيعانه
фаҷеъ	فجيع
фаҷиат	فجيعت
фаҷо	فجا
фаҷоат	فجا ئة
фаҷоатан	فجائتاً
фаҷоӣ	فجائي
фаҷр	فجر
фаш	فش
фашанг	فشنگ
фашизм	فشيزم
фашист	فشيست
фашистӣ	فشيستي
фаш-фаш	فش فش
фашшосзанӣ	فشّاسزني
фашшосӣ	فشّاسي
фаъла	فعله
фаъол	فعال
фаъолият	فعاليت
фаъолиятнокӣ	فعاليتناکي
фаъолӣ	فعالي
фаъолона	فعالانه
фаязон	فيضان
феврал	فيورل
федерализм	فيديرليزم
федералӣ	فيديرلي
федеративӣ	فيديرتيوي
федератсия	فيديرتسيه
фелдегер	فيلديگير
фелдегерӣ	فيلديگيري
фелдмаршал	فيلدمرشل
фелдшер	فيلدشير
фелдшерӣ	فيلدشيري
фелетон	فيليِتان
фелетоннавис	فيليِتان نويس
феодал	فيآدل
феодализм	فيآدليزم
феодалӣ	فيآدلي
ферма	فيرمه
фермадорӣ	فيرمه داري
фермент	فيرمنت
фермер	فيرمير
фермерӣ	فيرميري
фестивал	فيستيول
феъл	فعل
феълан	فعلاً
феълӣ	فعلي
феҳраст	فهرست
феҳрист	فهرست
фибрин	فبرين
фибриноген	فبريناگين
фигандан	فگندن
фигор	فگار
фигура	فگوره
фиғон	فغان
фидия	فديه
фидиядиҳанда	فديه دهنده
фидиядиҳӣ	فديه دهي
фидо	فدا
фидогашта	فداگشته
фидоивор	فدايي وار
фидоӣ	فدايي
фидокор	فداکار
фидокорӣ	فداکاري
фидокорона	فداکارانه
фидя	فديه
фидядеҳ	فديه ده
фидядиҳанда	فديه دهنده
фидядиҳӣ	فديه دهي
физза	فضه
физик	فيزيک
физика	فيزيکه
физикӣ	فيزيکي
физин	فيزين
физиолог	فيزيالاگ
физиология	فيز يالاگيه
физиологӣ	فيزيالاگي
физиотерапия	فيزياتيرپيه
физиотерапист	فيزياتيرپيست
физоиш	فزائيش
фикандан	فکندن
фикр	فکر
фикран	فکراً
фикрат	فکرت
фикрдавонӣ	فکردواني
фикрӣ	فکري
фикррасо	فکررسا
фикрронӣ	فکرراني
фиқдон	فقدان
фиқра	فقره
фиқ-фиқ	فق فق
фиқҳ	فقه
фил	فيل
филафкан	فيل افگن
филбон	فيل بان
филбонӣ	فيل باني
филвоқеъ	في الواقع
филгӯш	فيل گوش
филизз	فلز
филизгудоз	فلزگداز
филизгудозӣ	فلزگدازي
филизӣ	فلزي
филизшиносӣ	فلزشناسي
филизот	فلزات
филизсоз	فلزساز
филиқ-филиқ	فلق فلق
филм	فيلم
филмасал	في المثل
филмбардор	فيلم بردار
филмбардорӣ	فيلم برداري
филмнома	فيلم نامه
филмонанд	فيل مانند
филмотека	فيلماتيکه
филмсозӣ	فيلم سازي
филолог	فلالاگ
филология	فلالاگيه
филологӣ	فلالاگي
философ	فلاساف
философия	فلاسافيه
философӣ	فلاسافي
филпой	فيل پاي
филпойӣ	فيل پائي
филтан	فيل تن
филтр	فيلتر
филтратсия	فيلترتسيه
филфавр	في الفور
филфил	فلفل
филҳол	في الحال
филхона	فيل خانه
филҳақиқат	في الحقيقت
филҷумла	في الجمله
финал	فنل
финалӣ	فنلي
финдуқ	فندق
финдуқзор	فندق زار
финиқӣ	فينيقي
финҷон	فنجان
финҷонӣ	فنجاني
фиол	فعال
фирдавс	فردوس
фирдавсӣ	فردوسي
фиреб	فريب
фиребанда	فريبنده
фиребандагӣ	فريبندگي
фиребгар	فريبگر
фиребгарӣ	فريبگري
фиребгарона	فريبگرانه
фиребдиҳанда	فريب دهنده
фиребдиҳӣ	فريب دهي
фиребидан	فريبيدن
фиребкор	فريب کار
фиребкорӣ	فريب کاري
фиребкорона	فريب کارانه
фиребнок	فريب ناک
фиребо	فريبا
фиребон	فريبان
фиребонидан	فريبانيدن
фиребхӯрда	فريب خورده
фиребхӯрӣ	فريب خوري
фирефта	فريفته
фирефтан	فريفتن
фиринӣ	فريني
фириснофа	فرسنافه
фириста	فرسته
фиристанда	فرستنده
фиристода	فرستاده
фиристодан	فرستادن
фиристонанда	فرستاننده
фиристоданӣ	فرستادني
фиришта	فرشته
фирқа	فرقه
фирқабозӣ	فرقه بازي
фирқавӣ	فرقوي
фирқ-фирқ	فرق فرق
фирма	فيرمه
фироқ	فراق
фироқнома	فراق نامه
фирор	فرار
фирорӣ	فراري
фиросат	فراست
фиррос	فرّاس
фирош	فراش
фироша	فراشه
фирошхона	فراشخانه
фирун	فيرون
фирӯз	فيروز
фирӯза	فيروزه
фирӯзагун	فيروزه گون
фирӯзанишон	فيروزه نشان
фирӯзаранг	فيروزه رنگ
фирӯзафом	فيروزه فام
фирӯзаахтар	فيروزه اختر
фирӯзачашм	فيروزه چشم
фирӯзӣ	فيروزي
фирӯзманд	فيروزمند
фирӯзмандӣ	فيروزمندي
фирӯзмандона	فيروزمندانه
фирӯзрӯз	فيروزروز
фирфирак	فرفرک
фирфиракбозӣ	فرفرک بازي
фиръавн	فرعون
фиръавнӣ	فرعوني
фис	فس
фисад	في صد
фисадӣ	في صدي
фисин	فسين
фисқ	فسق
фислиқ	فسلق
фисмирӣ	فسميري
фисфисак	فسفسک
фитна	فتنه
фитнаангез	فتنه انگيز
фитнаангезӣ	فتنه انگيزي
фитнагар	فتنه گر
фитнагарӣ	فتنه گري
фитнакор	فتنه کار
фитнахона	فتنه خانه
фитнаҷӯ	فتنه جو
фитода	فتاده
фитодан	فتادن
фитр	فطر
фитрат	فطرت
фитрӣ	فطري
фитрок	فتراک
фих-фих	فخ فخ
фишанг	فشنگ
фишондан	فشاندن
фишор	فشار
фишордан	فشاردن
фишордиҳанда	فشاردهنده
фишордиҳӣ	فشاردهي
фишорнигор	فشارنگار
фишороварӣ	فشارآوري
фишорсанҷ	فشارسنج
фишурда	فشرده
фишурдан	فشردن
фишурдашавандагӣ	فشرده شوندگي
фиш-фиш	فش فش
фишшос	فشاس
фишшосзанӣ	فشاس زني
флегматик	فليگمتيک
флексия	فليکسيه
флективӣ	فليکتيوي
фоеҳ	فائح
фожидан	فاژيدن
фозил	فاضل
фоида	فائده
фоидабардор	فائده بردار
фоидабарӣ	فائده بري
фоидабахш	فائده بخش
фоидабахшӣ	فائده بخشي
фоидагарӣ	فائده گري
фоидадеҳ	فائده ده
фоидадиҳанда	فائده دهنده
фоидадор	فائده دار
фоидадорӣ	فائده داري
фоидакор	فائده کار
фоидаманд	فائده مند
фоиданок	فائده ناک
фоиданокӣ	فائده ناکي
фоидаовар	فائده آور
фоидаоварӣ	فائده آوري
фоидарасон	فائده رسان
фоидарасонӣ	فائده رسان
фоидаситон	فائده ستان
фоидаситонӣ	فائده ستاني
фоидаталаб	فائده طلب
фоидахӯр	فائده خور
фоидахӯрӣ	فائده خوري
фоидаҷӯӣ	فائده جوئي
фоидаҷӯй	فائده جوي
фоидашарик	فائده شريک
фоиз	فائض
фоиқ	فائق
фоил	فاعل
фойтун	فايتون
фойтунчӣ	فايتونچي
фокус	فاکس
фоқа	فاقه
фол	فال
фолбин	فال بين
фолбинӣ	فال بيني
фолгир	فال گير
фолгирӣ	فال گيري
фолгӯӣ	فال گويي
фолгӯй	فال گوي
фолзан	فال زن
фолзанӣ	فال زني
фолиҷ	فالج
фолклор	فالکلار
фолклорӣ	فالکلاري
фолклоршинос	فالکلارشناس
фолклоршиносӣ	فالکلارشناسي
фолкушо	فال کشا
фолкушоӣ	فال کشايي
фолнома	فال نامه
фом	فام
фон	فان
фона	فانه
фоназанӣ	فانه زني
фонамонанд	فانه مانند
фонашакл	فانه شکل
фонема	فانيمه
фонендоскоп	فانينداسکاپ
фонетика	فانيتيکه
фонетикӣ	فانيتيکي
фонӣ	فاني
фонология	فانالاگيه
фонус	فانوس
форам	فارم
форамӣ	فارمي
фориғ	فارغ
фориғбол	فارغ بال
фориғболӣ	فارغ بالي
фориғболона	فارغبالانه
фориғдил	فارغ دل
фориғдилӣ	فارغ دلي
фориғӣ	فارغي
фориғуттаҳсил	فارغ التحصيل
форидан	فاريدن
фориқ	فارق
форис	فارس
форисӣ	فارسي
формализм	فارمليزم
формалин	فارملين
формалист	فارمليست
формалистӣ	فارمليستي
форс	فارس
форсигӯй	فارسي گوي
форсизабон	فارسي زبان
форсӣ	فارسي
фортепиано	فارتيپيئَنا
форум	فارم
форуқ	فاروق
фосид	فاسد
фосиқ	فاسق
фосиқӣ	فاسقي
фосиқона	فاسقانه
фосила	فاصله
фосилавӣ	فاصلوي
фосиладор	فاصله دار
фосиласанҷ	فاصله سنج
фосфор	فاسفار
фосфорит	فاسفاريت
фотеҳ	فاتح
фотиҳа	فاتحه
фотеҳа	فاتحه
фотеҳона	فاتحانه
фотиқ	فاتق
фотин	فاتن
фотир	فاتر
фотиҳадиҳанда	فاتحه دهنده
фотиҳахонӣ	فاتحه خواني
фотонавор	فاتانوار
фотонусха	فاتانسخه
фотосинтез	فاتاسينتيز
фотосфера	فاتاسفيره
фотохимия	فاتاخيميه
фохира	فاخره
фохта	فاخته
фоҳиш	فاحش
фоҳиша	فاحشه
фоҳишабоз	فاحشه باز
фоҳишагӣ	فاحشگي
фоҳишахона	فاحشه خانه
фоҷеа	فاجعه
фоҷиа	فاجعه
фоҷиаангез	فاجعه انگيز
фоҷиавӣ	فاجعوي
фоҷиагоҳ	فاجعه گاه
фоҷианавис	فاجعه نويس
фоҷианок	فاجعه ناک
фоҷиаовар	فاجعه آور
фоҷиаомез	فاجعه آميز
фоҷиона	فاجعانه
фоҷир	فاجر
фоҷирӣ	فاجري
фош	فاش
фошкунанда	فاش کننده
фошофош	فاشافاش
фрагмент	فرگمينت
фразеологизм	فرَزيالاگيزم
фразеология	فرزيالاگيه
фразеологӣ	فرزيالاگي
фраксия	فراکسيه
фруктоза	فروکتازه
фтор	فتار
фу	فو
фувоқ	فواق
фугон	فوگان
фузало	فضلا
фузола	فضاله
фузудан	فزودن
фузул	فضول
фузулӣ	فضولي
фузун	فزون
фузунгӯӣ	فزون گويي
фук	فوک
фуқаро	فقرا
фуқароӣ	فقرايي
фуқаропарвар	فقراپرور
фуқаҳо	فقها
фуқдон	فقدان
фуқоъ	فقاع
фулк	فلک
фулод	فولاد
фулон	فلان
фулс	فلس
фулус	فلوس
фулфул	فلفل
фундуқ	فندق
функсия	فونکسيه
фунудан	فنودن
фунун	فنون
фуод	فؤاد
фурқат	فرقت
фуровард	فراورد
фуровардан	فراوردن
фуромад	فرامد
фуромадан	فرامدن
фуромадгоҳ	فرامدگاه
фурс	فرس
фурсат	فرصت
фурсатталаб	فرصت طلب
фурсатталабӣ	فرصت طلبي
фурсатталабона	فرصت طلبانه
фурсатҷӯӣ	فرصت جويي
фурсатҷӯй	فرصت جوي
фурсон	فرسان
фуруд	فرود
фурудгоҳ	فرودگاه
фурудоӣ	فرودآئي
фурудхона	فرودخانه
фурузд	فرزد
фурунҷ	فرنج
фурусат	فروست
фурусият	فروسيت
фуруш	فروش
фурӯ	فرو
фурӯбарӣ	فروبري
фурӯбаста	فروبسته
фурӯгузор	فروگذار
фурӯгузошт	فروگذاشت
фурӯғ	فروغ
фурӯғбахш	فروغ بخش
фурӯғманд	فروغمند
фурӯғмандӣ	فروغمندي
фурӯдаст	فرودست
фурӯз	فروز
фурӯзанда	فروزنده
фурӯзандагӣ	فروزندگي
фурӯзина	فروزينه
фурӯзон	فروزان
фурӯзонӣ	فروزاني
фурӯкаш	فروکش
фурӯкашӣ	فروکشي
фурӯмонда	فرومانده
фурӯмондагӣ	فروماندگي
фурӯмоя	فرومايه
фурӯмоягӣ	فرومايگي
фурӯнишонӣ	فرونشاني
фурӯраванда	فرورونده
фурӯравӣ	فروروي
фурӯрафта	فرورفته
фурӯрафтагӣ	فرورفتگي
фурӯтан	فروتن
фурӯтанӣ	فروتني
фурӯтанона	فروتنانه
фурӯхамида	فروخميده
фурӯхамидагӣ	فروخميدگي
фурӯхамӣ	فروخمي
фурӯхт	فروخت
фурӯхта	فروخته
фурӯхтан	فروختن
фурӯхтанашуда	فروخته نشده
фурӯхташуда	فروخته شده
фурӯҳар	فروهر
фурӯҳида	فروهيده
фурӯҳишта	فروهشته
фурӯҳиштан	فروهشتن
фурӯш	فروش
фурӯшанда	فروشنده
фурӯшандагӣ	فروشندگي
фурӯшгор	فروشگار
фурӯшгоҳ	فروشگاه
фурӯшӣ	فروشي
фурҷа	فرجه
фусақо	فسقا
фусаҳо	فصحا
фусуқ	فسوق
фусун	فسون
фусунбаён	فسون بيان
фусунбаёнӣ	فسون بياني
фусунгар	فسونگر
фусунгарӣ	فسونگري
фусункор	فسون کار
фусункорӣ	فسون کاري
фусунпардоз	فسون پرداز
фусунпардозӣ	فسون پردازي
фусурда	فسرده
фусурдагӣ	فسردگي
фусурдадил	فسرده دل
фусурдан	فسردن
фусӯс	فسوس
фусҳат	فسحت
фут	فوت
футбол	فوتبال
футболбоз	فوتبال باز
футболбозӣ	فوتبال بازي
футур	فتور
футуризм	فتوريزم
футурист	فتوريست
футӯҳ	فتوح
футӯҳот	فتوحات
фуҳул	فحول
фуҷоат	فجائة
фуҷур	فجور
фуҷҷор	فجار
фушор	فشار
фушурда	فشرده
фушурдан	فشردن
фӯзидан	فوزيدن
фӯла	فوله
фӯлод	فولاد
фӯлодбозу	فولادبازو
фӯлодгудозӣ	فولادگدازي
фӯлодрезӣ	فولادريزي
фӯтабоф	فوته باف
фӯтабофӣ	فوته بافي
фӯҳш	فحش
хафа	خفه
хабаб	خبب
хабак	خبک
хабар	خبر
хабарбар	خبربر
хабарбарӣ	خبربري
хабарбиёр	خبربيار
хабарбиёрӣ	خبربياري
хабаргир	خبرگير
хабаргирӣ	خبرگيري
хабаргирон	خبرگيران
хабаргузор	خبرگذار
хабаргузорӣ	خبرگذاري
хабардиҳанда	خبردهنده
хабардиҳӣ	خبردهي
хабардор	خبردار
хабардорӣ	خبرداري
хабардоркунанда	خبردارکننده
хабарӣ	خبري
хабаркаш	خبرکش
хабаркашӣ	خبرکشي
хабарнавис	خبرنويس
хабарнависӣ	خبرنويسي
хабарнигор	خبرنگار
хабарнигорӣ	خبرنگاري
хабарнома	خبرنامه
хабаровар	خبرآور
хабароварӣ	خبرآوري
хабарпароканӣ	خبرپراکني
хабарпурс	خبرپرس
хабарпурсӣ	خبرپرسي
хабаррасон	خبررسان
хабаррасонӣ	خبررساني
хабархон	خبرخوان
хабарчин	خبرچين
хабарчинӣ	خبرچيني
хабарчӣ	خبرچي
хабера	خبيره
хаббоз	خباز
хаббозӣ	خبازي
хабир	خبير
хабис	خبيث
хабисӣ	خبيثي
хабок	خباک
хабосат	خباثت
хав	خو
хавз	خوض
хавоза	خوازه
хавозабардорӣ	خوازه برداري
хавонин	خوانين
хавориқ	خوارق
хавосс	خواص
хавотир	خواطر
хавотирӣ	خواطري
хавотиркашона	خواطرکشانه
хавотирнок	خواطرناک
хавотиромез	خواطرآميز
хавф	خوف
хавфдор	خوف دار
хавфнок	خوف ناک
хавфнокӣ	خوف ناکي
хавфовар	خوف آور
хад	خد
хадам	خدم
хадамот	خدمات
хадамотӣ	خدماتي
хаданг	خدنگ
хадангафкан	خدنگ افکن
хадангдор	خدنگ دار
хадангзор	خدنگ زار
хадар	خدر
хадев	خديو
хадевӣ	خديوي
хадеш	خديش
хадра	خدره
хадук	خدوک
хаёл	خيال
хаёлан	خيالاً
хаёлангез	خيال انگيز
хаёландеш	خيال انديش
хаёландешӣ	خيال انديشي
хаёлатӣ	خيالتي
хаёлбоф	خيال باف
хаёлбофӣ	خيال بافي
хаёлӣ	خيالي
хаёлманд	خيالمند
хаёлмандона	خيالمندانه
хаёлолуд	خيال آلود
хаёломез	خيال آميز
хаёлот	خيالات
хаёлотӣ	خيالاتي
хаёлпараст	خيال پرست
хаёлпарастӣ	خيال پرستي
хаёлпарвар	خيال پرور
хаёлпарешон	خيال پريشان
хаёлпарешонӣ	خيال پريشاني
хаз	خز
хазанда	خزنده
хазар	خزر
хазарӣ	خزري
хазаф	خزف
хазафпора	خزف پاره
хазиб	خزيب
хазидан	خزيدن
хазина	خزينه
хазинадор	خزينه دار
хазинадорӣ	خزينه داري
хазинадузд	خزينه دزد
хазинадуздӣ	خزينه دزدي
хазинахона	خزينه خانه
хазоин	خزاين
хазон	خزان
хазона	خزانه
хазонадор	خزانه دار
хазонадорӣ	خزانه داري
хазонак	خزانک
хазонахона	خزانه خانه
хазонбарг	خزان برگ
хазондида	خزانديده
хазонзада	خزان زده
хазония	خزانيه
хазонкарда	خزان کرده
хазонрасида	خزان رسيده
хазонрез	خزان ريز
хазонрезӣ	خزان ريزي
хазхазон	خزخزان
хайём	خيام
хайёт	خيات
хайётӣ	خياتي
хайзурон	خيزران
хайл	خيل
хайлтош	خيل تاش
хайлхона	خيل خانه
хайма	خيمه
хаймагӣ	خيمگي
хаймагоҳ	خيمه گاه
хаймадӯз	خيمه دوز
хаймадӯзӣ	خيمه دوزي
хаймашаҳрак	خيمه شهرک
хаймазор	خيمه زار
хайр	خير
хайра	خيره
хайрандеш	خيرانديش
хайрандешӣ	خيرانديشي
хайрандешона	خيرانديشانه
хайрбод	خيرباد
хайргард	خيرگرد
хайргӯй	خيرگوي
хайрия	خيريه
хайрият	خيريت
хайриятасар	خيريت اثر
хайрӣ	خيري
хайркунанда	خيرکننده
хайрот	خيرات
хайротӣ	خيراتي
хайрухуш	خيروخوش
хайрхона	خير خانه
хайрхоҳ	خيرخواه
хайрхоҳӣ	خيرخواهي
хайрхоҳона	خيرخواهانه
хакас	خکس
хакасӣ	خکسي
хала	خله
халак	خلک
халақ	خلق
халақпӯш	خلق پوش
халал	خلل
халалдор	خلل دار
халалдоршавӣ	خلل دارشوي
халалнопазир	خلل ناپذير
халалнопазирӣ	خلل ناپذيري
халалпазир	خلل پذير
халалрасон	خلل رسان
халалрасонанда	خلل رساننده
халалрасонӣ	خلل رساني
халанда	خلنده
халанок	خله ناک
халанҷ	خلنج
халанҷӣ	خلنجي
халаф	خلف
халахӯр	خله خور
халачӯб	خله چوب
халаҷон	خله جان
халидадил	خليده دل
халидан	خليدن
халидаравон	خليده روان
халиқ	خليق
халиқат	خليقت
халил	خليل
халилихӯрак	خليلي خورک
халилӣ	خليلي
халифа	خليفه
халифагарӣ	خليفه گري
халифазода	خليفه زاده
халифакор	خليفه کار
халифакорӣ	خليفه کاري
халифанишин	خليفه نشين
халиҷ	خليج
халиш	خلش
халқ	خلق
халқдӯст	خلق دوست
халқдӯстӣ	خلق دوستي
халқия	خلقيه
халқият	خلقيت
халқӣ	خلقي
халқозор	خلق آزار
халқозорӣ	خلق آزاري
халқпараст	خلق پرست
халқпарастӣ	خلق پرستي
халқпарвар	خلق پرور
халқпарварӣ	خلق پروري
халқчигӣ	خلق چيگي
халқчӣ	خلقچي
халлоқ	خلاق
хало	خلا
халоб	خلاب
халоиқ	خلائق
халолӯш	خلالوش
халос	خلاص
халосгар	خلاص گر
халосӣ	خلاصي
халоскор	خلاص کار
халоскорӣ	خلاص کاري
халоскунанда	خلاص کننده
халосшуда	خلاص شده
халоҷой	خلاجاي
халта	خلته
халтабистар	خلته بستر
халтадор	خلته دار
халтача	خلتچه
халташуда	خلته شده
халхол	خل خال
халъ	خلع
хам	خم
хамба	خمبه
хамбидан	خمبيدن
хамгашт	خم گشت
хамгашта	خم گشته
хамгирифта	خم گرفته
хамёза	خميازه
хамёзакашӣ	خميازه کشي
хамёзакашон	خميازه کشان
хамида	خميده
хамидагӣ	خميدگي
хамидақад	خميده قد
хамидақомат	خميده قامت
хамидан	خميدن
хамидапушт	خميده پشت
хамир	خمير
хамира	خميره
хамирвор	خميروار
хамиргир	خميرگير
хамирин	خميرين
хамирӣ	خميري
хамирмоя	خميرمايه
хамиртуруш	خميرترش
хамирхобонӣ	خميرخواباني
хамирхона	خميرخانه
хамиршӯрӣ	خميرشوري
хамӣ	خمي
хамкорӣ	خمکاري
хамма	خمه
хаммор	خمار
хамон	خمان
хамр	خمر
хамса	خمسه
хамупеч	خموپيچ
хамӯш	خموش
хамӯшидан	خموشيدن
хамӯшӣ	خموشي
хамӯшона	خموشانه
хамхӯрда	خم خورده
хан	خن
ханб	خنب
ханба	خنبه
ханбидан	خنبيدن
ханд	خند
ханда	خنده
хандадармонӣ	خنده درماني
хандазор	خنده زار
хандакунон	خنده کنان
хандақ	خندق
хандақковӣ	خندق کاوي
хандаовар	خنده آور
хандаоварӣ	خنده آوري
хандаоварона	خنده آورانه
хандаомез	خنده آميز
хандариш	خنده ريش
хандасор	خنده سار
хандахариш	خنده خرش
хандида	خنديده
хандидан	خنديدن
хандон	خندان
хандонлаб	خندان لب
хандонрӯй	خندان روي
хандонрӯӣ	خندان روئي
хандонрӯяк	خندان رويک
хандончак	خندان چک
хандоханд	خنداخند
ханозир	خنازير
ханнос	خنّاس
ханҷ	خنج
ханҷак	خنجک
ханҷар	خنجر
ханҷарбозӣ	خنجربازي
ханҷаргузор	خنجرگذار
ханҷарӣ	خنجري
ханҷаркаш	خنجرکش
ханҷир	خنجير
ханҷол	خنجال
ханҷолкаш	خنجال کش
хап	خپ
хапгир	خپ گير
хаппак	خپک
хаппакӣ	خپکي
хаппӣ	خپي
хар	خر
хара	خره
хард	خرد
харад	خرد
хараз	خرز
харак	خرک
харакӣ	خرکي
характернок	خرکتيرناک
харанбор	خرنبار
харанда	خرنده
харароба	خرارابه
харбанда	خربنده
харбандагӣ	خربندگي
харбандӣ	خربندي
харбат	خربط
харбаҳо	خربها
харбевоз	خربيواز
харбозор	خربازار
харбон	خربان
харбор	خربار
харбуза	خربزه
харбузазор	خربزه زار
харбузакор	خربزه کار
харбузакорӣ	خربزه کاري
харбузапаз	خربزه پز
харбузафурӯш	خربزه فروش
харбузафурӯшӣ	خربزه فروشي
харвор	خروار
харгала	خرگله
харгавоз	خرگواز
харгадо	خرگدا
харгир	خرگير
харгаҳ	خرگه
харгоҳ	خرگاه
харгувоз	خرگواز
харгӯш	خر گوش
харгӯшак	خرگوشک
харгӯшбача	خرگوش بچه
харгӯшдорӣ	خرگوش داري
харгӯшӣ	خرگوشي
харгӯшпарвар	خرگوش پرور
харгӯшпарварӣ	خرگوش پروري
хардал	خردل
хардандон	خردندان
харешидан	خريشيدن
харз	خرز
харзан	خرزن
харзин	خرزين
харзаҳра	خرزهره
харигарӣ	خري گري
харид	خريد
харида	خريده
харидан	خريدن
харидафурӯш	خريده فروش
харидахӯр	خريده خور
хариданӣ	خريدني
харидкунанда	خريدکننده
харидор	خريدار
харидорӣ	خريداري
харидорталаб	خريدارطلب
харидуфурӯхт	خريدوفروخت
харидуфурӯш	خريدوفروش
харита	خريطه
харитакаш	خريطه کش
харитакашӣ	خريطه کشي
хаританавис	خريطه نويس
хаританависӣ	خريطه نويسي
хариф	خريف
харӣ	خري
харкалла	خرکله
харкор	خرکار
харкамон	خرکمان
харкурра	خرکره
харқ	خرق
хармагас	خرمگس
хармағз	خرمغز
хармизоҷ	خرمزاج
хармурд	خرمرد
хармӯҳра	خرمهره
харной	خرناي
харнуб	خرنوب
хароб	خراب
хароба	خرابه
харобазор	خرابه زار
харобандарун	خراب اندرون
харобанишин	خرابه نشين
харобиовар	خرابي آور
харобӣ	خرابي
харобкор	خراب کار
харобкорӣ	خراب کاري
харобкорона	خراب کارانه
харобкунанда	خراب کننده
харобобод	خراب آباد
харобот	خرابات
хароботгардӣ	خرابات گردي
хароботӣ	خراباتي
хароботнишин	خرابات نشين
харобхона	خراب خانه
харобшуда	خراب شده
харомоч	خرآماچ
харос	خرآس
харосбон	خرآسبان
хароҷ	خراج
хароҷот	خراجات
хароҷотпулӣ	خراجات پولي
харош	خراش
харошдор	خراش دار
харошидан	خراشيدن
харошидашуда	خراشيده شده
харошхӯрда	خراش خورده
харпанҷа	خر پنجه
харпоя	خرپايه
харпушта	خرپشته
харра	خره
харроз	خراز
харрозӣ	خرازي
харрот	خرات
харротӣ	خراتي
харруб	خرّوب
харсавор	خرسوار
харсавора	خرسواره
харсаворӣ	خرسواري
харсанг	خرسنگ
харсангдевор	خرسنگ ديوار
хартабиат	خرطبيعت
хартия	خرتيه
хартоз	خرتاز
хартозӣ	خرتازي
хартол	خرطال
хартум	خرطوم
хартумдор	خرطوم دار
хартумӣ	خرطومي
хартумча	خرطوم چه
хархаша	خرخشه
хархашаҷӯӣ	خرخشه جوئي
хархашаҷӯй	خرخشه جوي
хархона	خرخانه
хархутӯк	خرخوتوک
хархӯр	خرخور
харчанг	خرچنگ
харчанггир	خرچنگ گير
харчол	خرچال
харҷ	خرج
харҷаллоб	خر جلاب
харҷбардор	خرج بردار
харҷидан	خرجيدن
харҷӣ	خرجي
харҷкунӣ	خرج کني
харшалғам	خر شلغم
хас	خس
хасак	خسک
хасакӣ	خسکي
хасакхор	خسک خوار
хасбеда	خس بيده
хасбур	خس بور
хасгӯгирд	خس گوگرد
хасдузд	خس دزد
хасин	خسين
хасис	خسيس
хасисӣ	خسيسي
хасисона	خسيسانه
хасӣ	خسي
хаскаппа	خس کپه
хаскаш	خس کش
хаскашак	خس کشک
хаскулоҳ	خس کلاه
хасм	خصم
хасмайда	خس ميده
хасмгир	خصم گير
хасмол	خس مال
хасмона	خصمانه
хасмсӯз	خصم سوز
хасорат	خسارت
хасосат	خساست
хаспарвар	خس پرور
хаспарда	خس پرده
хаспоя	خس پايه
хаспулӣ	خس پولي
хаспӯш	خس پوش
хасрӯба	خس روبه
хасрӯбадон	خس روبه دان
хаста	خسته
хастагӣ	خستگي
хастадил	خسته دل
хастадилӣ	خسته دلي
хастакунанда	خسته کننده
хастан	خستن
хастанашаванда	خسته نشونده
хастанопазир	خسته ناپذير
хастахотир	خسته خاطر
хастаҳол	خسته حال
хастаҳолӣ	خسته حالي
хастаҳолона	خسته حالانه
хастаҷигар	خسته جگر
хастаҷон	خسته جان
хастаҷонӣ	خسته جاني
хасташавӣ	خسته شوي
хастувона	خستوانه
хастут	خستوت
хасур	خسور
хасф	خسف
хасхона	خسخانه
хат	خط
хатак	خطک
хатанак	ختنک
хатар	خطر
хатарангез	خطرانگيز
хатарнок	خطرناک
хатарнокӣ	خطرناکي
хатаровар	خطرآور
хатбар	خط بر
хатбарак	خط برک
хатбардор	خط بردار
хатбардорӣ	خط برداري
хатбарӣ	خط بري
хатбиёр	خط بيار
хатборон	خط باران
хатдон	خط دان
хатдор	خط دار
хатиат	خطيئت
хатиб	خطيب
хатир	خطير
хаткаш	خط کش
хаткашак	خط کشک
хаткашӣ	خط کشي
хаткашон	خط کشان
хаткӯркунак	خط کورکنک
хатлихиром	ختلي خرام
хатлӣ	ختلي
хатм	ختم
хатмашқкунӣ	خط مشق کني
хатмӣ	خطمي
хатмкарда	ختم کرده
хатмкунанда	ختم کننده
хатна	ختنه
хатнавис	خط نويس
хатнависӣ	خط نويسي
хатнакунӣ	ختنه کني
хатнасур	ختنه سور
хатнатӯй	ختنه طوي
хатнок	خط ناک
хато	خطا
хатобахш	خطابخش
хатобахшӣ	خطابخشي
хатобин	خطابين
хатовар	خط آور
хатоӣ	خطائي
хатокор	خطا کار
хатокорӣ	خطاکاري
хатопеша	خطا پيشه
хатопӯш	خطا پوش
хаторавӣ	خطاروي
хатофаҳмӣ	خطافهمي
хатошунавӣ	خطاشنوي
хаттӣ	خطي
хаттот	خطات
хаттотӣ	خطاطي
хатхон	خط خوان
хатча	خطچه
хатчӯб	خطچوب
хатшинос	خط شناس
хатшиносӣ	خط شناسي
хаф	خف
хафабуғ	خفه بغ
хафагӣ	خفگي
хафакунанда	خفه کننده
хафақон	خفه قان
хафанамо	خفه نما
хафиф	خفيف
хафӣ	خفي
хафо	خفا
хафтон	خفتان
хаффош	خفاش
хафча	خفچه
хачир	خچير
хачирбон	خچيربان
хафҷа	خفجه
хаш	خش
хашаб	خشب
хашан	خشن
хашансор	خشن سار
хашар-хашар	خشرخشر
хашин	خشين
хашина	خشينه
хашм	خشم
хашмангез	خشم انگيز
хашмгин	خشم گين
хашмгинӣ	خشم گيني
хашмгинона	خشم گينانه
хашмин	خشمين
хашмнок	خشم ناک
хашмнокӣ	خشم ناکي
хашмовар	خشم آور
хашмолуд	خشم آلود
хашук	خشوک
хаш-хаш	خش خش
хашхош	خشخاش
хашшос	خشاس
хваш	خوش
хе	خ
хез	خيز
хеззананда	خيززننده
хеззанӣ	خيززني
хезоб	خيزآب
хезон	خيزان
хекиртак	خيکرتک
хел	خيل
хеле	خيلي
хелмахел	خيل مخيل
хело	خيلا
хесидан	خيسيدن
хесонидан	خسانيدن
хеш	خويش
хешбача	خويش بچه
хешбин	خويش بين
хешигарӣ	خويشي گري
хешӣ	خويشي
хешком	خويش کام
хешкор	خويش کار
хешнашинос	خويش نشناس
хешованд	خويشاوند
хешовандӣ	خويشاوندي
хештан	خويشتن
хештанбин	خويشتن بين
хештанбинӣ	خويشتن بيني
хештанпараст	خويشتن پرست
хештанпарастӣ	خويشتن پرستي
хештаншинос	خويشتن شناس
хештаншиносӣ	خويشتن شناسي
хешуақрабоӣ	خويش و اقربائي
хешутаборбозӣ	خويش وتباربازي
хешутаборӣ	خويش و تباري
хибрат	خبرت
хидмат	خدمت
хидматгор	خدمت گار
хидматгузор	خدمت گذار
хидматгузорӣ	خدمت گذاري
хидматӣ	خدمتي
хидматпаноҳ	خدمت پناه
хидр	خدر
хиёбон	خيابان
хиём	خيام
хиёнат	خيانت
хиёнатгар	خيانت گر
хиёнатгарӣ	خيانت گري
хиёнатгарона	خيانت گرانه
хиёнаткор	خيانت کار
хиёнаткорӣ	خيانت کاري
хиёнаткорона	خيانت کارانه
хиёнатпеша	خيانت پيشه
хиёр	خيار
хиёра	خياره
хизматгор	خذمت گار
хизматгорӣ	خذمت گاري
хизматгузор	خذمت گذار
хизматгузорӣ	خذمت گذاري
хизматӣ	خذمتي
хизматнишондода	خذمت نشانداده
хизматона	خذمتانه
хизматпеша	خذمت پيشه
хизматрасон	خذمت رسان
хизматрасонӣ	خذمت رساني
хизматчӣ	خذمتچي
хизоб	خضاب
хизона	خزانه
хизр	خضر
хик	خيک
хикгардан	خيک گردن
хилват	خلوت
хилватгоҳ	خلوت گاه
хилватгузин	خلوت گزين
хилватгузинӣ	خلوت گزيني
хилватӣ	خلوتي
хилваткада	خلوت کده
хилватнишин	خلوت نشين
хилватнишинӣ	خلوت نشيني
хилватсарой	خلوت سراي
хилватхона	خلوت خانه
хилқат	خلقت
хилм	خلم
хилол	خلال
хилоф	خلاف
хилофат	خلافت
хилофӣ	خلافي
хилофкор	کارخلاف
хилт	خلط
хилъат	خلعت
хилъатпӯшонӣ	خلعت پوشاني
хим	خيم
химиёвӣ	خيمياوي
химизатсия	خيميزتسيه
химикат	خيميکت
химикӣ	خيميکي
химия	خيميه
химиявӣ	خيميوي
химор	خمار
химча	خيمچه
химчабадан	خيمچه بدن
химчагин	خيمچه گين
химчагӣ	خيمچگي
химчакорӣ	خيمچه کاري
химчакӯб	خيمچه کوب
химчамиён	خيمچه ميان
хина	خينه
хинг	خنگ
хингил	خنگل
хинзир	خنزير
хира	خيره
хирабин	خيره بين
хирагӣ	خيرگي
хирад	خرد
хирадёфта	خرديافته
хирадманд	خردمند
хирадмандӣ	خردمندي
хирадмандона	خردمندانه
хираднома	خردنامه
хирадпарвар	خردپرور
хирадпарвард	جردپرورد
хирадпеша	خردپيشه
хирадсӯз	خردسوز
хиракунанда	خيره کننده
хиранамо	خيره نما
хираранг	خيره رنگ
хирарӯй	خيره روي
хирарӯйӣ	خيره روئي
хирасар	خيره سر
хирасарӣ	خيره سري
хирасарона	خيره سرانه
хирасӯз	خيره سوز
хиратабиат	خيره طبيعت
хиратабиатӣ	خيره طبيعتي
хиратабъ	خيره طبع
хиратабъӣ	خيره طبعي
хиратоб	خيره تاب
хирачашм	خيره چشم
хирачашмӣ	خيره چشمي
хирашавӣ	خيره شوي
хирвор	خروار
хиргаҳ	خرگه
хиргоҳ	خرگاه
хиргоҳӣ	خرگاهي
хирқа	خرقه
хирқапӯш	خرفه پوش
хирман	خرمن
хирмангоҳ	خرمن گاه
хирманкӯб	خرمن کوب
хирманкӯбӣ	خرمن کوبي
хирмансӯхта	خرمن سوخته
хирманҷой	خرمن جاي
хиром	خرام
хироманда	خرامنده
хиромандагӣ	خرامندگي
хиромидан	خراميدن
хиромиш	خرامش
хиромвар	خرام آور
хиромон	خرامان
хироҷ	خراج
хироҷгузор	خراج گذار
хироҷғундор	خراج غندار
хироҷдиҳанда	خراج دهنده
хироҷдиҳӣ	خراج دهي
хирригӣ	خريگي
хирриовоз	خري آواز
хиррӣ	خرّي
хиррос	خرّاس
хирс	خرس
хирсак	خرسک
хирсакмурӯд	خرسک مرود
хирсбача	خرس بچه
хирсбоз	خرس باز
хирсбозӣ	خرس بازي
хирсбон	خرس بان
хирсгир	خرس گير
хирсона	خرسانه
хирсхона	خرس خاته
хирсшикор	خرس شکار
хирург	خيرورگ
хирургия	خيرورگيه
хир-хир	خرخر
хисир-хисир	خسيرخسير
хислат	خصلت
хисоидан	خسائيدن
хисол	خصال
хисонидан	خسانيدن
хисорат	خسارت
хисравӣ	خسروي
хусравонӣ	خسروان
хисравонӣ	خسرواني
хиссат	خست
хит	خيت
хито	ختا
хитоб	خطاب
хитоба	خطابه
хитобӣ	خطابي
хитобан	خطاباً
хитобнома	خطاب نامه
хитоӣ	ختائي
хитой	ختاي
хитойшинос	ختاي شناس
хитойшиносӣ	ختاي شناسي
хитом	ختام
хитта	خطّه
хиффат	خفّت
хиҷил	خجل
хиҷлат	خجلت
хиҷлатзада	خجلت زده
хиҷолат	خجالت
хиҷолатзада	خجالت زده
хиҷолаткашӣ	خجالت کشي
хиҷолатманд	خجالت مند
хиҷолатмандӣ	خجالت مندي
хиҷолатмандона	خجالت مندانه
хиҷолатовар	خجالت آور
хиҷолатомез	خجالت آميز
хиширос	خشراس
хишир-хишир	خشر خشر
хишт	خشت
хиштак	خشتک
хиштбанд	خشت بند
хиштбаст	خشت بست
хиштбасткунанда	خشت بستکننده
хиштдевор	خشت ديوار
хиштзан	خشت زن
хиштзанӣ	خشت زني
хиштин	خشتين
хиштӣ	خشتي
хишткашон	خشت کشان
хишткашонӣ	خشت کشاني
хишткор	خشت کار
хишткорӣ	خشت کاري
хиштқолиб	خشت قالب
хиштпаз	خشت پز
хиштпазӣ	خشت پزي
хиштпарча	خشت پرچه
хиштпора	خشت پاره
хиштрез	خشت ريز
хиштрезӣ	خشت ريزي
хиштсов	خشت ساو
хиштфарш	خشت فرش
хиштхол	خشت خال
хиштчин	خشت چين
хиштчинӣ	خشت چيني
хишшос	خشّاس
хлор	خلار
хлордор	خلاردار
хлорзанӣ	خلارزني
хлорид	خلاريد
хлорнок	خلارناک
хлоронидан	خلارانيدن
хлоронӣ	خلاراني
хлороформ	خلارافارم
хоб	خواب
хобанда	خوابنده
хоббинӣ	خواب بيني
хоббурда	خواب برده
хобвора	خواب واره
хобгард	خواب گرد
хобгардӣ	خواب گردي
хобгоҳ	خواب گاه
хобдӯст	خواب دوست
хобгузор	خواب گذار
хобгузорӣ	خواب گذاري
хобида	خوابيده
хобидан	خوابيدن
хобиш	خوابش
хобкарда	خواب کرده
хобкунӣ	خواب کني
хобнок	خوابناک
хобнома	خواب نامه
хобовар	خواب آور
хоболуд	خواب آلود
хоболудӣ	خواب آلودي
хоболудона	خواب آلودانه
хобон	خوابان
хобонак	خوابانک
хобпар	خواب پر
хобравӣ	خواب روي
хобухез	خواب وخيز
хобхалта	خواب خلته
хобшинос	خواب شناس
хобшиносӣ	خواب شناسي
ховар	خاور
ховарон	خاوران
ховаршинос	خاور شناس
ховаршиносӣ	خاورشناسي
ховарзамин	خاور زمين
хог	خاگ
хогина	خاگينه
хогинакарам	خاگينه کرم
ход	خاد
хода	خاده
ходим	خادم
ходимӣ	خادمي
хоза	خازه
хозеъ	خاضع
хозин	خازن
хоидан	خائيدن
хоидашуда	خائيده شده
хоин	خائن
хоинӣ	خائني
хоинона	خائنانه
хоисак	خايسک
хоиск	خايسک
хоискзан	خايسک زن
хоиш	خاييش
хок	خاک
хока	خاکه
хокандоз	خاک انداز
хокақанд	خاکه قند
хокбардорӣ	خاک برداري
хокбарсар	خاک برسر
хокбез	خاک بيز
хокбод	خاک باد
хокбозӣ	خاک بازي
хокбон	خاک بان
хокбориш	خاک بارش
хокборон	خاکباران
хокбӯс	خاک بوس
хокбӯсӣ	خاک بوسي
хокгардон	خاک گردان
хокдон	خاکدان
хокдор	خاکدار
хокзан	خاک زن
хокзанӣ	خاک زني
хокзод	خاک زاد
хокзор	خاک زار
хокин	خاکين
хокиниҳод	خاکي نهاد
хокиранг	خاکي رنگ
хокистар	خاکستر
хокистардон	خاکستر دان
хокистарранг	خاکستررنگ
хокистарӣ	خاکستري
хокистарнишин	خاکسترنشين
хокистароб	خاکسترآب
хокистаролуд	خاکسترآلود
хокистон	خاکستان
хокӣ	خاکي
хоккашӣ	خاک کشي
хоккашонӣ	خاک کشاني
хоккей	خاکيي
хоккейбоз	خاکيي باز
хоккейбозӣ	خاکيي بازي
хокмол	خاکمال
хокмонанд	خاک مانند
хокнигоҳдоранда	خاک نگاهدارنده
хокниҳод	خاک نهاد
хокнишин	خاک نشين
хокнурӣ	خاک نوري
хокоб	خاک آب
хоколуд	خاک آلود
хокпарто	خاک پرتا
хокпору	خاک پارو
хокпош	خاک پاش
хокпошӣ	خاک پاشي
хокпур	خاکپر
хокпушта	خاک پشته
хокпӯш	خاکپوش
хокранг	خاک رنگ
хокрез	خاک ريز
хокреза	خاک ريزه
хокрезӣ	خاک ريزي
хокрӯб	خاک روب
хокрӯба	خاک روبه
хокрӯбадон	خاک روبه دان
хокрӯбӣ	خاک روبي
хоксанг	خاک سنگ
хоксиришт	خاک سرشت
хоксор	خاک سار
хоксорӣ	خاک ساري
хоксорона	خاک سارانه
хоктапур	خاک تپور
хоктеппа	خاک تپه
хоктӯда	خاک توده
хоктӯфон	خاک طوفان
хокхор	خاک خوار
хокхӯрда	خاک خورده
хокҷой	خاکجاي
хокшинос	خاکشناس
хокшиносӣ	خاکشناسي
хокшир	خاکشير
хоқон	خاقان
хоқонӣ	خاقاني
хол	خال
хола	خاله
холабача	خاله بچه
холабеғам	خاله بيغم
холабеғамӣ	خاله بيغمي
холабозӣ	خاله بازي
холахамир	خاله خمير
холдор	خالدار
холестерин	خاليسترين
холибех	خالي بيخ
холигардӣ	خالي گردي
холигӣ	خاليگي
холид	خالد
холиқ	خالق
холиқӣ	خالقي
холиқият	خالقيت
холимонда	خالي مانده
холис	خالص
холисанлиллоҳ	خالصاًلله
холисона	خالصانه
холӣ	خالي
холкӯбӣ	خال کوبي
холча	خالچه
холшапалак	خال شپلک
хом	خام
хома	خامه
хомадӯзӣ	خامه دوزي
хомазан	خامه زن
хомак	خامک
хомакӣ	خامکي
хомакча	خامکچه
хомандеш	خام انديش
хомандешӣ	خام انديشي
хомарон	خامه ران
хомаронӣ	خامه راني
хомгӯӣ	خام گوئي
хомгӯй	خام گوي
хомдарон	خام دران
хомдаст	خام دست
хомдастӣ	خام دستي
хомдӯз	خام دوز
хомдӯзӣ	خام دوزي
хомигарӣ	خامي گري
хомӣ	خامي
хомкалла	خام کلّه
хомкор	خام کار
хомкорӣ	خام کاري
хомкӯк	خام کوک
хомқаймоқ	خام قيماق
хомнавис	خام نويس
хомохом	خاماخام
хомпаз	خام پز
хомпазак	خام پزک
хомришта	خام رشته
хомрой	خام راي
хомсуф	خام صوف
хомсӯз	خام سوز
хомтабъ	خام طبع
хомтабъӣ	خام طبعي
хомталош	خام تلاش
хомтамаъ	خام طمع
хомток	خام تاک
хомӯш	خاموش
хомӯшак	خاموشک
хомӯшӣ	خاموشي
хомӯшкунак	خاموش کنک
хомӯшнашаванда	خاموش نشونده
хомӯшона	خاموشانه
хомӯшшуда	خاموش شده
хомфарбеҳ	خام فربه
хомфикр	خام فکر
хомфикрӣ	خام فکري
хомхаёл	خام خيال
хомхаёлӣ	خام خيالي
хомхаёлона	خام خيالانه
хомхашак	خام خشک
хомхоба	خام خوابه
хом-хом	خام خام
хомчӯт	خام چوت
хон	خوان
хона	خانه
хонабарандоз	خانه برانداز
хонабарбод	خانه برباد
хонабардӯш	خانه بردوش
хонабарорӣ	خانه براري
хонабезор	خانه بيزار
хонабоф	خانه باف
хонабофт	خانه بافت
хонавайрон	خانه ويران
хонавайронӣ	خانه ويراني
хонавода	خانواده
хонаводагӣ	خانوادگي
хонавор	خانوار
хонагадо	خانه گدا
хонагирӣ	خانه گيري
хонагиҳо	خانگي ها
хонагӣ	خانگي
хонагурез	خانه گريز
хонағундорӣ	خانه غنداري
хонадомод	خانه داماد
хонадон	خاندان
хонадор	خانه دار
хонадорӣ	خانه داري
хонадоршавӣ	خانه دارشوي
хонадушман	خانه دشمن
хоназод	خانه زاد
хонаковак	خانه کاوک
хонаковӣ	خانه کاوي
хонакор	خانه کار
хонакӯч	خانه کوچ
хонақоҳ	خانقاه
хонақоҳӣ	خانقاهي
хонақоҳнишин	خانقاه نشين
хонамонда	خانه مانده
хонанда	خاننده
хонанишин	خانه نشين
хонанишинӣ	خانه نشيني
хонаобод	خانه آباد
хонапарвард	خانه پرورد
хонапоӣ	خانه پائي
хонапой	خانه پاي
хонапулӣ	خانه پولي
хонапурӣ	خانه پوري
хонаравшанкунӣ	خانه روشنکني
хонарас	خانه رس
хонарӯбак	خانه روبک
хонарӯбӣ	خانه روبي
хонасалот	خانه سلات
хонасоз	خانه ساز
хонасозӣ	خانه سازي
хонасӯз	خانه سوز
хонасӯхта	خانه سوخته
хонатлас	خان اطلس
хонахароб	خانه خراب
хонахез	خانه خيز
хонахудо	خانه خدا
хонача	خانچه
хонаҷой	خانه جاي
хонашер	خانه شير
хонашикаста	خانه شکسته
хонашин	خانه شين
хонашинӣ	خانه شيني
хонда	خوانده
хондагӣ	خواندگي
хондан	خواندن
хонданбоб	خواندن باب
хондашуданӣ	خوانده شدني
хонзода	خان زاده
хонигарӣ	خانيگري
хоним	خانم
хониш	خوانش
хонишгоҳ	خوانشگاه
хонӣ	خاني
хоно	خوانا
хонондан	خواناندن
хонсолор	خوان سالار
хонсоҳиб	خان صاحب
хонтахта	خوان تخته
хонум	خانم
хонумонсӯз	خانمان سوز
хонхонӣ	خان خاني
хонча	خان چه
хор	خار
хора	خاره
хоразмӣ	خوارزمي
хорак	خارک
хорасум	خاره سم
хорашикан	خاره شکن
хорбанд	خار بند
хорбаст	خار بست
хорбинӣ	خواربيني
хорбор	خواربار
хорбутта	خاربته
хорвор	خاروار
хоргул	خارگل
хордор	خاردار
хореография	خارياگرفيه
хореографӣ	خارياگرفي
хорзор	خارزار
хоридан	خاريدن
хориқ	خارق
хориқулқоида	خارق القاعده
хориқулода	خارق العادة
хористон	خارستان
хориҷ	خارج
хориҷа	خارجه
хориҷапараст	خارجه پرست
хориҷапарастӣ	خارجه پرستي
хориҷӣ	خارجي
хориҷоҳангӣ	خارج آهنگي
хориш	خارش
хоришак	خارشک
хоришангез	خارش انگيز
хоришдор	خارش دار
хоришовар	خارش آور
хорӣ	خواري
хоркаш	خارکش
хоркашак	خارکشک
хоркашӣ	خارکشي
хормейстер	خارمييستير
хормоҳӣ	خارماهي
хорнок	خارناک
хоро	خارا
хороӣ	خارايي
хорон	خاران
хоросанг	خاراسنگ
хоротарош	خاراتراش
хорошикан	خاراشکن
хорпулӣ	خارپولي
хорпушт	خارپشت
хорпуштак	خارپشتک
хорпуштӣ	خارپشتي
хорпӯстон	خارپوستان
хорсим	خارسيم
хортут	خارتوت
хортӯда	خارتوده
хорузор	خواروزار
хорузорӣ	خواروزاري
хорумол	خارومال
хорхасак	خارخسک
хор-хор	خار خار
хоршакар	خارشکر
хоршутур	خارشتر
хос	خاص
хоса	خاصه
хосабоф	خاصه باف
хосабофӣ	خاصه بافي
хосагӣ	خاصگي
хосият	خاصيت
хосса	خاصه
хост	خواست
хостагирӣ	خواسته گيري
хостан	خواستن
хостгор	خواستگار
хостгорӣ	خواستگاري
хостгоршаванда	خواستگارشونده
хостор	خواستار
хотам	خاتم
хотамбанд	خاتم بند
хотамбандӣ	خاتم بندي
хотамкор	خاتم کار
хотамкорӣ	خاتم کاري
хотамсоз	خاتم ساز
хотамсозӣ	خاتم سازي
хотамуланбиё	خاتم الانبيا
хотим	خاتم
хотима	خاتمه
хотимавӣ	خاتموي
хотир	خاطر
хотира	خاطره
хотиравӣ	خاطروي
хотирагӯӣ	خاطره گويي
хотиранавис	خاطره نويس
хотиранависӣ	خاطره نويسي
хотиранигорӣ	خاطره نگاري
хотирафсурда	خاطرافسرده
хотирбинӣ	خاطربيني
хотирдорӣ	خاطرداري
хотирдошт	خاطرداشت
хотирмушавваш	خاطرمشوش
хотирнавоз	خاطرنواز
хотирнишин	خاطرنشين
хотирнишон	خاطرنشان
хотирозор	خاطرآزار
хотирозурда	خاطرآزرده
хотирот	خاطرات
хотирошуфта	خاطرآشفته
хотирпазир	خاطرپذير
хотирпареш	خاطرپريش
хотирпарешон	خاطرپريشان
хотирпарешонӣ	خاطرپريشاني
хотиррасон	خاطررسان
хотирписанд	خاطرپسند
хотиррасонӣ	خاطررساني
хотирфиреб	خاطرفريب
хотирхоҳ	خاطرخواه
хотирхоҳӣ	خاطرخواهي
хотирҷамъ	خاطرجمع
хотирҷамъӣ	خاطرجمعي
хотирҷамъона	خاطرجمعانه
хотиф	خاطف
хотӣ	خاطي
хотун	خاتون
хохом	خاخام
хоҳ	خواه
хоҳам-нохоҳам	خواهم ناخواهم
хоҳанда	خواهنده
хоҳар	خواهر
хохарандар	خواهراندر
хоҳарарӯс	خواهرعروس
хоҳарзан	خواهرزن
хоҳарзода	خواهرزاده
хоҳарӣ	خواهري
хоҳарона	خواهرانه
хоҳархонд	خواهرخواند
хоҳархонда	خواهرخوانده
хоҳарча	خواهرچه
хоҳаршӯй	خواهرشوي
хоҳиш	خواهش
хоҳишгар	خواهشگر
хоҳишдор	خواهش دار
хоҳишманд	خواهش مند
хоҳ-нохоҳ	خواه ناخواه
хоҳон	خواهان
хоч	خاچ
хоҷ	خاج
хоҷа	خواجه
хоҷагидор	خاجگيدار
хоҷагидорӣ	خواجگيداري
хоҷагӣ	خواجگي
хоҷазода	خواجه زاده
хоҷасарой	خواجه سراي
хошок	خاشاک
хошокдаравӣ	خاشاک دروي
хоя	خايه
хоянда	خاينده
хоярез	خايه ريز
христианӣ	خرستياَني
хрестоматия	خرستامتيه
хром	خرام
хромгар	خرام گر
хромдор	خرام دار
хромосома	خراماسامه
хронология	خرانالاگيه
хронологӣ	خرانلاگي
хуб	خوب
хубӣ	خوبي
хубкирдор	خوب کردار
хубкор	خوب کار
хубманзар	خوب منظر
хубниҳод	خوب نهاد
хубонӣ	خوباني
хубрӯӣ	خوب روئي
хубрӯй	خوب روي
хубс	خبث
хубсимо	خوب سيما
хубсират	خوب سيرت
хубсиришт	خوب سرشت
хубсурат	خوب صور ت
хубфарҷом	خوب فرجام
хубхад	خوب خد
хубчеҳра	خوب چهره
хувора	خواره
худ	خود
худазобдиҳӣ	خودعذابدهي
худамалкунанда	خودعمل کننده
худангезӣ	خودانگيزي
худафрӯз	خودافروز
худафрӯзиш	خودافروزش
худбин	خودبين
худбинӣ	خودبيني
худбинона	خودبينانه
худбовар	خودباور
худбоварӣ	خودباوري
худбоварона	خودباورانه
худвижа	خودويژه
худвижагӣ	خودويژگي
худгард	خودگرد
худгудозӣ	خودگدازي
худгумкунӣ	خودگمکني
худдаргир	خوددرگير
худдаргирӣ	خوددرگيري
худдон	خوددان
худдонам	خوددانم
худдонамӣ	خوددانمي
худдор	خوددار
худдорӣ	خودداري
худдӯст	خوددوست
худдӯстӣ	خوددوستي
худидора	خوداداره
худӣ	خدي
худкарда	خودکرده
худкифоӣ	خودکفائي
худкомӣ	خودکامي
худкор	خودکار
худкушӣ	خودکشي
худмаблағгузорӣ	خودمبلغ گذاري
худманишӣ	خودمنشي
худмаҳдудкунӣ	خودمحدودکني
худмурда	خودمرده
худмухтор	خود مختار
худмухторӣ	خود مختاري
худнавис	خودنويس
худнамо	خودنما
худнамоӣ	خودنمايي
худо	خدا
худобезор	خدابيزار
худобехабар	خدابيخبر
худованд	خداوند
худогоҳ	خداگاه
худогоҳӣ	خداگاهي
худодод	خداداد
худодода	خداداده
худозада	خدازده
худозадагӣ	خدازدگي
худозмоӣ	خودآزمائي
худоӣ	خدائي
худой	خداي
худойгон	خدايگان
худойнамо	خداي نما
худомӯз	خودآموز
худомӯзанда	خودآموزنده
худомӯзӣ	خودآموزي
худонотарс	خداناترس
худонотарсӣ	خداناترسي
худоношинос	خداناشناس
худоношиносӣ	خداناشناسي
худопараст	خداپرست
худопарастӣ	خداپرستي
худописанд	خداپسند
худораҳматӣ	خدارحمتي
худоро	خودآرا
худороӣ	خودآرائي
худот	خدات
худотарс	خداترس
худотарсӣ	خداترسي
худоҳофизӣ	خداحافظي
худоҷӯй	خداجوي
худошинос	خداشناس
худошиносӣ	خداشناسي
худпараст	خودپرست
худпарастӣ	خودپرستي
худпарастона	خودپرستانه
худписанд	خودپسند
худписандӣ	خودپسندي
худписандона	خودپسندانه
худпур	خودپر
худрав	خودرو
худраста	خودرسته
худраъй	خودرأي
худрез	خودريز
худрӯй	خودروي
худсар	خودسر
худсарӣ	خودسري
худсарона	خودسرانه
худсито	خودستا
худситоёна	خودستايانه
худситоӣ	خودستايي
худсозӣ	خودسازي
худсохт	خودساخت
худсӯзӣ	خودسوزي
худсӯзонӣ	خودسوزاني
худфаоълиятӣ	خودفعاليتي
худфаъолӣ	خودفعالي
худфиребдиҳӣ	خودفريبدهي
худфиребӣ	خودفريبي
худфурӯз	خودفروز
худфурӯш	خودفروش
худфурӯшӣ	خودفروشي
худхизматгузорӣ	خودخذمتکذاري
худхизматрасонӣ	خودخذمترساني
худхоҳ	خودخواه
худхоҳӣ	خودخواهي
худхоҳона	خودخواهانه
худхӯр	خودخور
худҳаракат	خودحرکت
худчархзанӣ	خودچرخ زني
худшинос	خودشناس
худшиносӣ	خودشناسي
худшор	خودشار
худъа	خدعه
хук	خوک
хукбача	خوک بچه
хукбон	خوک بان
хукбонӣ	خوک باني
хукдорӣ	خوک داري
хукӣ	خوکي
хукпарвар	خوک پرور
хукпарварӣ	خوک پروري
хукпоӣ	خوک پايي
хуктинат	خوک طينت
хуксифат	خوک صفت
хукхона	خوک خانه
хулафо	خلفا
хулд	خلد
хулё	خليا
хулқ	خلق
хулқан	خلقاً
хулқон	خلقان
хуллас	خلص
хулоса	خلاصه
хулосавӣ	خلاصوي
хулосатан	خلاصتاً
хулус	خلوص
хулф	خلف
хум	خم
хумдон	خم دان
хумистон	خمستان
хумкалла	خم کله
хуммонанд	خم مانند
хуммор	خمار
хумо	خما
хумор	خمار
хуморгирифта	خمارگرفته
хуморин	خمارين
хуморӣ	خماري
хуморолуда	خمارآلوده
хуморона	خمارانه
хумохисрав	خماخسرو
хуморчашм	خمارچشم
хуморшикан	خمارشکن
хуморшиканӣ	خمارشکني
хумс	خمس
хумра	خمره
хумситон	خم ستان
хумул	خمول
хумхона	خمخانه
хумча	خمچه
хумчойник	خم چاينک
хун	خون
хунафшон	خون افشان
хунб	خنب
хунба	خنبه
хунбанд	خون بند
хунбаҳо	خون بها
хунбор	خون بار
хунгард	خون گرد
хунгардӣ	خون گردي
хунгарм	خون گرم
хунгармӣ	خون گرمي
хунгашта	خون گشته
хунгирифта	خون گرفته
хунгир	خون گير
хунгирӣ	خون گيري
хунгузарон	خون گذران
хунгузаронӣ	خون گذراني
хундор	خون دار
хундорӣ	خون داري
хунё	خنيا
хунёгар	خنياگر
хунёгарӣ	خنياگري
хунимардумхӯр	خون مردم خور
хунин	خونين
хуниндил	خونين دل
хунинҷигар	خنين جگر
хуниҷигар	خون جگر
хунӣ	خوني
хункашӣ	خون کشي
хунноқ	خناق
хунмак	خون مک
хунмаст	خون مست
хуноқ	خناق
хунолуд	خون آلود
хунолудагӣ	خون آلودگي
хуносо	خناثا
хунофар	خون آفر
хуношом	خون آشام
хуношомӣ	خون آشامي
хунпартоӣ	خون پرتايي
хунполой	خون پالاي
хунпош	خون پاش
хунрав	خون رو
хунравӣ	خون روي
хунранг	خون رنگ
хунрез	خون ريز
хунрезӣ	خون ريزي
хунсард	خون سرد
хунсардӣ	خون سردي
хунсардона	خون سردانه
хунсо	خنثا
хунтавон	خون توان
хунталаб	خون طلب
хунталабӣ	خون طلبي
хунташна	خون تشنه
хунук	خنک
хунукандом	خنک اندام
хунукбашара	خنک بشره
хунукзада	خنک زده
хунукзадагӣ	خنک زدگي
хунукӣ	خنکي
хунуккунанда	خنک کننده
хунукқиёфа	خنک قيافه
хунукназар	خنک نظر
хунукназарӣ	خنک نظري
хунукрӯй	خنک روي
хунукситора	خنک ستاره
хунуксухан	خنک سخن
хунуктарҳ	خنک طرح
хунукхона	خنک خانه
хунукхӯр	خنک خور
хунукхӯрда	خنک خورده
хунукхӯрӣ	خنک خوري
хунукшакл	خنک شکل
хунукшамоил	خنک شمايل
хунфишон	خون فشان
хунхор	خون خوار
хунхора	خون خواره
хунхорӣ	خون خواري
хунхорона	خون خوارانه
хунхоҳ	خون خواه
хунхоҳӣ	خون خواهي
хунхӯр	خون خور
хунхӯрӣ	خون خوري
хунхӯрона	خون خورانه
хунчакон	خون چکان
хунҷӯш	خون جوش
хунҷушӣ	خون جوشي
хуншинос	خون شناس
хуншиносӣ	خون شناسي
хуншор	خون شار
хуншорӣ	خون شاري
хур	خور
хурд	خرد
хурда	خرده
хурдабин	خرده بين
хурдабинӣ	خرده بيني
хурдагир	خورده گير
хурдагирӣ	خورده گيري
хурдагирона	خورده گيرانه
хурдакак	خوردکک
хурдакор	خورده کار
хурдамлок	خرد املاک
хурдандеш	خردانديش
хурдандоза	خرداندازه
хурдафурӯш	خرده فروش
хурдафурӯшӣ	خرده فروشي
хурдӣ	خردي
хурдкалла	خردکله
хурдманиш	خردمنش
хурдод	خرداد
хурдсол	خردسال
хурдсолӣ	خردسالي
хурдҳаҷм	خردحجم
хурдҷусса	خردجثه
хурёк	خرياک
хурма	خرمه
хурмача	خرمچه
хурмо	خرما
хурмозор	خرمازار
хурмоимӯй	خرمايي موي
хурмоиранг	خرمايي رنگ
хурмоӣ	خرمايي
хурной	خرناي
хуросонӣ	خراساني
хурофӣ	خرافي
хурофот	خرافات
хурофотӣ	خرافاتي
хурофотпараст	خرافات پرست
хурофотпарастӣ	خرافات پرستي
хуррок	خراک
хуррам	خرم
хуррамдил	خرم دل
хуррамӣ	خرمي
хуррамона	خرمانه
хурроккашӣ	خراک کشي
хуррос	خراس
хурсанд	خرسند
хурсандибахш	خرسندي بخش
хурсандиовар	خرسندي آور
хурсандӣ	خرسندي
хурсандкунанда	خرسندکننده
хурсандона	خرسندانه
хуруҷ	خروج
хурӯс	خروس
хурӯсак	خروسک
хурӯсбоз	خروس باز
хурӯсбозӣ	خروس بازي
хурӯсбонг	خروس بانگ
хурӯсвор	خروس وار
хурӯсӣ	خروسي
хурӯсчӯҷа	خروس چوجه
хурӯсҷанг	خروس جنگ
хурӯш	خروش
хурӯшидан	خروشيدن
хурӯшон	خروشان
хурӯҷ	خروج
хур-хур	خرخر
хурфа	خرفه
хуршед	خورشيد
хуршедваш	خورشيدوش
хуршедвор	خورشيدوار
хуршедӣ	خورشيدي
хуршеднамо	خورشيدنما
хуршедпараст	خورشيدپرست
хуршедрӯй	خورشيدروي
хуршедсавор	خورشيدسوار
хуршедсимо	خورشيدسيما
хуршедталъат	خورشيدطلعت
хуршедтоб	خورشيدتاب
хуршедфом	خرشيدفام
хуршедҳуш	خورشيدهوش
хусбидан	خسبيدن
хуспидан	خسپيدن
хусрав	خسرو
хусравӣ	خسرو
хусравона	خسروانه
хусумат	خصومت
хусуматгарӣ	خصومت گري
хусуматомез	خصومت آميز
хусур	خسر
хусус	خصوص
хусусан	خصوصاً
хусусигардонӣ	خصوصي گرداني
хусусишуда	خصوصي شده
хусусият	خصوصيت
хусусӣ	خصوصي
хусуф	خسوف
хутабо	خطبا
хутба	خطبه
хуфа	خوفه
хуфия	خوفيه
хуфиягӣ	خوفيگي
хуфият	خوفيت
хуфиятан	خوفيتاً
хуфт	خفت
хуфта	خفته
хуфтааркон	خفته ارکان
хуфтагӣ	خفتگي
хуфтан	خفتن
хуфтидан	خفتيدن
хуфтухез	خفت و خيز
хуфтухоб	خفت و خواب
хуч	خوچ
хучдор	خوچ دار
хуҷиста	خجسته
хуҷаста	خجسته
хуҷастаахтар	خجسته اختر
хуҷасталиқо	خجسته لقا
хуҷастаном	خجسته نام
хуҷастапай	خجسته پي
хуҷастатолеъ	خجسته طالع
хуҷастафарҷом	خجسته فرجام
хуш	خوش
хушадо	خوش ادا
хушадоӣ	خوش ادايي
хушандом	خوش اندام
хушандомӣ	خوش اندامي
хушатвор	خوش اطوار
хушатворӣ	خوش اطواري
хушахлоқ	خوش اخلاق
хушахлоқӣ	خوش اخلاقي
хушахтар	خوش اختر
хушахтарӣ	خوش اختري
хушбаён	خوش بيان
хушбаёнӣ	خوش بياني
хушбаст	خوش بست
хушбахт	خوش بخت
хушбахтӣ	خوش بختي
хушбахтона	خوش بختانه
хушбаҳр	خوش بهر
хушбин	خوش بين
хушбинӣ	خوش بيني
хушбинона	خوش بينانه
хушбовар	خوش باور
хушбод	خوش باد
хушбодуҳаво	خوش بادوهوا
хушбор	خوش بار
хушбофт	خوش بافت
хушбош	خوش باش
хушбошӣ	خوش باشي
хушбӯгулак	خوش بوگلک
хушбӯӣ	خوش بويي
хушбӯй	خوش بوي
хушвақт	خوش وقت
хушвақтӣ	خوش وقتي
хушгап	خوش گپ
хушгапӣ	خوش گپي
хушгил	خوش گل
хушгилӣ	خوش گلي
хушгувор	خوش گوار
хушгуворӣ	خوش گواري
хушгузаронӣ	خوش گذراني
хушгуфтор	خوش گفتار
хушгуфторӣ	خوش گفتاري
хушгӯй	خوش گوي
хушдаромад	خوش درامد
хушдил	خوش دل
хушдилӣ	خوش دلي
хушдимоғӣ	خوش دماغي
хушдоман	خوش دامن
хушдор	خوش دار
хушдӯхт	خوش دوخت
хушзабон	خوش زبان
хушзабонӣ	خوش زباني
хушзавқ	خوش ذوق
хушзавқӣ	خوش ذوقي
хушзеб	خوش زيب
хушзеҳн	خوش ذهن
хушзеҳнӣ	خوش ذهني
хушзот	خوش ذات
хушзотӣ	خوش ذاتي
хушзоткунӣ	خوش ذات کني
хушибора	خوش عباره
хушиқбол	خوش اقبال
хушилҳон	خوش الحان
хушистеъдод	خوش استعداد
хушифода	خوش افاده
хушиҷора	خوش اجاره
хушӣ	خوشي
хушк	خشک
хушка	خشکه
хушкандом	خشک اندام
хушканор	خوش کنار
хушкалом	خوش کلام
хушкаломӣ	خوش کلامي
хушкашӯӣ	خشکه شويي
хушкбадан	خشک بدن
хушкбанд	خشک بند
хушкборгир	خشک بارگير
хушкдаст	خشک دست
хушкигард	خشکي گرد
хушкида	خشکيده
хушкидан	خشکيدن
хушкитобовар	خشکي تاب آور
хушкитобоварӣ	خشکي تاب آوري
хушкитф	خش کتف
хушкӣ	خشکي
хушкком	خشک کام
хушккунак	خشک کنک
хушклаб	خشک لب
хушкмағз	خشک مغز
хушкмонда	خشک مانده
хушкомӣ	خوش کامي
хушконҷ	خشک آنج
хушкпаҳлу	خشک پهلو
хушкпой	خشک پاي
хушкрӯд	خشک رود
хушксар	خشک سر
хушксол	خشک سال
хушксолӣ	خشک سالي
хушксор	خشک سار
хушктинат	خشک طينت
хушктинатӣ	خشک طينتي
хушкшуда	خشک شده
хушқавл	خوش قول
хушқад	خوش قد
хушқадам	خوش قدم
хушқалам	خوش قلم
хушқаламӣ	خش قلمي
хушқариҳа	خوش قريحه
хушқиёфа	خوش قيافه
хушқомат	خوش قامت
хушлаҳн	خوش لحن
хушлаҳҷа	خوش لهجه
хушлибос	خوش لباس
хушлиқо	خوش لقا
хушмаза	خوش مزه
хушмазагӣ	خوش مزگي
хушмазмун	خوش مضمون
хушмаишат	خوش معيشت
хушмақол	خوش مقال
хушмақолӣ	خوش مقالي
хушманзар	خوش منظر
хушманзара	خوش منظره
хушманзарӣ	خوش منظري
хушманиш	خوش منش
хушманишӣ	خوش منشي
хушмаош	خوش معاش
хушмаҳзар	خوش محضر
хушмашом	خوش مشام
хушмизоҷ	خوش مزاج
хушмуомила	خوش معامله
хушмуомилагӣ	خوش معاملگي
хушмуошират	خوش معاشرت
хушмуоширатӣ	خوش معاشرتي
хушмӯйлаб	خوش مويلب
хушнавис	خوش نويس
хушнависӣ	خوش نويسي
хушнаво	خوش نوا
хушнавоз	خوش نواز
хушнавоӣ	خوش نوايي
хушназар	خوش نظر
хушнақш	خوش نقش
хушнамак	خوش نمک
хушнамо	خوش نما
хушнамоӣ	خوش نمايي
хушнамуд	خوش نمود
хушнамун	خوش نمون
хушнасл	خوش نسل
хушнигоҳ	خوش نگاه
хушниҳод	خوش نهاد
хушният	خوش نيت
хушном	خوش نام
хушномӣ	خوش نامي
хушнуд	خوشنود
хушнудӣ	خوشنودي
хушнудона	خوشنودانه
хушо	خوشا
хушоб	خوشآب
хушобунамак	خوشآب و نمک
хушобуранг	خوشآب و رنگ
хушобуҳаво	خوشآب وهوا
хушово	خوش آوا
хушовоз	خوش آواز
хушовозӣ	خوش آوازي
хушодоб	خوش آداب
хушодобӣ	خوش آدابي
хушомад	خوش آمد
хушомадгӯй	خوش آمدگوي
хушомадгӯёна	خوش آمدگويانه
хушомадгӯӣ	خوش آمدگويي
хушомадомез	خوش آمدآميز
хушоҳанг	خوش آهنگ
хушоҳангӣ	خوش آهنگي
хушоянд	خوش آيند
хушпазирӣ	خوش پذيري
хушпарвоз	خوش پرواز
хушпоиқадам	خوش پايقدم
хушпул	خوش پول
хушпулӣ	خوش پولي
хушпӯшок	خوش پوشاک
хушравиш	خوش روش
хушранг	خوش رنگ
хушрангӣ	خوش رنگي
хушрафтор	خوش رفتار
хушрафторӣ	خوش رفتاري
хушрехт	خوش ريخت
хушроҳ	خوش راه
хушрӯй	خوش روي
хушрӯзӣ	خوش روزي
хушрӯӣ	خوش رويي
хушрӯйбоз	خوش روي باز
хушсавод	خوش سواد
хушсадо	خوش صدا
хушсадоӣ	خوش صدايي
хушсалиқа	خوش سليقه
хушсаранҷом	خوش سرانجام
хушсарулибос	خوش سرولباس
хушсимо	خوش سيما
хушсифат	خوش صفت
хушсохт	خوش ساخت
хушсохтӣ	خوش ساختي
хушсулук	خوش سلوک
хушсурат	خوش صورت
хушсухан	خوش سخن
хушсӯҳбат	خوش صحبت
хуштабиат	خوش طبيعت
хуштабиатӣ	خوش طبيعتي
хуштабъ	خوش طبع
хуштабъӣ	خوش طبعي
хуштавозӯъ	خوش تواضع
хуштакаллум	خوش تکلم
хуштарбия	خوش تربيه
хуштарҳ	خوش ترح
хуштаъм	خوش طعم
хуштаъмӣ	خوش طعمي
хуштинат	خوش طينت
хуштинатӣ	خوش طينتي
хуштолеӣ	خوش طالعي
хуштолеъ	خوش طالع
хушу	خشو
хушунат	خشونت
хушунатомез	خشونت آميز
хушфаҳм	خوش فهم
хушфеъл	خوش فعل
хушфеълӣ	خوش فعلي
хушфитрат	خوش فطرت
хушфитратӣ	خوش فطرتي
хушхабар	خوش خبر
хушханда	خوش خنده
хушхат	خوش خط
хушхатӣ	خوش خطي
хушхиром	خوش خرام
хушхиромӣ	خوش خرامي
хушхисол	خوش خصال
хушхок	خوش خاک
хушхон	خوش خان
хушхулқ	خوش خلق
хушхулқӣ	خوش خلقي
хушхӯ	خوش خو
хушхӯр	خوش خور
хушхӯрак	خوش خورک
хушхӯрок	خوش خوراک
хушҳаво	خوش هوا
хушҳавсала	خوش حوصله
хушҳол	خوشحال
хушҳолӣ	خوشحالي
хушҳолкунанда	خوشحال کننده
хушҳолона	خوشحالانه
хушчақчақ	خوش چق چق
хушчоп	خوش چاپ
хушҷинс	خوش جنس
хушҷиҳоз	خوش جهاز
хӯд	خود
хӯй	خوي
хӯйгир	خوي گير
хӯл	خول
хӯла	خوله
хӯлагӣ	خولگي
хӯлагин	خولگين
хӯр	خور
хӯра	خوره
хӯранда	خورنده
хӯрд	خورد
хӯрда	خورده
хӯрдагирӣ	خورده گيري
хӯрдан	خوردن
хӯрданбоб	خوردنباب
хӯрданӣ	خوردني
хӯрдашуда	خورده شده
хӯрдхон	خورد خوان
хӯрдухоб	خوردو خواب
хӯрдухӯрок	خوردوخوراک
хӯриш	خورش
хӯришгар	خورش گر
хӯришхона	خورش خانه
хӯрӣ	خوري
хӯроба	خورابه
хӯрок	خوراک
хӯрокворӣ	خوراکواري
хурокдиҳӣ	خوراک دهي
хӯрокӣ	خوراکي
хӯрокнома	خوراک نامه
хӯрокпаз	خوراکپز
хӯрокпазӣ	خوراک پزي
хӯрокхӯрӣ	خوراک خوري
хӯрхӯрак	خورخورک
хӯрҷин	خورجين
хӯса	خوسه
хӯсидан	خوسيدن
хӯсондан	خوسانيدن
хӯтик	خوتک
хӯҷа	خوجه
хӯҷаин	خوجئن
хӯҷаинӣ	خوجئني
хӯҷаиншинос	خوجئن شناس
хӯш	خوش
хӯша	خوشه
хӯшабандӣ	خوشه بندي
хӯшавор	خوشه وار
хӯшагул	خوشه گل
хӯшадор	خوشه دار
хӯшачин	خوشه چين
хӯшачинӣ	خوشه چيني
хӯшидан	خوشيدن
хӯшонидан	خشانيدن
ҳа	هه
ҳабб	حب
ҳабак	هبک
ҳабаш	حبش
ҳабашизода	حبشي زاده
ҳабашӣ	حبشي
ҳаббат	حبة
ҳаббазо	حبذا
ҳаббот	حبات
ҳабдаҳ	هبده
ҳабдаҳсола	هبده ساله
ҳабдаҳсолагӣ	هبده سالگي
ҳабдаҳум	هبدهم
ҳабдаҳумин	هبدهمين
ҳабиб	حبيب
ҳабиба	حبيبه
ҳабк	هبک
ҳабл	حبل
ҳаблулварид	حبل الوريد
ҳаблулматин	حبل المتين
ҳабоъ	هباء
ҳабоб	حباب
ҳабоил	حبائل
ҳапок	هپاک
ҳабола	حباله
ҳабр	حبر
ҳабс	حبس
ҳабсгоҳ	حبسگاه
ҳабсхона	حبس خانه
ҳавал	حول
ҳавас	هوس
ҳавасакӣ	هوسکي
ҳавасангез	هوس انگيز
ҳавасангезона	هوس انگيزانه
ҳавасбоз	هوس باز
ҳавасбозӣ	هوس بازي
ҳавасдор	هوس دار
ҳаваскор	هوس کار
ҳавасманд	هوسمند
ҳавасмандӣ	هوسمندي
ҳавасмандгардонӣ	هوسمندگرداني
ҳаваснок	هوسناک
ҳаваснокӣ	هوسناکي
ҳавасобод	هوس آباد
ҳавасороӣ	هوس آرائي
ҳаваспеша	هوس پيشه
ҳавасрон	هوس ران
ҳавасронӣ	هوس راني
ҳавваз	هوز
ҳавво	حوا
ҳавдаҷ	هودج
ҳавз	حوض
ҳавза	حوزه
ҳавзавӣ	حوزوي
ҳавзак	حوضک
ҳавзан	هوزن
ҳавзгардак	حوض گردک
ҳавл	هول
ҳавлак	هولک
ҳавлангез	هول انگيز
ҳавлибон	حولي بان
ҳавлибонӣ	حولي باني
ҳавлидармиён	حولي درميان
ҳавлидор	حولي دار
ҳавлипой	حولي پاي
ҳавлипойӣ	حولي پائي
ҳавлирӯбӣ	حولي روبي
ҳавлисозӣ	حولي سازي
ҳавлӣ	حولي
ҳавлнок	هولناک
ҳаво	هوا
ҳавоангез	هواانگيز
ҳавобаланд	هوابلند
ҳавобаландӣ	هوابلندي
ҳавобаландона	هوابلندانه
ҳавобаро	هوابرا
ҳавобора	هواباره
ҳавоборонак	هوابارانک
ҳавобурд	هوابرد
ҳавогармкунак	هواگرمکنک
ҳавогир	هواگير
ҳавогирифта	هواگرفته
ҳавогирӣ	هواگيري
ҳавогузар	هواگذر
ҳавогузарӣ	هواگذري
ҳавогузарон	هواگذران
ҳавогузаронӣ	هواگذراني
ҳаводамак	هوادمک
ҳаводарояк	هوادرايک
ҳаводис	حوادث
ҳаводиҳӣ	هوادهي
ҳаводор	هوادار
ҳаводорӣ	هواداري
ҳавозадагӣ	هوازدگي
ҳавоиҷ	حوائج
ҳавоӣ	هوائي
ҳавокаш	هواکش
ҳавола	حواله
ҳаволагаҳ	هواله گه
ҳаволагоҳ	هواله گاه
ҳаволадиҳӣ	حواله دهي
ҳаволадор	حواله دار
ҳаволӣ	حوالي
ҳавомм	هوام
ҳавон	هوان
ҳавонавард	هوانورد
ҳавонавардӣ	هوانوردي
ҳавоногузар	هواناگذر
ҳавоногузарӣ	هواناگذري
ҳавопаймо	هواپيما
ҳавопаймобар	هواپيمابر
ҳавопаймозадагӣ	هواپيمازدگي
ҳавопаймоӣ	هواپيمائي
ҳавопайморабо	هواپيماربا
ҳавопайморабоӣ	هواپيماربائي
ҳавопараст	هواپرست
ҳавопарастӣ	هواپرستي
ҳавопарвар	هواپرور
ҳаворанг	هوارنگ
ҳавориюн	حواريون
ҳавосс	حواس
ҳавосанҷ	هواسنج
ҳавосанҷӣ	هواسنجي
ҳавосида	هواسيده
ҳавосидан	هواسيدن
ҳавосил	حواصل
ҳавософкунак	هواصافکنک
ҳавотозакунак	هواتازه کنک
ҳавофишор	هوافشار
ҳавофишорӣ	هوافشاري
ҳавохоҳ	هواخواه
ҳавохоҳӣ	هواخواهي
ҳавохӯрӣ	هواخوري
ҳавоҷиб	حواجب
ҳавоҷис	هواجس
ҳавоҷӯӣ	هواجوئي
ҳавоҷӯй	هواجوي
ҳавошинос	هواشناس
ҳавошиносӣ	هواشناسي
ҳавошӣ	حواشي
ҳавошуда	هواشده
ҳавр	حور
ҳавсала	حوصله
ҳавсаланок	حوصله ناک
ҳавуҷ	هوج
ҳадд	حد
ҳадаба	حدبه
ҳадақа	حدقه
ҳадар	هدر
ҳадаф	هدف
ҳадафгирӣ	هدف گيري
ҳадафдор	هدف دار
ҳадафманд	هدفمند
ҳадафмандӣ	هدفمندي
ҳадаҳа	هدهه
ҳадбандӣ	حدبندي
ҳадалимкон	حتي الامکان
ҳадгузор	حدگذار
ҳадгузорӣ	حدگذاري
ҳаддод	حداد
ҳаддодӣ	حدادي
ҳадзада	حدزده
ҳадид	حديد
ҳадида	حديده
ҳадидакашак	حديده کشک
ҳадидакашӣ	حديده کشي
ҳадиқа	حديقه
ҳадис	حديث
ҳадия	هديه
ҳадм	هدم
ҳадоё	هدايا
ҳадоиқ	حدايق
ҳадосат	حداثت
ҳадс	حدس
ҳаё	حيا
ҳаёзада	حيازده
ҳаёт	حيات
ҳаётан	حياتاً
ҳаётбахш	حيات بخش
ҳаётбахшанда	حيات بخشنده
ҳаётдӯст	حيات دوست
ҳаётдӯстӣ	حيات دوستي
ҳаётӣ	حياتي
ҳаётозмуда	حيات آزموده
ҳаётфаҳмӣ	حيات فهمي
ҳаётшинос	حيات شناس
ҳаётшиносӣ	حيات شناسي
ҳаёҳу	هياهو
ҳаёҳукунон	هياهوکنان
ҳаждаҳ	هژده
ҳаждаҳсола	هژده ساله
ҳаждаҳсолагӣ	هژده سالگي
ҳаждаҳум	هژدهم
ҳаждаҳумин	هژدهمين
ҳужир	هژير
ҳажир	هژير
ҳазаён	هذيان
ҳазар	حذر
ҳазаҷ	هزج
ҳазён	هذيان
ҳазёнгӯй	هذيان گوي
ҳазёномез	هذيان آميز
ҳазёнсаро	هذيان سرا
ҳазин	حزين
ҳазинона	حزينانه
ҳазл	هزل
ҳазлбардор	هزل بردار
ҳазлбоз	هزل باز
ҳазлбозӣ	هزل بازي
ҳазлгӯӣ	هزل گويي
ҳазлгӯй	هزل گوي
ҳазлдӯст	هزل دوست
ҳазлиёт	هزليات
ҳазлкаш	هزل کش
ҳазломез	هزل آميز
ҳазм	هضم
ҳазоқат	حذاقت
ҳазор	هزار
ҳазордастон	هزاردستان
ҳазориспанд	هزاراسپند
ҳазорпо	هزارپا
ҳазорсола	هزارساله
ҳазрат	حضرت
ҳай	هي
ҳайатшинос	هيأت شناس
ҳайбат	هيبت
ҳайбатангез	هيبت انگيز
ҳайбатнок	هيبت ناک
ҳайвон	حيوان
ҳайвонӣ	حيواني
ҳайвонмурӣ	حيوان مري
ҳайвонот	حيوانات
ҳайвонотдорӣ	حيوانات داري
ҳайвонотпарварӣ	حيوانات پروري
ҳайвонсират	حيوان سيرت
ҳайвонсифат	حيوان صفت
ҳайдар	حيدر
ҳайдах	هيدخ
ҳайз	حيض
ҳайзбинӣ	حيض بيني
ҳайкал	هيکل
ҳайкалдор	هيکل دار
ҳайкалӣ	هيکلي
ҳайкалсоз	هيکل ساز
ҳайкалсозӣ	هيکل سازي
ҳайкалтарош	هيکل تراش
ҳайкалтарошӣ	هيکل تراشي
ҳайрат	حيرت
ҳайратангез	حيرت انگيز
ҳайратафзо	حيرت افزا
ҳайратбахш	حيرت بخش
ҳайратгаҳ	حيرت گه
ҳайратгоҳ	حيرت گاه
ҳайратзада	حيرت زده
ҳайраткада	حيرت کده
ҳайратнигор	حيرت نگار
ҳайратовар	حيرت آور
ҳайратфизо	حيرت فزا
ҳайрон	حيران
ҳайронӣ	حيراني
ҳайс	حيث
ҳайсият	حيثيت
ҳайф	حيف
ҳайфо	حيفا
ҳайҳот	هيهات
ҳакк	حک
ҳакам	حکم
ҳакамият	حکميت
ҳаким	حکيم
ҳакимона	حکيمانه
ҳаккок	حکاک
ҳаққ	حق
ҳақбин	حق بين
ҳақвар	حق ور
ҳақгузор	حق گذار
ҳақгузорӣ	حق گذاري
ҳақгӯй	حق گوي
ҳақгӯӣ	حق گويي
ҳақдеҳ	حق ده
ҳақдиҳӣ	حق دهي
ҳақдор	حق دار
ҳақдӯст	حق دوست
ҳақиқ	حقيق
ҳақиқат	حقيقت
ҳақиқатан	حقيقتاً
ҳақиқатбин	حقيقت بين
ҳақиқатгӯӣ	حقيقت گويي
ҳақиқатгӯй	حقيقت گوي
ҳақиқатдӯст	حقيقت دوست
ҳақиқатдӯстӣ	حقيقت دوستي
ҳақиқатназар	حقيقت نظر
ҳақиқатнигор	حقيقت نگار
ҳақиқатпардоз	حقيقت پرداز
ҳақиқатҷӯӣ	حقيقت جويي
ҳақиқатҷӯй	حقيقت جوي
ҳақиқатшинос	حقيقت شناس
ҳақиқатшиносӣ	حقيقت شناسي
ҳақиқӣ	حقيقي
ҳақир	حقير
ҳақирӣ	حقيري
ҳақирона	حقيرانه
ҳаққан	حقاً
ҳаққимардумхӯр	حق مردم خور
ҳаққо	حقا
ҳаққоба	حق آبه
ҳаққоният	حقّانيت
ҳаққонӣ	حقاني
ҳаққуззаҳмат	حق الزحمت
ҳаққуламал	حق العمل
ҳаққулқадам	حق القدم
ҳаққулқалам	حق القلم
ҳаққуллоҳ	حق الله
ҳаққулубур	حق العبور
ҳаққуссаҳм	حق السهم
ҳақнашинос	حق نشناس
ҳақнавоз	حق نواز
ҳақногузор	حق ناگذار
ҳақношинос	حق ناشناس
ҳақношиносӣ	حق ناشناسي
ҳақоиқ	حقايق
ҳақоиқпазир	حقايق پذير
ҳақоиқшинос	حقايق شناس
ҳақоиқшунав	حقايق شنو
ҳақорат	حقارت
ҳақоратомез	حقارت آميز
ҳақпараст	حق پرست
ҳақпарастӣ	حق پرستي
ҳақравӣ	حق روي
ҳақталаб	حق طلب
ҳақҷӯ	حق جو
ҳақшинос	حق شناس
ҳақшиносӣ	حق شناسي
ҳалл	حل
ҳалакиш	هلکيش
ҳалапанд	هلپند
ҳалво	حلوا
ҳалвогар	حلوا گر
ҳалвогарӣ	حلوا گري
ҳалвогархона	حلواگرخانه
ҳалвоӣ	حلوا يي
ҳалвомағзӣ	حلوا مغزي
ҳалвопаз	حلواپز
ҳалвопазӣ	حلواپزي
ҳалвотарош	حلواتراش
ҳалвофурӯш	حلوافروش
ҳалвофурӯшӣ	حلوافروشي
ҳалил	هليل
ҳалила	حليله
ҳалим	حليم
ҳалимӣ	حليمي
ҳалимона	حليمانه
ҳалкунанда	حل کننده
ҳалқ	حلق
ҳалқа	حلقه
ҳалқабандӣ	حلقه بندي
ҳалқабагӯш	حلقه بگوش
ҳалқабаргӯш	حلقه برگوش
ҳалқавӣ	حلقوي
ҳалқавор	حلقه وار
ҳалқагӣ	حلقگي
ҳалқадавак	حلقه دوک
ҳалқадавонак	حلقه دوانک
ҳалқадор	حلقه دار
ҳалқамонанд	حلقه مانند
ҳалқанок	حلقه ناک
ҳалқапеч	حلقه پيچ
ҳалқапушт	حلقه پشت
ҳалқашакл	حلقه شکل
ҳалқбин	حلق بين
ҳалқӣ	حلقي
ҳалқум	حلقوم
ҳалқумӣ	حلقومي
ҳаллол	حلال
ҳаллос	هلاس
ҳалоҳин	هلاهين
ҳаллоҷ	حلاج
ҳаллоҷихона	حلاجي خانه
ҳаллоҷӣ	حلاجي
ҳаловат	حلاوت
ҳаловатбахш	حلاوت بخش
ҳалок	هلاک
ҳалокат	هالاکت
ҳалокӣ	هلاکي
ҳалокатангез	هلاکت انگيز
ҳалокатовар	هلاکت آور
ҳалол	حلال
ҳалола	حلاله
ҳалолзода	حلال زاده
ҳалолкор	حلال کار
ҳалолкорӣ	حلال کاري
халолкорона	حلال کارانه
ҳалолӣ	حلالي
ҳалолнамакӣ	حلال نمکي
ҳалоҳил	هلاهل
ҳалпазир	حل پذير
ҳалталаб	حل طلب
ҳалфо	حلفا
ҳалҳала	هلهله
ҳам	هم
ҳамм	هم
ҳама	همه
ҳамабин	همه بين
ҳамабоб	همه باب
ҳамавлод	هم اولاد
ҳамавлодӣ	هم اولادي
ҳамагӣ	همگي
ҳамагон	همگان
ҳамагонӣ	همگاني
ҳамагуна	همه گونه
ҳамадон	همه دان
ҳамакнун	هم اکنون
ҳамакора	همه کاره
ҳамақида	هم عقيده
ҳамандеш	هم انديش
ҳамандешӣ	هم انديشي
ҳамапурсӣ	همه پرسي
ҳамал	حمل
ҳамамоҳа	همه ماهه
ҳамандоза	هم اندازه
ҳамандом	هم اندام
ҳамарз	هم ارز
ҳамарзиш	هم ارزش
ҳамарзишӣ	هم ارزشي
ҳамарзӣ	هم ارزي
ҳамарӯза	همه روزه
ҳамасола	همه ساله
ҳамаср	هم عصر
ҳаматан	همه تن
ҳаматарафа	همه طرفه
ҳамафаҳм	همه فهم
ҳамаҷогард	همه جا گرد
ҳамаҷониба	همه جانبه
ҳамаҷоя	همه جايه
ҳамбазм	هم بزم
ҳамбанд	همبند
ҳамбандӣ	همبندي
ҳамбар	هم بر
ҳамбарӣ	هم بري
ҳамбаста	هم بسته
ҳамбастагӣ	هم بستگي
ҳамбатн	هم بطن
ҳамбистар	هم بستر
ҳамбоз	هم باز
ҳамбозӣ	همبازي
ҳамболин	هم بالين
ҳамболӣ	همبالي
ҳамболо	هم بالا
ҳамболоӣ	همبالايي
ҳамвазн	هم وزن
ҳамватан	هم وطن
ҳамватанӣ	هم وطني
ҳамвилоят	هم ولايت
ҳамвисоқ	هم وثاق
ҳамвор	هموار
ҳамвора	همواره
ҳамворгард	هموارگرد
ҳамворӣ	همواري
ҳамворкӯҳ	هموارکوه
ҳамворсозӣ	هموارسازي
ҳамгавҳар	هم گوهر
ҳамгап	همگپ
ҳамгар	همگر
ҳамгардан	همگردن
ҳамгарӣ	همگري
ҳамгинон	همگينان
ҳамгир	همگير
ҳамгиро	همگيرا
ҳамгироӣ	همگيرايي
ҳамгузар	هم گذر
ҳамгунӣ	همگوني
ҳамгунсозӣ	همگون سازي
ҳамгурӯҳ	هم گروه
ҳамгурӯҳа	همگروهه
ҳамгӯша	هم گوشه
ҳамгӯшт	همگوشت
ҳамд	حمد
ҳамдавра	هم دوره
ҳамдам	همدم
ҳамдамӣ	همدمي
ҳамдард	همدرد
ҳамдардӣ	همدردي
ҳамдардона	همدردانه
ҳамдарс	هم درس
ҳамдарсӣ	هم درسي
ҳамдаст	هم دست
ҳамдастӣ	هم دستي
ҳамдастон	هم دستان
ҳамдеҳа	هم دهه
ҳамдигар	همديگر
ҳамдигарӣ	همديگري
ҳамдигарфаҳмӣ	همديگرفهمي
ҳамдиёр	هم ديار
ҳамдил	همدل
ҳамдилӣ	همدلي
ҳамдин	هم دين
ҳамдомон	همدامان
ҳамдостон	هم داستان
ҳамдостонӣ	هم داستاني
ҳамдуна	حمدونه
ҳамдуруд	هم درود
ҳамдӯкон	هم دوکان
ҳамдӯш	همدوش
ҳамдӯшӣ	همدوشي
ҳаме	همي
ҳамедун	هميدون
ҳамел	حميل
ҳамеша	هميشه
ҳамешабаҳор	هميشه بهار
ҳамешагӣ	هميشگي
ҳамешасабз	هميشه سبز
ҳамешаҳозир	هميشه حاضر
ҳамён	هميان
ҳамёрӣ	همياري
ҳамза	همزه
ҳамзабон	هم زبان
ҳамзабонӣ	هم زباني
ҳамзамон	همزمان
ҳамзистӣ	همزيستي
ҳамзод	همزاد
ҳамзону	همزانو
ҳамзот	همذات
ҳамзӯр	هم زور
ҳамид	حميد
ҳамида	حميده
ҳамим	حميم
ҳамийят	حميت
ҳамин	همين
ҳаминрӯза	همين روزه
ҳаминҷойӣ	همين جايي
ҳаминшаба	همين شبه
ҳамирс	هم ارث
ҳамкасб	هم کسب
ҳамкасбӣ	هم کسبي
ҳамкеш	هم کيش
ҳамкешӣ	هم کيشي
ҳамкиса	هم کيسه
ҳамкитф	هم کتف
ҳамкор	همکار
ҳамкорӣ	همکاري
ҳамкоса	هم کاسه
ҳамкурс	هم کورس
ҳамқабила	هم قبيله
ҳамқавм	هم قوم
ҳамқад	هم قد
ҳамқадам	هم قدم
ҳамқадамӣ	هم قدمي
ҳамқадаҳ	هم قدح
ҳамқалам	هم قلم
ҳамқарин	هم قرين
ҳамқатор	هم قطار
ҳамқирон	هم قران
ҳамқисмат	هم قسمت
ҳамқофия	هم قافيه
ҳамл	حمل
ҳамла	حمله
ҳамлагар	حمله گر
ҳамлаовар	حمله آور
ҳамлафз	هم لفظ
ҳамлахт	هم لخت
ҳамлкунанда	حمل کننده
ҳаммазмун	هم مضمون
ҳаммазҳаб	هم مذهب
ҳаммазҳабӣ	هم مذهبي
ҳаммактаб	هم مکتب
ҳамманзил	هم منزل
ҳаммансаб	هم منصب
ҳаммарз	هم مرز
ҳаммарказ	هم مرکز
ҳаммарказонӣ	هم مرکزاني
ҳаммартаба	هم مرتبه
ҳаммартабагӣ	هم مرتبگي
ҳаммаслак	هم مسلک
ҳаммаслакӣ	هم مسلکي
ҳаммахраҷ	هم مخرج
ҳаммаҳалла	هم محله
ҳаммаҳаллӣ	هم محلي
ҳаммашраб	هم مشرب
ҳаммаъно	هم معنا
ҳаммаъноӣ	هم معنايي
ҳаммеҳан	هم ميهن
ҳаммеҳанӣ	هم ميهني
ҳаммиллат	هم ملت
ҳаммиллатӣ	هم ملتي
ҳаммол	حمال
ҳаммолӣ	حمالي
ҳаммом	حمام
ҳаммомӣ	حمامي
ҳаммомчӣ	حمامچي
ҳаммонанд	هم مانند
ҳаммонандӣ	هم مانندي
ҳаммуаллиф	هم مؤلف
ҳаммуаллифӣ	هم مؤلفي
ҳаммусобиқа	هم مسابقه
ҳамнабард	هم نبرد
ҳамнавард	هم نورد
ҳамнавола	هم نواله
ҳамнаво	هم نوا
ҳамнавоз	همنواز
ҳамнавозӣ	همنوازي
ҳамнавъ	هم نوع
ҳамнавъӣ	هم نوعي
ҳамнажод	هم نژاد
ҳамназар	هم نظر
ҳамнақш	هم نقش
ҳамнамак	هم نمک
ҳамнарх	هم نرخ
ҳамнафас	هم نفس
ҳамниҳод	هم نهاد
ҳамнишаст	هم نشست
ҳамнишин	همنشين
ҳамнишинӣ	همنشيني
ҳамном	همنام
ҳамномӣ	همنامي
ҳамовард	هم آورد
ҳамовез	هم آويز
ҳамово	هم آوا
ҳамовоз	هم آواز
ҳамовозӣ	هم آوازي
ҳамовоӣ	هم آوائي
ҳамоғӯш	هم آغوش
ҳамоғӯшӣ	هم آغوشي
ҳамоил	حمايل
ҳамоиш	همايش
ҳамоӣ	همايي
ҳамоқат	حماقت
ҳамол	همال
ҳамом	حمام
ҳамома	حمامه
ҳамомӯз	هم آموز
ҳамомӯзӣ	هم آموزي
ҳамомезӣ	هم آميزي
ҳамон	همان
ҳамонанд	همانند
ҳамонандӣ	همانندي
ҳамоно	همانا
ҳамонсон	همان سان
ҳамора	هماره
ҳамоса	حماسه
ҳамосавӣ	حماسوي
ҳамосасароӣ	حماسه سرايي
ҳамохӯр	هم آخور
ҳамоҳанг	هماهنگ
ҳамоҳангӣ	هماهنگي
ҳамоҳангсоз	هماهنگ ساز
ҳамоҳангсозӣ	هماهنگ سازي
ҳамош	هماش
ҳамошён	هم آشيان
ҳамошёна	هم آشيانه
ҳамоянд	همايند
ҳампайванд	هم پيوند
ҳампайвандӣ	هم پيوندي
ҳампаймон	هم پيمان
ҳампаймонӣ	هم پيماني
ҳампанҷа	هم پنجه
ҳампанҷагӣ	هم پنجگي
ҳампар	هم پر
ҳампарвоз	هم پرواز
ҳампарвозӣ	هم پروازي
ҳампаҳлу	هم پهلو
ҳампеша	هم پيشه
ҳампешагӣ	هم پيشگي
ҳампиёла	هم پياله
ҳампой	هم پاي
ҳампоя	هم پايه
ҳампуштӣ	هم پشتي
ҳамрав	همرو
ҳамрадиф	هم رديف
ҳамразм	هم رزم
ҳамранг	هم رنگ
ҳамранҷ	هم رنج
ҳамраҳ	هم ره
ҳамраъй	هم رأي
ҳамрикоб	هم رکاب
ҳамришта	هم رشته
ҳамроз	هم راز
ҳамрой	هم راي
ҳамроҳ	همراه
ҳамроҳак	همراهک
ҳамроҳӣ	همراهي
ҳамрутба	هم رتبه
ҳамрӯзгор	هم روزگار
ҳамрӯй	هم روي
ҳамсабақ	هم سبق
ҳамсадо	هم صدا
ҳамсанг	هم سنگ
ҳамсангар	همسنگر
ҳамсар	همسر
ҳамсарӣ	همسري
ҳамсарой	همسراي
ҳамсарҳад	هم سرحد
ҳамсатҳ	هم سطح
ҳамсаф	هم صف
ҳамсафар	هم سفر
ҳамсафарӣ	هم سفري
ҳамсафир	هم صفير
ҳамсинн	هم سن
ҳамсела	هم سيله
ҳамсилк	هم سلک
ҳамсилоҳ	هم سلاح
ҳамсиннусол	هم سن وسال
ҳамсинф	هم صنف
ҳамсоз	همساز
ҳамсозӣ	همسازي
ҳамсол	هم سال
ҳамсон	همسان
ҳамсонӣ	همساني
ҳамсоҳа	هم ساحه
ҳамсоя	همسايه
ҳамсоягӣ	همسايگي
ҳамсоягузар	همسايه گذر
ҳамсоязамин	همسايه زمين
ҳамсояқишлоқ	همسايه قشلاق
ҳамсухан	هم سخن
ҳамсуфра	هم سفره
ҳамсӯҳбат	هم صحبت
ҳамсӯҳбатӣ	هم صحبتي
ҳамтабақ	هم طبق
ҳамтавила	هم طويله
ҳамтак	هم تک
ҳамтагӣ	هم تگي
ҳамтақдир	هم تقدير
ҳамтан	هم تن
ҳамтана	هم تنه
ҳамтанг	هم تنگ
ҳамтарозу	هم ترازو
ҳамтарҳ	هم طرح
ҳамто	همتا
ҳамтоб	هم تاب
ҳамтоифа	هم طايفه
ҳамту	همتو
ҳамутоқ	هم اطاق
ҳамфикр	هم فکر
ҳамфикрӣ	هم فکر ي
ҳамхарҷ	هم خرج
ҳамхизмат	هم خذمت
ҳамхислат	هم خصلت
ҳамхобагӣ	هم خوابگي
ҳамхок	هم خاک
ҳамхона	هم خانه
ҳамхонагӣ	هم خانگي
ҳамхун	هم خون
ҳамхунӣ	هم خوني
ҳамхӯ	هم خو
ҳамхӯӣ	هم خويي
ҳамҳама	همهمه
ҳамҳудуд	هم حدود
ҳамҳудудӣ	هم حدودي
ҳамҳуқуқ	هم حقوق
ҳамҳуқуқӣ	هم حقوقي
ҳамчаро	هم چرا
ҳамчашм	هم چشم
ҳамчашмӣ	هم چشمي
ҳамчун	همچون
ҳамчунин	همچنين
ҳамчунон	همچنان
ҳамҷавор	هم جوار
ҳамҷаворӣ	هم جواري
ҳамҷинс	هم جنس
ҳамҷинсӣ	هم جنسي
ҳамҷиҳат	هم جهت
ҳамҷурм	هم جرم
ҳамшакл	هم شکل
ҳамшаклӣ	هم شکلي
ҳамшаҳрӣ	همشهري
ҳамшеван	هم شيون
ҳамшикам	هم شکم
ҳамшино	هم شنا
ҳамшир	هم شير
ҳамшира	هم شيره
ҳамширазода	همشيره زاده
ҳамшуғл	هم شغل
ҳамшуғлӣ	هم شغلي
ҳамшумор	هم شمار
ҳамъинон	هم عنان
ҳамъинонӣ	هم عناني
ҳамяроқ	هم يراق
ҳан	هن
ҳанафия	حنفيه
ҳанафӣ	حنفي
ҳанбалия	حنبليه
ҳанбалӣ	حنبلي
ҳанбоз	هنباز
ҳанбозгӯ	هنبازگو
ҳанбозӣ	هنبازي
ҳанг	هنگ
ҳангӣ	هنگي
ҳангом	هنگام
ҳангома	هنگامه
ҳангомагир	هنگامه گير
ҳангомадор	هنگامه دار
ҳангоманок	هنگامه ناک
ҳангомаоро	هنگامه آرا
ҳангоматалаб	هنگامه طلب
ҳангоматалабӣ	هنگامه طلبي
ҳангомаҷӯй	هنگامه جوي
ҳангомаҷӯӣ	هنگامهجويي
ҳангомашуда	هنگامه شده
ҳангомҷӯй	هنگام جوي
ҳангос	هنگاس
ҳангуфт	هنگفت
ҳанд	هند
ҳандалак	هندلک
ҳандаса	هندسه
ҳандасӣ	هندسي
ҳанзал	هنظل
ҳанин	حنين
ҳаниф	حنيف
ҳанӣ	هني
ҳаннот	حناط
ҳаннотӣ	حناطي
ҳунут	حنوط
ҳанут	حنوط
ҳанӯз	هنوز
ҳанҷара	حنجره
ҳанҷарӣ	حنجري
ҳанҷидан	هنجيدن
ҳинҷор	هنجار
ҳанҷор	هنجار
ҳапал	هپل
ҳапалак	هپلک
ҳаппак	هپک
ҳаппакбозӣ	هپک بازي
ҳар	هر
ҳарр	حر
ҳараб	هرب
ҳаракат	حرکت
ҳаракатдиҳанда	حرکت دهنده
ҳаракаткунанда	حرکت کننده
ҳаракатовар	حرکت آور
ҳаракот	حرکات
ҳарам	حرم
ҳарамгоҳ	حرم گاه
ҳарамнишин	حرم نشين
ҳарамсароӣ	حرم سرايي
ҳарамхона	حرم خانه
ҳарб	حرب
ҳарба	حربه
ҳарбгоҳ	حرب گاه
ҳарбдида	حرب ديده
ҳарбивор	حربي وار
ҳарбиёна	حربيانه
ҳарбикунонӣ	حربي کناني
ҳарбӣ	حربي
ҳарвақта	هر وقته
ҳарвона	هروانه
ҳарвонагаҳ	هروانگه
ҳарвонагоҳ	هروانگاه
ҳаргап	هر گپ
ҳаргиз	هرگز
ҳаргоҳӣ	هرگاهي
ҳардақиқагӣ	هردقيقگي
ҳардамафзоянда	هردم افزاينده
ҳардамхаёл	هردم خيال
ҳардамхаёлӣ	هردم خيالي
ҳардарӣ	هردري
ҳарза	هرزه
ҳарзаамал	هرزه عمل
ҳарзабоф	هرزه باف
ҳарзагард	هرزه گرد
ҳарзагардӣ	هرزه گردي
ҳарзагуфтор	هرزه گفتار
ҳарзагӯй	هرزه گوي
ҳарзагӯӣ	هرزه گويي
ҳарзадарой	هرزه دراي
ҳарзадароӣ	هرزه درايي
ҳарзатоз	هرزه تاز
ҳарзакор	هرزه کار
ҳариқ	حريق
ҳарина	هرينه
ҳаринагӣ	هرينگي
ҳарир	هرير
ҳарира	حريره
ҳарирбар	حرير بر
ҳарирбоф	حريرباف
ҳарирбофӣ	حريربافي
ҳаририн	حريرين
ҳарирӣ	حريري
ҳарирнамо	حريرنما
ҳарирфурӯш	حريرفروش
ҳарирфурӯшӣ	حريرفروشي
ҳарис	حريص
ҳарисапаз	هريسه پز
ҳарисӣ	حريصي
ҳарисона	حريصانه
ҳариф	حريف
ҳарифӣ	حريفي
ҳарифона	حريفانه
ҳаркора	هرکاره
ҳармоҳа	هرماهه
ҳароина	هر آئينه
ҳаром	حرام
ҳаромзода	حرام زاده
ҳаромзодагӣ	حرام زادگي
ҳаромӣ	حرامي
ҳаромкор	حرام کار
ҳаромкорӣ	حرام کاري
ҳароммағз	حرام مغز
ҳароммурда	حرام مرده
ҳароммурӣ	حرام مري
ҳаромризқ	حرام رزق
ҳаромтӯша	حرام توشه
ҳаромхиштак	حرام خشتک
ҳаромхӯр	حرامخور
ҳаромхӯрӣ	حرامخوري
ҳарорат	حرارت
ҳароратбардор	حرارت بردار
ҳароратбахш	حرارت بخش
ҳароратӣ	حرارتي
ҳароратсанҷ	حرارت سنج
ҳароратсанҷӣ	حرارت سنجي
ҳарос	هراس
ҳароса	هراسه
ҳаросангез	هراس انگيز
ҳаросангезӣ	هراس انگيزي
ҳаросанда	هراسنده
ҳаросат	حراست
ҳаросзада	هراس زده
ҳаросида	هراسيده
ҳаросидан	هراسيدن
ҳароснок	هراسناک
ҳароснокӣ	هراسناکي
ҳаросовар	هراس آور
ҳаросомез	هراس آميز
ҳаросон	هراسان
ҳаросонӣ	هراساني
ҳаросзо	هراس زا
ҳарранга	هررنگه
ҳаррин	هرّين
ҳарроқ	حرّاق
ҳарроқа	حرّاقه
ҳаррӯза	هرروزه
ҳарс	حرث
ҳарсоата	هر ساعته
ҳарсоатӣ	هر ساعتي
ҳарсола	هر ساله
ҳарсолина	هر سالينه
ҳарсониягӣ	هر ثانيگي
ҳарсос	هرساس
ҳартарафа	هر طرفه
ҳарун	حرون
ҳарф	حرف
ҳарфгир	حرف گير
ҳарфгирӣ	حرف گيري
ҳарфӣ	حرفي
ҳарфнавишт	حرف نوشت
ҳарфпараст	حرف پرست
ҳарфпарастӣ	حرف پرستي
ҳарфчин	حرف چين
ҳарфчинӣ	حرف چيني
ҳарфшинос	حرف شناس
ҳархела	هرخيله
ҳархелагӣ	هرخيلگي
ҳарҳафт	هر هفت
ҳарҳафтагӣ	هر هفتگي
ҳарҳафтаина	هر هفته ئينه
ҳарчанд	هرچند
ҳарҷ	هرج
ҳарҷиҳата	هرجهته
ҳарҷогард	هرجاگرد
ҳарҷоӣ	هرجائي
ҳарҷониба	هرجانبه
ҳарҷо-ҳарҷо	هرجا هرجا
ҳарҷумарҷ	هرج ومرج
ҳарҷумарҷӣ	هرج ومرجي
ҳарҷумарҷталаб	هرج ومرج طلب
ҳарҷумарҷталабӣ	هرج ومرج طلبي
ҳаршаба	هر شبه
ҳаршабонарӯзӣ	هرشبانه روزي
ҳасаб	حسب
ҳасад	حسد
ҳасадангез	حسدانگيز
ҳасадбар	حسدبر
ҳасадбарӣ	حسدبري
ҳасадвар	حسدور
ҳасадварӣ	حسدوري
ҳасаднок	حسدناک
ҳасадовар	حسدآور
ҳасадпеша	حسدپيشه
ҳасадхӯр	حسدخور
ҳасадхӯрӣ	حسدخوري
ҳасадхӯрона	حسدخورانه
ҳасан	حسن
ҳасана	حسنه
ҳасанак	حسنک
ҳасанот	حسنات
ҳасб	حسب
ҳасба	حسبه
ҳасбадор	حسبه دار
ҳасиб	حسيب
ҳасин	حصين
ҳасир	حصير
ҳасирбоф	حصير باف
ҳасирбофӣ	حصير بافي
ҳасно	حسنا
ҳасодат	حسادت
ҳасонат	حصانت
ҳаср	حصر
ҳасрат	حسرت
ҳасратангез	حسرت انگيز
ҳасратманд	حسرت مند
ҳасратнок	حسرت ناک
ҳасратовар	حسرت آور
ҳасратомез	حسرت آميز
ҳасраткада	حسرت کده
ҳасратпарвар	حسرت پرور
ҳасратхӯр	حسرت خور
ҳассод	حساد
ҳассон	حسان
ҳассона	حسانه
ҳассос	حساس
ҳассосият	حساسيت
ҳассосӣ	حساسي
ҳаст	هست
ҳаста	هسته
ҳастаӣ	هسته اي
ҳастак	هستک
ҳастисӯз	هستي سوز
ҳастӣ	هستي
ҳасту	هستو
ҳасуд	حسود
ҳасудӣ	حسودي
ҳасудона	حسودانه
ҳасудхӯр	حسودخور
ҳасудхӯрӣ	حسودخوري
ҳатаб	حطب
ҳатк	هتک
ҳатман	حتماً
ҳатмӣ	حتمي
ҳатталимкон	حتي الامکان
ҳатто	حتا
ҳатӯл	هتول
ҳатӯлкор	هتول کار
ҳатӯлкорӣ	هتول کاري
ҳафдаҳ	هفده
ҳафиз	حفيظ
ҳафид	حفيد
ҳафр	حفر
ҳафриёт	حفريات
ҳафт	هفت
ҳафта	هفته
ҳафтавор	هفته وار
ҳафтавранг	هفت اورنگ
ҳафтагӣ	هفتگي
ҳафтаина	هفته ئينه
ҳафтаӣ	هفته اي
ҳафтак	هفتک
ҳафтафаҳм	هفته فهم
ҳафтбар	هفت بر
ҳафтболор	هفت بالار
ҳафтгардон	هفت گردان
ҳафтгона	هفتگانه
ҳафтдодарон	هفت دادران
ҳафткаса	هفت کسه
ҳафткасӣ	هفت کسي
ҳафткунҷа	هفت کنجه
ҳафтқабата	هفت قبطه
ҳафтмева	هفت ميوه
ҳафтмоҳа	هفت ماهه
ҳафтнафарӣ	هفت نفري
ҳафтод	هفتاد
ҳафтодсола	هفتادساله
ҳафтодсолагӣ	هفتادسالگي
ҳафтодум	هفتادم
ҳафтодумин	هفتادمين
ҳафтошёна	هفت آشيانه
ҳафтпаҳлу	هفت پهلو
ҳафтпушт	هفت پشت
ҳафтпӯст	هفت پوست
ҳафтранг	هفت رنگ
ҳафтрӯза	هفت روزه
ҳафтрӯя	هفت رويه
ҳафтсад	هفت صد
ҳафтсадум	هفت صدم
ҳафтсадумин	هفت صدمين
ҳафтсар	هفت سر
ҳафтсин	هفت سين
ҳафтсоата	هفت ساعته
ҳафтсоатӣ	هفت ساعتي
ҳафтсола	هفت ساله
ҳафтсолагӣ	هفت سالگي
ҳафттора	هفت تاره
ҳафтум	هفتم
ҳафтумин	هفتمين
ҳафтфарсангӣ	هفت فرسنگي
ҳафтфарсахӣ	هفت فرسخي
ҳафтчанд	هفت چند
ҳафтҷӯш	هفت جوش
ҳафтшанбе	هفت شنبه
ҳафтшин	هفت شين
ҳафтяк	هفت يک
ҳачча	هچه
ҳаҷ	حج
ҳаҷар	حجر
ҳаҷаруласвад	حجرالاسود
ҳаҷрулқамар	حجرالقمر
ҳаҷв	حجو
ҳаҷвгӯӣ	هجو گويي
ҳаҷвгӯй	هجوگوي
ҳаҷвиёт	هجويات
ҳаҷвия	هجو يه
ҳаҷвӣ	هجوي
ҳаҷвнавис	هجونويس
ҳаҷвнависӣ	هجونويسي
ҳаҷвнигор	هجونگار
ҳаҷвнома	هجونامه
ҳаҷвомез	هجوآميز
ҳиҷла	حجله
ҳаҷла	حجله
ҳаҷм	حجم
ҳаҷман	حجماً
ҳаҷмӣ	حجمي
ҳаҷомат	حجامت
ҳаҷр	هجر
ҳаҷҷом	حجام
ҳашам	حشم
ҳашмат	حشمت
ҳашамат	حشمت
ҳашаматнок	حشمت ناک
ҳашар	حشر
ҳашара	حشره
ҳашарӣ	حشري
ҳашарот	حشرات
ҳашаротхӯр	حشرات خور
ҳашаротшинос	حشرات شناس
ҳашаротшиносӣ	حشرات شناسي
ҳашарчӣ	حشرچي
ҳашарҷой	حشرجاي
ҳашв	حشو
ҳашивор	هشيوار
ҳашиш	حشيش
ҳашматпараст	حشمت پرست
ҳашр	حشر
ҳашргоҳ	حشرگاه
ҳашт	هشت
ҳаштак	هشتک
ҳашткунҷа	هشت کنجه
ҳаштмоҳа	هشت ماهه
ҳаштобгарӣ	هشتاب گري
ҳаштод	هشتاد
ҳаштодум	هشتادم
ҳаштодумин	هشتادمين
ҳаштрӯя	هشت رويه
ҳаштодсола	هشتادساله
ҳаштодсолагӣ	هشتاد سالگي
ҳаштсад	هشت صد
ҳаштсадсола	هشت صدساله
ҳаштсадсолагӣ	هشت صدسالگي
ҳаштсадум	هشت صدم
ҳаштсадумин	هشت صدمين
ҳаштсоата	هشت ساعته
ҳаштсоатӣ	هشت ساعتي
ҳаштсола	هشت ساله
ҳаштсолагӣ	هشت سالگي
ҳаштум	هشتم
ҳаштумин	هشتمين
ҳаштяк	هشت يک
ҳаш-ҳаш	هش هش
ҳаюло	هيولا
ҳаюлоӣ	هيولايي
ҳаюн	هيون
ҳаявон	حيوان
ҳаял	حيل
ҳаяҷон	هيجان
ҳаяҷонангез	هيجان انگيز
ҳаяҷонбахш	هيجان بخش
ҳаяҷоннок	هيجان ناک
ҳаяҷоновар	هيجان آور
ҳаяҷономез	هيجان آميز
ҳез	هيز
ҳезалак	هيزلک
ҳезӣ	هيزي
ҳезум	هيزم
ҳезумарракун	هيزم اره کن
ҳезумарракунӣ	هيزم اره کني
ҳезумбур	هيزم بر
ҳезумбурӣ	هيزم بري
ҳезумкафон	هيزم کفان
ҳезумкафонӣ	هيزم کفاني
ҳезумкаш	هيزم کش
ҳезумкашӣ	هيزم کشي
ҳезумкашонӣ	هيزم کشاني
ҳезумхона	هيزم خانه
ҳезумчинӣ	هيزم چيني
ҳезумшикан	هيزم شکن
ҳезумшиканӣ	هيزم شکني
ҳезчашм	هيز چشم
ҳей	هي
ҳел	هيل
ҳел-ҳел	هيل هيل
ҳема	هيمه
ҳемадон	هيمدان
ҳемакаш	هيمه کش
ҳемакашӣ	هيمه کشي
ҳемахона	هيمه خانه
ҳербадхона	هيربد خانه
ҳербуд	هيربد
ҳеҷ	هيج
ҳеҷкора	هيج کاره
ҳеҷмадон	هيج مدان
ҳибола	حباله
ҳибр	حبر
ҳиддат	حدت
ҳидоят	هدايت
ҳидоятгар	هدايت
ҳизабравжан	هزبراوژن
ҳизабрандоз	هزبرانداز
ҳизб	حزب
ҳизбӣ	حزبي
ҳизбпараст	حزب پرست
ҳизбуллоҳ	حزب الله
ҳизбпарастӣ	حزب پرستي
ҳиққак	هقک
ҳикам	حکم
ҳикмат	حکمت
ҳикматнок	حکمت ناک
ҳикматомез	حکمت آميز
ҳикматомӯз	حکمت آموز
ҳикматоро	حکمت آرا
ҳикматшинос	حکمت شناس
ҳикматшиносӣ	حکمت شناسي
ҳикоёт	حکايات
ҳикоябандӣ	حکايه بندي
ҳикоягӣ	حکايگي
ҳикоягӯй	حکايه گوي
ҳикоянавис	حکايه نويس
ҳикоянависӣ	حکايه نويسي
ҳиққақ	هقق
ҳиққӣ	هقّي
ҳиққос	هقّاس
ҳиқ-ҳиқ	هق هق
ҳил	هيل
ҳила	حيله
ҳилабоз	حيله باز
ҳилагар	حيله گر
ҳилагарӣ	حيله گري
ҳилагарона	حيله گرانه
ҳилакор	حيله کار
ҳилакорӣ	حيله کاري
ҳилакорона	حيله کارانه
ҳилаомезона	حيله آميزانه
ҳиласоз	حيله ساز
ҳилаҷуй	حيله جوي
ҳилидан	هيليدن
ҳилм	حلم
ҳилол	هلال
ҳилолабрӯ	هلال ابرو
ҳилолӣ	هلالي
ҳилпирос	هلپراس
ҳимел	حميل
ҳиммат	همت
ҳимматбаланд	همت بلند
ҳимматбаландӣ	همت بلندي
ҳимоякунанда	حمايه کننده
ҳимоячӣ	حمايه چي
ҳимояшаванда	حمايه شونده
ҳин	هين
ҳиндбо	هند با
ҳиндбоӣ	هندبايي
ҳиндӣ	هندي
ҳинду	هندو
ҳиндуаврупоӣ	هندواوروپايي
ҳиндуаврупошиносӣ	هندواوروپاشناسي
ҳиндувона	هندوانه
ҳиндуия	هندوئيه
ҳиндуӣ	هندويي
ҳиндустонӣ	هندوستاني
ҳиндухитойӣ	هندوختايي
ҳиндшинос	هندشناس
ҳино	حنا
ҳинобандӣ	حنابندي
ҳинобандон	حنابندان
ҳиногул	حناگل
ҳинокор	حناکار
ҳиноҳин	هيناهين
ҳирмон	حرمان
ҳирмонзада	حرمان زده
ҳиросат	حراست
ҳиросатпеша	حراست پيشه
ҳирс	حرس
ҳирсбаланд	حرس بلند
ҳисс	حس
ҳисн	حصن
ҳисоб	حساب
ҳисоббарӣ	حساب بري
ҳисоббарор	حساب برار
ҳисоббарорӣ	حساب برآري
ҳисобгар	حساب گر
ҳисобгарӣ	حساب گري
ҳисобгир	حساب گير
ҳисобгирӣ	حساب گيري
ҳисобгоҳ	حساب گاه
ҳисобдон	حساب دان
ҳисобдонӣ	حساب داني
ҳисобдор	حساب دار
ҳисобдорӣ	حساب داري
ҳисобӣ	حسابي
ҳисобкор	حساب کار
ҳисобкорӣ	حساب کاري
ҳисобкунак	حساب کنک
ҳисобкунанда	حساب کننده
ҳисобкунӣ	حساب کني
ҳисобот	حسابات
ҳисоботдиҳанда	حسابات دهنده
ҳисоботдиҳӣ	حسابات دهي
ҳисоботӣ	حساباتي
ҳисобрас	حساب رس
ҳисобрасӣ	حساب رسي
ҳисобчӣ	حسابچي
ҳисобшаванда	حساب شونده
ҳусом	حسام
ҳисом	حسام
ҳисор	حصار
ҳисордорӣ	حصارداري
ҳисорӣ	حصاري
ҳисрим	حصرم
ҳисса	حصه
ҳиссабахш	حصه بخش
ҳиссагӣ	حصگي
ҳиссагузор	حصه گذار
ҳиссагузорӣ	حصه گذاري
ҳиссадор	حصه دار
ҳиссадорӣ	حصه داري
ҳиссача	حصه چه
ҳиссиёт	حسيات
ҳиссиётпараст	حسيات پرست
ҳиссӣ	حسي
ҳисшаванда	حس شونده
ҳифз	حفظ
ҳифозат	حفاظت
ҳифозатдор	حفاظت دار
ҳиҷо	هجا
ҳиҷоб	حجاب
ҳиҷоӣ	هجايي
ҳиҷр	هجر
ҳиҷрат	هجرت
ҳиҷрӣ	هجري
ҳиҷрон	هجران
ҳиҷронзада	هجران زده
ҳиҷрондида	هجران ديده
ҳиҷҷа	هجه
ҳиштан	هشتن
ҳиял	حيل
ҳо	ها
ҳован	هاون
ҳовандаста	هاون دسته
ҳовия	هاويه
ҳовиябанд	هاويه بند
ҳовиямисол	هاويه مثال
ҳовӣ	حاوي
ҳодд	حاد
ҳодис	حادث
ҳодиса	حادثه
ҳодисапарвард	حادثه پرورد
ҳодисахез	حادثه خيز
ҳодӣ	هادي
ҳож	هاژ
ҳожидан	هاژيدن
ҳожуидан	هاژوئيدن
ҳозиқ	حاذق
ҳозил	هازل
ҳозим	حاضم
ҳозима	هاضمه
ҳозир	حاضر
ҳозира	حاضره
ҳозиразамон	حاضره زمان
ҳозиракак	حاضرکک
ҳозирангӣ	حاضرنگي
ҳозирғоиб	حاضر غايب
ҳозирин	حاضرين
ҳозирӣ	حاضري
ҳозирхидмат	حاضرخدمت
ҳозирхидматӣ	حاضرخدمتي
ҳозирҷавоб	حاضرجواب
ҳозирҷавобӣ	حاضرجوابي
ҳозиршавӣ	حاضرشوي
ҳоит	حائط
ҳой	هاي
ҳой-ҳой	هاي هاي
ҳоказо	هکذا
ҳоким	حاکم
ҳокимият	حاکميت
ҳокимиятдӯст	حاکميت دوست
ҳокимиятдӯстӣ	حاکميت دوستي
ҳокимиятпараст	حاکميت پرست
ҳокимиятпарастӣ	حاکميت پرستي
ҳокимӣ	حاکمي
ҳокимнишин	حاکم نشين
ҳокимхона	حاکم خانه
ҳокӣ	حاکي
ҳол	حال
ҳола	هاله
ҳолат	حالت
ҳолдон	حال دان
ҳолиб	حالب
ҳолиё	حاليا
ҳолӣ	حالي
ҳоло	حالا
ҳолпурсӣ	حال پرسي
ҳолҷӯӣ	حال جوئي
ҳомигӣ	حاميگي
ҳомид	حامد
ҳомиз	حامض
ҳомил	حامل
ҳомила	حامله
ҳомилагӣ	حاملگي
ҳомиладор	حامله دار
ҳомиладорӣ	حامله داري
ҳомӣ	حامي
ҳомма	هامه
ҳомунбур	هامون بر
ҳомуннавард	هامون نورد
ҳон	هان
ҳонис	حانث
ҳонут	حانوت
ҳор	هار
ҳорӣ	هاري
ҳорр	حار
ҳорра	حاره
ҳорис	حارث
ҳосид	حاسد
ҳосидӣ	حاسدي
ҳосидона	حاسدانه
ҳосил	حاصل
ҳосилбандӣ	حاصل بندي
ҳосилбардорӣ	حاصل برداري
ҳосилгарав	حاصل گرو
ҳосилғундор	حاصل غندار
ҳосилғундорӣ	حاصل غنداري
ҳосилдеҳ	حاصل ده
ҳосилдиҳанда	حاصل دهنده
ҳосилдиҳӣ	حاصل دهي
ҳосилдор	حاصل دار
ҳосилкунанда	حاصل کننده
ҳосилнок	حاصل ناک
ҳосилнокӣ	حاصل ناکي
ҳосиловар	حاصل آور
ҳосилхез	حاصل خيز
ҳосилхезӣ	حاصل خيزي
ҳосилшаванда	حاصل شونده
ҳосилшуда	حاصل شده
ҳосса	حاسه
ҳота	حاطه
ҳотам	حاتم
ҳотамӣ	حاتمي
ҳотамона	حاتمانه
ҳотиф	هاتف
ҳофиз	حافظ
ҳофиза	حافظه
ҳофизӣ	حافظي
ҳоҷҷ	حاج
ҳоҷат	حاجت
ҳоҷатбарор	حاجت برار
ҳоҷатбарорӣ	حاجت برآري
ҳоҷатманд	حاجت مند
ҳоҷатмандӣ	حاجت مندي
ҳоҷатхона	حاجت خانه
ҳоҷиб	حاجب
ҳоҷиз	حاجز
ҳоҷигӣ	حاجيگي
ҳоҷӣ	حاجي
ҳошалиллоҳ	حاشالله
ҳошия	حاشيه
ҳошиябандӣ	حاشيه بندي
ҳошиябоф	حاشيه باف
ҳошиябофӣ	حاشيه بافي
ҳошиягузор	حاشيه گذار
ҳошиягузорӣ	حاشيه گذاري
ҳошиядор	حاشيه دار
ҳошиядӯзӣ	حاشيه دوزي
ҳошиякаш	حاشيه کش
ҳошиякашӣ	حاشيه کشي
ҳошиянавис	حاشيه نويس
ҳошиянишин	حاشيه نشين
ҳошиянишинӣ	حاشيه نشيني
ҳошиясозӣ	حاشيه سازي
ҳошо	حاشا
ҳошокаллоҳ	حاشاکالله
ҳоюҳу	هايو هو
ҳув	هو
ҳу	هو
ҳубара	هبره
ҳубб	حب
ҳуббулватан	حب الوطن
ҳуббулмалик	حب الملک
ҳубоб	حباب
ҳубобосо	حباب آسا
ҳубуб	حبوب
ҳубубот	حبوبات
ҳубур	حبور
ҳубут	هبوط
ҳувайдо	هويدا
ҳувият	هويت
ҳув-ҳув	هوهو
ҳуда	هده
ҳудайчӣ	هديچي
ҳудуд	حدود
ҳудудгузор	حدودگذار
ҳудудгузорӣ	حدودگذاري
ҳудудӣ	حدودي
ҳудус	حدوث
ҳудҳуд	هدهد
ҳужирӣ	هژيري
ҳуз	هوز
ҳузарб	هوزرب
ҳузвориш	هزوارش
ҳуззор	حضار
ҳузн	حزن
ҳузнангез	حزن انگيز
ҳузновар	حزن آور
ҳузномез	حزن آميز
ҳузок	هزاک
ҳузол	هزال
ҳузур	حضور
ҳукамо	حکما
ҳукком	حکام
ҳукм	حکم
ҳукмандоз	حکم انداز
ҳукмандозӣ	حکم اندازي
ҳукмбарорӣ	حکم برآري
ҳукмдор	حکم دار
ҳукмкаш	حکم کش
ҳукмкунанда	حکم کننده
ҳукмнома	حکم نامه
ҳукмраво	حکم روا
ҳукмравоӣ	حکم روايي
ҳукмрон	حکم ران
ҳукмронӣ	حکم راني
ҳукмфармо	حکم فرما
ҳукмфармоӣ	حکم فرمايي
ҳукумат	حکومت
ҳукуматдор	حکومت دار
ҳукуматдорӣ	حکومت داري
ҳукуматӣ	حکومتي
ҳукуматпараст	حکومت پرست
ҳуққа	حقّه
ҳуққабоз	حقّه باز
ҳуққабозӣ	حقّه بازي
ҳуқна	حقنه
ҳуқуқ	حقوق
ҳуқуқӣ	حقوقي
ҳуқуқшинос	حقوق شناس
ҳуқуқшиносӣ	حقوق شناسي
ҳуқуқдор	حقوق دار
ҳуқуқдорӣ	حقوق داري
ҳулба	هلبه
ҳулбӯй	هلبوي
ҳулқум	حلقوم
ҳулла	حلّه
ҳуллабоф	حلّه باف
ҳуллапӯш	حلّه پوش
ҳулӯл	حلول
ҳумой	هماي
ҳумом	همام
ҳумоосо	هماآسا
ҳумоюн	همايون
ҳумоюнбахт	همايون بخت
ҳумоюнгон	همايون گان
ҳумоюнӣ	همايوني
ҳумоюнфол	همايون فال
ҳумум	هموم
ҳунар	هنر
ҳунарвар	هنرور
ҳунарварӣ	هنروري
ҳунаргоҳ	هنرگاه
ҳунаристон	هنرستان
ҳунарӣ	هنري
ҳунарманд	هنرمند
ҳунармандӣ	هنرمندي
ҳунармандона	هنرمندانه
ҳунарнамо	هنرنما
ҳунарнамоӣ	هنرنمايي
ҳунарозмоӣ	هنرآزمايي
ҳунаромӯз	هنرآموز
ҳунаромӯзӣ	هنرآموزي
ҳунарпарвар	هنرپرور
ҳунарпарварӣ	هنرپروري
ҳунарпеша	هنرپيشه
ҳунг-ҳунг	هنگ هنگ
ҳунуд	هنود
ҳур	حر
ҳурзод	حوزاد
ҳурм	هرم
ҳурмат	حرمت
ҳурматгузорӣ	حرمت گذاري
ҳурматдон	حرمت دان
ҳурматдошт	حرمت داشت
ҳурматкорона	حرمت کارانه
ҳурматнок	حرمت ناک
ҳуррият	حرّيت
ҳурриятпарвар	حرّيت پرور
ҳурриятталаб	حرّيت طلب
ҳурриятчӣ	حرّيتچي
ҳуррӣ	حرّي
ҳурмузд	هرمزد
ҳурнажод	حورنژاد
ҳурро	هرا
ҳурпайкар	حورپيکر
ҳурсиришт	حورسرشت
ҳуртумон	هرتمان
ҳуруф	حروف
ҳуруфия	حروفيه
ҳуруфчин	حروف چين
ҳуруфчинӣ	حروف چيني
ҳурчашм	حور جشم
ҳусайнӣ	حسيني
ҳусн	حسن
ҳусот	حصاة
ҳусул	حصول
ҳут	حوت
ҳуттӣ	حطي
ҳуфра	حفره
ҳуҷайра	حجيره
ҳуҷайравӣ	حجيروي
ҳуҷайрадор	حجيره دار
ҳуҷайратухм	حجيره تخم
ҳуҷайрашакл	حجيره شکل
ҳуҷб	حجب
ҳуҷла	حجله
ҳуҷра	حجره
ҳуҷрадор	حجره دار
ҳуҷранишин	حجره نشين
ҳуҷум	هجوم
ҳуҷумкунанда	هجوم کننده
ҳуҷумовар	هجوم آور
ҳуҷҷат	حجت
ҳуҷҷатдорӣ	حجت داري
ҳуҷҷатӣ	حجتي
ҳуҷҷатнигор	حجت نگار
ҳуҷҷатнигорӣ	حجت نگاري
ҳуҷҷатнокӣ	حجت ناکي
ҳуҷҷатнома	حجت نامه
ҳуҷҷоҷ	حجاج
ҳушевор	هشيوار
ҳушт	هشت
ҳуштак	هشتک
ҳуштаквор	هشتکوار
ҳуштаккашон	هشتک کشان
ҳуштаккашӣ	هشتک کشي
ҳуштаксоз	هشتک ساز
ҳуштутбозӣ	هشتوت بازي
ҳушт-ҳушт	هشت هشت
ҳӯ	هو
ҳӯққӣ	هوقّي
ҳӯп	هوپ
ҳӯпронӣ	هوپراني
ҳӯр	هور
ҳӯрт	هورت
чаппин	چپين
чабера	چبيره
чапира	چپيره
чов	چاو
чавгон	چوگان
чавгонбоз	چوگان باز
чавгонбозӣ	چوگان بازي
чавгонзан	چوگان زن
чавгонӣ	چوگاني
чавгонмонанд	چوگان مانند
чавгонпараст	چوگان پرست
чавкандӣ	چوکندي
чавкар	چوکر
чавкӣ	چوکي
чавлигӯштак	چوليگوشتک
чавлӣ	چولي
чавотӣ	چواتي
чавпора	چوپاره
чавтора	چوتاره
чагас	چگس
чакома	چکامه
чуғ	چغ
чағ	چغ
чағал	چغل
чағатоӣ	چغتائي
чағатой	چغتاي
чағбут	چغبوت
чағдег	چغديگ
чағз	چغز
чағзак	چغزک
чағидан	چغيدن
чағоз	چغاز
чағона	چغانه
чағоназан	چغانه زن
чағониён	چغانيان
чағонирӯд	چغاني رود
чағонӣ	چغاني
чағор	چغار
чағора	چغاره
чағу	چغو
чағук	چغوک
чадир	چدير
чайқа	چيقه
чайқовбозор	چيقاوبازار
чайқондан	چيقاندن
чайла	چيله
чайнворд	چينوارد
чак	چک
чакак	چکک
чакалак	چکلک
чакалакзор	چکلکزار
чакамуғ	چکموغ
чакан	چکن
чакана	چکنه
чаканафурӯш	چکنه فروش
чаканафурӯшӣ	چکنه فروشي
чакас	چکس
чакида	چکيده
чакидан	چکيدن
чакидахӯр	چکيده خور
чакидахӯрӣ	چکيده خوري
чакиш	چکش
чакка	چکه
чаккак	چکک
чаккахалта	چکه خلته
чаккӣ	چکي
чаккуш	چکّش
чакма	چکمه
чакман	چکمن
чакмезак	چکميزک
чаковак	چکاوک
чакод	چکاد
чакода	چکاده
чакомагӯй	چکامه گوي
чакомагӯӣ	چکامه گويي
чакомасарой	چکامه سراي
чакомасароӣ	چکامه سرائي
чакра	چکره
чакрарез	چکره ريز
чакрашумор	چکره شمار
чакук	چکوک
чакушзан	چکش زن
чакушкорӣ	چکش کاري
чакушпазир	چکش پذير
чакушпазирӣ	چکش پذيري
чакушхӯр	چکش خور
чакушхӯрӣ	چکش خوري
чакчак	چکچک
чак-чак	چک چک
чаққа	چقه
чақалдоқ	چقلداق
чақалоқ	چقلاق
чақалоқбинӣ	چقلاقبيني
чақар	چقر
чақарсанг	چقرسنگ
чақар-чуқур	چقرچقر
чақидан	چقيدن
чақилдоқ	چقلداق
чақир	چقير
чаққон	چقّان
чаққонӣ	چقّاني
чақмоқ	چقماق
чақмоқак	چقماقک
чақмоқдор	چقماقدار
чақмоқзанӣ	چقماق زني
чақмоқӣ	چقماقي
чақрим	چقريم
чақчақ	چقچق
чақ-чақ	چق چق
чақчақӣ	چچقي
чала	چله
чалабандак	چله بندک
чалав	چلو
чалавидан	چلويدن
чалавкабоб	چلوکباب
чалавмастӣ	چلومستي
чалавпазхона	چلوپزخانه
чалавхӯриш	چلوخورش
чалак	چلک
чалакор	چله کار
чалакорӣ	چله کاري
чалаксоз	چلکساز
чалаксозӣ	چلکسازي
чаламулло	چله ملا
чала-пала	چله پله
чалап-чалап	چلپ چلپ
чаласавод	چله سواد
чаласаводӣ	چله سوادي
чалаусто	چله استا
чалбак	چلبک
чалвор	چلوار
чалворбофӣ	چلواربافي
чалворӣ	چلواري
чалғӯза	چلغوزه
чалидан	چليدن
чалипо	چليپا
чалиш	چلش
чалкаш	چلکش
чалла	چلّه
чалма	چلمه
чалмақ	چلمق
чалмафатир	چلمه فتير
чалоб	چلاب
чаллондан	چلاندن
чалпак	چلپک
чалпакпаз	چلپکپز
чалпакпазӣ	چلپکپزي
чалпакхӯр	چلپکخور
чалпас	چلپس
чалпонгӯш	چلپانگوش
чалпос	چلپاس
чалуч	چلوچ
чалфас	چلفس
чал-чал	چل چل
чалп-чалп	چلپ چلپ
чалчиқ	چلچيق
чам	چم
чаман	چمن
чаманандуд	چمن اندود
чаманафрӯз	چمن افروز
чаманбур	چمنبر
чамангард	چمنگرد
чамангардӣ	چمنگردي
чамангоҳ	چمنگاه
чамангумкарда	چمنگمکرده
чаманд	چمند
чаманда	چمنده
чамандорӣ	چمنداري
чаманзан	چمنزن
чаманзанӣ	چمن زني
чаманзор	چمن زار
чаманистон	چمنستان
чаманӣ	چمني
чаманкорӣ	چمن کاري
чаманорой	چمن آراي
чаманороӣ	چمن آرائي
чаманосуда	چمن آسوده
чаманпардоз	چمنپرداز
чаманпардозӣ	چمنپردازي
чаманперой	چمنپيراي
чаманпӯш	چمن پوش
чаманрамида	چمن رميده
чамансарой	چمن سراي
чамансимо	چمن سيما
чамансоз	چمنساز
чамантабъ	چمن طبع
чамантироз	چمن طراز
чамантирозӣ	چمن طرازي
чаманфурӯз	چمن فروز
чаманхез	چمن خيز
чаманчеҳр	چمنجهر
чамбар	چمپر
чамбарпеч	چمبرپيچ
чамбаршох	چمبرشاخ
чамидан	چميدن
чамон	چمان
чамона	چمانه
чамонӣ	چماني
чамончӣ	چمانچي
чана	چنه
чанаб	چنب
чанабозӣ	چنه بازي
чанасаворӣ	چنه سواري
чанасозӣ	چنه سازي
чанбар	چنبر
чанбара	چنبره
чанбарак	چنبرک
чанбаракшакл	چنبرکشکل
чанбарбоз	چنبرباز
чанбарбозӣ	چنبربازي
чанбардон	چنبردان
чанбарин	چنبرين
чанбарӣ	چنبري
чанбаркаш	چنبرکش
чанбарпеч	چنبرپيچ
чанбарсоз	چنبرساز
чанбарфурӯш	چنبرفروش
чанбарчасп	چنبرچسپ
чанбаршох	چنبرشاخ
чанг	چنگ
чангак	چنگک
чангакӣ	چنگکي
чангал	چنگل
чангалук	چنگلوک
чангар-чунгур	چنگرچنگور
чангборон	چنگ باران
чангдор	چنگدار
чангзан	چنگزن
чангзанӣ	چنگزني
чангзанон	چنگزنان
чангӣ	چنگي
чангкаш	چنگ کش
чангкашак	چنگ کشک
чангкашӣ	چنگ کشي
чангқовуз	چنگقاوز
чангнавоз	چنگ نواز
чангнавозӣ	چنگ نوازي
чангол	چنگال
чангола	چنگاله
чанголак	چنگالک
чанголдор	چنگال دار
чанголзан	چنگال زن
чанголӣ	چنگالي
чанголтез	چنگال تيز
чанголуд	چنگ آلود
чанголхваст	چنکال خوست
чанголхуш	چنگال خوش
чангор	چنگار
чангпушт	چنگپشت
чангча	چنگچه
чанғалок	چنغلاک
чанд	چند
чандал	چندل
чандан	چندن
чандандешӣ	چندانديشي
чандар	چندر
чандасра	چندعصره
чандасрина	چندعصرينه
чандасрӣ	چندعصري
чандбарномавӣ	چندبرنامه وي
чандвақта	چندوقته
чандвақтина	چندوقتينه
чандгона	چندگانه
чандгуна	چندگونه
чандгӯша	چندگوشه
чандзабона	چندزبانه
чандзабонӣ	چندزباني
чанде	چندي
чандин	چندين
чандинасра	چندين عصره
чандинасрина	چندين عصرينه
чандинбора	چندين باره
чандинкарата	چندين کرته
чандинрӯза	چندين روزه
чандинсола	چندين ساله
чандинҷилда	چندين جلده
чандир	چندير
чандиргӯшт	چنديرگوشت
чандирӣ	چنديري
чандирмушак	چنديرموشک
чандирпой	چنديرپاي
чандӣ	چندي
чандканала	چندکنله
чандкаратӣ	چندکرتي
чандкилометра	چندکلامتره
чандкора	چندکاره
чандкорпуса	چندکارپوسه
чандкунҷа	چندکنجه
чандқабата	چندقبطه
чандметра	چندمتره
чандмиллиона	چندملّيانه
чандмоҳа	چندماهه
чанднафара	چندنفره
чанднафарӣ	چندنفري
чанднишонӣ	چندنشاني
чанднуқтаӣ	چندنقته اي
чандодама	چندآدمه
чандомад	چندآمد
чандон	چندان
чандошёна	چندآشيانه
чандпоғундагӣ	چندپاغندگي
чандрақама	چندرقمه
чандрӯза	چندروزه
чандсадоӣ	چندصدائي
чандсадсола	چندصدساله
чандсар	چندسر
чандсара	چندسره
чандсоата	چندساعته
чандсоатӣ	چندساعتي
чандсола	چندساله
чандсолӣ	چندسالي
чандтабақа	چندطبقه
чандтарафа	چندطرفه
чандум	چندم
чандумин	چندمين
чандфаза	چندفزه
чандхела	چندخيله
чандҳазора	چندهزاره
чандҳазорӣ	چندهزاري
чандҳазорсола	چندهزارساله
чандҳиҷоӣ	چندهجائي
чандҳолатӣ	چندحالتي
чандҷилда	چندجلده
чандҷилдӣ	چندجلدي
чандҷониба	چندجانبه
чандҷоя	چندجايه
чандшабакавӣ	چندشبکه وي
чаноғ	چناغ
чанор	چنار
чанорак	چنارک
чап	چپ
чаппа	چپه
чаппагардон	چپه گردان
чапак	چپک
чапакзанӣ	چپکزني
чапан	چپن
чапана	چپنه
чапандоз	چپ انداز
чапандозӣ	چپ اندازي
чаппапеч	چپه پيچ
чапар	چپر
чапарак	چپرک
чапарбоф	چپرباف
чапаргардонӣ	چپرگرداني
чапаргӯш	چپرگوش
чаппашавӣ	چپه شوي
чапгир	چپ گير
чапгирӣ	چپ گيري
чапғалат	چپ غلط
чапдар	چپ در
чапдаст	چپ دست
чапдастӣ	چپ دستي
чапигарӣ	چپيگري
чапӣ	چپي
чапкӯча	چپکوجه
чапон	چپان
чапотӣ	چپاتي
чаппотӣ	چپاتي
чаправ	چپرو
чаправӣ	چپروي
чапчак	چپچک
чарақ-чарақ	چرق چرق
чаранг	چرنگ
чарангак	چرنگک
чарангидан	رنگيدن
чаранд	چرند
чаранда	چرنده
чарандгӯй	چرندگوي
чарандгӯӣ	چرندگوئي
чаранду	چرندو
чарас	چرس
чарасдон	چرسدان
чарахса	چرخسه
чарб	چرب
чарба	چربه
чарбак	چربک
чарбанда	چربنده
чарбболо	چرب بالا
чарбгуфтор	چرب گفتار
чарбгуфторӣ	چرب گفتاري
чарбгӯй	چرب گوي
чарбгӯӣ	چربگوئي
чарбдаст	چرب دست
чарбдастӣ	چربدستي
чарбзабон	چرب زبان
чарбзабонӣ	چرب زباني
чарбидан	چربيدن
чарбиш	چربش
чарбишдор	چربش دار
чарбишфурӯш	چربش فروش
чарбӣ	چربي
чарбонидан	چربانيدن
чарбохур	چربآخور
чарбохурӣ	چرب آخوري
чарбпаҳлу	چرب پهلو
чарбрабо	چرب ربا
чарбрӯд	چرب رود
чарбрӯда	چرب روده
чарбсухан	چرب سخن
чарбсуханӣ	چرب سخني
чарбтарозу	چرب ترازو
чарбу	چربو
чарбубаста	چربو بسته
чарбугӣ	چربوگي
чарбудор	چربودار
чарбуз	چربز
чарбхез	چرب خيز
чарбхӯриш	چرب خورش
чарб-чарб	چرب چرب
чарбшир	چرب شير
чарвида	چرويده
чарвидан	چرويدن
чаргар	چرگر
чарғ	چرغ
чарғанд	چرغند
чарғанда	چرغنده
чарғдор	چرغدار
чард	چرد
чарда	چرده
чардон	چردان
чарз	چرز
чаридан	چريدن
чарик	چريک
чариш	چرش
чарм	چرم
чармгар	چرم گر
чармгарӣ	چرم گري
чармдастак	چرم دستک
чармдастакдӯзӣ	چرم دستکدوزي
чармин	چرمين
чарминапӯш	چرمينه پوش
чармӣ	چرمي
чармолот	چرمالات
чаро	چرا
чарогар	چراگر
чарогоҳ	چراگاه
чарогоҳӣ	چراگاهي
чароғ	چراغ
чароғак	چراغک
чароғанда	چراغنده
чароғафрӯз	چراغ افروز
чароғбона	چراغ بانه
чароғвонӣ	چراغ واني
чароғвор	چراغ وار
чароғвора	چراغ واره
чароғвоса	چراغ واسه
чароғдон	چراغ دان
чароғдор	چراغ دار
чароғина	چراغينه
чароғистон	چراغستان
чароғӣ	چراغي
чароғкуш	چراغ کوش
чароғкушонӣ	چراغ کوشاني
чароғмурда	چراغ مرده
чароғовез	چراغ آويز
чароғон	چراغان
чароғонӣ	چراغاني
чароғпоя	چراغ پايه
чароғсоз	چراغساز
чароғсозӣ	چراغسازي
чароғча	چراغچه
чароғфурӯш	چراغ فروش
чароғфурӯшӣ	چراغ فروشي
чарозор	چرازار
чароӣ	چرائي
чарон	چران
чаронанда	چراننده
чаропулӣ	چراپولي
чаросак	چراسک
чароситон	چراستان
чарохвора	چراخواره
чарохор	چراخوار
чароҷой	چراجاي
чарс	چرس
чарсдон	چرسدان
чарсӣ	چرسي
чарс-чарс	چرس چرس
чартер	چرتير
чартерӣ	چرتيري
чарх	چرخ
чарха	چرخه
чархагардон	چرخه گردان
чархак	چرخک
чархала	چرخله
чархбод	چرخ باد
чархбол	چرخبال
чархгар	چرخگر
чархгардон	چرخ گردان
чархдег	چرخ ديگ
чархдор	چرخ دار
чархзан	چرخ زن
чархзанӣ	چرخ زني
чархзанон	چرخ زنان
чархзону	چرخ زانو
чархидан	چرخيدن
чархинтабақ	چرخين طبق
чархиосиётарошӣ	چرخ آسياتراشي
чархиш	چرخش
чархишравон	چرخش روان
чархӣ	چرخي
чархкаш	چرخ کش
чархкашӣ	چرخ کشي
чархмола	چرخ ماله
чархоб	چرخاب
чархоба	چرخابه
чархофалак	چرخافلک
чархпоя	چرخ پايه
чархресак	چرخ ريسک
чархресӣ	چرخ ريسي
чархришт	چرخ رشت
чархсанг	چرخ سنگ
чархсоз	چرخ ساز
чархсозӣ	چرخ سازي
чархушт	چرخشت
чархчӣ	چرخچي
чархчӯб	چرخ چوب
чарчин	چرچين
чарчинворӣ	چرچينواري
чарчинфурӯш	چرچين فروش
чарчинфурӯшӣ	چرچين واري
часар-чусур	چسر چسر
часп	چسپ
часпак	چسپک
часпакӣ	چسپکي
часпанда	چسپنده
часпида	چسپيده
часпидан	چسپيدن
часпон	چسپان
часпочаспӣ	چسپاچسپي
чатан	چتن
чатма	چتمه
чатр	چتر
чатрак	چترک
чатрбоз	چترباز
чатрбозӣ	چتربازي
чатрдор	چتردار
чатрдорӣ	چترداري
чатрӣ	چتري
чатркаш	چترکش
чатрқоқу	چترقاقو
чатрман	چترمن
чатрмон	چترمان
чатрсоз	چترساز
чатрсозӣ	چترسازي
чафсидан	چفسيدن
чафт	چفت
чафта	چفته
чах	چخ
чахдег	چخديگ
чахидан	چخيدن
чахмоқ	چخماق
чахс	چخس
чахт	چخت
чахтакпай	چختک پي
чахчӯб	چخ چوب
чаҳ	چه
чаҳкан	چهکن
чаҳканӣ	چهکني
чаҳор	چهار
чаҳораспа	چهاراسپه
чаҳорбар	چهاربر
чаҳорбарга	چهاربرگه
чаҳорбоғ	چهار باغ
чаҳоргона	چهارگانه
чаҳоргоҳ	چهار گاه
чаҳоргӯша	چهار گوشه
чаҳоргӯшагӣ	چهارگوشگي
чаҳордара	چهاردره
чаҳордаҳсола	چهارده ساله
чаҳордаҳсолагӣ	چهارده سالگي
чаҳордаҳум	چهاردهم
чаҳордаҳумин	چهاردهمين
чаҳорзарб	چهارضرب
чаҳорзону	چهارزانو
чаҳоркасӣ	چهارکسي
чаҳоркитоб	چهارکتاب
чаҳоркунҷа	چهار کنجه
чаҳорқабата	چهارقبته
чаҳормавҷа	چهارموجه
чаҳормағз	چهار مغز
чаҳормех	چهارميخ
чаҳорошёна	چهارآشيانه
чаҳорпаҳлӯ	چهارپهلو
чаҳорпой	چهارپاي
чаҳорпоя	چهارپايه
чаҳорраха	چهاررخه
чаҳорсад	چهارصد
чаҳорсадум	چهارصدم
чаҳорсадумин	چهارصدمين
чаҳорсоата	چهارساعته
чаҳорсоатӣ	چهارساعتي
чаҳорсола	چهار ساله
чаҳорсолагӣ	چهارسالگي
чаҳорсолина	چهارسالينه
чаҳорсӯ	چهارسو
чаҳортарафа	چهارطرفه
чаҳорум	چهارم
чаҳорумин	چهارمين
чаҳорчарха	چهارچرخه
чаҳорчӯба	چهارچوبه
чаҳорҷониба	چهارجانبه
чаҳоршанбе	چهارشنبه
чаҳоршох	چهارشاخ
чаҳоряк	چهاريک
чаҳ-чаҳ	چه چه
чаҳ-чаҳа	چه چهه
чашанда	چشنده
чашидан	چشيدن
чашиёӣ	چشيائي
чашм	چشم
чашма	چشمه
чашмадор	چشمه دار
чашмак	چشمک
чашмакбозӣ	چشمکبازي
чашмакдор	چشمک دار
чашмакзанӣ	چشمک زني
чашмакӣ	چشمکي
чашмало	چشم الا
чашмандоз	چشم انداز
чашмандозӣ	چشم اندازي
чашмасон	چشمه سان
чашмасор	چشمه سار
чашмбанд	چشم بند
чашмбандак	چشم بندک
чашмбандакбозӣ	چشم بندک بازي
чашмбандӣ	چشم بندي
чашмбароҳ	چشم براه
чашмбароҳӣ	چشم براهي
чашмбаста	چشم بسته
чашмбеҷо	چشم بيجا
чашмбино	چشم بينا
чашмбодом	چشم بادام
чашмбоз	چشم باز
чашмгашта	چشم گشته
чашмгурусна	چشم گرسنه
чашмгуруснагӣ	چشم گرسنگي
чашмгушна	چشم گشنه
чашмгушнагӣ	چشم گشنگي
чашмдард	چشم درد
чашмдарида	چشم دريده
чашмдид	چشم ديد
чашмдор	چشم دار
чашмдорӣ	چشم داري
чашмдошт	چشم داشت
чашмзад	چشم زد
чашмзада	چشم زده
чашмзан	چشم زن
чашмзанӣ	چشم زني
чашмзахм	چشم زخم
чашмикордон	چشم کاردان
чашмимурғӣ	چشم مرغي
чашмкабуд	چشم کبود
чашмкалон	چشم کلان
чашмкаҷ	چشم کج
чашмкушода	چشم کشاده
чашмнадида	چشم نديده
чашмнамо	چشم نما
чашмнамоӣ	چشم نمائي
чашмногузар	چشم ناگذر
чашмнок	چشم ناک
чашмолус	چشم آلوس
чашмпизишк	چشم پزشک
чашмпизишкӣ	چشم پزشکي
чашмпӯш	چشم پوش
чашмпӯшӣ	چشم پوشي
чашмрас	چشم رس
чашмрасида	چشم رسيده
чашмсер	چشم سير
чашмсерӣ	چشم سيري
чашмсиёҳ	چشم سياه
чашмтанг	چشم تنگ
чашмтангӣ	چشم تنگي
чашмтар	چشم تر
чашмтез	چشم تيز
чашмхарош	چشم خراش
чашмхиракунанда	چشم خيره کننده
чашмхона	چشم خانه
чашмчуқур	چشم چقور
чашмшаҳло	چشم شهلا
чевар	چيور
чевара	چيوره
чеварӣ	چيوري
чиғ	چيغ
чеғ	چيغ
чеғӣ	چيغي
чек	چک
чекана	چکنه
чекист	چکيست
челон	چيلان
челонгар	چيلان گر
челонгарӣ	چيلان گري
чемпион	چمپئان
чемпионат	چمپئانت
чен	چن
ченак	چنک
ченкунак	چنکنک
ченкунӣ	چنکني
червонес	چروانس
чесуча	چسوچه
чет	چت
четгир	چتگير
четкаш	چتکش
чех	چخ
чехӣ	چخي
чеҳр	چهر
чеҳра	چهره
чеҳраафрӯзӣ	چهره افروزي
чеҳрагарм	چهره گرم
чеҳрагулгун	چهره گلگون
чеҳрагулнор	چهره گلنار
чеҳракушода	چهره کشاده
чеҳраоро	چهره آرا
чеҳрапардоз	چهره پرداز
чеҳрапардозӣ	چهره پردازي
чеҳрахандон	چهره خندان
чечак	چيچک
чи	چه
чигил	چگل
чигилӣ	چگلي
чигилшуда	چگل شده
чигина	چگينه
чигинакаш	چگينه کش
чигинакашӣ	چگينه کشي
чигит	چگت
чигӣ-чигӣ	چگي چگي
чигунагӣ	چگونگي
чиғазан	چيغه زن
чиғбоф	چيغ باف
чиғбофӣ	چيغبافي
чиғил	چغل
чиғир	چغر
чиғпарда	چغپرده
чида	چيده
чидааъзо	چيده اعضا
чидан	چيدن
чиз	چيز
чиза	چيزه
чиздор	چيزدار
чизкашонӣ	چيزکشاني
чизомӯзӣ	چيزآموزي
чизпараст	چيزپرست
чизпарастӣ	چيزپرستي
чизу	چيزو
чикка	چکه
чикора	چکاره
чик-чик	چک چک
чиқил	چقل
чиқ-чиқ	چق چق
чил	چل
чилла	چله
чилав	چلو
чилавкабоб	چلو کباب
чилланишин	چله نشين
чилланишинӣ	چله نشيني
чилбанд	چلبند
чилбуғум	چل بغم
чилбур	چل بر
чилгаза	چل گزه
чилгазамӯй	چلگزه موي
чилғӯза	چلغوزه
чилдара	چلدره
чилдараҷагӣ	چلدرجگي
чилдурӯғ	چل دروغ
чилдухтарон	چل دختران
чилёсин	چل ياسين
чиллик	چلک
чилим	چليم
чилимандоз	چلم انداز
чилимдор	چلم دار
чилимкаду	چلم کدو
чилимкаш	چلم کش
чилимкашӣ	چلم کشي
чилкокул	چل کاکل
чилкофхон	چل کافخوان
чиллагиёҳ	چلّه گياه
чиллагӣ	چلّگي
чиллагурезон	چله گريزان
чилладору	چلّه دارو
чиллак	چلّک
чиллакбозӣ	چلّک بازي
чилланок	چلّه ناک
чиллаоб	چلّه آب
чиллапеч	چلّه پيچ
чиллахона	چلّه خانه
чилликбозӣ	چلّک بازي
чилликдаста	چلّک دسته
чилликӣ	چلّکي
чилликрес	چلّک ريس
чилликресӣ	چلّک ريسي
чилликхол	چلّک خال
чилликшакл	چلّک شکل
чилолак	چلالک
чилпо	چل پا
чилпой	چل پاي
чилсола	چل ساله
чилсолагӣ	چل سالگي
чилсутун	چل ستون
чилтан	چل تن
чилтанон	چلتنان
чилтор	چلتار
чилтора	چل تاره
чилум	چلم
чилчароғ	چل چراغ
чилчӯб	چل چوب
чилямоқ	چل يماق
чим	چم
чимбур	چم بر
чимзор	چمزار
чимилиқ	چملق
чимпӯш	چم پوش
чимхӯр	چم خور
чимхӯрӣ	چمخوري
чин	چين
чина	چينه
чинадон	چينه دان
чинак	چينک
чинакчӣ	چينکچي
чинанда	چيننده
чинавад	چينود
чинават	چينوت
чинга	چنگه
чингак	چنگک
чинг-чинг	چنگ چنگ
чиндан	چيندن
чиндор	چين دار
чиндоркунӣ	چين دارکني
чинибанд	چيني بند
чинибандӣ	چيني بندي
чинивор	چيني وار
чиниворӣ	چيني واري
чиниворфурӯш	چيني وارفروش
чиниворфурӯшӣ	چيني وارفروشي
чинигул	چيني گل
чинигуҷум	چيني گجم
чиникулоҳ	چيني کلاه
чининигор	چيني نگار
чинипаранд	چيني پرند
чинисада	چيني سده
чинисиришт	چيني سرشت
чинисоз	چيني ساز
чинисозӣ	چيني سازي
чинитароз	چيني طراز
чинитоҷ	چيني تاج
чинифурӯш	چيني فروش
чинифурушӣ	چيني فروشي
чинихона	چيني خانه
чиниҳарир	چيني حرير
чиниш	چينش
чинӣ	چيني
чинор	چنار
чинорак	چنارک
чинорзор	چنارزار
чинористон	چنارستان
чинорӣ	چناري
чинхӯрда	چين خورده
чиншинос	چين شناس
чиншиносӣ	چينشناسي
чипқон	چپقان
чипор	چپار
чипорӣ	چپاري
чипта	چپته
чиптабоф	چپته باف
чиптабофӣ	چپته بافي
чиптагин	چپته گين
чиптагӣ	چپتگي
чиптафарш	چپته فرش
чиптафурӯш	چپته فروش
чиптафурӯшӣ	چپته فروشي
чиптора	چپتاره
чир	چر
чира	چيره
чирадаст	چيره دست
чирадастӣ	چيره دستي
чиразабон	چيره زبان
чиразабонӣ	چيره زباني
чиргин	چرگين
чиргӣ	چرگي
чириққос	چرقّاس
чириқ-чириқ	چرق چرق
чиринг	چرنگ
чирк	چرک
чиркбардор	چرک بردار
чиркин	چرکين
чиркинӣ	چرکيني
чиркнобардор	چرک نابردار
чиркоб	چرکاب
чиркоба	چرک آبه
чирколуд	چرک آلود
чироғ	چراغ
чироғак	چراغک
чироғвора	چراغ واره
чироғон	چراغان
чироғпоя	چراغ پايه
чироғчӣ	چراغچي
чирросзанон	چرّاس زنان
чирросзанӣ	چرّاس زني
чирросӣ	چرّاسي
чир-чир	چر چر
чирс-чирс	چرس چرس
чирчирак	چرچرک
чист	چيست
чистон	چيستان
чистонгӯӣ	چيستان گوئي
чистонгӯй	چيستان گوي
чистонгӯяк	چيستان گويک
чистонёбӣ	چيستان يابي
чит	چيت
читгар	چيتگر
читгарӣ	چيتگري
читфурӯш	چيت فروش
читфурӯшӣ	چيت فروشي
чих	چيخ
чиҳил	چهل
-чӣ	چه
чова	چاوه
чобук	چابک
чобукандеш	چابک انديش
чобукандеша	چابک انديشه
чобукдаст	چابک دست
чобукдастӣ	چابک دستي
чобукӣ	چابکي
чобукқадам	چابک قدم
чобукқалам	چابک قلم
чобукона	چابکانه
чобукпар	چابک پر
чобукпой	چابک پاي
чобукрав	چابک رو
чобукрафтор	چابک رفتار
чобуксавор	جابکسوار
чобуксаворӣ	چابک سواري
чобуксароӣ	چابک سرائي
чобукҳаракат	چابک حرکت
човандоз	چاوانداز
човандозӣ	چاواندازي
човача	چاوه چه
човидан	چاويدن
човола	چاواله
човуш	چاوش
човушӣ	چاوشي
чов-чов	چاو چاو
чодир	چادر
чодар	چادر
чодарбасар	چادربسر
чодарнишин	چادرنشين
чодарнишинӣ	چادرنشيني
чодарпӯш	چادرپوش
чодархаёл	چادرخيال
чодирнишин	چادرنشين
чодирхаёл	چادرخيال
чодиршаб	چادرشب
чой	چاي
чойбодкаш	چاي بادکش
чойгардон	چاي گردان
чойдон	چاي دان
чойзор	چايزار
чойистон	چايستان
чойкаҳак	چاي کهک
чойкаш	چاي کش
чойкашӣ	چاي کشي
чойкор	چاي کار
чойкорӣ	چاي کاري
чойқуттӣ	چاي قتي
чойнак	چاينک
чойник	چاينک
чойникмонак	چاينک مانک
чойникпӯшак	چاينک پوشک
чойнӯш	چاي نوش
чойнӯшӣ	چاي نوشي
чойпулӣ	چاي پولي
чойфурӯш	چاي فروش
чойфурӯшӣ	چاي فروشي
чойхалта	چاي خلته
чойхона	چاي خانه
чойхонагӣ	چاي خانگي
чойхонадор	چاي خانه دار
чойхоначӣ	چاي خانچي
чойхӯр	چاي خور
чойхӯрак	چاي خورک
чойхӯрӣ	چاي خوري
чойҷуворӣ	چاي جواري
чойҷӯш	چاي جوش
чойҷӯшонӣ	چاي جوشاني
чок	چاک
чокар	چاکر
чокарӣ	چاکري
чокарона	چاکرانه
чокбур	چاکبر
чокбурак	چاک برک
чокбурӣ	چاک بري
чокдӯз	چاک دوز
чокдӯзӣ	چاک دوزي
чокӣ	چاکي
чоккунӣ	چاک کني
чокупорадӯз	چاک وپاره دوز
чокупорадӯзӣ	چاک وپاره دوزي
чок-чок	چاک چاک
чоқ	چاق
чоқу	چاقو
чол	چال
чола	چاله
чолвор	چال وار
чолиш	چالش
чолишгар	چالش گر
чолишгарӣ	چالش گري
чолоб	چالاب
чолок	چالاک
чолокгард	چالاک گرد
чолокдаст	چالاک دست
чолокдастӣ	چالاک دستي
чолокӣ	چالاکي
чолокона	چالاکانه
чом	چام
чома	چامه
чона	چانه
чонабанд	چانه بند
чонагӯӣ	چانه گوئي
чоп	چاپ
чопа	چاپه
чопандоз	چاپانداز
чопар	چاپر
чопархона	چاپر خانه
чопгар	چاپگر
чопидан	چاپيدن
чопӣ	چاپي
чопкунанда	چاپ کننده
чопкунӣ	چاپ کني
чоплус	چاپلوس
чоплусӣ	چاپلوسي
чоплусона	چاپلوسانه
чопнавис	چاپ نويس
чопор	چاپار
чопорӣ	چاپاري
чопхона	چاپ خانه
чор	چار
чора	چاره
чораандеш	چاره انديش
чораандешӣ	چاره انديشي
чорабзол	چارابزال
чорабин	چاره بين
чорабинӣ	چاره بيني
чорагар	چاره گر
чорагарӣ	چاره گري
чоракор	چاره کار
чоракорӣ	چاره کاري
чоранопазир	چاره ناپذير
чорапазир	چاره پذير
чорапазирӣ	چاره پذيري
чораркон	چار ارکان
чорасоз	چاره ساز
чорасозӣ	چاره سازي
чораспа	چار اسپه
чораҷӯӣ	چاره جوئي
чораҷӯй	چاره جوي
чорбанд	چاربند
чорбандӣ	چاربندي
чорбарга	چاربرگه
чорбарӯй	چاربروي
чорбела	چاربيله
чорбех	چاربيخ
чорбоғ	چارباغ
чорбоғнок	چارباغ ناک
чорбоғча	چارباغچه
чорбозоргард	چاربازارگرد
чорболишт	چاربالشت
чорбора	چارباره
чорбурҷа	چاربرجه
чорво	چاروا
чорводор	چاروادار
чорводорӣ	چارواداري
чорвопарвар	چارواپرور
чорвопарварӣ	چارواپروري
чоргон	چارگان
чоргона	چارگانه
чоргоҳ	چارگاه
чоргул	چارگل
чоргула	چارگله
чоргӯша	چارگوشه
чордара	چاردره
чордард	چاردرد
чордаста	چاردسته
чордаҳ	چارده
чордаҳум	چاردهم
чордаҳумин	چاردهمين
чордевор	چارديوار
чордеворӣ	چارديواري
чордору	چاردارو
чорёр	چاريار
чорзабон	چارزبان
чорзабонӣ	چارزباني
чорзарб	چار ضرب
чорзид	چارضد
чорзону	چارزانو
чорӣ	چاري
чоркаса	چارکسه
чоркасӣ	چارکسي
чоркафон	چارکفان
чоркитоб	چارکتاب
чорқаб	چارقب
чорқабата	چارقبته
чорқарс	چارقرس
чорқат	چارقت
чорқатора	چارقطاره
чорқаторӣ	چارقطاري
чорқирра	چارقرّه
чормағз	چارمغز
чормағзбозӣ	چارمغزبازي
чормағззор	چارمغززار
чормағзранг	چارمغزرنگ
чормех	چارميخ
чормоғак	چارماغک
чормотора	چارماتاره
чормоҳа	چارماهه
чормоҳагӣ	چارماهگي
чормуҳаррика	چارمحرّکه
чор-ночор	چار ناچار
чоровоза	چارآوازه
чороина	چارآئينه
чоройна	چارآينه
чорошёна	چارآشيانه
чорпар	چارپر
чорпара	چارپره
чорпаҳлу	چارپهلو
чорпо	چارپا
чорподор	چارپادار
чорподорӣ	چارپاداري
чорпора	چارپاره
чорпоразан	چارپاره زن
чорпоя	چارپايه
чорраҳа	چاررهه
чорроҳа	چارراهه
чоррукна	چاررکنه
чоррӯза	چارروزه
чоррӯзагӣ	چارروزگي
чоррӯя	چاررويه
чорсад	چارصد
чорсадӣ	چارصدي
чорсадсола	چارصدساله
чорсадсолагӣ	چارصدسالگي
чорсадум	چارصدم
чорсадумин	چارصدمين
чорсинфа	چارصنفه
чорсинфдор	چارصنف دار
чорсоата	چارساعته
чорсоатина	چارساعتينه
чорсоатӣ	چارساعتي
чорсола	چارساله
чорсолагӣ	چارسالگي
чорсӯ	چارسو
чортогӣ	چارتاگي
чортарафа	چارطرفه
чортарк	چارترک
чортарош	چارتراش
чортаҳ	چارته
чортоба	چارتابه
чортоӣ	چارتائي
чортоқ	چارطاق
чортор	چارتار
чоруғ	چارغ
чоруқ	چارق
чоруқдӯз	چارق دوز
чоруқдӯзӣ	چارق دوزي
чоруқпӯш	چارق پوش
чорум	چارم
чорумин	چارمين
чорумӣ	چارمي
чорфоиза	چارفائضه
чорхез	چارخيز
чорхишт	چارخشت
чорхона	چارخانه
чорхонагӣ	چارخانگي
чорҳад	چارحد
чорҳазора	چارهزاره
чорҳарба	چارحربه
чорҳиҷоӣ	چارهجائي
чорҳоким	چارحاکم
чорчанд	چارچند
чорчарха	چارچرخه
чорчашма	چارچشمه
чорчилла	چارچله
чорчиллик	چارچلک
чорчилликшакл	چارچلک شکل
чорчилолак	چارچلالک
чорчӯб	چارچوب
чорчӯба	چارچوبه
чорчӯкка	چارچوکه
чорҷилда	چارجلده
чорҷониба	چارجانبه
чорҷоя	چارجايه
чоршанбе	چارشنبه
чоршарбат	چارشربت
чоршона	چارشانه
чоршоха	چارشاخه
чоряк	چاريک
чорякасра	چاريک عصره
чорякӣ	چاريکي
чоряккор	چاريک کار
чоряккорӣ	چاريک کاري
чорякфинал	چاريک فنل
чорякфиналӣ	چاريک فنلي
чоҳ	چاه
чоҳбун	چاهبن
чоҳдор	چاه دار
чоҳкан	چاه کن
чоҳканӣ	چاه کني
чоҳковӣ	چاه کاوي
чоҳсор	چاه سار
чоҳча	چاه چه
чоч	چاچ
чочӣ	چاچي
чош	چاش
чошғалбер	چاش غلبير
чошидан	چاشيدن
чошнигир	چاشني گير
чошнигирӣ	چاشني گيري
чошнӣ	چاشني
чошт	چاشت
чоштгоҳ	چاشتگاه
чоштгоҳӣ	چاشتگاهي
чу	چو
чуббин	چوبين
чубуқ	چبق
чубуқкаш	چبق کش
чуваш	چوش
чувашӣ	چوشي
чуввасзанӣ	چوس زني
чугут	چگوت
чуғал	چغل
чуғу	چغو
чуғул	چغل
чуғулӣ	چغلي
чуғулхӯр	چغل خور
чуғундар	چغندر
чуғур-чуғур	چغر چغر
чуғурчуқ	چغرچق
чук	چوک
чукбур	چکبور
чукбурӣ	چکبوري
чукбурон	چکباران
чукрӣ	چکري
чуқур	چقور
чуқуриковӣ	چقوري کاوي
чуқурӣ	چقوري
чуқуроб	چقورآب
чуқурравӣ	چقورروي
чуқуррафта	چقور رفته
чуқурча	چقورچه
чулак	چولک
чулбула	چلبله
чумак	چمک
чумоқ	چماق
чумча	چمچه
чумчуқ	چمچق
чун	چون
чуна	چونه
чунба	چنبه
чунбак	چنبک
чунг	چنگ
чунгурак	چنگرک
чундак	چندک
чундар	چندر
чунин	چنين
чунӣ	چوني
чунки	چنکه
чуног	چناگ
чунон	چنان
чунонки	چنانکه
чунончи	چنانچه
чунончун	چنانچون
чуппин	چپين
чурак	چرک
чурбак	چربک
чургар	چرگر
чурра	چرّه
чуррак	چرّک
чурт	چرت
чурук	چروک
чуруққос	چروقّاس
чуст	چست
чустак	چستک
чустӣ	چستي
чустхез	چست خيز
чусунча	چسونچه
чуфт	چفت
чуха	چخه
чухо	چخا
чӯб	چوب
чӯба	چوبه
чӯбак	چوبک
чӯбакзан	چوبک زن
чӯббандӣ	چوب بندي
чӯббоз	چوب باز
чӯббозӣ	چوب بازي
чӯббур	چوب بر
чӯббурӣ	چوب بري
чӯбгаз	چوب گز
чӯбгарӣ	چوب گري
чӯбдаст	چوب دست
чӯбдаста	چوب دسته
чӯбдор	چوب دار
чӯбзан	چوب زن
чӯбзанӣ	چوب زني
чӯбин	چوبين
чӯбкаду	چوب کدو
чӯбкаш	چوب کش
чӯбкашӣ	چوب کشي
чӯбкор	چوب کار
чӯбкорӣ	چوبکاري
чӯбмонанд	چوب مانند
чӯбпора	چوب پاره
чӯброст	چوب راست
чӯброҳа	چوب راهه
чӯбсой	چوب ساي
чӯбтарош	چوب تراش
чӯбтарошӣ	چوب تراشي
чӯбтора	چوب تاره
чӯбхӯрак	چوب خورک
чӯбхӯрда	چوب خورده
чӯбча	چوبچه
чӯбчак	چوبچک
чӯбшавӣ	چوب شوي
чӯбшинос	چوب شناس
чӯбшиносӣ	چوب شناسي
чӯза	چوزه
чӯкка	چوکه
чӯкида	چوکيده
чӯкидан	چوکيدن
чӯккондан	چوکاندن
чӯл	چول
чӯлистон	چولستان
чӯлӣ	چولي
чӯлмарг	چول مرگ
чӯлоқ	چولاق
чӯлпӣ	چولپي
чӯнг	چونگ
чӯпон	چوپان
чӯпонбача	چوپان بچه
чӯпонӣ	چوپاني
чӯпонписар	چوپان پسر
чӯпчилла	چوپچلّه
чӯригӣ	چوريگي
чӯрӣ	چوري
чӯртакигӯй	چورتکي گوي
чӯт	چوت
чӯтал	چوتل
чӯталгир	چوتل گير
чӯталпулӣ	چوتل پولي
чӯтзан	چوت زن
чӯтка	چوتکه
чӯтур	چوتور
чӯтурӣ	چوتوري
чӯҷа	چوجه
чӯҷабарорак	چوجه برارک
чӯҷабарорӣ	چوجه براري
чӯҷахурӯс	چوجه خروس
чӯян	چوين
чӯянгудоз	چوين گداز
чӯянгудозӣ	چوين گدازي
чӯянин	چوينين
чӯянӣ	چويني
чӯянпора	چوين پاره
чӯянрез	چوين ريز
чӯянреза	چوين ريزه
чӯянрезӣ	چوين ريزي
ҷабал	جبل
ҷабалӣ	جبلي
ҷаббанда	حبنده
ҷабария	جبريه
ҷабрӣ	جبري
ҷабарӣ	جبري
ҷабарут	جبروت
ҷабба	جبه
ҷаббидан	جبيدن
ҷаббор	جبار
ҷабборӣ	جباري
ҷабдуқ	جبدق
ҷабидан	جبيدن
ҷабин	جبين
ҷабингирифта	جبين گرفته
ҷабира	جبيره
ҷаббиш	جبش
ҷабобира	جبابره
ҷабон	جبان
ҷабонат	جبانت
ҷабр	جبر
ҷабраил	جبرئيل
ҷабран	جبراّ
ҷабрдида	جبرديده
ҷабрия	جبريه
ҷабркунанда	جبرکننده
ҷабрпеша	جبر پيشه
ҷабррасида	جبررسيده
ҷабун	جبون
ҷабҳа	جبهه
ҷабҳасоӣ	جبهه سائي
ҷав	جو
ҷавбед	جو بيد
ҷавбедӣ	جوبيدي
ҷаввол	جوال
ҷаввола	جواله
ҷавгир	جوگير
ҷавдарав	جودرو
ҷавдаравӣ	جودروي
ҷавдат	جودت
ҷавдон	جودان
ҷавдона	جودانه
ҷавдор	جودار
ҷавз	جوز
ҷавзак	جوزک
ҷавзбун	جوزبن
ҷавзина	جوزينه
ҷавзӣ	جوزي
ҷавзо	جوزا
ҷавзор	جوزار
ҷавин	جوين
ҷавӣ	جوي
ҷавкӯб	جوکوب
ҷавқ	جوق
ҷавлақ	جولق
ҷавлақӣ	جولقي
ҷавлах	جولخ
ҷавлахӣ	جولخي
ҷавлон	جولان
ҷавлонгар	جولانگر
ҷавлоншитоб	جولان شتاب
ҷавмаст	جومست
ҷавоб	جواب
ҷавобан	جواباً
ҷавобгар	جوابگر
ҷавобгарӣ	جوابگري
ҷавобгӯй	جوابگوي
ҷавобгӯӣ	جوابگوئي
ҷавобдиҳанда	جواب دهنده
ҷавобия	جوابيه
ҷавобӣ	جوابي
ҷавод	جواد
ҷавоз	جواز
ҷавознома	جوازنامه
ҷавомеъ	جوامع
ҷувон	جوان
ҷавон	جوان
ҷавона	جوانه
ҷавонагов	جوانه گاو
ҷавонак	جوانک
ҷавонакак	جوانکک
ҷавонбахт	جوان بخت
ҷавонбухориён	جوان بخاريان
ҷавонбухорӣ	جوان بخاري
ҷавонвор	جوان وار
ҷавонгашта	جوان گشته
ҷавондил	جوان دل
ҷавондухтар	جوان دختر
ҷавонзан	جوان زن
ҷавониб	جوانب
ҷавонимарг	جواني مرگ
ҷавонимаргбоб	جوانيمرگ باب
ҷавонӣ	جواني
ҷавонмарг	جوان مرگ
ҷавонмаргӣ	جوان مرگي
ҷавонмард	جوان مرد
ҷавонмардӣ	جوان مردي
ҷавонмардона	جوان مردانه
ҷавоннамо	جوان نما
ҷавоннамоӣ	جوان نمائي
ҷавонона	جوانانه
ҷавонпаҳлавон	جوان پهلوان
ҷавонписар	جوان پسر
ҷавонрой	جوانراي
ҷавонсол	جوان سال
ҷавонтарош	جوان تراش
ҷавонфикр	جوان فکر
ҷавор	جوار
ҷаворимакка	جواري مکّه
ҷавориш	جوارش
ҷавосис	جواسيس
ҷавоҳир	جواهر
ҷавоҳирдор	جواهردار
ҷавоҳирдору	جواهردارو
ҷавоҳиркор	جواهرکار
ҷавоҳиркорӣ	جواهرکاري
ҷавоҳирнигор	جواهرنگار
ҷавоҳирнисор	جواهرنثار
ҷавоҳирнишон	جواهر نشان
ҷавоҳиролот	جواهرآلات
ҷавоҳирот	جواهرات
ҷавоҳирсоз	جواهرساز
ҷавоҳирсозӣ	جواهرسازي
ҷавоҳирфурӯш	جواهرفروش
ҷавоҳирфурӯшӣ	جواهرفروشي
ҷавоҳиршинос	جواهرشناس
ҷавпаз	جوپز
ҷавпазак	جوپزک
ҷавр	جور
ҷаврпеша	جورپيشه
ҷавсақ	جوسق
ҷавсанг	جوسنگ
ҷавсар	جوسر
ҷавф	جوف
ҷавфурӯш	جوفروش
ҷавфурӯшӣ	جوفروشي
ҷавҳар	جوهر
ҷавҳардор	جوهردار
ҷавҳариёт	جوهريات
ҷавҳарӣ	جوهري
ҷавҳаршинос	جوهرشناس
ҷав-ҷав	جو جو
ҷавшан	جوشن
ҷавшанвар	جوشن ور
ҷавшангузар	جوشن گذر
ҷавшангузор	جوشن گذار
ҷавшанпӯш	جوشن پوش
ҷавшанхой	جوشن خاي
ҷавшаншикан	جوشن شکن
ҷағаллиқ	جغلّق
ҷағбут	جغبوت
ҷағидан	جغيدن
ҷағоз	جغاز
ҷағҷағ	جغجغ
ҷадд	جد
ҷадал	جدل
ҷадала	جدله
ҷадалӣ	جدلي
ҷадар	جدر
ҷадарӣ	جدري
ҷадвал	جدول
ҷадвалбандӣ	جدول بندي
ҷадвалвор	جدول وار
ҷадвалдор	جدول دار
ҷадвалкаш	جدول کش
ҷадвалкашӣ	جدول کشي
ҷадвалсозӣ	جدول سازي
ҷадвор	جدوار
ҷадда	جده
ҷадид	جديد
ҷадидан	جديداً
ҷадидия	جديديه
ҷадидӣ	جديدي
ҷадидкушӣ	جديدکشي
ҷадидтарош	جديد تراش
ҷадир	جدير
ҷадӣ	جدي
ҷадовил	جداول
ҷадр	جدر
ҷаз	جز
ҷазз	جز
ҷазаба	جزبه
ҷазабадор	جزبه دار
ҷазак	جزک
ҷазаъ	جزع
ҷазб	جذب
ҷазба	جذبه
ҷазбкунанда	جذب کننده
ҷазбманд	جذب مند
ҷаззадор	جزّه دار
ҷаззас	جزّس
ҷаззин	جزّين
ҷаззӣ	جزّي
ҷаззоб	جذّاب
ҷаззобият	جذّابيت
ҷазил	جزيل
ҷазир	جزير
ҷазира	جزيره
ҷазиравӣ	جزير وي
ҷазирагӣ	جزيرگي
ҷазиранишин	جزيره نشين
ҷазм	جزم
ҷазманд	جزمند
ҷазмӣ	جزمي
ҷазо	جزا
ҷазобинӣ	جزا بيني
ҷазогирӣ	جز اگيري
ҷазогоҳ	جز اگاه
ҷазодида	جزا ديده
ҷазодиҳанда	جز ادهنده
ҷазодиҳӣ	جزا دهي
ҷазоил	جزايل
ҷазоир	جزائر
ҷазоӣ	جزائي
ҷазонома	جزانامه
ҷазр	جذر
ҷаз-ҷаз	جزجز
ҷазъ	جزع
ҷайб	جيب
ҷайбӣ	جيبي
ҷайлиқ	جيلق
ҷайлов	جيلاو
ҷайра	جيره
ҷайрон	جيران
ҷайш	جيش
ҷайъат	جيعت
ҷал	جل
ҷалаб	جلب
ҷалабӣ	جلبي
ҷалабхона	جلب خانه
ҷаласа	جلسه
ҷалб	جلب
ҷалбкунанда	جلب کننده
ҷалвиз	جلويز
ҷалғӯза	جلغوزه
ҷалд	جلد
ҷалдӣ	جلدي
ҷалдкор	جلد کار
ҷалду	جلدو
ҷалидия	جلديه
ҷалил	جليل
ҷалис	جليس
ҷалӣ	جلي
ҷалла	جل
ҷаллоб	جلاّب
ҷаллобӣ	جلاّبي
ҷаллод	جلاّد
ҷаллодӣ	جلاّدي
ҷало	جلا
ҷалодат	جلادت
ҷалол	جلال
ҷалолат	جلالت
ҷалолатмаоб	جلالت مأب
ҷалоҷил	جلاجل
ҷалоҷин	جلاجين
ҷалоҷинкампир	جلاجين کمپير
ҷалоҷул	جلاجل
ҷалҳундӣ	جلهندي
ҷамал	جمل
ҷамалға	جملغه
ҷамбӯс	جمبوس
ҷамеан	جميعاً
ҷамеъ	جميع
ҷамил	جميل
ҷамила	جميله
ҷамилӣ	جميلي
ҷамоа	جماعه
ҷамоат	جماعت
ҷамоатӣ	جماعتي
ҷамод	جماد
ҷамодот	جمادات
ҷаммоза	جمازه
ҷамол	جمال
ҷамолак	جمالک
ҷамолаккокул	جمالک کاکل
ҷамоҳир	جماهير
ҷаммош	جماش
ҷамр	جمر
ҷамра	جمره
ҷамӯҳ	جموح
ҷамшедӣ	جمشيدي
ҷамъ	جمع
ҷамъан	جمعاً
ҷамъбандӣ	جمع بندي
ҷамъбаст	جمع بست
ҷамъбастӣ	جمع بستي
ҷамъбасткунанда	جمعبست کننده
ҷамъбастшаванда	جمعبست شونده
ҷамъбастшуда	جمعبست شده
ҷамъдастӣ	جمعدستي
ҷамъият	جمعيت
ҷамъиятӣ	جمعيتي
ҷамъиятшинос	جمعيت شناس
ҷамъиятшиносӣ	جمعيت شناسي
ҷамъӣ	جمعي
ҷамъкунанда	جمعه کننده
ҷамъоварӣ	جمع آوري
ҷамъомад	جمع آمد
ҷамъомада	جمع آمده
ҷамъомадгоҳ	جمع آمدگاه
ҷамъулҷамъ	جمع الجمع
ҷамъшаванда	جمع شونده
ҷанб	جنب
ҷанба	جنبه
ҷанвар	جنور
ҷанг	جنگ
ҷангал	جنگل
ҷангалбон	جنگل بان
ҷангалбонӣ	جنگل باني
ҷангалбурӣ	جنگل بري
ҷангалдашт	جنگل دشت
ҷангалдаштӣ	جنگل دشتي
ҷангалдор	جنگل دار
ҷангалдорӣ	جنگل داري
ҷангалёл	جنگل يال
ҷангалзор	جنگل زار
ҷангалистон	جنگلستان
ҷангалӣ	جنگلي
ҷангалнишин	جنگل نشين
ҷангалпарвар	جنگل پرور
ҷангалпарварӣ	جنگل پروري
ҷангандозӣ	جنگ اندازي
ҷангара	جنگره
ҷангарагӣ	جنگرگي
ҷангарос	جنگراس
ҷангар-ҷунгур	جنگرجنگر
ҷангафзор	جنگ افزار
ҷангафрӯз	جنگ افروز
ҷангбозӣ	جنگ بازي
ҷангвар	جنگ ور
ҷанггоҳ	جنگگاه
ҷангдида	جنگ ديده
ҷангдӯст	جنگ دوست
ҷангидан	جنگيدن
ҷангӣ	جنگي
ҷангкунанда	جنگ کننده
ҷангнодида	جنگ ناديده
ҷангнома	جنگنامه
ҷангномахонӣ	جنگنامه خواني
ҷанговар	جنگ آور
ҷанговарӣ	جنگ آوري
ҷанговарона	جنگ آورانه
ҷангозмой	جنگ آزماي
ҷангозмуда	جنگ آزموده
ҷангондан	جنگاندن
ҷангсигол	جنگ سگال
ҷангсоз	جنگ ساز
ҷангталаб	جنگ طلب
ҷангталабӣ	جنگ طلبي
ҷангталабона	جنگ طلبانه
ҷангхоҳ	جنگ خواه
ҷангхоҳӣ	جنگ خواهي
ҷангхоҳона	جنگ خواهانه
ҷангҷӯй	جنگ جوي
ҷангҷӯёна	جنگ جويانه
ҷангҷӯӣ	جنگ جوئي
ҷанда	جنده
ҷандала	جندله
ҷандапӯш	جنده پوش
ҷанибабар	جنيبه بر
ҷанибатдор	جنيبت دار
ҷанибаткаш	جنيبت کش
ҷанин	جنين
ҷаниндон	جنين دان
ҷаниндор	جنين دار
ҷанинӣ	جنيني
ҷаниншинос	جنين شناس
ҷаниншиносӣ	جنين شناسي
ҷаннат	جنّت
ҷаннатӣ	جنّتي
ҷаннаткада	جنّت کده
ҷаннатмакон	جنّت مکان
ҷаноб	جناب
ҷанобат	جنابت
ҷаноза	جنازه
ҷанозахонӣ	جنازه خواني
ҷанон	جنان
ҷаноҳ	جناح
ҷаноҳайн	جناحين
ҷаноҳӣ	جناحي
ҷануб	جنوب
ҷанубӣ	جنوبي
ҷанҷол	جنجال
ҷанҷолӣ	جنجالي
ҷанҷолталаб	جنجال طلب
ҷарр	جر
ҷар	جر
ҷараб	جرب
ҷараён	جريان
ҷараёнгоҳ	جريان گاه
ҷараққа	جرقّه
ҷараққидан	جرقّيدن
ҷарақ-ҷарақ	جرق جرق
ҷарангас	جرنگس
ҷарангдор	جرنگ دار
ҷарангдорӣ	جرنگ داري
ҷарангос	جرنگاس
ҷарангосзанӣ	جرنگاس زني
ҷарангосзанон	جرنگاس زنان
ҷарангосӣ	جرنگاسي
ҷаранг-ҷаранг	جرنگ جرنگ
ҷарас	جرس
ҷарасҷунбон	جرس جنبان
ҷариб	جريب
ҷарибкаш	جريب کش
ҷарибона	جريبانه
ҷарид	جريد
ҷарида	جريده
ҷариданавис	جريده نويس
ҷариданависӣ	جريده نويسي
ҷариданигор	جريده نگار
ҷариданигорӣ	جريده نگاري
ҷарима	جريمه
ҷаримабандӣ	جريمه بندي
ҷаримавӣ	جريموي
ҷаримапулӣ	جريمه پولي
ҷаринок	جريناک
ҷарӣ	جري
ҷарод	جراد
ҷародулбаҳр	جرادالبحر
ҷаросак	جراسک
ҷароҳат	جراحت
ҷароҳатбанд	جراحت بند
ҷароҳатбандӣ	جراحت بندي
ҷароҳатдида	جراحت ديده
ҷароҳатдор	جراحت دار
ҷароҳатнок	جراحت ناک
ҷарра	جرّه
ҷаррор	جرّار
ҷарроҳ	جرّاح
ҷарроҳия	جرّاحيه
ҷарроҳӣ	جرّاحي
ҷарруласқол	جرّالاثقال
ҷарчӣ	جرچي
ҷасад	جسد
ҷасим	جسيم
ҷаск	جسک
ҷасомат	جسامت
ҷасорат	جسارت
ҷасоратманд	جسارت مند
ҷасоратнок	جسارت ناک
ҷасоратнокӣ	جسارت ناکي
ҷаст	جست
ҷаста	جسته
ҷастан	جستن
ҷастангоҳ	جستن گاه
ҷастухез	جست وخيز
ҷастгоҳ	جست گاه
ҷасур	جسور
ҷасурӣ	جسوري
ҷасурона	جسورانه
ҷафанг	جفنگ
ҷафн	جفن
ҷафо	جفا
ҷафоандеш	جفا انديش
ҷафобин	جفا بين
ҷафогар	جفاگر
ҷафогустар	جفا گستر
ҷафодида	جفاديده
ҷафокаш	جفاکش
ҷафокашӣ	جفاکشي
ҷафокеш	جفاکيش
ҷафокор	جفا کار
ҷафокорӣ	جفا کاري
ҷафоомез	جفا آميز
ҷафопеша	جفاپيشه
ҷафописанд	جفاپسند
ҷафоҷӯй	جفا جوي
ҷафс	جفس
ҷафсӣ	جفسي
ҷафсранда	جفس رنده
ҷафта	جفته
ҷафтан	جفتن
ҷахш	جخش
ҷаҳ	جه
ҷаҳанда	جهنده
ҷаҳаннам	جهنّم
ҷаҳаннамӣ	جهنّمي
ҷаҳд	جهد
ҷаҳидан	جهيدن
ҷаҳим	جحيم
ҷаҳиш	جهش
ҷаҳл	جهل
ҷаҳломез	جهل آميز
ҷаҳоз	جهاز
ҷаҳолат	جهالت
ҷаҳолатпараст	جهالت پرست
ҷаҳолатпарастӣ	جهالت پرستي
ҷаҳолатпеша	جهالت پيشه
ҷаҳон	جهان
ҷаҳонафрӯз	جهان افروز
ҷаҳонбахш	جهان بخش
ҷаҳонбин	جهان بين
ҷаҳонбинӣ	جهان بيني
ҷаҳонбон	جهان بان
ҷаҳонбонӣ	جهان باني
ҷаҳонгард	جهان گرد
ҷаҳонгардӣ	جهان گردي
ҷаҳонгароӣ	جهان گرائي
ҷаҳонгашта	جهان گشته
ҷаҳонгир	جهانگير
ҷаҳонгирӣ	جهانگيري
ҷаҳондан	جهاندن
ҷаҳондида	جهان ديده
ҷаҳондор	جهان دار
ҷаҳондорӣ	جهان داري
ҷаҳонидан	جهانيدن
ҷаҳониён	جهانيان
ҷаҳонишавӣ	جهاني شوي
ҷаҳонӣ	جهاني
ҷаҳонкушо	جهان کشا
ҷаҳонкушоӣ	جهان کشائي
ҷаҳоннавард	جهان نورد
ҷаҳоннамо	جهان نما
ҷаҳонозмуда	جهان آزموده
ҷаҳоноро	جهان آرا
ҷаҳонофарин	جهان آفرين
ҷаҳонпаймо	جهان پيما
ҷаҳонпаҳлавон	جهان پهلوان
ҷаҳонравоӣ	جهان روائي
ҷаҳонситон	جهان ستان
ҷаҳонсолор	جهان سالار
ҷаҳонсӯз	جهان سوز
ҷаҳонтоб	جهان تاب
ҷаҳонфаҳмӣ	جهان فهمي
ҷаҳонҷӯй	جهان جوي
ҷаҳонҷӯёна	جهان جويانه
ҷаҳоншумул	جهان شمل
ҷаҳр	جهر
ҷаҳран	جهراً
ҷаҳрӣ	جهري
ҷаҳ-ҷаҳак	جهجهک
ҷаҳ-ҷаҳакбозӣ	جهجهک بازي
ҷаҳчақ	جهچق
ҷаҳул	جهول
ҷашан	جشن
ҷашн	جشن
ҷашнвора	جشن واره
ҷашнгирӣ	جشن گيري
ҷашнгоҳ	جشنگاه
ҷаъба	جعبه
ҷаъд	جعد
ҷаъдмӯй	جعد موي
ҷаъл	جعل
ҷаълӣ	جعلي
ҷаъфарӣ	جعفري
ҷеб	جيب
ҷева	جيوه
ҷевадор	جيوه دار
ҷевахона	جيوه خانه
ҷевачӣ	جيوچي
ҷевон	جيوان
ҷеғ	جيغ
ҷеға	جيغه
ҷеғзада	جيغ زده
ҷеғзананда	جيغ زننده
ҷеғзанӣ	جيغ زني
ҷеғӣ	جيغي
ҷел	جيل
ҷелак	جيلک
ҷемпер	جيمپير
ҷибиллат	جبلّت
ҷибиллӣ	جبلّي
ҷибол	جبال
ҷигар	جگر
ҷигарбанд	جگربند
ҷигарбирён	جگربريان
ҷигаргоҳ	جگرگاه
ҷигаргӯша	جگرگوشه
ҷигардор	جگردار
ҷигардорӣ	جگرداري
ҷигардӯз	جگردوز
ҷигариранг	جگري رنگ
ҷигаритоб	جگري تاب
ҷигарӣ	جگري
ҷигаркабоб	جگر کباب
ҷигаровар	جگر آور
ҷигарполуда	جگر پالوده
ҷигарпора	جگرپاره
ҷигарранг	جگررنگ
ҷигарреш	جگرريش
ҷигарсӯз	جگر سوز
ҷигарсӯзанда	جگر سوزنده
ҷигарсӯхта	جگرسوخته
ҷигартоб	جگرتاب
ҷигархаста	جگرخسته
ҷигархарош	جگر خراش
ҷигархор	جگرخوار
ҷигархора	جگرخواره
ҷигархун	جگرخون
ҷигда	جگده
ҷигдагул	جگده گل
ҷигдагулӣ	جگده گلي
ҷигӣ-ҷигӣ	جگي جگي
ҷиғда-ҷиғда	جغده جغده
ҷиғилдон	جغلدان
ҷиғ-ҷиғ	جغ جغ
ҷидд	جد
ҷиддан	جداً
ҷиддиёна	جديانه
ҷиддинамо	جدي نما
ҷиддисимо	جدي سيما
ҷиддият	جديت
ҷиддӣ	جدي
ҷидол	جدال
ҷидор	جدار
ҷидорӣ	جداري
ҷиз-биз	جزبز
ҷизя	جزيه
ҷизягирӣ	جزيه گيري
ҷилав	جلو
ҷилавбанд	جلو بند
ҷилавгирӣ	جلوگيري
ҷилавдор	جلودار
ҷилавкаш	جلوکش
ҷилавхона	جلوخانه
ҷилавшах	جلوشخ
ҷилбоб	جلباب
ҷилбур	جلبر
ҷилва	جلوه
ҷилвагар	جلوه گر
ҷилвагарӣ	جلوه گري
ҷилвагоҳ	جلوه گاه
ҷилвадор	جلوه دار
ҷилвафурӯш	جلوه فروش
ҷилвафурӯшӣ	جلوه فروشي
ҷилд	جلد
ҷилдбанд	جلدبند
ҷилдбандӣ	جلدبندي
ҷилддор	جلد دار
ҷилдироба	جلدرابه
ҷилдирос	جلدراس
ҷилднок	جلدناک
ҷило	جلا
ҷилодеҳ	جلاده
ҷилодиҳанда	جلادهنده
ҷилодиҳӣ	جلادهي
ҷилодор	جلادار
ҷилокор	جلاکار
ҷилонок	جلاناک
ҷилф	جلف
ҷим	جم
ҷимод	جماد
ҷимол	جمال
ҷимоъ	جماع
ҷимҷима	جمجمه
ҷим-ҷит	جم جت
ҷин	جن
ҷинн	جن
ҷингила	جنگله
ҷингилакокул	جنگله کاکل
ҷингиламӯй	جنگله موي
ҷингилапо	جنگله پا
ҷингилариш	جنگله ريش
ҷингирос	جنگراس
ҷиндор	جن دار
ҷинзада	جن زده
ҷиннибашара	جني بشره
ҷинкӯча	جن کوچه
ҷинниавзоъ	جنّي اوضاع
ҷиннигӣ	جنّيگي
ҷиннинамо	جنّينما
ҷиннитабиат	جنّي طبيعت
ҷиннихона	جنّي خانه
ҷиннӣ	جنّي
ҷиноӣ	جنائي
ҷинон	جنان
ҷинос	جناس
ҷиноҳ	جناه
ҷиноят	جنايت
ҷиноятӣ	جنايتي
ҷинояткор	جنايت کار
ҷинояткорӣ	جنايت کاري
ҷинояткорона	جنايت کارانه
ҷиноятпеша	جنايت پيشه
ҷиноятшарик	جنايت شريک
ҷинс	جنس
ҷинсан	جنساً
ҷинсият	جنسيت
ҷинсӣ	جنسي
ҷинсшинос	جنسشناس
ҷинчароғ	جنچراغ
ҷинҷак	جنجک
ҷинҷаккабоб	جنجک کباب
ҷир	جير
ҷира	جيره
ҷиранало	جيرن الا
ҷирга	جرگه
ҷиреш	جريش
ҷиринг-ҷиринг	جرنگ جرنگ
ҷириндӣ	جرندي
ҷириш	جريش
ҷирм	جرم
ҷисм	جسم
ҷисман	جسماً
ҷисмият	جسميت
ҷисмӣ	جسمي
ҷисмоният	جسمانيت
ҷисмонӣ	جسماني
ҷиср	جسر
ҷифа	جيفه
ҷиҳак	جهک
ҷиҳакдор	جهک دار
ҷиҳат	جهت
ҷиҳод	جهاد
ҷиҳоз	جهاز
ҷиҳозонидан	جهازانيدن
ҷиҳозонида	جهازانيده
ҷиҳон	جهان
ҷияк	جيک
ҷиякбоф	جيک باف
ҷиякбофӣ	جيک بافي
ҷиякдор	جيک دار
ҷиян	جيين
ҷобаҷо	جابجا
ҷобаҷогузорӣ	جابجاگذاري
ҷобаҷокунанда	جابجاکننده
ҷобаҷомонӣ	جابجاکني
ҷобир	جابر
ҷобирӣ	جابري
ҷобирона	جابرانه
ҷовид	جاويد
ҷовидном	جاويدنام
ҷовидон	جاويدان
ҷовидона	جاويدانه
ҷовидонӣ	جاويداني
ҷогаҳ	جاگه
ҷогаҳғундорӣ	جاگه غنداري
ҷогаҳмез	جاگه ميز
ҷогир	جاگير
ҷогирӣ	جاگيري
ҷоғ	جاغ
ҷоғар	جاغر
ҷоғардор	جاغردار
ҷоғвасеъ	جاغ وسيع
ҷоғзанӣ	جاغ زني
ҷода	جاده
ҷодабурӣ	جاده بري
ҷодасозӣ	جاده سازي
ҷоду	جادو
ҷодубаён	جادوبيان
ҷодубаёнӣ	جادوبياني
ҷодубанд	جادوبند
ҷодуваш	جادووش
ҷодувона	جادوانه
ҷодугар	جادوگر
ҷодугарзан	جادوگرزن
ҷодугарӣ	جادوگري
ҷодугарона	جادوگرانه
ҷодузабон	جادوزبان
ҷодузабонӣ	جادوزباني
ҷодузан	جادوزن
ҷодуӣ	جادوئي
ҷодукушо	جادوکشا
ҷодуманиш	جادو منش
ҷодупараст	جادو پرست
ҷодусухан	جادوسخن
ҷодусуханӣ	جادوسخني
ҷодухаёлӣ	جادوخيالي
ҷодучашм	جادوچشم
ҷозиб	جاذب
ҷозиба	جاذبه
ҷозибаангез	جاذبه انگيز
ҷозибадор	جاذبه دار
ҷозибадорӣ	جاذبه داري
ҷозибанок	جاذبه ناک
ҷозибанокӣ	جاذبه ناکي
ҷозибасанҷ	جاذبه سنج
ҷозибасанҷӣ	جاذبه سنجي
ҷозибона	جاذبانه
ҷозим	جازم
ҷоиз	جائز
ҷоиза	جائزه
ҷоизадор	جائزه دار
ҷойандоз	جاي انداز
ҷойбароӣ	جاي برائي
ҷойгаҳ	جاي گه
ҷойгир	جاي گير
ҷойгирӣ	جاي گيري
ҷойгиркунонӣ	جايگيرکناني
ҷойгиронӣ	جاي گيراني
ҷойгоҳ	جاي گاه
ҷойгузин	جاي گزين
ҷойдор	جاي دار
ҷойдорӣ	جاي داري
ҷойивазкунанда	جاي عوض کننده
ҷойнамоз	جاينماز
ҷойпӯш	جاي پوش
ҷойпӯшак	جاي پوشک
ҷойпӯшӣ	جاي پوشي
ҷойрав	جاي رو
ҷойравӣ	جاي روي
ҷойхоб	جاي خواب
ҷола	جاله
ҷолабарфак	جاله برفک
ҷолиб	جالب
ҷом	جام
ҷома	جامه
ҷомабоб	جامه باب
ҷомабоф	جامه باف
ҷомабофӣ	جامه بافي
ҷомабурон	جامه بران
ҷомавор	جامه وار
ҷомаворӣ	جامه واري
ҷомагӣ	جامگي
ҷомадарида	جامه دريده
ҷомадарон	جامه دران
ҷомадаронӣ	جامه دراني
ҷомадон	جامه دان
ҷомадор	جامه دار
ҷомадӯз	جامه دوز
ҷомадӯзӣ	جامه دوزي
ҷомазеб	جامه زيب
ҷомакан	جامه کن
ҷомакор	جامه کار
ҷомапӯш	جامه پوش
ҷомапӯшонӣ	جامه پوشاني
ҷомасафедон	جامه سفيدان
ҷомафурӯшӣ	جامه فروشي
ҷомахоб	جامه خواب
ҷомахона	جامه خانه
ҷомашӯӣ	جامه شوئي
ҷомашӯй	جامه شوي
ҷомашӯйхона	جامه شوي خانه
ҷомеа	جامعه
ҷомеагаро	جامعه گرا
ҷомеагароӣ	جامعه گرائي
ҷомеапазирӣ	جامعه پذيري
ҷомеаситезӣ	جامعه ستيزي
ҷомеашинос	جامعه شناس
ҷомеашиносӣ	جامعه شناسي
ҷомеъ	جامع
ҷомид	جامد
ҷомиз	جاميز
ҷомонда	جامانده
ҷомондагӣ	جاماندگي
ҷомпаймо	جام پيما
ҷон	جان
ҷонавар	جانور
ҷонак	جانک
ҷонамбаро	جانم برا
ҷонамоз	جانماز
ҷонафзой	جان افزاي
ҷонафрӯз	جان افروز
ҷонафшон	جان افشان
ҷонафшонӣ	جان افشاني
ҷонбар	جان بر
ҷонбарор	جان برار
ҷонбахш	جان بخش
ҷонбин	جان بين
ҷонбоз	جان باز
ҷонбозӣ	جان بازي
ҷонбозона	جان بازانه
ҷонбохта	جان باخته
ҷонвар	جانور
ҷонварак	جانورک
ҷонвардор	جانور دار
ҷонваршинос	جانورشناس
ҷонваршиносӣ	جانورشناسي
ҷонгазой	جانگزاي
ҷонгир	جان گير
ҷонгирифта	جان گرفته
ҷонгудоз	جان گداز
ҷонгудозона	جان گدازانه
ҷонгузар	جان گذر
ҷонгусил	جان گسيل
ҷондарозӣ	جان درازي
ҷондеҳ	جان ده
ҷондода	جان داده
ҷондор	جاندار
ҷондорак	جاندارک
ҷондору	جان دارو
ҷонзод	جانزاد
ҷонзот	جانذات
ҷониб	جانب
ҷонибдор	جانب دار
ҷонибдорӣ	جانب داري
ҷонишин	جانشين
ҷонишинӣ	جانشيني
ҷонӣ	جاني
ҷонкан	جان کن
ҷонканӣ	جان کني
ҷонканона	جان کنانه
ҷонкоҳ	جان کاه
ҷонкоҳона	جان کاهانه
ҷонкоҳонӣ	جان کاهاني
ҷоннисор	جان نثار
ҷоннисорӣ	جان نثاري
ҷоннисоркунанда	جان نثارکننده
ҷоннисорона	جان نثارانه
ҷоннок	جانناک
ҷоннокӣ	جانناکي
ҷоно	جانا
ҷонозор	جان آزار
ҷонозорӣ	جان آزاري
ҷонон	جانان
ҷонона	جانانه
ҷоносо	جانآسا
ҷонофарин	جان آفرين
ҷоноҷон	جاناجان
ҷонпаноҳ	جان پناه
ҷонпарвар	جان پرور
ҷонпардоз	جان پرداز
ҷонсабил	جان سبيل
ҷонсарак	جان سرک
ҷонсахт	جان سخت
ҷонсахтӣ	جان سختي
ҷонсер	جان سير
ҷонсипор	جان سپار
ҷонсипорӣ	جان سپاري
ҷонсипорона	جان سپارانه
ҷонсипӯз	جان سپوز
ҷонситон	جان ستان
ҷонситонӣ	جان ستاني
ҷонсупор	جان سپار
ҷонсупорӣ	جان سپاري
ҷонсупорона	جان سپارانه
ҷонсӯз	جان سوز
ҷонсӯзӣ	جان سوزي
ҷонсӯзона	جان سوزانه
ҷонталвоса	جان تلواسه
ҷонфазо	جان فزا
ҷонфазоӣ	جان فزائي
ҷонфазоянда	جان فزاينده
ҷонфарсой	جان فرساي
ҷонфарсоӣ	جان فرسائي
ҷонфигор	جان فگار
ҷонфидо	جان فدا
ҷонфидоёна	جان فدايانه
ҷонфидоӣ	جان فدائي
ҷонфизо	جان فزا
ҷонфишон	جان فشان
ҷонфишонӣ	جان فشاني
ҷонхарош	جان خراش
ҷоншикор	جان شکار
ҷоншикоф	جان شکاف
ҷоншумурӣ	جانشمري
ҷопонӣ	جاپاني
ҷор	جار
ҷорзан	جارزن
ҷоригардида	جاري گرديده
ҷорикунанда	جاري کننده
ҷоришавандагӣ	جاري شوندگي
ҷоришавӣ	جاري شوي
ҷория	جاريه
ҷорӣ	جاري
ҷорӯб	جاروب
ҷорӯбалаф	جاروب علف
ҷорӯббанд	جاروب بند
ҷорӯббутта	جاروب بته
ҷорӯбдум	جاروب دم
ҷорӯбзан	جاروب زن
ҷорӯбӣ	جاروبي
ҷорӯбкаш	جاروب کش
ҷорӯбкашӣ	جاروب کشي
ҷорӯбмонанд	جاروب مانند
ҷорӯбнорасида	جاروب نارسيده
ҷорӯбриш	جاروب ريش
ҷорчӣ	جارچي
ҷосилиқ	جاثليق
ҷосус	جاسوس
ҷосусӣ	جاسوسي
ҷофирой	جافي راي
ҷофӣ	جافي
ҷоҳ	جاه
ҷоҳдӯст	جاه دوست
ҷоҳил	جاهل
ҷоҳилият	جاهليت
ҷоҳилӣ	جاهلي
ҷоҳилона	جاهلانه
ҷоҳпараст	جاه پرست
ҷоҳпарастӣ	جاه پرستي
ҷоҳпарастона	جاه پرستانه
ҷоҳталаб	جاه طلب
ҷоҳталабӣ	جاه طلبي
ҷоҳталабона	جاه طلبانه
ҷоҳҷӯй	جاه جوي
ҷош	جاش
ҷошдон	جاشدان
ҷубба	جبه
ҷуббахона	جبه خانه
ҷубн	جبن
ҷуброн	جبران
ҷубронпазир	جبران پذير
ҷубронпулӣ	جبران پولي
ҷувоз	جواز
ҷувозкаш	جوازکش
ҷувозкашӣ	جواز کشي
ҷувозкунда	جواز کننده
ҷувозрон	جوازران
ҷувозтарош	جواز تراش
ҷувозтарошӣ	جوازتراشي
ҷувозхона	جواز خانه
ҷувол	جوال
ҷуволгӯша	جوال گوشه
ҷуволдӯз	جوال دوز
ҷуволдӯзӣ	جوال دوزي
ҷуволча	جوالچه
ҷувона	جوانه
ҷувонбоз	جوان باز
ҷувонимарг	جوانمرگ
ҷувонимаргбоб	جوانمرگباب
ҷувонӣ	جواني
ҷувонмарг	جوان مرگ
ҷувонмард	جوان مرد
ҷувориғундорӣ	جواري غنداري
ҷуворизор	جواري زار
ҷуворикор	جواري کار
ҷуворикорӣ	جواري کاري
ҷуворимакка	جواري مکّه
ҷуворимаккағундор	جواري مکّه غندار
ҷуворимаккағундорӣ	جواري مکّه غنداري
ҷуворимакказор	جواري مکّه زار
ҷуворимаккапарвар	جواري مکّه پرور
ҷуворимаккапарварӣ	جواري مکّه پروري
ҷуворипоя	جواري پايه
ҷувориш	جوارش
ҷуворӣ	جواري
ҷуғз	جغذ
ҷуғрофидон	جغرافي دان
ҷуғрофия	جغرافيه
ҷуғрофиядон	جغرافيه دان
ҷуғрофӣ	جغرافي
ҷуд	جود
ҷудо	جدا
ҷудогашта	جداگشته
ҷудогӣ	جداگي
ҷудогона	جداگانه
ҷудогонагӣ	جداگانگي
ҷудоиандозӣ	جدائي اندازي
ҷудоӣ	جدائي
ҷудокунак	جداکنک
ҷудокунанда	جداکننده
ҷудонашаванда	جدانشونده
ҷудонашавандагӣ	جدانشوندگي
ҷудоношуданӣ	جداناشدني
ҷудошаванда	جداشونده
ҷудошуда	جداشده
ҷуз	جز
ҷузъ	جزء
ҷузъбанд	جزءبند
ҷузъбандӣ	جزءبندي
ҷузвадон	جزوه دان
ҷузвиёт	جزويات
ҷузвӣ	جزوي
ҷузғун	جزغون
ҷузом	جذام
ҷузъан	جزءاً
ҷузъиёт	جزئيات
ҷузъиётбаёнӣ	جزئيات بياني
ҷузъӣ	جزئي
ҷулл	جل
ҷуласо	جلسا
ҷулбон	جلبان
ҷулғундӣ	جلغندي
ҷулду	جلدو
ҷулдурпӯш	جلدرپوش
ҷулла	جلّه
ҷуллоб	جلاب
ҷулус	جلوس
ҷулҳундипӯш	جلهندي پوش
ҷулҳундӣ	جلهندي
ҷулҷул	جلجل
ҷумак	جمک
ҷумакшикаста	جمک شکسته
ҷумал	جمل
ҷумбидан	جمبيدن
ҷумла	جمله
ҷумлабандӣ	جمله بندي
ҷумлагӣ	جملگي
ҷумлапардоз	جمله پرداز
ҷумласозӣ	جمله سازي
ҷуммак	جمک
ҷумодеулаввал	جمادي الاول
ҷумодеулохир	جمادي الآخر
ҷумодеуусонӣ	جمادي الثاني
ҷумҳуд	جمهود
ҷумҳур	جمهور
ҷумҳурихоҳ	جمهوري خواه
ҷумҳуриявӣ	جمهوريوي
ҷумҳурият	جمهوريت
ҷумҳурӣ	جمهوري
ҷумҷума	جمجمه
ҷумҷумамоҳӣ	جمجمه ماهي
ҷумъа	جمعه
ҷумъабозор	جمعه بازار
ҷумъахонӣ	جمعه خواني
ҷунбанда	جنبنده
ҷунбидан	جنبيدن
ҷунбиш	جنبش
ҷунбон	جنبان
ҷунбонак	جنبانک
ҷунбониш	جنبانش
ҷунбуҷӯл	جنب وجول
ҷунг	جنگ
ҷунд	جند
ҷунуб	جنوب
ҷунуд	جنود
ҷунун	جنون
ҷунундор	جنون دار
ҷунункада	جنون کده
ҷунунмизоҷ	جنون مزاج
ҷунуновар	جنون آور
ҷунуномез	جنون آميز
ҷур	جر
ҷурга	جرگه
ҷурғот	جرغات
ҷурғотак	جرغاتک
чурғотин	جرغاتين
ҷурғотӣ	جرغاتي
ҷурм	جرم
ҷурмона	جرمانه
ҷурмшинос	جرم شناس
ҷурмшиносӣ	جرم شناسي
ҷуръа	جرعه
ҷуръадон	جرعه دان
ҷуръакаш	جرعه کش
ҷуръанӯш	جرعه نوش
ҷуръарез	جرعه ريز
ҷуръатнок	جرئت ناک
ҷуръатталаб	جرئت طلب
ҷусса	جثّه
ҷуссадор	جثّه دار
чуссакалон	جثّه کلان
ҷустан	جستن
ҷустор	جستار
ҷустуҷӯй	جستجوي
ҷустуҷӯкунанда	جستجو کننده
ҷут	جوت
ҷуфт	جفت
ҷуфта	جفته
ҷуфтак	جفتک
ҷуфтакзанон	جفتک زنان
ҷуфтан	جفتن
ҷуфтангушт	جفت انگشت
ҷуфтбанд	جفت بند
ҷуфтбаророн	جفت براران
ҷуфтбошӣ	جفت باشي
ҷуфтгар	جفتگر
ҷуфтгарӣ	جفتگري
ҷуфтӣ	جفتي
чуфтона	جفتانه
ҷуфтранда	جفت رنده
ҷуфтрон	جفت ران
ҷуфтронӣ	جفت راني
ҷуфтсум	جفت سم
ҷуфтсумон	جفت سمان
ҷуҳало	جهلا
ҷуҳҳол	جهال
ҷӯй	جوي
ҷӯ	جو
ҷӯбор	جوبار
ҷӯгихона	جوگي خانه
ҷӯгӣ	جوگي
ҷӯё	جويا
ҷӯён	جويان
ҷӯйбор	جويبار
ҷӯйборӣ	جويباري
ҷӯйборканӣ	جويبارکني
ҷӯйбортозакунӣ	جويبار تازه کني
ҷӯйкан	جوي کن
ҷӯйканӣ	جوي کني
ҷӯйков	جويکاو
ҷӯйковӣ	جويکاوي
ҷӯйтозакунӣ	جوي تازه کني
ҷӯйча	جويچه
ҷӯйчабозӣ	جويچه بازي
ҷӯл	جول
ҷӯлида	جوليده
ҷӯлидамӯй	جوليده موي
ҷӯлидан	جوليدن
ҷӯлоҳак	جولاهک
ҷӯр	جور
ҷӯра	جوره
ҷӯрабоз	جوره باز
ҷӯрабозӣ	جوره بازي
ҷӯрагӣ	جورگي
ҷӯрақандӣ	جوره قندي
ҷӯркунанда	جوره کننده
ҷӯроб	جوراب
ҷӯроббоф	جوراب باف
ҷӯроббофӣ	جوراب بافي
ҷӯртакигӯй	جورتکي گوي
ҷӯрхонӣ	جورخواني
ҷӯулбақар	جوع البقر
ҷӯулкалб	جوع الکلب
ҷӯршаванда	جورشونده
ҷӯҷа	جوجه
ҷӯҷабарорак	جوجه برارک
ҷӯҷабарорӣ	جوجه براري
ҷӯш	جوش
ҷӯша	جوشه
ҷӯшагарӣ	جوشه گري
ҷӯшанда	جوشنده
ҷӯшзанон	جوشزنان
ҷӯшидан	جوشيدن
ҷӯшиш	جوشش
ҷӯшоӣ	جوشائي
ҷӯшон	جوشان
ҷӯшонда	جوشانده
ҷӯшондашуда	جوشانده شده
ҷӯъ	جوع
ҷӯя-ҷӯя	جويه جويه
ҷӯяк	جويک
ҷӯяк-ҷӯяк	جويک جويک
ҷӯякдармиён	جويک درميان
ҷӯякдор	جويک دار
ҷӯякӣ	جويکي
ҷӯяккашак	جويک کشک
ҷӯянда	جوينده
ҷӯяндагӣ	جويندگي
шааф	شعف
шаб	شب
шаба	شبه
шабагун	شبگون
шабак	شبک
шабака	شبکه
шабакадор	شبکه دار
шабакадорӣ	شبکه داري
шабакия	شبکيه
шабакӣ	شبکي
шабангӣ	شبنگي
шабафрӯз	شب افروز
шабафрӯзӣ	شب افروزي
шабаҳ	شبح
шабаҳмонанд	شبح مانند
шабаҳранг	شبه رنگ
шабаъ	شبع
шаббедорӣ	شب بيداري
шаббода	شب باده
шаббош	شب باش
шаббӯй	شب بوي
шабгард	شب گرد
шабгардӣ	شب گردي
шабгаҳ	شبگه
шабгир	شب گير
шабгиргоҳ	شب گيرگاه
шабгирӣ	شب گيري
шабгоҳ	شبگاه
шабгузаронӣ	شب گذراني
шабгун	شبگون
шабдар	شبدر
шабдарав	شب درو
шабдармиён	شب درميان
шабдартуршак	شب درترشک
шабдез	شبديز
шабдиз	شبديز
шабдор	شبدار
шабехун	شبيخون
шабеҳ	شبيه
шабёза	شبيازه
шабзиндадор	شب زنده دار
шабзиндадорӣ	شب زنده داري
шабика	شبيکه
шабина	شبينه
шабистон	شبستان
шабихун	شبخون
шабкор	شبکار
шабкорӣ	شبکاري
шабкук	شبکوک
шабкулоҳ	شب کلاه
шабкӯр	شب کور
шабкӯрӣ	شب کوري
шабмонда	شبمانده
шабнавард	شب نورد
шабнам	شبنم
шабнамо	شبنما
шабнамхӯрда	شبنم خورده
шабнишин	شب نشين
шабнишинӣ	شب نشيني
шабоб	شباب
шабобат	شبابت
шабовез	شب آويز
шабона	شبانه
шабонарӯз	شبانه روز
шабонарӯзӣ	شبانه روزي
шабонахон	شبانه خوان
шабонгоҳӣ	شبانگاهي
шабонрӯз	شبانروز
шаборӯз	شباروز
шаборӯзӣ	شباروزي
шабохун	شباخون
шабоҳанг	شباهنگ
шабоҳангом	شباهنگام
шабоҳат	شباهت
шабошаб	شباشب
шабпаймо	شب پيما
шабпараст	شب پرست
шабпарвоз	شب پرواز
шабпос	شب پاس
шабпӯш	شب پوش
шабпӯшак	شب پوشک
шабрав	شبرو
шабранг	شبرنگ
шабтоб	شب تاب
шабтобон	شب تابان
шабтоз	شب تاز
шабушак	شبشک
шабушзор	شبش زار
шабушин	شبشين
шабушк	شبشک
шабхез	شب خيز
шабхезӣ	شب خيزي
шабхобӣ	شبخوابي
шабхона	شبخانه
шабҳангом	شبهنگام
шабчара	شب چره
шабчаро	شب چرا
шабчароғ	شبچراغ
шав	شو
шаввас	شوَّس
шаввоз	شواز
шаввол	شوال
шаввос	شواس
шавгун	شوگون
шавӣ	شوي
шавкарон	شوکران
шавкат	شوکت
шавқ	شوق
шавқангез	شوق انگيز
шавқангезӣ	شوق انگيزي
шавқангезона	شوق انگيزانه
шавқафзо	شوق افزا
шавқдор	شوق دار
шавқманд	شوقمند
шавқмандӣ	شوقمندي
шавқнок	شوق ناک
шавқовар	شوق آور
шавқоварӣ	شوق آوري
шавқоварона	شوق آورانه
шавқун	شوقون
шавқфизо	شوق فزا
шавла	شوله
шавниз	شونيز
шавнӣ	شوني
шавомих	شوامخ
шавореъ	شوارع
шавр	شور
шавуой	شووآي
шавҳар	شوهر
шавҳардор	شوهردار
шавҳардорӣ	شوهرداري
шавҳаркарда	شوهرکرده
шавҳарҷудо	شوهرجدا
шавҳаршаванда	شوهرشونده
шавшув	شوشو
шавшувдор	شوشودار
шаго	شگا
шагол	شگال
шағ	شغ
шаға	شغه
шағаб	شغب
шағабнок	شغب ناک
шиғовул	شغاول
шағал	شغل
шағалдор	شغل دار
шағалзамин	شغل زمين
шағалзор	شغل زار
шағалрезӣ	شغل ريزي
шағалрехта	شغل ريخته
шағаф	شغف
шағба	شغبه
шағо	شغا
шағол	شغال
шадда	شدَّه
шаддод	شداد
шаддодӣ	شدادي
шадид	شديد
шадида	شديده
шадидан	شديداً
шадоид	شدائد
шаён	شيان
шаётин	شياطين
шаир	شعير
шай	شئ
шайб	شيب
шайба	شيبه
шайд	شيد
шайдо	شيدا
шайдодил	شيدادل
шайдоӣ	شيدايي
шайёд	شياد
шайлам	شيلم
шайн	شين
шайпур	شيپور
шайпурзан	شيپورزن
шайпурӣ	شيپوري
шайпурнавоз	شيپورنواز
шайпурчӣ	شيپورچي
шайтанат	شيطنت
шайтон	شيطان
шайтонак	شيطانک
шайтонароба	شيطان ارابه
шайтонӣ	شيطاني
шайтонпараст	شيطان پرست
шайтонпарастӣ	شيطان پرستي
шайтонсифат	شيطان صفت
шайтонтеригӣ	شيطان تيريگي
шайтонтерӣ	شيطان تيري
шайтонфиреб	شيطان فريب
шайтонча	شيطانچه
шайх	شيخ
шайхӣ	شيخي
шайхтарош	شيخ تراش
шайхулислом	شيخ الاسلام
шайхухат	شيخوخت
шайъ	شئ
шайъӣ	شيئي
шакк	شک
шакалод	شکلاد
шакар	شکر
шакарак	شکرک
шакаракбаста	شکرک بسته
шакарангур	شکرانگور
шакарафшон	شکرافشان
шакарафшонӣ	شکرافشاني
шакарбарг	شکربرگ
шакарбеза	شکربيزه
шакарбодом	شکربادام
шакарбор	شکربار
шакарбура	شکربوره
шакарваш	شکروش
шакарвор	شکروار
шакаргун	شکرگون
шакаргуфтор	شکرگفتار
шакаргуфторӣ	شکرگفتاري
шакардаҳан	شکردهن
шакардаҳон	شکردهان
шакардон	شکردان
шакардор	شکردار
шакарзабон	شکرزبان
шакарзор	شکرزار
шакарин	شکرين
шакаринлаъл	شکرين لعل
шакаристон	شکرستان
шакарӣ	شکري
шакарлаб	شکرلب
шакарланг	شکرلنگ
шакарлаҳҷа	شکرلهجه
шакармаст	شکرمست
шакармурӯд	شکرمرود
шакарнам	شکرنم
шакарнисор	شکرنثار
шакароб	شکراب
шакаролуд	شکرآلود
шакаролуда	شکرآلوده
шакаромехта	شکرآميخته
шакарпо	شکرپا
шакарпора	شکرپاره
шакаррез	شکرريز
шакаррезӣ	شکرريزي
шакарфасона	شکرفسانه
шакарфурӯш	شکرفروش
шакарханд	شکرخند
шакарханда	شکرخنده
шакархез	شکرخيز
шакархоб	شکرخواب
шакархой	شکرخاي
шакархор	شکرخوار
шакарчаш	شکرچش
шакарчой	شکرچاي
шакдор	شکدار
шакидан	شکيدن
шаккар	شکّر
шаккарфишон	شکرفشان
шаккарфишонӣ	شکرفشاني
шаккаршикан	شکرشکن
шаккаршиканӣ	شکرشکني
шаккок	شکّاک
шаккокӣ	شکّاکي
шаккокона	شکّاکانه
шакл	شکل
шаклан	شکلاً
шаклгирӣ	شکل گيري
шаклдиҳӣ	شکل دهي
шаклпараст	شکل پرست
шаклпарастӣ	شکل پرست
шаклсозӣ	شکل سازي
шаққ	شق
шақалдоқ	شقلداق
шақаррос	شقرَّاس
шақар-шақар	شقر شقر
шақиқа	شقيقه
шақӣ	شقي
шаққа	شقّه
шақо	شقا
шақоват	شقاوت
шақоватпеша	شقاوت پيشه
шақоиқ	شقائق
шақоқул	شقاقل
шақ-шақ	شق شق
шақшақа	شقشقه
шал	شل
шалақ	شلق
шалаппас	شلپس
шалап-шалап	شلپ شلپ
шалвор	شلوار
шалворбанд	شلواربند
шалғам	شلغم
шалғамак	شلغمک
шалғамбаркаш	شلغم برکش
шалғамӣ	شلغمي
шалғамча	شلغمچه
шалғамшӯрбо	شلغم شوربا
шалдард	شل درد
шалдарос	شلدراس
шалдар-шалдар	شلدرشلدر
шалил	شليل
шалӣ	شلي
шаллоқ	شلاق
шаллоқӣ	شلاقي
шаллоқкорӣ	شلاق کاري
шалоин	شلاين
шалола	شلاله
шалпар	شلپر
шалпарӣ	شلپري
шалпӯй	شلپوي
шалтақ	شلتق
шалтоқ	شلتاق
шалтӯк	شلتوک
шалҳа	شلهه
шалҳагӣ	شلهگي
шалҳадор	شلهه دار
шалҳидагӣ	شلهيدگي
шамм	شم
шама	شمه
шамад	شمد
шамак	شمک
шаман	شمن
шамар	شمر
шамидан	شميدن
шамила	شميله
шамим	شميم
шамима	شميمه
шамл	شمل
шамма	شمه
шаммома	شمامه
шаммоъ	شماع
шамоил	شمايل
шамол	شمال
шамолгардон	شمال گردان
шамолгузар	شمال گذر
шамолдаро	شمال درا
шамолдиҳӣ	شمال دهي
шамолзада	شمال زده
шамолкаш	شمال کش
шамолнок	شمال ناک
шамолпанаҳ	شمال پنه
шамолпаноҳ	شمال پناه
шамолрас	شمال رس
шамолсанҷ	شمال سنج
шамома	شمامه
шамотат	شماتت
шамотатомез	شماتت آميز
шамонидан	شمانيدن
шампан	شمپن
шампун	شمپون
шамс	شمس
шамса	شمسه
шамсия	شمسيه
шамсӣ	شمسي
шамхол	شمخال
шамшер	شمشير
шамшербадаст	شمشيربدست
шамшербоз	شمشيرباز
шамшербозӣ	شمشيربازي
шамшергар	شمشيرگر
шамшердор	شمشيردار
шамшерёл	شمشيريال
шамшерзабон	شمشيرزبان
шамшерзан	شمشيرزن
шамшерзанӣ	شمشيرزني
шамшерқалам	شمشيرقلم
шамшермонанд	شمشيرمانند
шамшермоҳӣ	شمشيرماهي
шамшерсоз	شمشيرساز
шамшод	شمشاد
шамшодболо	شمشادبالا
шамшодқад	شمشادقد
шамшодқомат	شمشادقامت
шамъ	شمع
шамъгар	شمعگر
шамъгарӣ	شمعگري
шамъдон	شمع دان
шамъкушак	شمع کشک
шамъқайчӣ	شمع قيچي
шамърез	شمع ريز
шамърезӣ	شمع ريزي
шамъсон	شمع سان
шамъча	شمعچه
шамъчароғ	شمعچراغ
шанбалид	شنبليد
шанбе	شنبه
шанбегӣ	شنبه گي
шанг	شنگ
шангарф	شنگرف
шангина	شنگينه
шангӣ	شنگي
шангул	شنگول
шангула	شنگوله
шанғу	شنغو
шанд	شند
шандаф	شندف
шанеъ	شنيع
шаноат	شناعت
шантаж	شنتژ
шапалак	شپلک
шапалоқ	شپلاق
шапидан	شپيدن
шаппотӣ	شپاتي
шап-шап	شپ شپ
шарр	شر
шара	شره
шараққос	شرقّاس
шараққосзанӣ	شرقّاس زني
шараққосӣ	شرقّاسي
шарақ-шарақ	شرق شرق
шаранг	شرنگ
шарангез	شرنگيز
шарар	شرر
шарарангез	شررانگيز
шарарафшон	شررافشان
шарарбор	شرربار
шарарпош	شررپاش
шарарфишон	شررفشان
шарарфишонӣ	شررفشاني
шараф	شرف
шарафёб	شرف ياب
шарафёбӣ	شرف يابي
шарафманд	شرفمند
шарафнок	شرفناک
шарафот	شرفات
шарбат	شربت
шарбатдор	شربت دار
шарбатоб	شربت آب
шарбатобдиҳӣ	شربت آبدهي
шарбатпазӣ	شربت پزي
шарбатфурӯш	شربت فروش
шарбатфурӯшӣ	شربت فروشي
шарбатхона	شربت خانه
шараён	شريان
шараёнӣ	شرياني
шарза	شرزه
шариат	شريعت
шариатгузор	شريعت گذار
шариатдон	شريعت دان
шариатзада	شريعت زده
шариатмадор	شريعت مدار
шариатпаноҳ	شريعت پناه
шариатпарварӣ	شريعت پروري
шаридан	شريدن
шарик	شريک
шарикдавлат	شريک دولت
шарикдарс	شريک درس
шарикдаст	شريک دست
шарикӣ	شريکي
шарикона	شريکانه
шарикулиҷора	شريک الاجاره
шарикулмол	شريک المال
шарир	شرير
шарирона	شريرانه
шариф	شريف
шарқ	شرق
шарқиёна	شرقيانه
шарқихонӣ	شرقي خواني
шарқӣ	شرقي
шарқшинос	شرق شناس
шарқшиносӣ	شرق شناسي
шарм	شرم
шарманда	شرمنده
шармандавор	شرمنده وار
шармандагӣ	شرمندگي
шармгин	شرمگين
шармгинӣ	شرمگيني
шармгинона	شرمگينانه
шармгоҳ	شرمگاه
шармдор	شرم دار
шармдорандагӣ	شرم دارندگي
шармзада	شرم زده
шармидан	شرميدن
шармин	شرمين
шармнок	شرم ناک
шармовар	شرم آور
шармомез	شرم آميز
шармсор	شرم سار
шармсорӣ	شرم ساري
шармҷой	شرم جاي
шароб	شراب
шаробдор	شراب دار
шаробдӯст	شراب دوست
шаробзада	شراب زده
шаробзадагӣ	شراب زدگي
шаробӣ	شرابي
шаробкаш	شراب کش
шаробнӯш	شراب نوش
шаробнӯшӣ	شراب نوشي
шаробпаз	شراب پز
шаробпазӣ	شراب پزي
шаробрез	شراب ريز
шаробсоз	شراب ساز
шаробсозӣ	شراب سازي
шаробфурӯш	شراب فروش
шаробфурӯшӣ	شراب فروشي
шаробхона	شراب خانه
шаробхора	شراب خواره
шаробхорагӣ	شراب خوارگي
шаробхӯр	شراب خور
шаробхӯрӣ	شراب خوري
шаробшинос	شراب شناس
шаробшиносӣ	شراب شناسي
шароин	شراين
шароит	شرائط
шарокат	شراکت
шарокатӣ	شراکتي
шарокатнома	شراکت نامه
шарор	شرار
шарора	شراره
шарорабарорӣ	شراره براري
шарорабор	شراره بار
шарорадор	شراره دار
шароранишон	شراره نشان
шарораолуд	شراره آلود
шарорапош	شراره پاش
шарорат	شرارت
шароратомез	شرارت آميز
шароратпеша	شرارت پيشه
шарофат	شرافت
шарофатманд	شرافت مند
шарофатмандӣ	شرافت مندي
шарофатмандона	شرافت مندانه
шаррақӣ	شرّقي
шаррос	شرّاس
шарросӣ	شرّاسي
шарруннос	شرالناس
шарт	شرط
шартакигӯӣ	شرتکي گويي
шартакигӯй	شرتکي گوي
шартан	شرطاً
шартбандӣ	شرط بندي
шартдор	شرط دار
шартикунон	شرتي کنان
шартӣ	شرطي
шартнома	شرط نامه
шартномабандӣ	شرط نامه بندي
шартномавӣ	شرط ناموي
шартномапазир	شرط نامه پذير
шарт-шурт	شرت شرت
шарфа	شرفه
шарҳ	شرح
шарҳа	شرحه
шарҳдиҳанда	شرح دهنده
шарҳдиҳӣ	شرح دهي
шарҳдор	شرح دار
шар-шар	شر شر
шаршара	شرشره
шаръ	شرع
шаръан	شرعاً
шаръӣ	شرعي
шассӣ	شسي
шастгир	شست گير
шастсола	شصت ساله
шастсолагӣ	شصت سالگي
шастум	شصتم
шастумин	شصتمين
шатт	شط
шатак	شتک
шатакбандӣ	شتک بندي
шатакчӯб	شتک چوب
шатал	شتل
шатан	شطن
шатм	شتم
шатр	شطر
шатрама	شترمه
шатранг	شترنگ
шатранҷ	شطرنج
шатранҷбоз	شطرنج باز
шатранҷбозӣ	شطرنج بازي
шатранҷӣ	شطرنجي
шатта	شتّه
шаттоҳ	شطّاح
шаттоҳӣ	شطاحي
шатун	شتون
шатҳ	شطح
шафақ	شفق
шафақат	شفقت
шафақгун	شفق گون
шафақӣ	شفقي
шафақосо	شفق آسا
шафақранг	شفق رنگ
шафақрухсора	شفق رخساره
шафат	شفت
шафеъ	شفيع
шафиқ	شفيق
шафиқона	شفيقانه
шафира	شفيره
шафқатомез	شفقت آميز
шафоат	شفاعت
шафоатгар	شفاعت گر
шафоаткунанда	شفاعت کننده
шафоатнома	شفاعت نامه
шафоатталаб	شفاعت طلب
шафоатталабӣ	شفاعت طلبي
шафоатхоҳ	شفاعت خواه
шафоатхоҳӣ	شفاعت خواهي
шафра	شفره
шафтаранг	شفترنگ
шафтолу	شفتالو
шафтолугин	شفتالوگين
шафтолугӣ	شفتالوگي
шафтолугул	شفتالوگل
шафтолузор	شفتالوزار
шафтолуқоқ	شفتالوقاق
шафтолуоб	شفتالوآب
шафтолуранг	شفتالورنگ
шаффоф	شفّاف
шаффофият	شفّافيت
шаффофӣ	شفّافي
шафша	شفشه
шаф-шаф	شف شف
шафшоҳанг	شفشاهنگ
шах	شخ
шахдам	شخدم
шахдаст	شخ دست
шахзамин	شخ زمين
шахӣ	شخي
шахкамон	شخ کمان
шахкамонӣ	شخت کماني
шахкоса	شخ کاسه
шахнавард	شخنورد
шахор	شخار
шахпора	شخ پاره
шахс	شخص
шахсан	شخضا
шахсият	شخضيت
шахсиятпараст	شخصيت پرست
шахсиятпарастӣ	شخصيت پرستي
шахсӣ	شخصي
шахсоният	شخصانيت
шахспарастӣ	شخص پرستي
шахудан	شخودن
шахулидан	شخوليدن
шахча	شخچه
шахҷилав	شخجلو
шахш	شخش
шахшавӣ	شخشوي
шахшидан	شخشيدن
шахшуда	شخ شده
шахшудамонда	شخ شد ه مانده
шахшӯл	شخشول
шахшӯлӣ	شخشولي
шаҳ	شه
шаҳавот	شهوات
шаҳаншоҳ	شهنشاه
шаҳбайт	شه بيت
шаҳбоз	شهباز
шаҳбол	شهبال
шаҳват	شهوت
шаҳватангез	شهوت انگيز
шаҳватнок	شهوت ناک
шаҳватомез	شهوت آميز
шаҳватпараст	شهوت پرست
шаҳватпарастӣ	شهوت پرستي
шаҳватпарастона	شهوت پرستانه
шаҳватронӣ	شهوت راني
шаҳвонӣ	شهواني
шаҳвор	شهوار
шаҳд	شهد
шаҳдбор	شهد بار
шаҳдгуфтор	شهد گفتار
шаҳддор	شهد دار
шаҳдӣ	شهدي
шаҳдрез	شهد ريز
шаҳдханд	شهد خند
шаҳзода	شهزاده
шаҳзодагӣ	شهزادگي
шаҳид	شهيد
шаҳиқ	شهيق
шаҳин	شهين
шаҳир	شهير
шаҳӣ	شهي
шаҳкоса	شه کاسه
шаҳқа	شهقه
шаҳло	شهلا
шаҳлочашм	شهلا جشم
шаҳлут	شهلوت
шаҳм	شهم
шаҳна	شهنه
шаҳнагӣ	شهنگي
шаҳнагоҳ	شهنه گاه
шаҳнай	شهني
шаҳнишин	شه نشين
шаҳноз	شهناز
шаҳной	شهناي
шаҳоб	شهاب
шаҳобранг	شهاب رنگ
шаҳодат	شهادت
шаҳодатгоҳ	شهادت گاه
шаҳодатнома	شهادت نامه
шаҳомат	شهامت
шоҳпар	شاهپر
шаҳр	شهر
шаҳрак	شهرک
шаҳрафрӯз	شهر افروز
шаҳрбанд	شهربند
шаҳрванд	شهروند
шаҳрвандӣ	شهروندي
шаҳрдида	شهرديده
шаҳрдор	شهردار
шаҳрдорӣ	شهرداري
шаҳривар	شهريور
шаҳриварӣ	شهريوري
шаҳриёна	شهريانه
шаҳриёр	شهريار
шаҳриёрӣ	شهرياري
шаҳристон	شهرستان
шаҳристонӣ	شهرستاني
шаҳрӣ	شهري
шаҳрнишин	شهرنشين
шаҳророӣ	شهرآرايي
шаҳроҳ	شهراه
шаҳрошӯб	شهر آشوب
шаҳрошӯбона	شهرآشوبانه
шаҳрух	شهرخ
шаҳррӯд	شهررود
шаҳрӯд	شهرود
шаҳрсоз	شهرساز
шаҳрсозӣ	شهرسازي
шаҳртош	شهرتاش
шаҳрча	شهرچه
шаҳсавор	شه سوار
шаҳсутун	شه ستون
шаҳсуфа	شه صفه
шаҳтор	شه تار
шаҳтут	شهتوت
шаҳҷӯй	شهجوي
шаҳшароб	شهشراب
шаҷан	شجن
шаҷар	شجر
шаҷара	شجره
шаҷарӣ	شجري
шаҷаранавис	شجره نويس
шаҷарнома	شجرنامه
шаҷир	شجير
шаҷом	شجام
шаш	شش
шашангушта	شش انگشته
шашафзол	شش افزال
шашафзор	شش افزار
шашбалла	شش بلّه
шашбела	شش بيله
шашбурҷа	شش برجه
шашгӯша	شش گوشه
шашдар	شش در
шашдара	شش دره
шашдонг	شش دانگ
шашӣ	ششي
шашка	ششکه
шашкабоз	ششکه باز
шашкабозӣ	ششکه بازي
шашкарата	شش کرته
шашкаратӣ	شش کرتي
шашкунҷа	شش کنجه
шашқабата	شش قبطه
шашқатор	شش قطار
шашмақом	ششمقام
шашмақомдон	ششمقام دان
шашмақомхон	ششمقام جوان
шашметра	شش متره
шашметрӣ	ششمتري
шашмоҳа	شش ماهه
шашмоҳагӣ	ششماهگي
шашошёна	شش آشيانه
шашошёнадор	شش آشيانه دار
шашпанҷзан	ششپنج زن
шашпар	شش پر
шашпо	شش پا
шашрукна	شش رکنه
шашрӯза	شش روزه
шашрӯзагӣ	شش روزگي
шашрӯзӣ	شش روزي
шашрӯя	شش رويه
шашсад	شش صد
шашсадӣ	شش صدي
шашсадум	شش صدم
шашсадумин	شش صدمين
шашсарӣ	شش سري
шашсоата	شش ساعته
шашсоатӣ	شش ساعتي
шашсола	شش ساله
шашсолагӣ	شش سالگي
шашсолӣ	شش سالي
шаштабақа	شش طبقه
шаштарафа	شش طرفه
шаштира	شش تيره
шаштогӣ	ششتاگي
шаштоӣ	ششتايي
шаштор	شش تار
шашҳазора	شش هزاره
шашҳазорӣ	شش هزاري
шашҳарба	شش حربه
шашҳафтаина	شش هفتئينه
шашҷилда	شش جلده
шашҷилдӣ	ششجلدي
шашяк	شش يک
шаъб	شعب
шаъбада	شعبده
шаъбадабоз	شعبده باز
шаъбадабозӣ	شعبده بازي
шаъбон	شعبان
шон	شان
шаър	شعر
шаърбоф	شعرباف
шаърпӯш	شعر پوش
шаъшаа	شعشعه
шаъшаадор	شعشعه دار
шаъшаапош	شعشعه پاش
шаъшаапошӣ	شعشعه پاشي
шеб	شيب
шеба	شيبه
шебдор	شيب دار
шебидан	شيبيدن
шебо	شيبا
шева	شيوه
шевабоз	شيوه باز
шевагар	شيوه گر
шевагарӣ	شيوه گري
шевагӣ	شيوگي
шеван	شيون
шеванд	شيوند
шевашинос	شيوه شناس
шевашиносӣ	شيوه شناسي
шево	شيوا
шевозабон	شيوازبان
шевоӣ	شيوايي
шед	شيد
шелон	شيلان
шер	شير
шерак	شيرک
шерамард	شير مرد
шерафкан	شير افکن
шербача	شيربچه
шербозу	شيربازو
шербон	شيربان
шерваш	شيروش
шеравжан	شيراوژن
шервон	شيروان
шервонипӯш	شيرواني پوش
шервонӣ	شيرواني
шервор	شير وار
шергир	شير گير
шердил	شير دل
шердилӣ	شير دلي
шердилона	شير دلانه
шердор	شيردار
шерзаҳра	شير زهره
шерзод	شير زاد
шерзӯр	شير زور
шерӣ	شيري
шермард	شير مرد
шермардӣ	شير مردي
шермонанд	شيرمانند
шероза	شيرازه
шерозабанд	شيرازه بند
шерозабандӣ	شيرازه بندي
шерозадӯз	شيرازه دوز
шерозадӯзӣ	شيرازه دوزي
шерозӣ	شيرازي
шерона	شيرانه
шеросо	شيرآسا
шерпаланг	شيرپلنگ
шерпанҷа	شيرپنجه
шерсаг	شيرسگ
шерсифат	شير صفت
шерсон	شيرسان
шертавон	شير توان
шертан	شيرتن
шерфаш	شيرفش
шершикор	شيرشکار
шеф	شيف
шефӣ	شيفي
шефта	شيفته
шефтагӣ	شيفتگي
шефтадил	شيفته دل
шефтан	شيفتن
шеҳа	شيهه
шеҳакашӣ	شيهه کشي
шеър	شعر
шеърбоф	شعرباف
шеърбофӣ	شعربافي
шеъргӯӣ	شعرگويي
шеърдон	شعردان
шеърдонӣ	شعرداني
шеърдузд	شعردزد
шеърдӯст	شعردوست
шеърдӯстӣ	شعردوستي
шеърёдкунӣ	شعريادکني
шеърият	شعريت
шеърӣ	شعري
шеърнавис	شعر نويس
шеърнависӣ	شعر نويسي
шеъррас	شعررس
шеърсарой	شعرسراي
шеъртироз	شعرطراز
шеърфаҳм	شعرفهم
шеърфаҳмӣ	شعرفهمي
шеърхон	شعرخوان
шеърхонӣ	شعرخواني
шеършинос	شعر شناس
шеършиносӣ	شعر شناسي
шиа	شيعه
шиамазҳаб	شيعه مذهب
шибар	شبر
шибарзамин	شبرزمين
шибаршавӣ	شبرشوي
шибба	شبه
шиббазанӣ	شبه زني
шиббакунӣ	شبه کني
шиббакӯбак	شبه کوبک
шиббамошин	شبه ماشين
шиббахӯрда	شبه خورده
шибирғонӣ	شبرغاني
шибир-шибир	شبر شبر
шибит	شبت
шибоғ	شباغ
шибоғӣ	شباغي
шибр	شبر
шибрам	شبرم
шибурғонӣ	شبرغاني
шиб-шидам	شب شدم
шиб-шилта	شب شلته
шивар	شور
шиварзамин	شورزمين
шивир-шивир	شويرشوير
шивоқ	شواق
шигарф	شگرف
шигарфӣ	شگرفي
шигифт	شگفت
шигифтан	شگفتن
шигифтидан	شگفتيدن
шигифтӣ	شگفتي
шигоф	شگاف
шигофидан	شگافيدن
шигофтан	شگافتن
шигуфа	شگوفه
шигуфонидан	شگوفانيدن
шигуфтан	شگفتن
шиғ	شغ
шиғғас	شغّس
шиғел	شغيل
шиддат	شدت
шиддатгирӣ	شدت گيري
шиддатёбӣ	شدت يابي
шиддатнок	شدتناک
шиддатнокӣ	شدتناکي
шиён	شيان
шиёр	شيار
шиз	شيز
шикам	شکم
шикамба	شکمبه
шикамбанд	شکم بند
шикамбанда	شکم بنده
шикамбандагӣ	شکم بند گي
шикамгирифта	شکم گرفته
шикамгирифтагӣ	شکم گرفتگي
шикамгурусна	شکم گرسنه
шикамғафс	شکم غفس
шикамдам	شکم دم
шикамдард	شکم درد
шикамдор	شکم دار
шикамӣ	شکمي
шикамкалон	شکم کلان
шикамнокӣ	شکمناکي
шикампараст	شکم پرست
шикампарастӣ	شکم پرستي
шикампарвар	شکم پرور
шикампарварӣ	شکم پروري
шикампеч	شکم پيچ
шикампечон	شکم پيچان
шикамрав	شکم رو
шикамсер	شکم سير
шикамсерӣ	شکم سيري
шикамча	شکمچه
шикамчарон	شکم چران
шикамчаронӣ	شکم چراني
шикан	شکن
шиканҷ	شکنج
шиканҷа	شکنجه
шиканҷагоҳ	شکنجه گاه
шиканҷаомез	شکنجه آميز
шикара	شکره
шикаст	شکست
шикаста	شکسته
шикастабанд	شکسته بند
шикастабандӣ	شکسته بندي
шикастабозу	شکسته بازو
шикастабол	شکسته بال
шикаставор	شکسته وار
шикаставорӣ	شکسته واري
шикастагӣ	شکستگي
шикастадил	شکسته دل
шикастадилӣ	شکسته دلي
шикастазабон	شکسته زبان
шикастакомӣ	شکسته کامي
шикастамизоҷ	شکسته مزاج
шикастан	شکستن
шикастанафс	شکسته نفس
шикастанафсӣ	شکسته نفسي
шикастанашаванда	شکسته نشونده
шикастаном	شکسته نام
шикастанопазир	شکسته ناپذير
шикастапайванд	شکسته پيوند
шикастапой	شکسته پاي
шикастапора	شکسته پاره
шикастаранг	شکسته رنگ
шикастарӯҳ	شکسته روح
шикастаустухон	شکسته استخوان
шикастахотир	شکسته خاطر
шикастахотирӣ	شکسته خاطري
шикастаҳол	شکسته حال
шикастаҳолӣ	شکسته حالي
шикастаҷон	شکسته جان
шикастаҷонӣ	شکسته جاني
шикасташох	شکسته شاخ
шикастнаёбанда	شکست نيابنده
шикастнахӯранда	شکست نخورده
шикастнопазир	شکست ناپذير
шикастнопазирӣ	شکست ناپذيري
шикастовар	شکست آور
шикастурехт	شکست وريخت
шикастхӯрда	شکست خورده
шикастхӯрӣ	شکست خوري
шиква	شکوه
шикваомез	شکوه آميز
шикеб	شکيب
шикебанда	شکيبنده
шикебидан	شکيبيدن
шикебо	شکيبا
шикебоӣ	شکيبائي
шикебонидан	شکيبانيدن
шикол	شکال
шикор	شکار
шикоргир	شکارگير
шикоргоҳ	شکارگاه
шикордузд	شکار دزد
шикордуздӣ	شکاردزدي
шикоридан	شکاريدن
шикорӣ	شکاري
шикорчигӣ	شکارچيگي
шикорчӣ	شکارچي
шикоф	شکاف
шикофа	شکافه
шикофидан	شکافيدن
шикофӣ	شکافي
шикофкунӣ	شکاف کني
шикофтан	شکافتن
шикоят	شکايت
шикоятгар	شکايتگر
шикоятӣ	شکايتي
шикояткунанда	شکايت کننده
шикоятнома	شکايت نامه
шикоятнопазир	شکايت ناپذير
шикоятомез	شکايت آميز
шикоятомезона	شکايت آميزانه
шикух	شکوخ
шикухидан	شکوخيدن
шикӯҳ	شکوه
шикӯҳандагӣ	شکوهندگي
шикӯҳидан	شکوهيدن
шиққ	شقّ
шиқиррос	شقرّاس
шиқоқ	شقاق
шил	شل
шилдироба	شلدر آبه
шилдирос	شلدراس
шилдиросзанӣ	شلدراس زني
шилдиросзанон	شلدراس زنان
шилим	شلم
шилимпазӣ	شلم پزي
шилқ	شلق
шилқин	شلقين
шилқинӣ	شلقيني
шиллик	شليک
шиллинг	شيلنگ
шилм	شلم
шилмак	شلمک
шилмпазӣ	شلم پزي
шилпуқ	شلپق
шилта	شلته
шилтиқ	شلتق
шилтоқ	شلتاق
шилха	شلخه
шилхашӯрбо	شلخه شوربا
шилҳа	شلهه
шилҳашӯрбо	شلهه شوربا
шилшила	شلشله
шилшиладор	شلشله دار
шилшилапо	شلشله پا
шим	شيم
шимол	شمال
шимолӣ	شمالي
шимпанзе	شمپنزي
шимшор	شمشار
шин	شين
шинабарорӣ	شينه براري
шинак	شينک
шинакнишин	شينک نشين
шинаксоз	شينک ساز
шинаксозӣ	شينک سازي
шинам	شينم
шингарф	شنگرف
шингил	شنگل
шинел	شنيل
шинелпӯш	شنيل پوش
шино	شنا
шиновар	شناور
шиноварӣ	شناوري
шинокунанда	شناکننده
шинор	شنار
шинос	شناس
шиноснома	شناس نامه
шиносномадиҳӣ	شناسنامه دهي
шиносо	شناسا
шиносоӣ	شناسائي
шинохт	شناخت
шинохта	شناخته
шинохтан	شناختن
шинохтанашаванда	شناخته نشونده
шинуфтан	شنفتن
шинухез	شين و خيز
шинуша	شنوشه
шинҷарф	شنجرف
шиор	شعار
шиорпартоӣ	شعار پرتائي
шипанг	شپنگ
шипелидан	شپيليدن
шипиррос	شپرّاس
шиппак	شپک
шиппӣ	شپي
шиппондан	شپاندن
шип-шилта	شپ شلته
шип-шип	شپ شپ
шир	شير
шира	شيره
ширавор	شيره وار
ширавордон	شيره واردان
шираворпаз	شيره وار پز
шираворпазӣ	شيره وار پزي
шираворфурӯш	شيره وار فروش
шираворфурӯшӣ	شيره وار فروشي
шираворхона	شيره وارخانه
ширадор	شيره دار
ширакайф	شيره کيف
ширакайфӣ	شيره کيفي
ширакаш	شيره کش
ширакашӣ	شيره کشي
ширанок	شيره ناک
ширатола	شيراتاله
ширбадан	شيربدن
ширбаҳо	شيربها
ширбиринҷ	شيربرنج
ширбо	شير با
ширбоз	شيرباز
ширбӯй	شيربوي
ширвонӣ	شيرواني
ширвор	شيروار
ширгарм	شيرگرم
ширгиёҳ	شيرگياه
ширгов	شيرگاو
ширгун	شيرگون
ширдеҳ	شير ده
ширдиҳӣ	شير دهي
ширдоғ	شير داغ
ширдон	شيردان
ширдор	شير دار
ширдӯш	شيردوش
ширдӯшӣ	شير دوشي
ширеш	شريش
ширешкорӣ	شريش کاري
ширешкоса	شيريش کاسه
ширешпаз	شريش پز
ширешпазӣ	شريش پزي
ширён	شيريان
ширзада	شيرزده
ширзима	شيرذمه
ширин	شيرين
ширинадо	شيرين ادا
ширинадоӣ	شيرين ادائي
ширинбаён	شيرين بيان
ширинбия	شيرينبيه
ширингуфтор	شيرين گفتار
ширингуфторӣ	شيرين گفتاري
шириндаҳан	شيرين دهن
шириндаҳон	شيرين دهان
шириндона	شيرين دانه
ширинзабон	شيرين زبان
ширинзабонӣ	شيرين زباني
ширинидӯст	شيريني دوست
ширинипаз	شيريني پز
ширинипазӣ	شيريني پزي
ширинипазхона	شيريني پزخانه
ширинифурӯш	شيريني فروش
ширинифурӯшӣ	شيريني فروشي
ширинихӯр	شيريني خور
ширинӣ	شيريني
ширинкалом	شيرين کلام
ширинком	شيرين کام
ширинкома	شيرين کامه
ширинкор	شيرين کار
ширинкорӣ	شيرين کاري
ширинлаб	شيرين لب
ширинлиқо	شيرين لقا
ширинмаза	شيرين مزه
ширинмия	شيرينميه
шириннамо	شيرين نما
шириннафас	شيرين نفس
ширинрақам	شيرين رقم
ширинсуруд	شيرين سرود
ширинсухан	شيرين سخن
ширинсуханӣ	شيرين سخني
ширинтакаллум	شيرين تکلم
ширинтарона	شيرين ترانه
ширинханд	شيرين خند
ширинхисол	شيرين خصال
ширинҳаракот	شيرين حرکت
ширинча	شيرينچه
ширинҷавоб	شيرين جواب
шириншамоил	شيرين شمائل
ширӣ	شيري
ширк	شرک
ширкаду	شيرکدو
ширкат	شرکت
ширкаткунанда	شرکت کننده
ширқаҳва	شيرقهوه
ширқиём	شيرقيام
ширмак	شيرمک
ширмаст	شيرمست
ширмаҳтоб	شيرمهتاب
ширмол	شيرمال
ширмолпаз	شيرمال پز
ширмолпазӣ	شيرمال پزي
ширмоҳӣ	شيرماهي
ширмурғ	شيرمرغ
ширнавбат	شيرنوبت
шировар	شيرآور
широз	شيراز
широк	شراک
ширпайванд	شيرپيوند
ширпарвард	شيرپرورد
ширполак	شيرپالک
ширполо	شيرپالا
ширпулӣ	شيرپولي
ширравған	شيرروغن
ширранг	شيررنگ
ширрос	شيراس
ширсӯз	شير سوز
ширфурӯш	شيرفروش
ширфурӯшӣ	شيرفروشي
ширхишт	شيرخشت
ширхона	شيرخانه
ширхора	شيرخواره
ширхорагӣ	شيرخار گي
ширхӯр	شيرخور
ширхӯра	شيرخوره
ширхӯрагӣ	شير خورگي
ширчой	شيرچاي
ширҷӯш	شيرجوش
ширҷӯшӣ	شيرجوشي
шир-шир	شرشر
ширшӯла	شير شوله
ширъат	شرعت
шистан	شستن
шитиррос	شترّاس
шито	شتاء
шитоб	شتاب
шитобзада	شتاب زده
шитобзадагӣ	شتاب زدگي
шитобидан	شتابيدن
шитобкор	شتاب کار
шитобкорӣ	شتاب کاري
шитобкорона	شتاب کارانه
шитобкунӣ	شتاب کني
шитоболуд	شتاب آلود
шитобон	شتابان
шитоланг	شتالنگ
шитолинг	شتالنگ
шитофтан	شتافتن
шитта	شتّه
шифер	شيفير
шифербарорӣ	شيفير براري
шиферӣ	شيفيري
шиферпӯш	شيفير پوش
шиферфурӯш	شيفير فروش
шиферфурӯшӣ	شيفير فروشي
шифо	شفا
шифоангез	شفاانگيز
шифобахш	شفا بخش
шифобахшӣ	شفابخشي
шифодиҳанда	شفا دهنده
шифоёбанда	شفايابنده
шифоёбӣ	شفايابي
шифокор	شفاکار
шифон	شفان
шифонер	شفانير
шифонопазир	شفاناپذير
шифопазир	شفا پذير
шифохона	شفا خانه
шифоҳан	شفاهاً
шифоҳӣ	شفاهي
шифр	شيفر
шифркушоӣ	شيفر کشاي
шифт	شفت
шифтрав	شفت رو
шихор	شخار
шиҳ	شيه
шиҳа	شيهه
шиҳак	شيهک
шиҳакашӣ	شيهه کشي
шиҳоб	شهاب
шиҳобборон	شهاب باران
шиҳобиранг	شهابي رنگ
шиҳобӣ	شهابي
шиҳобпора	شهاب پاره
шиҳобсифат	شهاب صفت
шиша	شيشه
шишабанд	شيشه بند
шишабандӣ	شيشه بندي
шишабарорӣ	شيشه براري
шишабоз	شيشه باز
шишабозӣ	شيشه بازي
шишабур	شيشه بر
шишабурак	شيشه برک
шишабурӣ	شيشه بري
шишавор	شيشه وار
шишагар	شيشه گر
шишагарӣ	شيشه گري
шишагин	شيشگين
шишагӣ	شيشگي
шишагун	شيشه گون
шишадил	شيشه دل
шишадор	شيشه دار
шишак	شيشک
шишакор	شيشه کار
шишакорӣ	شيشه کاري
шишум	شيشم
шишам	شيشم
шишамайда	شيشه ميده
шишамонанд	شيشه مانند
шишаниҳод	شيشه نهاد
шишапаз	شيشه پز
шишапазӣ	شيشه پزي
шишапахта	شيشه پخته
шишапора	شيشه پاره
шишареза	شيشه ريزه
шишасоз	شيشه ساز
шишасозӣ	شيشه سازي
шишатозакунак	شيشه تازه کنک
шишаҷон	شيشه جان
шишт	ششت
шиштан	ششتن
шишта-шишта	ششته ششته
шиштухез	ششت وخيز
шиштухезӣ	ششت وخيزي
шлагбаум	شلگبئم
шланг	شلنگ
шлюз	شليوز
шобб	شاب
шобезак	شابيزک
шобоз	شاباز
шобош	شاباش
шовинизм	شاوينزم
шовинист	شاونيس
шовинистӣ	شاونيستي
шогирд	شاگرد
шогирдак	شاگردک
шогирдӣ	شاگردي
шогирдона	شاگردانه
шогирдпеша	شاگرد پيشه
шогирдпешаӣ	شاگرد پيشه اي
шогирдчӯб	شاگرد چوب
шод	شاد
шодарвон	شادروان
шодбаҳр	شادبهر
шодбод	شادباد
шодбодӣ	شادبادي
шодвард	شادورد
шодгуна	شادگونه
шоддил	شاددل
шодиангез	شادي انگيز
шодибахш	شادي بخش
шодиёна	شاديانه
шодимарг	شادي مرگ
шодиовар	شادي آور
шодӣ	شادي
шодком	شادکام
шодкомӣ	شادکامي
шодмон	شادمان
шодмонӣ	شادماني
шодмонона	شادمانانه
шодоб	شاداب
шодон	شادان
шодондил	شادان دل
шодравон	شاد روان
шодурвон	شادروان
шодхор	شادخوار
шодхорӣ	شادخواري
шоеа	شايعه
шоеъ	شايع
шоён	شايان
шоиба	شائبه
шоиқ	شائق
шоир	شاعر
шоира	شاعره
шоирӣ	شاعري
шоирнамо	شاعر نما
шоирона	شاعرانه
шоиртабиат	شاعر طبيعت
шоиртабъ	شاعرطبع
шоиртарош	شاعر تراش
шоиртарошӣ	شاعرتراشي
шоиста	شايسته
шоистагӣ	شايستگي
шоистан	شايستن
шойвард	شايورد
шойгон	شايگان
шокир	شاکر
шокӣ	شاکي
шокор	شاکار
шокоса	شاکاسه
шоққ	شاق
шоққа	شاقه
шоқул	شاقول
шоқулӣ	شاقولي
шол	شال
шолвор	شالوار
шолизор	شالي زار
шоликор	شالي کار
шоликорӣ	شالي کاري
шоликӯбак	شالي کوبک
шоликӯбӣ	شالي کوبي
шолипахол	شالي پخال
шолипоя	شالي پايه
шолӣ	شالي
шолнамад	شال نمد
шолуда	شالوده
шолҳанг	شالهنگ
шолча	شالچه
шом	شام
шомгоҳ	شامگاه
шомгоҳон	شامگاهان
шомиёна	شاميانه
шомил	شامل
шомих	شامخ
шомӣ	شامي
шомма	شامه
шомхӯрда	شام خورده
шона	شانه
шонабайн	شانه بين
шонабандӣ	شانه بندي
шонабаҳо	شانه بها
шонагӣ	شانگي
шонадон	شانه دان
шоназан	شانه زن
шоназанӣ	شانه زني
шонакунӣ	شانه کني
шонамонанд	شانه مانند
шонанадида	شانه نديده
шонапартоӣ	شانه پرتائي
шонапаҳн	شانه پهن
шонасарак	شانه سرک
шонасифат	شانه صفت
шонатарош	شانه تراش
шонатарошӣ	شانه تراشي
шонафарох	شانه فراخ
шонахӯрда	شانه خورده
шондан	شاندن
шонздаҳ	شانزده
шонздаҳсола	شانزده ساله
шонздаҳсолагӣ	شانزده سالگي
шонздаҳум	شانزدهم
шонздаҳумин	شانزدهمين
шонӣ	شاني
шончӯб	شان چوب
шопул	شاپول
шор	شار
шора	شاره
шорак	شارک
шорбун	شاربون
шореҳ	شارح
шореъ	شارع
шориб	شارب
шоридан	شاريدن
шориқ	شارق
шориқа	شارقه
шористон	شارستان
шоро	شارا
шорон	شاران
шорондан	شاراندن
шорсон	شارسان
шоспарам	شاسپرم
шоссе	شاسي
шот	شات
шотара	شاتره
шотир	شاطر
шотирхона	شاطر خانه
шоту	شاتو
шотупоя	شاتو پايه
шоу	شاو
шоф	شاف
шофак	شافک
шофбурут	شاف بروت
шофеия	شافيعيه
шофеӣ	شافعي
шофеъ	شافع
шофӣ	شافي
шофмоҳӣ	شاف ماهي
шофмӯйлаб	شاف مويلب
шох	شاخ
шоха	شاخه
шохак	شاخک
шохбанд	شاخبند
шохбаст	شاخبست
шохбур	شاخ بر
шохдор	شاخ دار
шохзан	شاخ زن
шохзанӣ	شاخ زني
шохис	شاخص
шоҳидбоз	شاهد باز
шоҳидбозӣ	شاهدبازي
шоҳидӣ	شاهدي
шоҳидпараст	شاهدپرست
шоҳидпарастӣ	شاهدپرستي
шоҳикабоб	شاهي کباب
шоҳиқ	شاهق
шоҳимардон	شاهي مردان
шоҳин	شاهين
шоҳиншаҳпар	شاهين شهپر
шоҳӣ	شاهي
шоҳкабоб	شاه کباب
шоҳкор	شاه کار
шоҳкоса	شاه کاسه
шоҳкосачашм	شاه کاسه چشم
шоҳмор	شاهمار
шоҳмот	شاهمات
шоҳмотбоз	شاهمات باز
шоҳмотбозӣ	شاهمات بازي
шоҳнай	شاهني
шоҳнишин	شاه نشين
шоҳномасароӣ	شاهنامه سرايي
шоҳномахон	شاهنامه خوان
шоҳномахонӣ	شاهنامه خواني
шоҳона	شاهانه
шоҳпараст	شاه پرست
шоҳпарастӣ	شاه پرستي
шоҳписанд	شاه پسند
шоҳпул	شاه پول
шоҳраг	شاهرگ
шоҳроҳ	شاهراه
шоҳрӯд	شاهرود
шоҳсавор	شاهسوار
шоҳсим	شاهسيم
шоҳсипарғам	شاهسپرغم
шоҳсутун	شاهستون
шоҳтара	شاهتره
шоҳтир	شاهتير
шоҳтут	شاهتوت
шоҳҷода	شاهجاده
шоша	شاشه
шошадон	شاشه دان
шошбанд	شاش بند
шошидан	شاشيدن
шояд	شايد
шоям	شايم
шпал	شپل
шпат	شپت
штамп	شتمپ
штангабардор	شتنگه بردار
штапел	شتپيل
штат	شتت
штатӣ	شتتي
штемпел	شتيمپل
шуаб	شعب
шуаро	شعرا
шубоб	شباب
шубон	شبان
шубонӣ	شباني
шубҳа	شبهه
шубҳаангез	شبهه انگيز
шубҳадор	شبهه دار
шубҳакунанда	شبهه کننده
шубҳанок	شبهه ناک
шубҳанокӣ	شبهه ناکي
шубҳаовар	شبهه آور
шубҳаомез	شبهه آميز
шуввӣ	شوي
шувот	شوات
шуг	شگ
шугун	شگون
шугуфтан	شگفتن
шуғ	شغ
шуға	شغه
шуғл	شغل
шуғнӣ	شغني
шуғнонӣ	شغناني
шудан	شدن
шуданӣ	شدني
шудгор	شدگار
шудгорбоб	شدگار باب
шудгоркунӣ	شدگارکني
шудгорпулӣ	شدگارپولي
шудгоршуда	شدگارشده
шудомад	شدآمد
шуйӯъ	شيوع
шук	شک
шукр	شکر
шукргузор	شکر گذار
шукргузорӣ	شکر گذاري
шукрия	شکريه
шукрнома	شکرنامه
шукрон	شکران
шукрона	شکرانه
шукуфа	شکوفه
шукуфадор	شکوفه دار
шукуфазор	شکوفه زار
шукуфо	شکوفا
шукуфон	شکوفان
шукуфонидан	شکوفانيدن
шукуфонӣ	شکوفاني
шукуфт	شکفت
шукуфта	شکفته
шукуфтан	شکفتن
шукуфтарӯй	شکفته روي
шукуфтахӯй	شکفته خوي
шукӯҳ	شکوه
шукӯҳдор	شکوه دار
шукӯҳидан	شکوهيدن
шукӯҳманд	شکوهمند
шукӯҳмандӣ	شکوه مندي
шукӯҳнок	شکوه ناک
шукӯҳнокӣ	شکوه ناکي
шуққа	شقه
шулғут	شلغوت
шуллук	شلّوک
шуллукдон	شلوک دان
шулон	شولان
шулха	شلخه
шулхахӯр	شلخه خور
шум	شوم
шумат	شمت
шумбача	شوم بچه
шумгиёҳ	شوم گياه
шумдидор	شوم ديدار
шумзода	شوم زاده
шумер	شومير
шумерӣ	شوميري
шумӣ	شومي
шумқадам	شوم قدم
шумнафас	شوم نفس
шумо	شما
шумор	شمار
шумора	شماره
шуморагузор	شماره گذار
шуморагузорӣ	شماره گذاري
шуморазанӣ	شماره زني
шумориш	شمارش
шумпай	شوم پي
шумпой	شوم پاي
шумтол	شومتال
шумтолеъ	شوم طالع
шумул	شمول
шумур	شمر
шумурдан	شمردن
шумурда	شمرده
шумхабар	شوم خبر
шумшакл	شوم شکل
шумшапалак	شوم شپلک
шумшук	شوم شوک
шунаванда	شنونده
шунавидан	شنويدن
шунаво	شنوا
шунавоӣ	شنوايي
шунавонидан	شنوانيدن
шунаҳ	شنه
шунид	شنيد
шунидан	شنيدن
шуниданашуда	شنيده نشده
шуниданӣ	شنيدني
шуниз	شنيز
шунқор	شنقار
шунуфтан	شنفتن
шунуфтанӣ	شنفتني
шуоъ	شعاع
шуоъафкан	شعاع افکن
шуоъафканӣ	شعاع افکني
шуоъдор	شعاع دار
шуоъзанӣ	شعاع زني
шуоъосо	شعاع آسا
шуоъпош	شعاع پاش
шупушк	شپشک
шурако	شرکا
шурафо	شرفا
шурб	شرب
шуррут	شرّوت
шурта	شرطه
шуруқ	شروق
шурур	شرور
шурут	شروط
шуруф	شرف
шурӯҳ	شروح
шурӯъ	شروع
шурфа	شرفه
шуста	شسته
шустагар	شسته گر
шустагарӣ	شسته گري
шустадил	شسته دل
шустан	شستن
шусташуда	شسته شده
шустушӯй	شست وشوي
шутулум	شتلم
шутур	شتر
шутуракӣ	شترکي
шутурбача	شتربچه
шутурбон	شتربان
шутурбонӣ	شترباني
шутурбор	شتربار
шутурвор	شتروار
шутургардан	شتر گردن
шутургиёҳ	شتر گياه
шутурғоз	شترغاز
шутурдил	شتر دل
шутурдилӣ	شتردلي
шутурдор	شتردار
шутурзаҳра	شترزهره
шутуркаш	شتر کش
шутуркина	شتر کينه
шутурқатор	شترقطار
шутурлаб	شتر لب
шутурмурғ	شتر مرغ
шутурпай	شتر پي
шутурпарвар	شترپرور
шутурпарварӣ	شتر پروري
шутурсавор	شترسوار
шутурсаворӣ	شتر سواري
шутурхона	شتر خانه
шутурхор	شتر خوار
шутурхӯй	شتر خوي
шутурхӯӣ	شتر خوئي
шутурҷанг	شتر جنگ
шуубия	شعوبيه
шуур	شعور
шуурнок	شعورناک
шуурнокӣ	شعورناکي
шух	شوخ
шухм	شخم
шухча	شخچه
шуҳадо	شهدا
шуҳуд	شهود
шуҷоат	شجاعت
шуҷоатманд	شجاعتمند
шуҷоатмандӣ	شجاعتمندي
шуҷоатпеша	شجاعت پيشه
шуҷоатнок	شجاعت ناک
шуҷоъ	شجاع
шуш	شش
шуша	ششه
шушбанд	ش ش بند
шуюъ	شيوع
шӯёндан	شوياندن
шӯйдор	شوي دار
шӯла	شوله
шӯлак	شولک
шӯлакаду	شوله کدو
шӯр	شور
шӯра	شوره
шӯрабандӣ	شوره بندي
шӯрабум	شوده بوم
шӯравӣ	شوروي
шӯрадор	شوره دار
шӯразада	شوره زده
шӯрзамин	شورزمين
шӯразор	شوره زار
шӯрак	شورک
шӯрангез	شورانگيز
шӯрангезӣ	شورانگيزي
шӯрандоз	شورانداز
шӯрандозӣ	شوراندازي
шӯрапушт	شوره پشت
шӯрапуштӣ	شوره پشتي
шӯрафкан	شورافگن
шӯрахок	شوره خاک
шӯрбахт	شور بخت
шӯрбахтӣ	شور بختي
шӯрбо	شوربا
шӯргиёҳ	شورگياه
шӯрзада	شورزده
шӯрида	شوريده
шӯридабахт	شوريده بخت
шӯридабахтӣ	شوريده بختي
шӯридавор	شوريده وار
шӯридагӣ	شوريد گي
шӯридадил	شوريده دل
шӯридакор	شوريده کار
шӯридамағз	شوريده مغز
шӯридан	شوريدن
шӯридаранг	شوريده رنگ
шӯридараҳ	شوريده ره
шӯридарой	شوريده راي
шӯридароҳ	شوريده راه
шӯридарӯзгор	شوريده روزگار
шӯридасар	شوريده سر
шӯридахотир	شوريده خاطر
шӯридаҳол	شوريده حال
шӯристон	شرستان
шӯриш	شورش
шӯришгар	شورشگر
шӯришгарӣ	شورشگري
шӯришчӣ	شورشچي
шӯрӣ	شوري
шӯрмоҳӣ	شورماهي
шӯрнӯл	شورنول
шӯро	شورا
шӯроб	شوراب
шӯроба	شورابه
шӯроӣ	شورايي
шӯронидан	شورانيدن
шӯрпахта	شور پخته
шӯртак	شورتک
шӯртан	شورتن
шӯртолеӣ	شورطالعي
шӯртолеъ	شورطالع
шӯрхок	شورخاک
шӯрчамоҳӣ	شورچه ماهي
шӯталаб	شو طلب
шӯх	شوخ
шӯхгап	شوخ گپ
шӯхдида	شوخ ديده
шӯхибардор	شوخي بردار
шӯхиомез	شوخي آميز
шӯхиомезона	شوخي آميزانه
шӯхӣ	شوخي
шӯхмизоҷ	شوخ مزاج
шӯхнигоҳ	شوخ نگاه
шӯхоб	شوخ آب
шӯхоҳанг	شوخ آهنگ
шӯхранг	شوخ رنگ
шӯхрангӣ	شوخ رنگي
шӯхрӯй	شوخ روي
шӯхтабиат	شوخ طبيعت
шӯхтабиатӣ	شوخ طبيعتي
шӯхтабъ	شوخ طبع
шӯхчашм	شوخ چشم
шӯхчашмӣ	شوخ چشمي
шӯхчашмона	شوخ چشمانه
шӯхшанг	شوخ شنگ
шӯҳра	شهره
шӯҳравар	شهره ور
шӯҳрат	شهرت
шӯҳратафзо	شهرت افزا
шӯҳратбаланд	شهرت بلند
шӯҳратдор	شهرت دار
шӯҳратёр	شهرت يار
шӯҳратманд	شهرت مند
шӯҳратмандӣ	شهرت مندي
шӯҳратнок	شهرت ناک
шӯҳратнокӣ	شهرت ناکي
шӯҳратпараст	شهرت پرست
шӯҳратпарастӣ	شهرت پرستي
шӯҳратталабӣ	شهرت طلبي
шӯҳратҷӯй	شهرت جوي
шӯша	شوشه
шӯшабандӣ	شوشه بندي
шӯшалак	شوشلک
шӯшашакл	شوشه شکل
шӯъба	شعبه
шӯъбада	شعبده
шӯъбадабоз	شعبده با ز
шӯъбадабозӣ	شعبده بازي
шӯъла	شعله
шӯълаафкан	شعله افگن
шӯълаафрӯз	شعله افروز
шӯълаафшон	شعله افشان
шӯълабор	شعله بار
шӯълаборӣ	شعله باري
шӯълавар	شعله ور
шӯълаварӣ	شعله وري
шӯълавор	شعله وار
шӯълазан	شعله زن
шӯълазой	شله زاي
шӯълапарастӣ	شعله پرستي
шӯълапарвар	شعله پرور
шӯълапош	شعله پاش
шӯъларанг	شعله رنگ
шӯъларез	شعله ريز
шӯъларӯй	شعله روي
шӯъласифат	شعله صفت
шӯълафикан	شعله فکن
шӯълафишон	شعله فشان
шӯълахез	شعله خيز
шӯълахӯ	شعله خو
шӯянда	شوينده
э	اي
эб	ايب
эбак	ايبک
эвакуатсионӣ	ايوکوئتسياني
эвакуатсия	ايوکوتسيه
эвен	ايوين
эвенк	ايوينک
эвенкӣ	ايوينکي
эвкалипт	ايوکليپت
эволютсионизм	ايواليوتسيانيزم
эволютсионист	ايواليوتسيانيست
эволютсионӣ	ايواليوتسياني
эволютсия	ايواليوتسيه
эвор	ايوار
эвристика	ايوريستکه
эвфемизм	ايوفيميزم
эвфемистӣ	ايوفيميستي
эвфония	ايوفانيه
эдар	ايدر
эдир	ايدير
эдун	ايدون
эзид	ايزد
эзидӣ	ايزدي
эзидпараст	ايزدپرست
эзидшинос	ايزدشناس
эзма	ايزمه
эзмагӣ	ايزمگي
эзопӣ	ايزاپي
эзор	ايزار
эзора	ايزاره
эзорбанд	ايزار بند
эзордеворӣ	ايزار ديواري
эзорпоча	ايزار پاچه
эзорсурхак	ايزارسرخک
эзоҳ	ايضاح
эзоҳдиҳанда	ايضاح دهنده
эзоҳдиҳӣ	ايضاح دهي
эзоҳӣ	ايضاحي
эзоҳнома	ايضاح نامه
эй	اي
эйдун	ايدون
экватор	ايکوتار
экваторӣ	ايکوتاري
эквивалент	ايکويولنت
экзема	ايکزيمه
экзогамия	ايکزاگميه
экзотика	ايکزاتيکه
экизак	ايکيزک
экипаж	ايکيپژ
эклектизм	ايکليکتيزم
экология	ايکالاگيه
экологӣ	ايکالاگي
экран	ايکرن
экскаватор	ايکسکوتار
экскаваторчӣ	ايکسکوتارچي
экскурсант	ايکسکورسنت
экскурсионӣ	ايکسکورسياني
экскурсия	ايکسکورسيه
экспансионизм	ايکسپنسيانيزم
экспансионӣ	ايکسپنسياني
экспансия	ايکسپنسيه
экспедитсионӣ	ايکسپيديتسياني
экспедитсия	ايکسپيديتسيه
эксперимент	ايکسپيريمينت
эксперименталӣ	ايکسپيريمينتلي
эксперт	ايکسپيرت
экспертиза	ايکسپيرتيزه
экспертӣ	ايکسپيرتي
экстенсивӣ	ايکستينسيوي
экстерн	ايکستيرن
экстернат	ايکستيرنت
экстремизм	ايکستريميزم
экстремист	ايکستريميست
экстремистӣ	ايکستريميستي
эл	ايل
элак	ايلک
элакбоф	ايلک باف
элакбофӣ	ايلک بافي
элдор	ايلدار
элеватор	اليوتار
электр	اليکتر
электрӣ	اليکتري
электровоз	اليکتراواز
электрод	اليکتراد
электродинамика	اليکترادينميکه
электродинамикӣ	اليکترادينميکي
электрокар	اليکتراکر
электрокардиограмма	اليکتراکردياگرمه
электрокардиограф	اليکتراکردياگرف
электрокардиография	اليکتراکردياگرفيه
электрокомбайн	اليکتراکامبين
электрокӯра	اليکتراکوره
электролиз	اليکتراليز
электролит	اليکتراليت
электролитӣ	اليکتراليتي
электромагнетизм	اليکترامگنيتيزم
электромагнит	اليکترامگنيت
электромагнитӣ	اليکترامگنيتي
электромеханик	اليکتراميخنيک
электромеханика	اليکتراميخنيکه
электромеханикӣ	اليکتراميخنيکي
электромобил	اليکترامابيل
электрон	اليکتران
электроника	ايليکترانيکه
электронӣ	اليکتراني
электротехника	اليکتراتيخنيکه
электротехникӣ	اليکتراتيخنيکي
электрохимикӣ	اليکتراخيميکي
электрохимия	اليکتراخيميه
электрохимиявӣ	اليکتراخيميوي
элемент	اليمينت
элементарӣ	اليمينتري
эликсир	ايلکسير
элликбошӣ	ايلّيک باشي
эллинизм	ايلّينيزم
эллипсӣ	ايلّپسي
элнавкар	ايلنوکر
элот	ايلات
элотия	ايلاتيه
элхон	ايلخان
элчигарӣ	ايلچيگري
элчихона	ايلچي خانه
элчӣ	ايلچي
эм	ايم
эмбарго	امبرگا
эмбриология	امبرآلاگيه
эмбрион	ايمبريان
эмгар	ايمگر
эмизак	ايمزک
эмин	ايمين
эминӣ	ايميني
эмиссар	اميسر
эмиссия	اميسيه
эмкунӣ	ايم کني
эмулсия	ايمولسيه
эмулсияофар	ايمولسيه آفر
эндогамия	انداگميه
эндокринӣ	انداکريني
эндокринолог	انداکرينالاگ
эндокринология	اندراکرينالاگيه
эндшпил	ايندشپيل
энергетика	انيرگيتکه
энергетикӣ	انيرگيتکي
энергия	انيرگيه
энсефалит	انسيفليت
энсиклопедист	انسيکلاپيديست
энсиклопедия	انسيکلاپيديه
энсиклопедӣ	انسيکلاپيدي
энтомолог	انتامالاگ
энтомология	انتامالاگيه
энтомологӣ	انتامالاگي
эпиграф	ايپيگرف
эпидемиолог	ايپيديميآلاگ
эпидемиология	ايپيديميآلاگيه
эпидемиологӣ	ايپيديميآلاگي
эпидемия	ايپيديميه
эпидемиявӣ	ايپيديميوي
эпизод	ايپيزاد
эпикуреизм	ايپيکورييزم
эпикӣ	ايپيکي
эпилепсия	ايپيليپسيه
эпилептикӣ	ايپيليپتکي
эпилог	ايپيلاگ
эпопея	ايپاپيه
эпос	ايپاس
эратӣ	ايرتي
эрганак	ايرگنک
эритросит	ايريتراسيت
эрка	ايرکه
эркагӣ	ايرکگي
эркатой	ايرکه تاي
эркатулфор	ايرکه تلفار
эрмак	ايرمک
эрод	ايراد
эродгир	ايراد گير
эродгиранда	ايراد گيرنده
эродгирӣ	ايراد گيري
эроднопазир	ايراد ناپذير
эрозия	ايرازيه
эрон	ايران
эронзамин	ايران زمين
эронинамо	ايراني نما
эронӣ	ايراني
эроншаҳр	ايران شهر
эроншинос	ايران شناس
эроншиносӣ	ايرانشناسي
эскадрилия	ايسکدريليه
эскалатор	ايسکلتار
эскиз	ايسکيز
эскимо	ايسکما
эскимос	ايسکماس
эскимосӣ	ايسکماسي
эскорт	ايسکارت
эсор	ايثار
эсперанто	ايسپرنتا
эссе	ايسي
эссенавис	ايسي نويس
эсссенависӣ	ايسي نويسي
эстакада	ايستکده
эстафета	استفيته
эстафетӣ	استفيتي
эстетизм	استيتيزم
эстетика	استيتيکه
эстетикӣ	استيتيکي
эстонӣ	ايستاني
эстрада	ايسترده
эстрадӣ	ايستردي
этак	ايتک
эталон	ايتالان
этика	ايتکه
этилӣ	ايتيلي
этимолог	ايتيمالاگ
этимология	ايتيمالاگيه
этимологӣ	اتيمالاگي
этникӣ	اتنيکي
этногенез	اتناگينيز
этнограф	اتناگرف
этнография	اتناگرفيه
этнографӣ	اتناگرفي
этнолингвист	اتنالنگويست
этнолингвистика	اتنالنگويستکه
этюд	اتيود
эфиоп	ايفياپ
эфиопӣ	ايفياپي
эфир	ايفير
ҳсэфирдор	ايفيردار
эхинококк	ايخيناکاک
эҳ	ايه
эҳа	ايهه
эҳдо	اهدا
эҳдос	احداث
эҳе	ايهي
эҳё	احيا
эҳёкунӣ	احيا کني
эҳёшавӣ	احيا شوي
эҳзон	احزان
эҳзор	احضار
эҳмол	اهمال
эҳмолкор	اهمالکار
эҳроқ	احراق
эҳром	احرام
эҳромбанд	احرام بند
эҳромӣ	احرامي
эҳсоъ	احصاء
эҳсоия	احصائيه
эҳсон	احسان
эҳсонгар	احسان گر
эҳсонкор	احسان کار
эҳсонкорӣ	احسان کاري
эҳсос	احساس
эҳсосотӣ	احساساتي
эҳсосшаванда	احساس شونده
эҳтиёт	احتياط
эҳтиётан	احتيا تاًّ
эҳтиётӣ	احتياطي
эҳтиёткор	احتياط کار
эҳтиёткорӣ	احتياط کاري
эҳтиёткорона	احتياط کارانه
эҳтиёҷ	احتياج
эҳтиёҷманд	احتياج مند
эҳтиёҷмандӣ	احتياج مندي
эҳтизоз	اهتزاز
эҳтизор	احتضار
эҳтикор	احتکار
эҳтиқор	احتقار
эҳтилом	احتلام
эҳтимол	احتمال
эҳтимолан	احتمالاّ
эҳтимолӣ	احتمالي
эҳтимом	اهتمام
эҳтироз	احتراز
эҳтироқ	احتراق
эҳтироқӣ	احتراقي
эҳтиром	احترام
эҳтироман	احتراماً
эҳтиромгузор	احترام گذار
эҳтиромгузорӣ	احترام گذاري
эҳтиромӣ	احترامي
эҳтиромкор	احترام کار
эҳтиромкорона	احترام کارانه
эҳтиромкунанда	احترام کننده
эҳтиромона	احترامانه
эҳтирос	احتراس
эҳтисоб	احتساب
эҳтисос	احتساس
эҳтишом	احتشام
эҷ	ايج
эҷоб	ايجاب
эҷобӣ	ايجابي
эҷод	ايجاد
эҷодгар	ايجادگر
эҷодиёт	ايجاديات
эҷодӣ	ايجادي
эҷодкор	ايجاد کار
эҷодкорӣ	ايجاد کاري
эҷодкорона	ايجاد کارانه
эҷодкунанда	ايجاد کننده
эҷоз	ايجاز
эҷозан	ايجازاً
эшикоғосӣ	ايشيکاغاسي
эшикоғобошӣ	ايشيکاغاباشي
эшон	ايشان
эшонбибӣ	ايشان بيني
эшонзода	ايشان زاده
эшонӣ	ايشاني
эшонтӯра	ايشان توره
эъдод	اعداد
эъдом	اعدام
эъзоз	اعزاز
эъзом	اعزام
эъзор	اعذار
эълом	ائلام
эъломия	اعلاميه
эълон	اعلان
эълонкунанда	اعلان کننده
эълоннома	اعلان نامه
эъмоқ	اعماق
эъроб	اعراب
эъроз	اعراض
эътибор	اعتبار
эътиборан	اعتباراً
эътибордор	اعتباردار
эътиборнок	اعتبارناک
эътиборнокӣ	اعتبارناکي
эътиборнома	اعتبار نامه
эътидол	اعتدال
эътизол	اعتزال
эътизор	اعتذار
эътикоф	اعتکاف
эътикофнишин	اعتکاف نشين
эътиқод	اعتقاد
эътиқодманд	اعتقادمند
эътиқоднок	اعتقاد ناک
эътило	اعتلا
эътилол	اعتلال
эътилоф	ائتلاف
эътилофӣ	ائتلافي
эътимод	اعتماد
эътимодбахш	اعتماد بخش
эътимодият	اعتماديت
эътимоднок	اعتمادناک
эътимоднокӣ	اعتمادناکي
эътимоднома	اعتماد نامه
эътимодуддавла	اعتماد الدوله
эътино	اعتنا
эътироз	اعتراض
эътирозӣ	اعتراضي
эътирознома	اعتراض نامه
эътирознопазир	اعتراض ناپذير
эътирозомез	اعتراض آميز
эътироф	اعتراف
эътисоб	اعتصاب
эъто	اعطا
эъҷоз	اعجاز
эъҷозкор	اعجاز کار
эъҷозкорӣ	اعجاز کاري
эъҷозкорона	اعجاز کارانه
эъҷознавис	اعجاز نويس
ю	يو و
юба	يوبه
ябс	يبس
юбс	يبس
юбусат	يبوست
юғ	يوغ
юғак	يوغک
юған	يوغن
юғӣ	يوغي
юғча	يوغچه
юз	يوز
юза	يوزه
юзбошӣ	يوزباشي
юлғун	يولغون
юлма	يولمه
юмн	يمن
юн	يون
юнг	ينگ
юндикоса	ينديکاسه
юндӣ	يوندي
юндуқ	يوندق
юнеско	يونيسکا
юнон	يونان
юнонзамин	يونان زمين
юнонӣ	يوناني
юнус	يونس
юнучқа	يونچقه
юнучқадаравӣ	يونچقه دروي
юнучқазор	يونچقه زار
юнучқакорӣ	يونچقه کاري
юнучқапая	يونچقه پيه
юнучқапоя	يونچقه پايه
юргак	يورگک
юргакпеч	يورگک پيچ
юрға	يورغه
юриш	يورش
юришгар	يورشگر
юрма	يورمه
юрмадӯз	يورمه دوز
юрмадӯзӣ	يورمه دوزي
юрмон	يورمان
юрт	يورت
юруш	يورش
юса	يوسه
юср	يسر
юсро	يسري
юсуф	يوسف
юсуфистон	يوسفستان
юсуфӣ	يوسفي
юсуфнигор	يوسف نگار
юсуфрух	يوسف رخ
юсуфрӯй	يوسف روي
юсуфталъат	يوسف طلعت
юсуфҷамол	يوسف جمال
юфӣ	يوفي
юфун	يفون
юҳо	يوها
яб	يب
ябғу	يبغو
ябоб	يباب
ябруҷ	يبروج
ябрӯҳ	يبروح
явғон	يوغان
явм	يوم
явмин	يومين
явмия	يوميه
явмӣ	يومي
явмуддин	يوم الدين
явмулқиём	يوم القيام
явмулҳисоб	يوم الحساب
явмулҷазо	يوم الجزا
явоқит	يواقيت
явош	يواش
явшон	يوشان
ягон	يگان
ягона	يگانه
ягонагӣ	يگانگي
ягонагӯӣ	يگانه گويي
ягонагӯй	يگانه گوي
ягонадил	يگانه دل
ягонакунӣ	يگانه کني
ягонта	يگانته
ягуна	يگونه
яғир	يغير
яғмо	يغما
яғмобар	يغماگر
яғмогар	يغماگر
яғмогарӣ	يغماگري
яғмодида	يغما ديده
яғмоӣ	يغمائي
яғнобӣ	يغنابي
яғом	يغام
яд	يد
ядайн	يدين
ядак	يدک
ядаккаш	يدک کش
ядаккиштӣ	يدک کشتي
ядаксанҷ	يدک سنج
ядро	يدرا
ядроӣ	يدرائي
язак	يزک
язакдор	يزک دار
язакдорӣ	يزک داري
яздӣ	يزدي
яздодӣ	يزدادي
яздигурдӣ	يزدگردي
яздон	يزدان
яздонӣ	يزداني
яздонпараст	يزدان پرست
яздонпарастӣ	يزدان پرستي
яздоншинос	يزدان شناس
яздоншиносӣ	يزدان شناسي
язидӣ	يزيدي
язна	يزنه
яйлов	ييلاو
яйловӣ	ييلاوي
яйлоқ	ييلاق
яйлоқӣ	ييلاقي
як	يک
якандоз	يک انداز
якаспа	يک اسپه
якбағала	يک بغله
якбара	يک بره
якбарга	يک برگه
якбасӣ	يک بسي
якбела	يک بيله
якбора	يکباره
якборагӣ	يکبارگي
якборӣ	يکباري
якбурдагӣ	يک بردگي
яквақта	يک وقته
яквақтӣ	يک وقتي
якваҷабӣ	يک وجبي
якгаза	يک گزه
якгӯша	يک گوشه
якдама	يکدمه
якдамина	يک دمينه
якдара	يکدره
якдаст	يکدست
якдаста	يکدسته
якдастӣ	يکدستي
якдафъа	يک دفعه
якдафъагӣ	يک دفعگي
якдафъаина	يک دفعئينه
якдафъагина	يک دفعگينه
якдаҳонӣ	يکدهاني
якдигар	يکديگر
якдигарӣ	يکديگري
якдигарфаҳмӣ	يکديگر فهمي
якдил	يکدل
якдила	يکدله
якдилагӣ	يکدلگي
якдилӣ	يکدلي
якдилона	يکدلانه
якдона	يک دانه
яке	يکي
якзабон	يکزبان
якзабона	يکزبانه
якзабонӣ	يکزباني
якзайл	يکذيل
якзайла	يکذيله
якзана	يکزنه
якзанагӣ	يکزنگي
якзанӣ	يکزني
якзону	يک زانو
якка	يکّه
яккаандоз	يکّه انداز
яккабайт	يکّه بيت
яккабанд	يکّه بند
яккабех	يکّه بيخ
яккабоғ	يکّه باغ
яккагард	يکّه گرد
яккагӣ	يکّگي
яккадармиён	يکّه درميان
яккадаст	يکّه دست
яккадастӣ	يکّه دستي
якказанӣ	يکّه زني
якказироат	يکّه زراعت
яккакорд	يکّه کارد
яккақадам	يکّه قدم
яккалаҷом	يکّه لجام
яккамардикорӣ	يکّه مردکاري
яккамахав	يکّه مخو
яккамех	يکّه ميخ
якканавоз	يکّه نواز
якканавозӣ	يکّه نوازي
якканафас	يکّه نفس
якканикоҳӣ	يکّه نکاحي
яккаписар	يکّه پسر
яккаравоқ	يکّه رواق
яккарақс	يکّه رقص
яккарата	يک کرته
яккаратӣ	يک کرتي
яккарез	يکّه ريز
яккаса	يک کسه
яккасавор	يکّه سوار
яккасар	يکّه سر
яккасардор	يکّه سردار
яккасардорӣ	يکّه سرداري
яккасӣ	يک کسي
яккасум	يکّه سم
яккатир	يکّه تير
яккатоз	يکّه تاز
яккафурӯшӣ	يکّه فروشي
яккахон	يکّه خوان
яккахонӣ	يکّه خواني
яккахоҷагӣ	يکّه خواجگي
яккахудоӣ	يکّه خدايي
яккаҳизбӣ	يکّه حزبي
яккаҳокимиятӣ	يکّه حاکميتي
яккачин	يکّه چين
яккачӯб	يکّه چوب
яккаҷеғ	يکّه جيغ
яккаҷилав	يکّه جلو
яккилограммӣ	يک کلاگرمي
яккилометра	يک کلامتره
яккилометрӣ	يک کلامتري
яккӯҳона	يک کوهانه
якқабата	يک قبطه
якқавл	يک قول
якқавлӣ	يک قولي
якқалам	يک قلم
якқатора	يک قطاره
якқолиба	يک قالبه
якқулочӣ	يک قلاچي
якқултӣ	يک قلتي
якқутба	يک قطبه
яклаба	يک لبه
яклахт	يک لخت
яклаҳзагӣ	يک لحظگي
яклинга	يک لينگه
яклитрӣ	يک ليتري
яклунҷа	يک لنجه
яклухт	يک لخت
яклухтгир	يک لخت گير
яклухтӣ	يک لختي
яклухтфурӯш	يک لخت فروش
яклухтфурӯшӣ	يک لخت فروشي
яклухтхаранда	يک لخت خرنده
якмазҳаб	يک مذهب
якмақомӣ	يک مقامي
якманӣ	يک مني
якмаром	يک مرام
якметра	يک متره
якметрӣ	يک متري
якмизон	يک ميزان
якмила	يک ميله
якмол	يک مال
якмоҳа	يک ماهه
якмоҳагӣ	يک ماهگي
якнавохт	يک نواخت
якнавохтӣ	يک نواختي
якнавъӣ	يک نوعي
якнасақ	يک نسق
якнафара	يک نفره
якнафарӣ	يک نفري
якникоҳӣ	يک نکاحي
якнишеба	يک نشيبه
яковоза	يک آوازه
якоҳанг	يک آهنگ
якоҳангӣ	يک آهنگي
якошёна	يک آشيانه
якояк	يکا يک
якпаллагӣ	يک پلّگي
якпардагӣ	يک پرد گي
якпаҳлу	يک پهلو
якпо	يکپا
якпозагӣ	يک پازگي
якпохсагӣ	يک پاخسگي
якпора	يک پاره
якпорча	يک پارچه
якпорчагӣ	يک پارچگي
якпоя	يک پايه
якпуда	يک پوده
якпудӣ	يک پودي
якпула	يک پوله
якрав	يک رو
якравӣ	يک روي
якравона	يک روانه
якрақама	يک رقمه
якранг	يک رنگ
якранга	يک رنگه
якрангӣ	يک رنگي
якраҳа	يکرهه
якраҳагӣ	يکرهگي
якраъй	يک رأي
якраъйӣ	يک رأيي
якрон	يکران
якрӯ	يکرو
якрӯза	يک روزه
якрӯзӣ	يک روزي
якрӯӣ	يک روئي
якрӯя	يکرويه
яксавор	يک سوار
яксавора	يک سواره
яксавтӣ	يکصوتي
яксар	يکسر
яксара	يکسره
яксарӣ	يکسري
яксаф	يکصف
яксоата	يکساعته
яксоатӣ	يکساعتي
яксола	يکساله
яксолагӣ	يکسالگي
яксон	يکسان
яксонӣ	يکساني
яксохт	يکساخت
яксутуна	يکستونه
яксухан	يکسخن
яксуханӣ	يکسخني
яксӯй	يکسوي
яксӯма	يکسومه
яксӯя	يکسويه
якта	يکته
яктабақа	يک طبقه
яктабақӣ	يک طبقي
яктагӣ	يکتگي
яктаҳ	يکته
яктан	يکتن
яктана	يکتنه
яктарафа	يک طرفه
яктарафагӣ	يک طرفگي
яктарафӣ	يک طرفي
яктаҳкурта	يکته کرته
яктаҳпӯш	يکته پوش
яктина	يکتينه
яктинӣ	يکتيني
яктира	يکتيره
якто	يکتا
яктогӣ	يکتاگي
яктодил	يکتادل
яктоз	يکتاز
яктоӣ	يکتايي
яктопараст	يکتا پرست
яктопарастӣ	يکتا پرستي
яктора	يکتاره
якум	يکم
якумин	يکمين
якуминдараҷа	يکمين درجه
якумра	يک عمره
якумрӣ	يک عمري
якуним	يک ونيم
якунимметра	يک ونم متره
якуниммоҳа	يک ونيم ماهه
якунимрӯза	يک ونيم روزه
якунимсола	يک ونيم ساله
якунимфоиза	يک ونيم فائضه
якфаза	يکفزه
якфикрӣ	يک فکري
якхела	يک خيله
якхелагӣ	يک خيلگي
якхелӣ	يک خيلي
якхонагӣ	يک خانگي
якхудоӣ	يک خدايي
якхонанок	يک خانه ناک
якҳиҷоӣ	يک هجايي
якҳуҷрагӣ	يک هجرگي
якчанд	يک چند
якчандвақта	يک چند وقته
якчандкарата	يک چندکرته
якчандсоата	يک چند ساعته
якчандсоатӣ	يک چند ساعتي
якчандта	يک چندته
якчандтагӣ	يک چندتگي
якчандто	يک چندتا
якчарха	يک چرخه
якчашма	يکچشمه
якҷинс	يک جنس
якҷинса	يک جنسه
якҷинсӣ	يک جنسي
якҷиҳат	يک جهت
якҷиҳатӣ	يک جهتي
якҷо	يکجا
якҷоӣ	يکجايي
якҷон	يکجان
якҷониба	يکجانبه
якҷоя	يکجايه
якҷоягӣ	يکجايگي
якҷоякунанда	يکجايه کننده
якҷояшавӣ	يکجايه شوي
якҷӯр	يکجور
якшабӣ	يکشبي
якшавӣ	يک شوي
якшакла	يک شکله
якшаклӣ	يک شکلي
якшанбе	يک شنبه
якшанбегӣ	يک شنبگي
якшоха	يک شاخه
яқа	يقه
яқзон	يقظان
яқин	يقين
яқинан	يقيناً
яқинӣ	يقيني
яқтин	يقطين
ял	يل
яла	يله
ялав	يلو
ялагард	يله گرد
ялаққос	يلقّاس
ялаққосӣ	يلقّاسي
ялақ-ялақ	يلق يلق
ялалӣ	يللي
ялама	يلمه
яланг	يلنگ
ялангӣ	يلنگي
ялдаррос	يلدراس
ялдар-ялдар	يلدر يلدر
ялдо	يلدا
ялла-ялло	يلّ هيلاّ
ялмоғуз	يلماغز
ялоқ	يلاق
ялтар-ялтар	يلتر يلتر
ялти	يلتِ
ялтирос	يلتيراس
ялтос	يلتاس
ялтосӣ	يلتاسي
ялтур-юлтур	يلتر يولتر
ям	يم
яманӣ	يمني
ямин	يمين
яминан	يميناً
ямоқ	يماق
ямоқдор	يماق دار
ямоқдӯз	يماق دوز
ямоқдӯзӣ	يماق دوزي
ямоқин	يماقين
ямоқӣ	يماقي
ямоқнок	يماقناک
ямон	يمان
ямонӣ	يماني
январ	ينور
янга	ينگه
янтоқ	ينتاق
янтоқзор	ينتاق زار
янтоқфурӯш	ينتاق فروش
янтоқфурӯшӣ	ينتاق فروشي
япон	يپان
японӣ	يپاني
яра	يره
ярадор	يره دار
ярақон	يره قان
ярақонӣ	يره قاني
ярғоқ	يرغاق
ярғу	يرغو
ярғучоқ	يرغوچاق
ярд	يرد
ярлиғ	يرليغ
ярлиқ	يرليق
ярлиқдор	يرليق دار
ярма	يرمه
ярмарка	يرمرکه
яровул	يراول
яроқ	يراق
яроқбадаст	يراق بدست
яроқбардор	يراق بردار
яроқдор	يراق دار
яроқдорӣ	يراق داري
яроқнок	يراق ناک
яроқнокӣ	يراق ناکي
яроқпартоӣ	يراق پرتايي
яроқсоз	يراق ساز
яроқсозӣ	يراق سازي
яроқфурӯш	يراق فروش
яроқфурӯшӣ	يراق فروشي
яроқҷаллоб	يراق جلاّب
яроқҷаллобӣ	يراق جلاّبي
ярч	يرچ
ярчӣ	يرچي
ясав	يسو
ясовул	يساول
ясовулбошӣ	يساول باشي
ясир	يسير
ясирак	يسيرک
ясо	يسا
ясовулӣ	يساولي
ясовулхона	يساول خانه
ясоқ	يساق
ясоқӣ	يساقي
яср	يسر
ясор	يسار
ясоран	يساراً
ятим	يتيم
ятимак	يتيمک
ятимбача	يتيم بچه
ятимдор	يتيم دار
ятимдухтар	يتيم دختر
ятимӣ	يتيمي
ятиммонда	يتيم مانده
ятимона	يتيمانه
ятимпарвар	يتيم پرور
ятимхона	يتيم خانه
ятимшуда	يتيم شده
ятимча	يتيمچه
ятимнавоз	يتيم نواز
ятоқ	يتاق
ятоқдор	يتاق دار
ятоқдорӣ	يتاق داري
ятоқӣ	يتاقي
ях	يخ
яхак	يخک
яхбанд	يخبند
яхбандӣ	يخبندي
яхбандон	يخبندان
яхбаста	يخبسته
яхбастагӣ	يخبستگي
яхбоз	يخباز
яхбозӣ	يخبازي
яхбур	يخبر
яхбурҷа	يخبرجه
яхдон	يخدان
яхдондор	يخدان دار
яхдор	يخدار
яхзада	يخزده
яхзадагӣ	يخزدگي
яхин	يخين
яхзор	يخزار
яхистон	يخستان
яхӣ	يخي
яхкарда	يخ کرده
яхкунак	يخکنک
яхкунонӣ	يخکناني
яхкӯб	يخ کوب
яхкӯма	يخکومه
яхкӯч	يخ کوچ
яхлахшак	يخلخشک
яхмайдакунак	يخ ميده کنک
яхмол	يخ مال
яхмола	يخ ماله
яхмолак	يخ مالک
яхмолакбозӣ	يخ مالک بازي
яхмолакпарӣ	يخ مالک پري
яхмос	يخماس
яхмосфурӯш	يخماس فروش
яхмосфурӯшӣ	يخماس فروشي
яхнӣ	يخني
яхногир	يخ ناگير
яхоб	يخاب
яхоба	يخابه
яхобдон	يخاب دان
яхобӣ	يخابي
яхобмонӣ	يخاب ماني
яхобфурӯш	يخاب فروش
яхобхӯрда	يخاب خورده
яхолуд	يخ آلود
яхпарак	يخ پرک
яхпарча	يخ پرچه
яхпир	يخپير
яхпӯш	يخ پوش
яхрав	يخ رو
яхреза	يخ ريزه
яхсозӣ	يخ سازي
яхтарош	يخ تراش
яхтарошак	يخ تراشک
яхтеша	يخ تيشه
яхтӯда	يخ توده
яххона	يخ خانه
яхча	يخچه
яхчабандӣ	يخچه بندي
яхчол	يخچال
яхшикан	يخ شکن
яхшиканӣ	يخ شکني
яхшора	يخشاره
яхшуда	يخ شده
яҳуд	يهود
яҳудият	يهوديت
яҳудӣ	يهودي
яшб	يشب
яшк	يشک
яшм	يشم
яшмин	يشمين
яшмӣ	يشمي
яшшиқ	يشّيق
яъне	يعني
яъс	يأس
яъсовар	يأس آور
яъсомез	يأس آميز
яъсуб	يعسوب
яъсшикан	يأس شکن
яъқуб	يعقوب
яъқубӣ	يعقوبي
яъҷуҷ	يعجوج
яшма	يشمه
аблуч	ابلوچ
аблуч	ابلوج
або	ابا
або	عبا
абрӯ	ابرو
абрӯ	ابروي
абҷил	ابجيل
абҷил	ابجير
адабгоҳ	ادب گاه
адабгоҳ	ادب گه
аду	عدو
адувв	عدو
аёғ	اياغ
аёғ	اياق
азоим	عزائم
азоим	عزايم
аккас	اکّس
аккас	اکّاس
акнун	اکنون
акнун	کنون
алан	علن
алан	علني
алафдаравак	علف درو
алафдаравак	علف دروک
алафин	علفين
алафин	علفي
амеркон	اميرکان
амеркон	اميرکاني
анбар	عنبر
анбар	عمبر
анбузан	انبوذن
анбузан	انبودن
анбур	انبر
анбур	انبور
андо	اندا
андо	انداي
арғанд	ارغند
арғанд	ارغنده
арғумак	ارغومک
арғумак	ارغوماق
арғушт	ارغشت
арғушт	ارغشتک
аржанг	ارژنگ
аржанг	ارتنگ
арпахон	ارپخان
арпахон	ارپغان
аррас	ارس
аррас	اراس
арӯсбинон	عروسبينان
арӯсбинон	عروسبيني
асалин	عسلين
асалин	عسلي
асотин	اساتين
асотин	اساطين
аспрез	اسپريز
аспрез	اسپريس
асрат	عثرة
асрат	عثرت
атия	عطيه
атия	عطيت
атомизм	اتاميزم
атомизм	اتامستيکه
афканда	افکنده
афканда	افگنده
афкандан	افکندن
афкандан	افگندن
афканданӣ	افکندني
афканданӣ	افگندني
афрӯзиш	افروزش
афрӯзиш	فروزش
афрӯзонидан	افروزانيدن
афрӯзонидан	افروزاندن
афтодан	افتادن
афтодан	افتيدن
афшонидан	افشاندن
афшонидан	افشانيدن
аҷуз	عجوز
аҷуз	عجوزه
ашират	عشير
ашират	عشيرت
аъло	اعلي
аъло	اعلا
багтар	بگتر
багтар	بکتر
баддаҳанӣ	بددهني
баддаҳанӣ	بددهاني
бадкин	بدکين
бадкин	بدکينه
бадраъй	بدرأي
бадраъй	بدراي
базмгаҳ	بزمگه
базмгаҳ	بزم گاه
байнипарламентӣ	بين پرلمنتي
байнипарламентӣ	بين پرلماني
байрақ	بيرق
байрақ	بيراق
байтулҳарам	بيت الحرم
байтулҳарам	بيت الحرام
бакавул	بکول
бакавул	بکاول
балаққас	بلقّس
балаққас	بلقّاس
балият	بليه
балият	بليت
бандкушо	بندکشا
бандкушо	بندگشا
баргардонида	برگردانده
баргардонида	برگردانيده
баргардонидан	برگرداندن
баргардонидан	برگردانيدن
баргаштан	برگشتن
баргаштан	برگرديدن
баргузаронидан	برگذراندن
баргузаронидан	برگذرانيدن
бардоронидан	برداراندن
бардоронидан	بردارانيدن
барезан	بريزن
барезан	بريجن
баркушодан	برکشادن
баркушодан	برکشودن
барнавиштан	برنوشتن
барнавиштан	برنبشتن
бархезонидан	برخيزاندن
бархезонидан	برخيزانيدن
бархестан	برخيستن
бархестан	برخاستن
барш	برش
барш	برچ
басиҷ	بسيج
басиҷ	بسيچ
батист	بتس
батист	بتست
баҳоъ	بها
баҳоъ	بهاء
башумор	بشمار
башумор	بشمر
беадаб	بي ادب
беадаб	ب ي آداب
беадабӣ	بي ادبي
беадабӣ	ب ي آدابي
бебаракат	بي برکه
бебаракат	ب ي برکت
бегоҳон	بيگاهان
бегоҳон	بيگاهاني
бегунаҳ	بي گنه
бегунаҳ	بي گناه
бедапоя	بيد ه پايه
бедапоя	بيد ه پيه
бедаҳан	بي دهن
бедаҳан	ب ي دهان
безинҳор	بي زينهار
безинҳор	ب ي زنهار
беибогӣ	بي اباگي
беибогӣ	ب ي ابايي
бероҳа	بي راهه
бероҳа	ب ي رهه
бероҳӣ	بي راهي
бероҳӣ	ب ي رهي
берӯй	بي روي
берӯй	ب ي رو
бетарбият	بي تربيه
бетарбият	ب ي تربيت
бехонумон	بي خا ن ومان
бехонумон	بي خانمان
бехонумонӣ	بي خانماني
бехонумонӣ	ب ي خا ن وماني
бисёрхор	بسيارخوار
бисёрхор	بسيارخواره
бистум	بيستم
бистум	بستمين
битонат	بطانه
битонат	بطانت
биҷиррас	بجرّس
биҷиррас	بجرّاس
бобаракат	بابرکه
бобаракат	بابرکت
бодғар	بادغر
бодғар	بادغرد
бодомшиканак	بادام شکن
бодомшиканак	بادام شکنک
бодрез	بادريز
бодрез	بادريزک
бозгардонидан	بازگرداندن
бозгардонидан	بازگردانيدن
боин	بائن
боин	باين
болишт	بالش
болишт	بالشت
бомкӯбак	بام کوبه
бомкӯбак	بام کوبک
босамар	باثمر
босамар	باثمره
бофбанд	بافبند
бофбанд	بافتبند
бофбандӣ	بافبندي
бофбандӣ	بافتبندي
бошгаҳ	باشگه
бошгаҳ	باشگاه
бошишгаҳ	باششگه
бошишгаҳ	باششگاه
будҷа	بدجه
будҷа	بدجيت
бун	بن
бун	بون
бунгоҳ	بنگاه
бунгоҳ	بنگه
буҷул	بجل
буҷул	بجول
бӯ	بو
бӯ	بوي
ва-гар	وگر
ва-гар	واگر
вагарна	وگرنه
вагарна	ورنه
вадиа	وديعه
вадиа	وديعت
вазонидан	وزاندن
вазонидан	وزانيدن
ваҳмак	وهمک
ваҳмак	وهمکي
вижжас	وژّس
вижжас	وژّاس
виззас	ويزّس
виззас	وزاس
вожгуна	واژگون
вожгуна	واژگونه
вожуна	واژون
вожуна	واژونه
волғуна	والغونه
волғуна	والگونه
вологавҳар	والاگوهر
вологавҳар	والاگهر
вораҳонидан	وارهاندن
вораҳонидан	وارهانيدن
воситондан	واستادن
воситондан	واستاندن
гадо	گدا
гадо	گداي
газид	گزيد
газид	گزيت
гандумкӯба	گندم کوب
гандумкӯба	گندم کوبه
гандумпазӣ	گندم پز
гандумпазӣ	گندم پزي
гардбарг	گردبرگ
гардбарг	گردن برگ
гардонидан	گرداندن
гардонидан	گردانيدن
гарева	گريوه
гарева	گيريوه
гашнич	گشنيچ
гашнич	گشنيج
гепо	گپا
гепо	گيپا
гирёнидан	گرياندن
гирёнидан	گريانيدن
гудозгар	گدازگر
гудозгар	گدازشگر
гузаронидан	گذراندن
гузаронидан	گذرانيدن
гуморидан	گماردن
гуморидан	گماريدن
гуноҳ	گناه
гуноҳ	گنه
гунҷонидан	گنجاندن
гунҷонидан	گنجانيدن
гурезонидан	گريزاندن
гурезонидан	گريزانيدن
гуселонидан	گسيلاندن
гуселонидан	گسيلانيدن
гусоридан	گساردن
гусоридан	گساريدن
густаридан	گستردن
густаридан	گستريدن
густаронидан	گستراندن
густаронидан	گسترانيدن
гӯй	گوي
гӯй	گو
гӯронидан	گوراندن
гӯронидан	گورانيدن
ғав	غو
ғав	غاو
ғайриманқула	غيرمنقول
ғайриманқула	غيرمنقوله
ғалтонидан	غلتاندن
ғалтонидан	غلتانيدن
ғаррас	غرّس
ғаррас	غرّاس
ғафлатан	غفلتاً
ғафлатан	غفلةً
ғежонидан	غيژاندن
ғежонидан	غيژانيدن
ғелонидан	غيلاندن
ғелонидан	غيلانيدن
ғеҷонидан	غيجاندن
ғеҷонидан	غيجانيدن
ғижжас	غژّس
ғижжас	غژّاس
ғинг	غنگ
ғинг	غنگي
ғингас	غنگس
ғингас	غنگاس
ғишоъ	غشا
ғишоъ	غشاء
ғуввас	غوس
ғуввас	غُواس
ғулхона	غول خانه
ғулхона	غلخانه
ғунгас	غنگس
ғунгас	غنگاس
ғунҷонидан	غنجاندن
ғунҷонидан	غنجانيدن
ғурунгос	غرنگاس
ғурунгос	غرنگس
ғуффа	غفه
ғуфа	غفه
ғӯта	غوته
ғӯта	غوطه
ғӯтавар	غوته ور
ғӯтавар	غوطه ور
ғӯтаварӣ	غوته وري
ғӯтаварӣ	غوطه وري
ғӯтахӯрӣ	غوته خوري
ғӯтахӯрӣ	غوطه خوري
ғӯтон	غوتان
ғӯтон	غوطان
ғӯтонидан	غوتاندن
ғӯтонидан	غوتانيدن
давонидан	دواندن
давонидан	دوانيدن
даймаҳ	ديمه
даймаҳ	ديماه
дандонковак	دندان کاو
дандонковак	دندان کاوک
дарангас	درنگس
дарангас	درنگاس
дарафтодан	درافتادن
дарафтодан	درافتيدن
даргоҳ	درگاه
даргоҳ	درگه
дастшӯ	دست شو
дастшӯ	دست شويه
даҳаняла	دهن يله
даҳаняла	دهان يله
даҳон	دهان
даҳон	دهن
дигар	ديگر
дигар	دگر
динакак	دينکک
динакак	دينيکک
дифло	دفلا
дифло	دفلي
додархонда	دادر خواند
додархонда	دادرخوانده
домодтӯра	دامادتوره
домодтӯра	دامادخواجه
домодхоҷа	دامادتوره
домодхоҷа	دامادخواجه
дурафшон	درافشان
дурафшон	درفشان
дуҷо	دجا
дуҷо	دجي
дӯшин	دوشين
дӯшин	دوشينه
ёзонидан	يازاندن
ёзонидан	يازانيدن
жав	ژو
жавогор	ژواگار
жавогор	ژواغار
жагӯр	ژگور
жагӯр	ژکور
жароған	ژراغن
жароған	ژراغنگ
жах	ژخ
жах	زخ
жӯбинвор	ژوبين وار
жӯбинвор	ژوبب ن وار
жӯбинзан	ژوبين زن
жӯбинзан	ژوپين زن
жӯбинкаш	ژوبين کش
жӯбинкаш	ژوپين کش
заб	زب
заб	زپ
замонӣ	زماني
замонӣ	زمانوي
занбарак	زنبرک
занбарак	زنبورک
занондан	زناندن
занондан	زنانيدن
зарбафт	زربفت
зарбафт	زربفته
зардолупаз	زردالوپز
зардолупаз	زردالوپزي
зардчӯба	زردچوبه
зардчӯба	زرچوبه
зароған	زرآغن
зароған	زرآغنگ
зерафканд	زيرافکن
зерафканд	زيرافکند
зирбонидан	زرباندن
зирбонидан	زربانيدن
зок	زاک
зок	زاگ
зу	ذو
зу	ذي
зулу	زلو
зулу	زلوک
зумуррадин	زمردين
зумуррадин	زمردي
идгаҳ	عيد گه
идгаҳ	عيد گاه
идома	ادامه
идома	ادامت
идоравӣ	اداروي
идоравӣ	اداري
изо	اذا
изо	ايذا
изоат	اذاعه
изоат	اذاعت
изофа	اضافه
изофа	اضافت
илғор	ايلغار
илғор	الغار
иллийин	عليين
иллийин	عليون
иноқ	ايناق
иноқ	اناق
иодат	اعاده
иодат	اعادت
исоат	اسائه
исоат	اسائت
испандормуз	اسپندارمذ
испандормуз	اسفندارمذ
истабл	اسطبل
истабл	اصطبل
истабрак	استبرک
истабрак	استبرق
истахр	استخر
истахр	اصطخر
истиғосат	استغاثه
истиғосат	استغاثت
истиозат	استعاذه
истиозат	استعاذت
истифозат	استفاضه
истифозат	استفاضت
истишорат	استشاره
истишорат	استشارت
истода	استاده
истода	ايستاده
итолат	اطاله
итолат	اطالت
ифозат	افاضه
ифозат	افاضت
ишора	اشاره
ишора	اشارت
ишратгоҳ	عشرتگاه
ишратгоҳ	عشرتگه
ишхор	اشخار
ишхор	اشقار
каррат	کرّه
каррат	کرّت
каффорат	کفّاره
каффорат	کفّارة
каҷалак	کجله
каҷалак	کجلک
кифоят	کفايه
кифоят	کفايت
ковиён	کاويان
ковиён	کاوياني
коғатӣ	کاغتي
коғатӣ	کاغاتي
косашиканак	کاسه شکن
косашиканак	کاسه شکنک
коҳонидан	کاهاندن
коҳонидан	کاهانيدن
кулаҳборонӣ	کله باران
кулаҳборонӣ	کله باراني
куният	کنيه
куният	کنيت
кустӣ	کستي
кустӣ	کشتي
кушоёнидан	کشاياندن
кушоёнидан	کشايانيدن
кӯчонида	کوچانده
кӯчонида	کوچانيده
кӯчонидан	کوچاندن
кӯчонидан	کوچانيدن
қабулонидан	قبولاندن
қабулонидан	قبولانيدن
қавсара	قوصر
қавсара	قوصره
қадамшуморӣ	قدم شماري
қадамшуморӣ	قدم شمري
қанбил	قنبيل
қанбил	قنبيله
қанчиғ	قنچيغ
қанчиғ	قنچيق
қатӣ	قتي
қатӣ	کتي
қоқинарӯй	قاقينه رو
қоқинарӯй	قاقينه روي
қувват	قوه
қувват	قوت
қуфл	قفل
қуфл	قلف
қӯшун	قشون
қӯшун	قوشن
лабеша	لبيشه
лабеша	لباشه
лаблабугин	لبلبوگين
лаблабугин	لبلبوگي
лағжидан	لغژيدن
лағжидан	لغزيدن
лағжиш	لغژش
лағжиш	لغزش
лағзонидан	لغزاندن
лағзонидан	لغزانيدن
лок	لاک
лок	لک
лаққонидан	لقاندن
лаққонидан	لقانيدن
лаққониданӣ	لقّاندني
лаққониданӣ	لقّانيدني
лаллу	للّو
лаллу	للوق
лаппас	لپس
лаппас	لپاس
лаппонидан	لپاندن
лаппонидан	لپانيدن
ларзонидан	لرزاندن
ларзонидан	لرزانيدن
латанбар	لتنبر
латанбар	لتنبار
латтагин	لتّگين
латтагин	لتّگي
лафч	لفچ
лафч	لفج
лафча	لفچه
лафча	لفجه
лахчак	لخچک
лахчак	لخشک
лелак	ليله
лелак	ليلک
лесонидан	ليساندن
лесонидан	ليسانيدن
лодан	لادن
лодан	لاذن
лойоб	لاي آب
лойоб	لاي آبه
ломаҳол	لامحال
ломаҳол	لامحاله
лух	لخ
лух	لوخ
мабор	مبار
мабор	مبا
мавло	مولي
мавло	مولا
мавҳиба	موهبه
мавҳиба	موهبت
мазиқ	مضيق
мазиқ	مضيقه
майдаяк	ميده يک
майдаяк	ميده يکک
макидат	مکيده
макидат	مکيدت
маконидан	مکاندن
маконидан	مکانيدن
мало	ملا
мало	ملأ
малоик	ملائک
малоик	ملائکه
манзала	منزله
манзала	منزلت
манзила	منزله
манзила	منزلت
марминҷон	مرميجان
марминҷон	مرمينجان
мароға	مراغه
мароға	مراغت
маротиба	مراتب
маротиба	مراتبه
масеҳ	مسيحا
масеҳ	مسيح
маслиҳатгӯй	مصلحت گو
маслиҳатгӯй	مصلحت گوي
масоъ	مسا
масоъ	مساء
масофа	مسافه
масофа	مسافت
масоҳат	مساحه
масоҳат	مساحت
моҳпора	ماه پاره
моҳпора	مه پاره
маҳпора	مه پاره
маҳпора	ماه پاره
маҷро	مجرا
маҷро	مجري
машкуфӣ	مشکوفي
машкуфӣ	مشکوفه
маъво	مأوي
маъво	مأوا
маъно	معنا
маъно	معني
меҳмон	مهمان
меҳмон	ميهمان
меҳмонсарой	مهمان سرا
меҳмонсарой	مهمان سراي
миёнбур	ميان بر
миёнбур	ميانه بر
миёнсолӣ	ميان سالي
миёнсолӣ	ميانه سالي
миқнаа	مقنعه
миқнаа	مقنع
милтас	ملتس
милтас	ملتاس
милтирас	ملترس
милтирас	ملتراس
миниатюра	مينيئتوره
миниатюра	مينياتور
минхар	منخر
минхар	منخار
мирзогӣ	ميرزايي
мирзогӣ	ميرزاگي
миронидан	ميراندن
миронидан	ميرانيدن
мирсанҷалӣ	ميرسنجلي
мирсанҷалӣ	ميرسنجري
моил	مائل
моил	مايل
мостоба	ماست آبه
мостоба	مست آبه
моҳ	ماه
моҳ	مه
моҳлиқо	ماه لقا
моҳлиқо	مه لقا
моҳпайкар	ماه پيکر
моҳпайкар	مه پيکر
моҳрух	ماه رخ
моҳрух	مه رخ
моҳрӯй	ماه روي
моҳрӯй	مه روي
маҳрӯй	ماه روي
маҳрӯй	مه روي
моҳтоб	ماهتاب
моҳтоб	مه تاب
моҳтобӣ	ماهتابي
моҳтобӣ	مهتابي
моҳтобшаб	ماهتاب شب
моҳтобшаб	مه تاب شب
муаззо	معزي
муаззо	معزا
муалло	معلي
муалло	معلا
муаммо	معمي
муаммо	معما
муарро	معرّي
муарро	معرّا
мубарро	مبرّي
мубарро	مبرّا
мубтало	مبتلا
мубтало	مبتلي
муваффо	موفّي
муваффо	موفّا
мувозина	موازنه
мувозина	موازنت
мувосила	مواصله
мувосила	مواصلت
мувосо	مواسا
мувосо	مواسات
муғул	مغل
муғул	مغول
муғулӣ	مغلي
муғулӣ	مغولي
мудоҳана	مداهنه
мудоҳана	مداهنت
мунаққо	منقّي
мунаққо	منقّا
мунтаҳо	منتهي
мунтаҳо	منتها
муохиза	مؤاخذه
муохиза	مؤاخذت
мусалло	مصلّي
мусалло	مصلا
мусаммо	مسمي
мусаммо	مسما
мусодира	مصادره
мусодира	مصادرت
мусодарат	مصادره
мусодарат	مصادرت
мустасно	مستثني
мустасно	مستثنا
мустаҳиққ	مستحق
мустаҳаққ	مستحق
мутаваффо	متوفّي
мутаваффо	متوفّا
мутаманно	متمنّي
мутаманно	متمنّا
мутолиба	مطالبه
мутолиба	مطالبت
муттако	متکي
муттако	متکا
муфтхор	مفت خوار
муфтхор	مفت خواره
муҳашшо	محشّي
муҳашшо	محشّا
муҷалло	مجلا
муҷалло	مجلي
мушлак	مشلک
мушлак	مشکلک
мушкбӯй	مشک بو
мушкбӯй	مشک بوي
муштаҳо	مشتهي
муштаҳо	مشتها
мӯрчахор	مورچه خوار
мӯрчахор	مورچه خور
мӯрчол	مورچال
мӯрчол	مورچل
мӯхӯрак	موخورک
мӯхӯрак	موخارک
мӯҳтавӣ	محتوي
мӯҳтавӣ	محتوا
набид	نبيد
набид	نبيذ
навпухта	نوپخت
навпухта	نوپخته
нағматироз	نغمه تراز
нағматироз	نغمه طراز
нақора	نقاره
нақора	نغاره
намнагузарон	نم نگذران
намнагузарон	نم ناگذران
натоиҷ	نتايج
натоиҷ	نتائج
нахчад	نخچد
нахчад	نخجد
нахчал	نخچل
нахчал	نخجل
наҷак	نجک
наҷак	نچک
наҷда	نجده
наҷда	نجدت
нашид	نشيد
нашид	نشيده
нейрон	نيران
нейрон	نيوران
нештарбақо	نيشتربقا
нештарбақо	نيشتربها
нигаронидан	نگراندن
нигаронидан	نگرانيدن
нигоҳ	نگاه
нигоҳ	نگه
ниёгон	نياگان
ниёгон	نياکان
нимпӯш	نيم پوش
нимпӯш	نيم پوشيده
нимтарг	نيم ترگ
нимтарг	نيم ترک
ниҳолагоҳ	نهاله گاه
ниҳолагоҳ	نهاله گه
нишастангоҳ	نشستن گاه
нишастангоҳ	نشستن گه
нишхор	نشخوار
нишхор	نشخور
нобисуд	نابسود
нобисуд	نابسوده
нокифоят	ناکفايه
нокифоят	ناکفايت
номаълумак	نامعلومک
номаълумак	نامعلومکک
носур	ناسور
носур	ناصور
ношумор	ناشمر
ношумор	ناشمار
нушрат	نشره
нушрат	نشرت
нӯг	نوک
нӯг	نوگ
обгармкунак	آب گرمکن
обгармкунак	آب گرمکنک
обиранг	آبي رنگ
обиранг	آبرنگ
обишхӯр	آبشخور
обишхӯр	آبشخوار
обиҷӯшфурӯшӣ	آب جوش فروشي
обиҷӯшфурӯшӣ	آبجوش فروشي
обнарасида	آبنرسيده
обнарасида	آبنارسيده
обрӯбак	آبروبه
обрӯбак	آبروبک
обфишор	آب فشار
обфишор	آب افشار
обхаст	آبخست
обхаст	آبخوست
обширинкунак	آب شيرين کن
обширинкунак	آب شيرين کنک
огана	آگنه
огана	آکنه
оганда	آگنده
оганда	آکنده
огандагӣ	آگندگي
огандагӣ	آکندگي
огандан	آگندن
огандан	آکندن
оганданӣ	آگندني
оганданӣ	آکندني
огандапар	آگنده پر
огандапар	آکند هپر
оганиш	آگنش
оганиш	آکنش
огаҳонидан	آگهانيدن
огаҳонидан	آگاهانيدن
оғо	آغا
оғо	آقا
одамӣгарӣ	آدم گري
одамӣгарӣ	آدم يگري
одамхор	آدم خوار
одамхор	آد مخور
ожадан	آژدن
ожадан	آژيدن
озаранг	آذرنگ
озаранг	آدرنگ
озарахш	آذرخش
озарахш	آدرخش
озаргуна	آذرگون
озаргуна	آذرگونه
озодамард	آزاده مرد
озодамард	آزادمرد
озуқ	آزوق
озуқ	آزوقه
олонидан	آلاندن
олонидан	آلانيدن
омӯзондан	آموزاندن
омӯзондан	آموزانيدن
ордоба	آرداب
ордоба	آردابه
оромида	آراميده
оромида	آرميده
оромфизо	آرام فزا
оромфизо	آرام افزا
осемасар	آسيمه سر
осемасар	آسيمه سار
остар	آستر
остар	استر
отифа	عاطفه
отифа	عاطفت
охур	آخر
охур	آخور
охура	آخره
охура	آخرک
оҳехтан	آهيختن
оҳехтан	آهختن
очордан	آچاردن
очордан	آچاريدن
ошён	آشيان
ошён	آشيانه
ошкӯхидан	آشکوخيدن
ошкӯхидан	اشکوخيدن
оя	آيه
оя	آيت
пагоҳтар	پگاه تر
пагоҳтар	پگه تر
падархонда	پدرخواند
падархонда	پدرخوانده
пажӯлонидан	پژولاندن
пажӯлонидан	پژولانيدن
пазонидан	پزاندن
пазонидан	پزانيدن
пайкаророй	پيکرآرا
пайкаророй	پيکرآراي
панҷпоя	پنج پا
панҷпоя	پنج پايه
парваридан	پروردن
парваридан	پروريدن
паргас	پرگس
паргас	پرگست
паридагӣ	پريده
паридагӣ	پريدگي
паризода	پري زاد
паризода	پري زاده
пароканда	پراکنده
пароканда	پراگنده
паронидан	پراندن
паронидан	پرانيدن
пахолӣ	پخالي
пахолӣ	پخالين
пашмоқ	پشماق
пашмоқ	بشماق
пашшакушак	پشه کش
пашшакушак	پشه کشک
печонидан	پيچاندن
печонидан	پيچانيدن
пиёба	پيابه
пиёба	پيه آبه
пингон	پنگان
пингон	بنگان
писархонда	پسرخواند
писархонда	پسرخوانده
пичанд	پيچن
пичанд	پيچند
пойбоз	پا باز
пойбоз	پاي باز
пойбурида	پابريده
пойбурида	پاي بريده
пойсӯхта	پاي سوخته
пойсӯхта	پاسوخته
пойча	پاي چه
пойча	پاچه
пойчапаз	پاي چه پز
пойчапаз	پاي چاپز
пойҷома	پاي جامه
пойҷома	پاجامه
пойшикаста	پاي شکسته
пойшикаста	پاشکسته
пунбак	پنبه
пунбак	پنبک
пуркина	پرکين
пуркина	پرکينه
пуртантана	پرطنطنه
пуртантана	پرتنتنه
пучалак	پوچله
пучалак	پوچلک
пӯб	پوپ
пӯсонидан	پوساندن
пӯсонидан	پوسانيدن
пӯшонидан	پوشاندن
пӯшонидан	پوشانيدن
рабв	ربو
рабв	ربوه
равзан	روزن
равзан	روزنه
равонидан	رواندن
равонидан	روانيدن
равуо	رووآ
равуо	رووآي
размгаҳ	رزمگه
размгаҳ	رزمگاه
раийя	رعيه
раийя	رعيت
рақсонидан	رقصاندن
рақсонидан	رقصانيدن
рамабон	رمه بان
рамабон	رمه وان
рангино	رنگينا
рангино	رنگينان
ранҷонидан	رنجاندن
ранҷонидан	رنجانيدن
расадгоҳ	رصدگاه
расадгоҳ	رصدگه
расонидан	رساندن
расонидан	رسانيدن
рафоҳат	رفاهت
рафоҳат	رفاهيت
раҳбалад	ره بلد
раҳбалад	راه بلد
раҳонидан	رهاندن
раҳонидан	رهانيدن
раҳсипор	رهسپار
раҳсипор	راهسپار
раҷо	رجا
раҷо	رجاء
резахор	ريزه خوار
резахор	ريزه خور
резин	ريزين
резин	ريزينه
рекоша	ريکاشه
рекоша	ريکاسه
речор	ريچار
речор	ريچال
рибохор	رباخوار
рибохор	رباخور
риқба	رقبه
риқба	رقبت
риоя	رعايه
риоя	رعايت
ришват	رشوه
ришват	رشوت
ришвахор	رشوه خوار
ришвахор	رشوه خور
роваро	راورا
роваро	رأورا
роиҷа	رايج
роиҷа	رايجه
рок	راک
рок	راگ
роҳбин	راه بين
роҳбин	ره بين
роҳвор	راه وار
роҳвор	ره وار
роҳкушо	راه کشا
роҳкушо	راه کشاينده
роҳкушоянда	راه کشا
роҳрав	راه رو
роҳрав	ره رو
роҳсанҷ	راه سنج
роҳсанҷ	ره سنج
роҳтӯша	راه توشه
роҳтӯша	ره توشه
русбӣ	روسبي
русбӣ	روسپي
рӯ	رو
рӯ	روي
ру	رو
ру	روي
рӯбанд	روبند
рӯбанд	روي بند
рӯбин	روبين
рӯбин	روي بين
рӯбинон	روبينان
рӯбинон	روي بينان
рӯболо	روبالا
рӯболо	روي بالا
рӯбоҳ	روباه
рӯбоҳ	روبه
рӯварақа	روورق
рӯварақа	روورقه
рӯгар	روگر
рӯгар	رويگر
рӯгардон	روگردان
рӯгардон	روي گردان
рӯёнидан	روياندن
рӯёнидан	رويانيدن
рӯинатан	رويين تن
рӯинатан	رويينتن
рӯйнавис	روي نويس
рӯйнавис	رونويس
рӯйпӯшӣ	روي پوشي
рӯйпӯшӣ	روپوشي
рӯмол	روي مال
рӯмол	رومال
рӯмолча	رو مالچه
рӯмолча	روي مالچه
рӯнамо	رو نما
рӯнамо	روي نما
рӯҳафзо	روح افزا
рӯҳафзо	روح فزا
сабзгун	سبزگون
сабзгун	سبزگونه
сабзонидан	سبزاندن
сабзонидан	سبزانيدن
сабу	سبو
сабу	سبوي
сабӯй	سبو
сабӯй	سبوي
сабукандеша	سبک انديش
сабукандеша	سبک انديشه
сагзӣ	سگزي
сагзӣ	سکزي
сағирапарвар	صغيره پرور
сағирапарвар	صغير پرور
садкес	سدکيس
садкес	سدگيس
сайида	سيده
сайида	سيد ة
сайҳа	صيحه
сайҳа	صيحت
сакана	سکنه
сакана	سکنت
сакина	سکينه
сакина	سکينت
сақирлот	سقرلات
сақирлот	سقرلاط
сақлоб	صقلب
сақлоб	سقلب
сақлобӣ	صقلبي
сақлобӣ	سقلبي
сал	سل
сал	سال
салимулфитрат	سليم الفطره
салимулфитрат	سليم الفطرة
салот	صلواة
салот	صلات
саманбӯ	سمن بوي
суманбӯй	سمن بوي
самансой	سمن ساي
сумансой	سمن ساي
самарабахш	ثمره بخش
самарабахш	ثمر بخش
самона	ثمان
самона	ثمانه
самурин	سمورين
самурин	سموري
сангнавишта	سنگ نوشت
сангнавишта	سنگ نوشته
сапедӣ	سپيدي
сапедӣ	سفيدي
сапедкор	سپيدکار
сапедкор	سپيدگار
сапедкорӣ	سپيدکاري
сапедкорӣ	سپيدگاري
сапедном	سپيدنام
сапедном	سفيدنام
сарафганда	سرافگنده
сарафганда	سرافکنده
сарафгандагӣ	سرافگندگي
сарафгандагӣ	سرافکندگي
сарпӯшак	سرپوش
сарпӯшак	سرپوشک
сарҷӯбор	سرجوبار
сарҷӯбор	سرجوي بار
сафедгар	سفيدگر
сафедгар	سفيده گر
сафоват	صفاوه
сафоват	صفاوت
сафроимизоҷ	صفرامزاج
сафроимизоҷ	صفرايمزاج
саҳаргаҳ	سحرگه
саҳаргаҳ	سحرگاه
саҳаргоҳон	سحرگاهان
саҳаргоҳон	سحرگهان
саҳифа	صحيفه
саҳифа	صفحه
саътар	سعتر
саътар	صعتر
себофак	سه بافه
себофак	سه بافک
сегаза	سه گزه
сегаза	سه گزي
секаса	سه کسه
секаса	سه کسي
серошён	سيرآشيان
серошён	سيرآشيانه
сертаркиба	سيرترکيب
сертаркиба	سيرترکيبه
сеҷ	سيج
сеҷ	سيچ
сибо	صبا
сибо	صبي
сигустан	سيگوستن
сигустан	سگوستن
сиёҳгуна	سياه گون
сиёҳгуна	سياه گونه
сиёҳкорӣ	سياه کاري
сиёҳкорӣ	سيه کاري
сиёҳрӯй	سيه روي
сияҳрӯй	سياه روي
сиқоят	سقايه
сиқоят	سقايت
силат	صله
силат	صلت
симох	صماخ
симох	سماخ
сипаридан	سپردن
сипаридан	سپريدن
сипӯхтан	سپوختن
сипӯхтан	سپوزيدن
ситабр	سطبر
ситабр	ستبر
ситамгар	ستم گر
ситамгар	ستمگار
ситамгорӣ	ستم گاري
ситамгорӣ	ستم گري
ситой	ستا
ситой	ستاي
ситонидан	ستاندن
ситонидан	ستانيدن
собута	صابوته
собута	سابوته
сова	ساو
сова	ساوه
соиб	صايب
соиб	صائب
соиброй	صائب راي
соиброй	صايب رأي
соил	سائل
соил	سايل
соҳавӣ	ساحوي
соҳавӣ	ساحگي
соягаҳ	سايه گه
соягаҳ	سايه گاه
-стон	ستان
-стон	استان
су	سوٌ
су	سو
субҳгоҳон	صبحگاه
субҳгоҳон	صبحگاهان
сулмат	ثلمه
сулмат	ثلمت
супоридан	سپاريدن
супоридан	سپردن
суррият	سريه
суррият	سريت
сутурлоб	صطرلاب
сутурлоб	سترلاب
сутурлобнигар	سطرلاب نگر
сутурлобнигар	صطرلاب نگر
сутурлобсанҷ	سطرلاب سنج
сутурлобсанҷ	صطرلاب سنج
суфрат	صفره
суфрат	صفرت
сухрият	سخريه
сухрият	سخريت
сӯзонидан	سوزاندن
сӯзонидан	سوزانيدن
табарзад	تبرزد
табарзад	طبرزد
табарро	تبرّا
табарро	تبرّي
табошир	طباشير
табошир	تباشير
тавалло	تولي
тавалло	تولا
тагидан	تگيدن
тагидан	تکيدن
тағоӣ	تغا
тағоӣ	تغائي
тазкият	تذکيه
тазкият	تذکيت
таконидан	تکاندن
таконидан	تکانيدن
тақвият	تقويه
тақвият	تقويت
тақво	تقوا
тақво	تقوي
талафгор	تلف گار
талафгор	تلف کار
таманно	تمنا
таманно	تمني
тамға	تمغه
тамға	تمغا
тамошогаҳ	تماشاگه
тамошогаҳ	تماشاگاه
тамошогоҳ	تماشاگه
тамошогоҳ	تماشاگاه
танқия	تنقيه
танқия	تنقيت
танмия	تنميه
танмия	تنميت
тантана	تنتنه
тантана	طنطنه
тарбия	تربيه
тарбия	تربيت
тарбиятгар	تربيه گر
тарбиятгар	تربيت گر
тарбиятгиранда	تربيه گيرنده
тарбиятгиранда	تربيت گيرنده
таркондан	ترکاندن
таркондан	ترکانيدن
тароз	تراز
тароз	طراز
тарозидан	ترازيدن
тарозидан	طرازيدن
тарозӣ	ترازي
тарозӣ	طرازي
тарсонидан	ترساندن
тарсонидан	ترسانيدن
тарфа	طرفه
тарфа	طرفت
тархон	طرخان
тархон	ترخان
тасаллибахш	تسلي بخش
тасаллибахш	تسلابخش
тасалло	تسلا
тасалло	تسلي
тасвия	تسويه
тасвия	تسويت
таҷан д	تجن
таҷан д	تجند
ташт	تشت
ташт	طشت
таъзият	تعزيه
таъзият	تعزيت
тезонидан	تيزاندن
тезонидан	تيزانيدن
тимоғ	تماغ
тимоғ	تماق
тиррончак	تيرانچه
тиррончак	تيرانچک
тоба	تابه
тоба	تاوه
тобадон	تابه دان
тобадон	تابدان
тозонидан	تازاندن
тозонидан	تازانيدن
тоир	طائر
тоир	طاير
тоифа	تائفه
тоифа	طايفه
тоифӣ	طائفي
тоифӣ	طايفي
тоҷилмулук	تاج الملوک
тоҷилмулук	تاج الملک
туршонидан	ترشاندن
туршонидан	ترشانيدن
тӯй	توي
тӯй	طوي
узамо	عظمي
узамо	عظما
ука	اکه
ука	اکا
улав	الو
улав	الاو
урдак	اردک
урдак	اوردک
уруғ	اروق
уруғ	اروغ
устох	اوستاخ
устох	استاخ
уфтода	اوفتاده
уфтода	افتاده
уҷрат	اجره
уҷрат	اجرت
уҷрихор	اجري خوار
уҷрихор	اجر ي خور
фатво	فتوا
фатво	فتوي
фаҳво	فحوي
фаҳво	فحوا
фаҳмонидан	فهماندن
фаҳмонидан	فهمانيدن
фашшас	فشّس
фашшас	فشّاس
фиристонидан	فرستاندن
фиристонидан	فرستانيدن
фожа	فاژ
фожа	فاژه
фомил	فاميل
фомил	فاميلي
фонид	فانيد
фонид	فانيذ
форонидан	فارانيدن
форонидан	فاراندن
фурзат	فرضه
фурзат	فرضت
фурӯзондан	فروزاندن
фурӯзондан	فروزانيدن
фурӯзонидан	فروزاندن
фурӯзонидан	فروزانيدن
фута	فوته
фута	فوطه
фучфуч	فچفچ
фучфуч	فجفج
фӯлодӣ	فولادي
фӯлодӣ	فولادين
фӯта	فوته
фӯта	فوطه
хаба	خبه
хаба	خفه
хабаздӯ	خبزدو
хабаздӯ	خبزدوک
хавид	خويد
хавид	خيد
халонидан	خلاندن
халонидан	خلانيدن
хамонидан	خماندن
хамонидан	خمانيدن
хамут	خموت
хамут	خاموت
хандонидан	خنداندن
хандонидан	خندانيدن
харобакак	خرابک
харобакак	خرابکک
харотин	خراتين
харотин	خراطين
хатва	خطوه
хатва	خطوت
хезонидан	خيزاندن
хезонидан	خيزانيدن
хестан	خيستن
хестан	خيجيدن
хизмат	خذمت
хизмат	خدمت
хизматгорзанак	خذمت گارزن
хизматгорзанак	خذمت گارزنک
хишоба	خشابه
хишоба	خشاوه
хобонидан	خواباندن
хобонидан	خوابانيدن
хокистариранг	خاکستررنگ
хокистариранг	خاکستري رنگ
хонумон	خانمان
хонумон	خان ومان
хорбун	خاربن
хорбун	خاربون
хоронидан	خاراندن
хоронидан	خارانيدن
хотиррас	خاطررس
хотиррас	خاطررسان
худком	خودکام
худком	خودکامه
худрой	خودراي
худрой	خودرأي
хумоҳан	خم آهن
хумоҳан	خم آهان
хуноб	خون آب
хуноб	خون آبه
хуррак	خرک
хуррак	خراک
хуфят	خفيه
хуфят	خفية
хушконидан	خشکاندن
хушконидан	خشکانيدن
хушкор	خوش کار
хушкор	خوش کارد
хӯронидан	خوراندن
хӯронидан	خورانيدن
ҳабба	حبه
ҳабба	حبة
ҳабок	هباک
ҳабок	هپاک
ҳавоякӣ	هوايکي
ҳавоякӣ	هوائکي
ҳайат	هيئت
ҳайат	هيأت
ҳайтал	هيطل
ҳайтал	هيطال
ҳалилоба	هليل آب
ҳалилоба	هليل آبه
ҳариса	هريسه
ҳариса	هليسه
ҳалиса	هليسه
ҳалиса	هريسه
ҳамгуна	همگون
ҳамгуна	همگونه
ҳамқишлоқӣ	هم قشلاق
ҳамқишлоқӣ	هم قشلاقي
ҳамтаг	هم تگ
ҳамтаг	هم تک
ҳамхоба	هم خواب
ҳамхоба	هم خوابه
ҳармала	حرمل
ҳармала	حرمله
ҳаросонидан	هراساند
ҳаросонидан	هراسانيدن
ҳе	ح
ҳе	ه
ҳербад	هيربد
ҳербад	هربد
ҳизабр	هزبر
ҳизабр	هژبر
ҳиккак	هکّک
ҳиккак	هقّک
ҳикоят	حکايه
ҳикоят	حکايت
ҳимоят	حمايه
ҳимоят	حمايت
ҳимоягар	حمايه گر
ҳимоягар	حمايت گر
ҳирқат	حرقه
ҳирқат	حرقت
ҳирфат	حرفه
ҳирфат	حرفت
ҳоил	حائل
ҳоил	حايل
ҳой-ҳуй	هاي هوي
ҳой-ҳуй	هاي وهوي
ҳуборӣ	هوباري
ҳуборӣ	هوبارا
ҳуввас	هوس
ҳуввас	هواس
ҳудо	حدي
ҳудо	حدا
ҳужабр	هژبر
ҳужабр	هزبر
ҳумро	حمري
ҳумро	حمره
ҳунгас	هنگس
ҳунгас	هنگاس
ҳурқат	حرقه
ҳурқат	حرقت
ҳуш	هوش
ҳуш	هش
ҳушдор	هوشدار
ҳушдор	هشدار
ҳушёр	هوشيار
ҳушёр	هشيار
ҳушёрӣ	هوشياري
ҳушёрӣ	هشياري
ҳушёрона	هشيارانه
ҳушёрона	هوشيارانه
ҳушёрхона	هوشيارخانه
ҳушёрхона	هشيارخانه
ҳушманд	هوشمند
ҳушманд	هشمند
ҳушмандӣ	هوشمندي
ҳушмандӣ	هشمندي
ҳушрабо	هوش ربا
ҳушрабо	هش ربا
ҳӯппак	هوپک
ҳӯппак	هوپاق
чаббин	چبين
чаббин	چپين
чабира	چبيره
чабира	چپيره
чав	چو
чав	چاو
чавканд	چوکند
чавканд	چوکندي
чагома	چگامه
чагома	چکامه
чаконидан	چکاندن
чаконидан	چکانيدن
чакочак	چکاچک
чакочак	چکاچاک
чалаб	چلب
чалаб	چلپ
чалаппас	چلپس
чалаппас	چلپاس
чалочулӣ	چلاچول
чалочулӣ	چلاچولي
чамонидан	چماندن
чамонидан	چمانيدن
чангонидан	چنگاندن
чангонидан	چنگانيدن
чандбора	چندباره
чандбора	چندباري
чарақса	چرقسه
чарақса	چرکسه
чарақсонидан	چرقساندن
чарақсонидан	چرقسانيدن
чаронидан	چراندن
чаронидан	چرانيدن
чархонидан	چرخاندن
чархонидан	چرخانيدن
часпонидан	چسپاندن
часпонидан	چسپانيدن
чашмбаном	چشم بنام
чашмбаном	چشم پنام
чашмпаном	چشم بنام
чашмпаном	چشم پنام
чашонидан	چشاندن
чашонидан	چشانيدن
чер	چير
чер	چيره
чиррас	چرّس
чиррас	چرّاس
чӣ	چي
чӣ	چه
чоба	چابه
чоба	چاوه
чорангуштӣ	چار انگشت
чорангуштӣ	چارانگشتي
чоркунҷа	چارکنج
чоркунҷа	چارکنجه
чорнаъла	چارنعل
чорнаъла	چارنعله
чорраха	چار رخ
чорраха	چاررخه
чортагӣ	چارتگي
чортагӣ	چارتاگي
чуввас	چوس
чуввас	چواس
чуғз	چغز
чуғз	چغد
ҷабғат	جبغت
ҷабғат	جبغوت
ҷавлонгаҳ	جولانگه
ҷавлонгаҳ	جولانگاه
ҷағола	جغاله
ҷағола	چغاله
ҷаззагин	جزّه گين
ҷаззагин	جز گي
ҷанибат	جنيبه
ҷанибат	جنيبت
ҷароид	جرائد
ҷароид	جرايد
ҷароим	جرائم
ҷароим	جرايم
ҷах	جخ
ҷах	چخ
ҷеранд	جيرن
ҷеранд	جيرند
ҷиран	جيرن
ҷиран	جيرند
ҷирингас	جرنگس
ҷирингас	جرنگاس
ҷо	جا
ҷо	جاي
ҷого	جاگا
ҷого	جاگاه
ҷогоӣ	جاگائي
ҷогоӣ	جاگاهي
ҷохсук	جاخسوک
ҷохсук	جاخشوک
ҷузв	جزو
ҷузв	جزء
ҷузвбанд	جزوبند
ҷузвбанд	جزءبند
ҷузвбандӣ	جزوبندي
ҷузвбандӣ	جزءبندي
ҷузвгир	جزوگير
ҷузвгир	جزءگير
ҷузвдон	جزودان
ҷузвдон	جزءدان
ҷунбонидан	جنباندن
ҷунбонидан	جنبانيدن
ҷуръат	جرئت
ҷуръат	جرأت
ҷӯгак	جوگک
ҷӯгак	جوکک
ҷӯлонидан	جولاندن
ҷӯлонидан	جولانيدن
ҷӯлоҳа	جولاه
ҷӯлоҳа	جولاهه
ҷӯшонидан	جوشاندن
ҷӯшонидан	جوشانيدن
ҷӯя	جويه
ҷӯя	جويک
шабонгаҳ	شبانگه
шабонгаҳ	شبانگاه
шабпара	شب پره
шабпара	شب پرك
шабуш	شبش
шабуш	شپش
шағавул	شغول
шағавул	شغاول
шақилдоқ	شقلداق
шақилдоқ	شقلاق
шаст	شصت
шаст	شست
шаҳпар	شهپر
шаҳпар	شاهپر
шаън	شأن
шаън	شان
шима	شيمه
шима	شيمت
шинонидан	شناندن
шинонидан	شنانيدن
шиносонидан	شناساندن
шиносонидан	شناسانيدن
широъ	شرا
широъ	شراء
ширхор	شيرخوار
ширхор	شيرخواره
шодбошӣ	شادباش
шодбошӣ	شاد باشي
шодикафак	شادي کف
шодикафак	شادي کفک
шоидан	شائيدن
шоидан	شاييدن
шонасар	شانه سر
шонасар	شانه سرک
шофер	شافير
шофер	شافيار
шош	شاش
шош	شاشه
штанг	شتنگ
штанг	شتنگه
шуввас	شوس
шуввас	شواس
шуморидан	شماردن
шуморидан	شماريدن
шутурпаланг	شتر پلنگ
шутурпаланг	شتر گاو پلنگ
шӯ	شو
шӯ	شوي
шӯразамин	شوره زمين
шӯразамин	شورزمين
эллипс	ايلّپس
эллипс	ايلّپسس
эчкамар	ايچکمر
эчкамар	ايچکيمر
ябрӯҳуссанам	يبروح الصنم
ябрӯҳуссанам	يبروج الصنم
яғлоғу	يغلاغو
яғлоғу	ياغلاغو
якдақиқагӣ	يک دقيقه اي
якдақиқагӣ	يک دقيقگي
яктак	يکتک
яктак	يکتگ
якҷилда	يکجلده
якҷилда	يکجلدي
ясавул	يسول
ясавул	يساول
ясавулбошӣ	يسول باشي
ясавулбошӣ	يساول باشي
яхманак	يخمن
яхманак	يخمنک
яхпора	يخپاره
яхпора	يخپارچه