Хабари фаврӣ ҳамин ки хабаре дар роҳ аст	خبر فوری همین که خبری‌ در راه است
Рӯбарӯи беҳарифон хатаре дар роҳ аст	روبروی بی‌حریفان خطری در راه است
Баъд ҳам дасти ситам мешиканад бетардид	بعد هم دست ستم می‌شکند بی‌تردید
Дастовези аҳуронигаре дар роҳ аст	دست‌آویز اهورانگری‌ در راه است
Ҳар ки аз ғуссаи мо бодаи шодӣ мехурд	هر که از غصهٔ ما بادهٔ شادی می‌خورد
Шавкароне таҳи ҷомаш шакар-е дар роҳ аст	شوکرانی ته جامش شکری در راه است
Дар дили бешаи аҳримании рангу риё	در دل بیشهٔ اهریمنی رنگ و ریا
Беамон бо дилу имон табаре дар роҳ аст	بی‌امان با دل و ایمان تبری در راه است
Хабаре ҳаст ки аз авҷи дурӯғ уфтодед	خبری هست که از اوج دروغ افتادید
Чунки донои куди хайру шаре дар роҳ аст	چونکه دانای کد خیر و شری در راه است
Бесамар буд агар ҷаҳди ману мо то ҳол	بی‌ثمر بود اگر جهد من و ما تا حال
Ҳол гӯянд ки барояш самаре дар роҳ аст	حال گویند که برایش ثمری در راه است
Бесавоб буд агар ин ҳама фарёду наҳиб	بی‌صواب بود اگر این همه فریاد و نحیب
Қисса воруна шуда ҳон агар-е дар роҳ аст	قصه وارونه شده هان اگری در راه است
Хабар ин аст хабари фаврии дунё ин аст	خبر این است خبر فوری دنیا این است
Ки яли ромгари гову харе дар роҳ аст	که یل رامگر گاو و خری در راه است
Дуруст сол пеш дар ҳамин соъот ҷӯхаи марги булшевикҳо ба дастури сардамдорашон Влодимир Улёнуф Ленин вопасин хонаводаи салтанатии Русияро дар шаҳри Екотеринбург дар ғарби Сибрӣ ба рагбор баст	درست سال پیش در همین ساعات جوخه مرگ بلشویک‌ها به دستور سردمدارشان ولادیمیر اولیانف لنین واپسین خانواده سلطنتی روسیه‌را در شهر یِکاتِرین‌بورگ در غرب سیبری به رگبار بست
Тезор Никулойи Дувум ва ҳамсараш Олексондро ва панҷ фарзандашон Улго Тотёно Мориё Оностосиё ва Олексей дар хуни ҳамдигар ғалтиданду мурданд	تزار نیکُلای دوم و همسرش آلکساندرا و پنج فرزندشان اُلگا تاتیانا ماریا آناستاسیا و آلکسی در خون همدیگر غلطیدند و مردند
Ба ҳангоми марг Улго Тотёно Мориё Оностосиё ва Олексей сол доштанд	به هنگام مرگ اُلگا تاتیانا ماریا آناستاسیا و آلکسی سال داشتند
Шоҳзода Олексей ки интизор мерафт рӯзе ба тоҷу тахти Русия бирасад гирифтори ҳемуфилӣ буд беморие ки дар бисёре аз хонаводаҳои салтанатии Урупои садаҳои ва шоеъ буд ва Олексей аз модараш ба ирс бурда буд	شاهزاده آلکسی که انتظار می‌رفت روزی به تاج و تخت روسیه برسد گرفتار هموفیلی بود؛ بیماری‌ای که در بسیاری از خانواده‌های سلطنتی اروپای سده‌های و شایع بود و آلکسی از مادرش به ارث برده بود
Қасовати ин ҷиноят ба ҳадде буд ки дар даврони шӯравӣ аз он ёд намешуд	قساوت این جنایت به حدی بود که در دوران شوروی از آن یاد نمی‌شد
Ва агар мешуд пои Ленин дар миён набуд ва дар ъиваз мегуфтанд бо пешравии тунду сареъи Артиши Сафед ҳаводорони салтанат нерӯҳои булшевик дар минтақаи Уроли Шӯравӣ тасмим ба қатли бидуни муҳокимаи тезор Никулой ва аҳли хонаводааш гирифтанд чун нигарон буданд ки мумкин аст ҳаводорони хонадони салтанатӣ онҳоро озод кунанд	و اگر می‌شد پای لنین در میان نبود و در عوض می‌گفتند با پیشروی تند و سریع ارتش سفید هواداران سلطنت نیروهای بلشویک در منطقه اورال شوروی تصمیم به قتل بدون محاکمه تزار نیکلای و اهل خانواده‌اش گرفتند چون نگران بودند که ممکن است هواداران خاندان سلطنتی آنها‌را آزاد کنند
Аммо дар ҳашт соли нахуст дастгоҳи таблиғотии Шӯравӣ бешармона дар мавриди сарнивишти хонадони салтанатӣ дурӯғпароканӣ мекард	اما در هشت سال نخست دستگاه تبلیغاتی شوروی بی‌شرمانه در مورد سرنوشت خاندان سلطنتی دروغ‌پراکنی می‌کرد
Гуфта шуд ки тезор Никулой ба қатл расида аммо ҳамсару писараш ба хонае амн мунтақил шудаанд дар моли септомбри хабари расмӣ ин буд ки инқилобиюни дастичапӣ ҳамаи аъзои хонаводаро куштаанд	گفته شد که تزار نیکلای به قتل رسیده اما همسر و پسرش به خانه‌ای امن منتقل شده‌اند در ماه سپتامبر خبر رسمی این بود که انقلابیون دست‌چپی همه اعضای خانواده‌را کشته‌اند در ماه آوریل گفته شد که آنها اصلا به قتل نرسیده‌اند و زنده‌اند
дар моҳи оврили гуфта шуд ки онҳо аслан ба қатл нарасидаанду зиндаанд Дар ҳоле ки ҳамаи аъзои хонаводаи салтанатӣ дар як шаб ва канори ҳам зери рагбори ҷӯхаи марги Ленин ҷон дода буданд	در حالی که همه اعضای خانواده سلطنتی در یک شب و کنار هم زیر رگبار جوجه مرگ لنین جان داده بودند
Евгенӣ Буткин пизишки дарбор Оно Демидуво надимаи шаҳбону Олексей Труп ходими дарбор Ивон Хоритунуф сарошпази дарбор ҳам ки хонаводаи салтанатиро то охирин нафас ҳамроҳӣ карданд ҳамонҷо кушта шуданд	یوگنی بُتکین پزشک دربار آنا دِمیدوا ندیمه شهبانو آلکسی تروپ خادم دربار ایوان خاریتونف سرآشپز دربار هم که خانواده سلطنتی‌را تا آخرین نفس همراهی کردند همان‌جا کشته شدند
Дар паи инқилоби февриеи ва канорагирии Никулой аз тоҷу тахти импротурии Русия давлати муваққат хонаводаи салтанатиро нахуст дар ҳасри Кохи Олексондри Петругрод нишонд сипас ба шаҳри Тубулски Сибрӣ табъид кард	در پی انقلاب فوریه و کناره‌گیری نیکلای از تاج و تخت امپراتوری روسیه دولت موقت خانواده سلطتتی‌را نخست در حصر کاخ آلکساندر پتروگراد نشاند سپس به شهر توبولسک سیبری تبعید کرد
Бино ба хотироти бозмонда аз духтарони тезор бо вуҷуди бархе аз маҳдудиятҳо зиндагӣ барояшон ҳанӯз рангу бӯе дошт ва мешуд масалан аз панҷапаи кохи маҳалли иқоматашон ба беун нигоҳ карду одамонро дид	بنا به خاطرات بازمانده از دختران تزار با وجود برخی از محدودیت‌ها زندگی برایشان هنوز رنگ‌وبویی داشت و می‌شد مثلا از پنجره کاخ محل اقامت‌شان به بیرون نگاه کرد و آدمان‌را دید
Пас аз расидани Ленин ба қудрат дар Петругрод ҳамин озодии андак аз онҳо ситонда шуд	پس از رسیدن لنین به قدرت در پتروگراد همین آزادی اندک هم از آنها ستانده شد
Онҳо дар ду навбат ба Екотеринбург мунтақил шуданд ва дар иқоматгоҳи ҷадидашон панҷараҳо ранги сафед хурда буд ва имкони иртиботи ҳатто басарии онҳо бо ҷаҳони хориҷ ба сифр расид	آنها در دو نوبت به یکاترین‌بورگ منتقل شدند و در اقامتگاه جدیدشان پنجره‌ها رنگ سفید خورده بود و امکان ارتباطِ حتی بصری آنها با جهان خارج به صفر رسید
Хона мутаъаллиқ ба бозаргоне бо номи Никулой Ипотйеф буд ки булшевикҳо онро базӯр мусодира карда буданд то аз он як зиндони тамомъайёр бисозанд	که بلشویک‌ها آن‌را به‌زور مصادره کرده بودند تا از آن یک زندان تمامعیار بسازند
Онро расман хонаи хосманзура дом особого назначения номиданд ва манзур аз он ҳамон зиндони хонадони салтанатӣ буд	آن‌را رسما خانه خاص‌منظوره نامیدند و منظور از آن همان زندان خاندان سلطنتی بود
Тезор ва бастагонаш иҷоза надоштанд аз маҳдудаи хонаи хосманзура берун бираванд	تزار و بستگانش اجازه نداشتند از محدوده خانه خاص‌منظوره بیرون بروند
Ҳатто иҷоза надоштанд аз равзанаи кӯчаке ки барои таҳвия боз монда буд ба ҳаёти хона нигоҳ кунанд	حتی اجازه نداشتند از روزنه کوچکی که برای تهویه باز مانده بود به حیاط خانه نگاه کنند
Оностосиё духтари тезор як бор аз ин равзана ба берун сар кашиду сарбоз шиллик кард	آناستاسیا دختر ساله تزار یک بار از این روزنه به بیرون سر کشید و سرباز شلیک کرد
Аъзои хонавода ки бар забонҳои русӣ фаронсавӣ инглисӣ ва олмонӣ тасаллут доштанд иҷоза надоштанд ҷуз ба забони русӣ суҳбат кунанд чун зиндонбононашон ҳамон як забонро балад буданд	اعضای خانواده که بر زبان‌های روسی فرانسوی انگلیسی و آلمانی تسلط داشتند اجازه نداشتند جز به زبان روسی صحبت کنند چون زندان‌بانان‌شان همان یک زبان‌را بلد بودند
Онҳо иҷозаи дастрасӣ ба лавозимашонро надоштанд ки дар саройи муҳаввата нигаҳдорӣ мешуд	آنها اجازه دسترسی به لوازم‌شان‌را نداشتند که در سرای محوطه نگهداری می‌شد
Бисоташон мудом бозрасӣ мешуд ва ҳарчи пулу ашёи қиматӣ ёфт мешуд барои бақои ҳукумати шӯроии Урол ба яғмо мерафт	بساط‌شان مدام بازرسی می‌شد و هرچه پول و اشیاء قیمتی یافت می‌شد برای بقای حکومت شورایی اورال به یغما می‌رفت
Фарзандони тезор ъалоқаи хоссе ба ъаксбардорӣ доштанд ва дар воқеъ ҳеч хонаводае салтанатӣ дар он даврон ба андозаи хонадони Румонуф аз саҳнаҳои зиндагии худ ъакс барнадошта буд	فرزندان تزار علاقه خاصی به عکس‌برداری داشتند و در واقع هیچ خانواده‌ای سلطنتی در آن دوران به اندازه خاندان رُمانف از صحنه‌های زندگی خود عکس برنداشته بود
Ҳар кудом як дастгоҳи ъаккосии Броунӣ доштанд	هر کدام یک دستگاه عکاسی براونی داشتند
Дар хонаи хосманзура ҳамаи дастгоҳҳо ва таҷҳизоти ъаккосӣ мусодира шуд	در خانه خاص‌منظوره همه دستگاه‌ها و تجهیزات عکاسی مصادره شد
Давр то даври хона ҳисоре ба буландои метр кашида буданд то на аз дарун нигоҳе ба берун русух кунаду на воруна	دور تا دور خانه حصاری به بلندای متر کشیده بودند تا نه از درون نگاهی به بیرون رسوخ کند و نه وارونه
Зоҳиран нигоҳе русух карда буд ки дертар деворе буландтару муҳкамтар дар баробари ҳисори аввал қад кашид	ظاهرا نگاهی رسوخ کرده بود که دیرتر دیواری بلندتر و محکم‌تر در برابر حصار اول قد کشید
Дар нимашаби жуие июл аъзои хонаводаи Румонуф ва ҳамроҳонашро ба баҳонаи инки бояд ба маҳлли амнтаре мунтақил шаванд аз хоб бедор мекунанд	در نیمه‌شب ژوئیه اعضای خانواده رُمانف و همراهان‌شان‌را به بهانه اینکه باید به محل امن‌تری منتقل شوند از خواب بیدار می‌کنند
Ҳамаро дар утоқаки кӯчаки зерзаминӣ қарор медиҳанд ва аз онҳо мехоҳан мунтазири мошин барои интиқол ба маҳалли амнтар бимонанд	همه‌را در اتاقک کوچک زیرزمینی قرار می‌دهند و از آنها می‌خواهند که منتظر ماشین برای انتقال به محل امن‌تر بمانند
Мошин аз роҳ мерасад дар боз мешавад ва мардони мусаллаҳ ворид мешаванду ҳамаро дар як он ба рагбори гулула мебанданд	متشین از راه می‌رسد در باز می‌شود و مردان مسلح وارد می‌شوند و همه‌را در یک آن به رگبار گلوله می‌بندند
Пайкарҳоро дар асид тезоб оғушта мекунанду дар ду гӯри дастаҷамъӣ ба хок месупоранд	پیکرها‌را در اسید آغشته می‌کنند و در دو گور دسته‌جمعی به خاک می‌سپارند
Ва бад-ин гуна ҳукуматеро оғоз мекунанд ки ваъдаи хушбахтию додварзӣ ба оҳоди башарро дода буд	و بدین گونه حکومتی‌را آغاز می‌کنند که وعده خوشبختی و دادورزی به آحاد بشر‌را داده بود
Маҳалли ҷиноят акнун аз сафҳаи ҳастӣ зудуда шуда	محل جنایت اکنون از صفحه هستی زدوده شده
Дар соли ба муносибати шастумин солрӯзи инқилоби вайронгари Уктубр ба дастури Ҳизби Кумунисти Шӯравӣ хонаи Ипотйеф бо хок яксон шуд сол пас аз эъдоми фаҷеъи хонаводаи Румонуф ва сол пеш аз марги худи Иттиҳоди Шӯравӣ	در سال به مناسبت شصتمین سالروز انقلاب ویرانگر اکتبر به دستور حزب کمونیست شوروی خانه ایپات‌یف با خاک یکسان شد؛ سال پس از اعدام فجیع خانواده رُمانف و سال پیش از مرگ خود اتحاد شوروی
Дар соли дар ҷои хонаи Ипотйеф калисои бошукӯҳе ба ёди хонадони Румонуф қад ъалам кард	در سال بوریس یلتسین رئیس‌جمهور وقت روسیه اعدام خانواده رُمانف‌را یکی از شرم‌بارترین صفحات تاریخ کشورش نامید
Калисои уртудукси Русия қурбониёни он моҷароро шуҳадои қиддис ъунвон кард	برای شخص من ابعاد انسانی این قضیه پررنگ‌تر و تکان‌دهنده‌تر از بعد سیاسی آن است
Дар соли Бурис Елтсин раисҷумҳури вақти русия эъдоми хонаводаи Румонуфро яке аз шармбортарин сафаҳоти торихи кишвараш номид	چه بسا دادخواهانی که با ارتکاب وحشیانه‌ترین جنایات بشری پنداشته‌اند که در حال اعمار یک جامعه مبتنی بر عدالت هستند
Барои шахси ман абъоди инсонии ин қазия пуррангтару такондиҳандатар аз буъди сиёсии он аст Чи басо додхоҳон-е ки бо иртикоби ваҳшиёнатарин ҷиноёти башарӣ пиндоштаанд ки дар ҳоли эъмори як ҷомеъаи мубтанӣ бар ъадолат ҳастанд	مرور نامه‌ها و یادداشت‌های بازمانده از فرزندان تزار به‌ویژه چهار دختر او که بزرگ‌تر بودند و مشاهدات جالبی از رخدادهای پیرامون خود داشتند موضوع‌را روشن‌تر می‌کند
Аз нахустин талошҳо барои ислоҳу тағйири расмулхатти форсӣ беш аз сад сол мегузарад аммо боби ин баҳс ҳамчунон гушуда аст	از نخستین تلاش‌ها برای اصلاح و تغییر رسم‌الخط فارسی بیش از صد سال می‌گذرد اما باب این بحث همچنان گشوده است
Бо вуруд ба ъасри роёна ин гуфтмони куҳан дубора ҷон гирифта ва доман паҳн кардааст	با ورود به عصر رایانه این گفتمانِ کهن دوباره جان گرفته و دامن پهن کرده است
Ҳанӯз ҳам ҳастанд соҳибназароне ки ба шеваи Мирзо Фатҳъалии Охундзода дар авосити садаи мелодӣ бо ишора ба мушкилоти нивишторӣ аз хайри дабираи форсӣ гузаштаанд ва ба зарурати ҷойгузинии он бо хатте дигар имон доранд	هنوز هم هستند صاحب‌نظرانی که به شیوۀ میرزا فتحعلی آخوندزاده در اواسط سدۀ میلادی با اشاره به مشکلات نوشتاری از خیر دبیره فارسی گذشته‌اند و به ضرورت جایگزینی آن با خطی دیگر ایمان دارند
Ин дар ҳолест ки Тоҷикистон ба ъунвони намоишгоҳи зиндаи ин ислоҳу тағйир дар забони порсӣ вуҷуд дорад	این در حالی است که تاجیکستان به عنوان نمایشگاه زندۀ این اصلاح و تغییر در زبان پارسی وجود دارد
Сад сол пеш Иморати Бухоро ба дасти Артиши Сурх тасхир шуд ва нуҳ сол баъд расмулхатти порсӣ дар ин хитта ба лотин табдил шуд	صد سال پیش امارت بخارا به دست ارتش سرخ تسخیر شد و نُه سال بعد رسم‌الخط پارسی در این خطه به لاتین تبدیل شد
Дабираи лотин даҳ сол ъумр кард пеш аз ин ки ҷои худро ба расмулхатти сириллик бидиҳад	دبیرۀ لاتین ده سال عمر کرد پیش از اینکه جای خود‌را به رسم‌الخط سیریلیک بدهد
Чун ишорае ба Охундзода доштем достонро аз зиндагӣ ва корномаи ҳамӯ оғоз кунем	چون اشاره‌ای به آخوندزاده داشتیم داستان‌را از زندگی و کارنامۀ همو آغاز کنیم
Мирзо Фатҳъалӣ соли мелодӣ дар шаҳраки Нӯха аз тавобеъи шаҳри Шакии Озарбойҷон зода шуд ки акнун дар наздикии марзи Ҷумҳурии Озарбойҷон бо Доғистони Русия ва кишвари Гурҷистон аст	میرزا فتحعلی سال میلادی در شهرک نوخه از توابع شهر شکی آذربایجان زاده شد که اکنون در نزدیکی مرز جمهوری آذربایجان با داغستان روسیه و کشور گرجستان است
То он замон Нӯха ва Шакӣ аз тавобеъи Эрон буданд ва як сол баъд бо имзои Ъаҳдномаи Гулистон ҷузъи қаламрави Русия шуданд	تا آن زمان نوخه و شکی از توابع ایران بودند و یک سال بعد با امضای عهدنامۀ گلستان جزء قلمرو روسیه شدند
Падараш Мирзо Муҳаммадтақӣ аҳли Табрез буд ва кадхудои рустои Хомина ки акнун шаҳрест дар устони Озарбойҷони Шарқии Эрон	پدرش میرزا محمدتقی اهل تبریز بود و کدخدای روستای خامنه که اکنون شهری است در استان آذربایجان شرقی ایران
Як сол пеш аз таваллуди Мирзо Фатҳъалӣ падараш аз ин мақом барканор шуда буд	یک سال پیش از تولد میرزا فتحعلی پدرش از این مقام برکنار شده بود
Мирзо Фатҳъалӣ дар дунёе мутафовит бузург шуд дунёе эронӣ ки дар ишғоли Русия роҳу равиши дигаре мепаймуд	میرزا فتحعلی در دنیایی متفاوت بزرگ شد؛ دنیایی ایرانی که در اشغال روسیه راه و روش دیگری می‌پیمود
Дар натиҷа дар ъайни ҳифзи эронияти худ пайрави ниҳлаҳои фикрии зодбумаш буд ки дигар бахше аз импротурии Русия ба шумор мерафт	در نتیجه در عین حفظ ایرانیت خود پیرو نحله‌های فکری زادبومش بود که دیگر بخشی از امپراتوری روسیه به شمار می‌رفت
Мирзо Фатҳъалии Охундзода ки дар Иттиҳоди Шӯравии пешин бо номи Фатҳъалӣ Охундуф шинохта мешавад ъумри худро вақфи ислоҳу тағйири расмулхатти турку тоҷик турку эронӣ кард ҳарчанд то поёни ъумраш ин талошҳо бор надод	میرزا فتحعلی آخوندزاده که در اتحاد شوروی پیشین با نام فتحعلی آخوندف شناخته می‌شود عمر خود‌را وقف اصلاح و تغییر رسم‌الخط ترک و تاجیک ترک و ایرانی کرد؛ هرچند تا پایان عمرش این تلاش‌ها باری نداد
Ӯ нахуст хоҳони ислоҳи алифбои ъарабӣ барои милали турку форс буд баъд бар мабнои алифбои русию лотин расмулхатти тозаеро барои ҳамаи онҳо пай рехт	او نخست خواهان اصلاح الفبای عربی برای ملل ترک و فارس بود؛ بعد بر مبنای الفبای روسی و لاتین رسم‌الخط تازه‌ای‌را برای همۀ آنها پی ریخت
Худи ӯ дар манзумае ки ба сабки Шоҳнома ба порсӣ суруда ҷузъиёти талошҳояш дар ростои ислоҳу тағйири расмулхатро таъриф мекунад	خود او در منظومه‌ای که به سبک شاهنامه به پارسی سروده جزئیات تلاش‌هایش در راستای اصلاح و تغییر رسم‌الخط‌را تعریف می‌کند
Пораҳое аз ин манзума соли дар шумораҳои чаҳоруму панҷуми маҷаллаи Раҳбари дониш дар Тоҷикистони шӯравӣ мунташир шуд	پاره‌هایی از این منظومه سال در شماره‌های چهارم و پنجم مجلۀ رهبر دانش در تاجیکستان شوروی منتشر شد
Дуруст дар буҳбӯҳаи баҳси тағйири алифбои форсӣ ба лотин дар Осиёи Миёна нивисандае бо имзои Раҳими Мим дар ин маҷаллаи порсизабон пораҳое аз он чакомаи Охундзодаро овардааст	درست در بحبوحۀ بحث تغییر الفبای فارسی به لاتین در آسیای میانه نویسنده‌ای با امضای رحیم میم در این مجلۀ پارسی‌زبان پاره‌هایی از آن چکامۀ آخوندزاده‌را آورده است
Тоҷикистони шӯравӣ ки бахши шарқии иморати пешини Бухоро буд бино ба дастури Кремлин бояд ба тағйири хат тан медод	تاجیکستان شوروی که بخش شرقی امارت پیشین بخارا بود بنا به دستور کرملین باید به تغییر خط تن می‌داد
Расонаҳои давлатӣ барои табйини манзури давлати шӯроҳо ниҳояти талоши худро мекарданд	رسانه‌های دولتی برای تبیین منظور دولت شوراها نهایت تلاش خود‌را می‌کردند
Мақолаи Раҳими Мим ҳам дар панҷоҳумин солгарди даргузашти Фатҳъалии Охундзода порае аз он талошҳо буд	مقالۀ رحیم میم هم در پنجاهمین سالگرد درگذشت فتحعلی آخوندزاده پاره‌ای از آن تلاش‌ها بود
Мирзо Фатҳъалии Охундзода дар бораи тағйири алифбои ъараб дар соли ба забони форсӣ китобчае менивисад ва дар соли барои эълон намудани ин хиёли худ ба Истонбул меравад ва китобчаи худро ба садри аъзами Туркия Фуодпошшо пешниҳод мекунад	میرزا فتحعلی دربارۀ تغییر الفبای عرب در سال به زبان فارسی کتابچه‌ای می‌نویسد و در سال برای اعلان نمودن این خیال خود به استانبول می‌رود و کتابچۀ خود‌را به صدر اعظم ترکیه فواد پاشا پیشنهاد می‌کند
Ин китобчаи Мирзо Фатҳъалиро дар ҷамъияти ъилмии Туркия музокира карда аз ҳар ҷиҳат мақбул мешуморанд	این کتابچۀ میرزا فتحعلی‌را در جمعیت علمی ترکیه مذاکره کرده از هر جهت مقبول می‌شمارند
Дар ин китобча Мирзо Фатҳъалӣ алифбои ъарабиро ислоҳ ва шаклҳои ислоҳкардаи худашро нишон дода будааст	در این کتابچه میرزا فتحعلی الفبای عربی‌را اصلاح کرده و شکل‌های اصلاح‌کردۀ خودش‌را نشان داده بوده است
Мирзо Фатҳъалӣ дар манзумае ки дар бораи алифбои нав нивиштааст чунин мегӯяд	میرزا فتحعلی در منظومه‌ای که دربارۀ الفبای نو نوشته است چنین می‌گوید
Сафар кардам аз роҳи дарё ба Рум	سفر کردم از راه دریا به روم
Алифбои навро дар он марзу бум	الفبای نو‌را در آن مرز و بوم
Намудам ба аркони давлат тамом	نمودم به ارکان دولت تمام
Хиёлам басе пухта буду на хом	خیالم بسی پخته بود و نه خام
Якояк бигуфтанд сад офарин	یکایک بگفتند صد آفرین
Ҷаҳон шуд ба чашмам чу хулди барин	جهان شد به چشمم چو خلد برین
Маро пойгаҳ бештар сохтанд	مرا پایگه بیشتر ساختند
Ба инъоми шоҳона бинвохтанд	به انعام شاهانه بنواختند
Идомаи достон дар ин манзума ба ин ширинию хушбинӣ нест	ادامۀ داستان در این منظومه به این شیرینی و خوش‌بینی نیست
Вазири мухтори вақти Эрон дар Истонбул бо баҳраварӣ аз нуфузи худ ҷилави пазируфта шудани ислоҳоти Охундзода дар расмулхатти ъарабии ъусмониро мегирад	وزیر مختار وقت ایران در استانبول با بهره‌وری از نفوذ خود جلو پذیرفته شدن اصلاحات آخوندزاده در رسم‌الخط عربی عثمانی‌را می‌گیرد
Фатҳъалии Охундзода ки дар оғоз ба фикри ислоҳи дабираи ъарабӣ буд ҷаритар далертар мешавад ва ба фикри барандохтани алифбои роиҷ меуфтад	فتحعلی آخوندزاده که در آغاز به فکر اصلاح دبیرۀ عربی بود جری‌تر می‌شود و به فکر برانداختن الفبای رایج می‌افتد
Бо таркиббандии алифбои русию лотин расмулхатти тозаеро барои забонҳои форсию туркӣ ибдоъ мекунад ва дубора суроғи мақомҳоеро мегирад ки ин тағйирро таъйид кунанд	با ترکیب‌بندی الفبای روسی و لاتین رسم‌الخط تازه‌ای‌را برای زبان‌های فارسی و ترکی ابداع می‌کند و دوباره سراغ مقام‌هایی‌را می‌گیرد که این تغییر‌را تایید کنند
Кӯтоҳсухан пайкори Фатъалии Охундзода дар тӯли зиндагии ба ҷое намерасад ва саранҷом месарояд	کوتاه سخن پیکار فتحعلی آخوندزاده در طول زندگی شصت‌وشش ساله‌اش به جایی نمی‌رسد و سرانجام می‌سراید
Ба андӯҳу ҳасрат маро рӯзгор	به اندوه و حسرت مرا روزگار
Сар омад дар ин дайри нопойдор	سر آمد در این دیر ناپایدار
Ба бисёр тадбирҳо чангзан	به بسیار تدبیرها چنگزن
Басо будам аз фарти ҳубби Ватан	بسا بودم از فرط حُبِّ وطن
Набахшид саъям вале ҳосиле	نبخشید سعی‌ام ولی حاصلی
Надидам дар ин ъаср соҳибдиле	ندیدم در این عصر صاحبدلی
Бузургони туркону Эронзамин	بزرگان ترکان و ایران‌زمین
Ҳама хуфта буданд чун халқи Чин	همه خفته بودند چون خلق چین
Ҷавоним рафту забун гашт зӯр	جوانیم رفت و زبون گشت زور
Ҷавонӣ надидам або завқу шӯр	جوانی ندیدم ابا ذوق و شور
орзуи Охундзода	آرزوی آخوندزاده
Ин ормонро Фатҳъалии Охундзода бо худаш ба гӯр набурд балки бисёре онро пай гирифтанду ба мансаи зуҳур расонданд	این آرمان‌را فتحعلی آخوندزاده با خودش به گور نبُرد بلکه بسیاری آن‌را پی گرفتند و به منصۀ ظهور رساندند
Ҷумҳурии Озарбойҷон ки Мирзо Фатҳъалии Охундзодаро аз фарзандони худ медонад пеш аз ҳама дастабкор шуд	جمهوری آذربایجان که میرزا فتحعلی آخوندزاده‌را از فرزندان خود می‌داند پیش از همه دست بکار شد
Боку дар соли кумитаеро барои гузор ба хатти лотин созмон дод ва чаҳор сол баъд бакуллӣ хатти ъарабиро пушти сар гузошт ва батамом лотин шуд	باکو در سال کمیته‌ای‌را برای گذار به خط لاتین سازمان داد و چهار سال بعد بکلی خط عربی‌را پشت سر گذاشت و بتمام لاتین شد
Лотинӣ шудани расмулхат дар Ҷумҳурии Туркия ду сол баъд ба вуқӯъ пайваст	لاتینی شدن رسم‌الخط در جمهوری ترکیه دو سال بعد به وقوع پیوست
Албатта пештар аз он дар худи Русия ҳам иттифоқе дар ҳамин росто рух дода буд	البته پیشتر از آن در خود روسیه هم اتفاقی در همین راستا رخ داده بود
Ҷумҳурии Худмухтори Ёқутистон нахустин бахши Шӯравӣ буд ки дар соли алифбои лотинро ба расмият шинохт	جمهوری خودمختار یاقوتستان نخستین بخش شوروی بود که در سال الفبای لاتین‌را به رسمیت شناخت
Пас аз Ҷумҳурии Озарбойҷон раванди лотинӣ кардан дар ҳамаи ҷумҳуриҳои мусалмоннишини Шӯравӣ калид хурд ва расмулхатти ҳамаи онҳо лотинӣ шуд	پس از جمهوری آذربایجان روند لاتینی کردن در همۀ جمهوری‌های مسلمان‌نشین شوروی کلید خورد و رسم‌الخط همۀ آنها لاتینی شد
То соли алифбои забони хурду бузурги Иттиҳоди Шӯравӣ лотинӣ шуда буд ва умури тағйири хатро кумитае вежа дар Маскав идора мекард	تا سال الفبای هفتاد زبان خُرد و بزرگ اتحاد شوروی لاتینی شده بود و امور تغییر خط‌را کمیته‌ای ویژه در مسکو اداره می‌کرد
Тасмими гузор ба хатти лотин аз пойтахти импротурӣ дикта мешуд	تصمیمِ گذار به خط لاتین از پایتخت امپراتوری دیکته می‌شد
Чиро лотинӣ	چرا لاتینی
Дар авони пайдоиши Шӯравӣ мафҳумҳои сусиёлисм ва кумунисм сайёл буданд ва тасаввур мерафт ки Иттиҳоди Шӯравӣ хишти аввали борӯест ки саранҷом тамоми ҷаҳонро бо аҳдофи кумунисм гирди ҳам хоҳад овард	در اوان پیدایش شوروی مفهوم‌های سوسیالیسم و کمونیسم سیال بودند و تصور می‌رفت که اتحاد شوروی خشت اولِ بارویی است که سرانجام تمام جهان‌را با اهداف کمونیسم گرد هم خواهد آورد
Табъан ҳамаи ҳукуматҳое ки савор бар амвоҷи инқилобе рӯи кор омадаанд ба хиёли судури он мавҷҳо ба ақсо-нуқоти ҷаҳон будаанд	طبعاً همۀ حکومت‌هایی که سوار بر امواج انقلابی روی کار آمده‌اند به خیال صدور آن موج‌ها به اقصی نقاط جهان بوده‌اند
Дар оғози погирии Иттиҳоди Шӯравӣ тасаввур бар ин буд ки инқилоби Уктубр дар марзҳои импротурии тезорӣ Русия мутаваққиф нахоҳад шуд	در آغاز پاگیری اتحاد شوروی تصور بر این بود که انقلاب اکتبر در مرزهای امپراتوری تزاری متوقف نخواهد شد
Пиндори хиёлпардозони булшевик тамоми ҷаҳонро дарменавардид	پندار خیالپردازان بُلشویک تمام جهان‌را درمی‌نوردید
Ва бар мабнои он пиндор хатти лотин чи барои Шарқу чи барои Ғарб хатти шоиставу писандида буд ки метавонист ниёзи ҳамаи забонҳоро бароварда созад	و بر مبنای آن پندار خط لاتین چه برای شرق چه برای غرب خطی شایسته و پسندیده بود که می‌توانست نیاز همۀ زبان‌ها‌را برآورده سازد
Он авоил ҳатто дар Петругроду Маскав ҳозир буданд хатти сирилликро ба қурбонгоҳи кумунисм бибаранд ва забони русӣ ҳам ба хатти лотин нибишта шавад ба монанди забонҳои исломвии дигари чекию лаҳистонӣ	آن اوائل حتی در پتروگراد و مسکو حاضر بودند خط سیریلیک‌را به قربانگاه کمونیسم ببَرند و زبان روسی هم به خط لاتین نبشته شود؛ به مانند زبان‌های اسلاوی دیگرِ چکی و لهستانی
Ҳаяҷони инқилобӣ шӯру шавқи миллиро кушта буд	هیجان انقلابی شور و شوق ملی‌را کشته بود
Ҳадаф дастрасӣ ба як алифбо ва дар ниҳоят як забони воҳид дар миёни милале буд ки инқилоби ранҷбарон-ро таҷруба кардаанд	هدف دسترسی به یک الفبا و در نهایت یک زبان واحد در میان مللی بود که انقلاب رنجبران‌را تجربه کرده‌اند
Ба гунае ки дар матбӯъоти он рӯзгор расмулхатти лотиниро алифбои Уктурб меномиданд	به گونه‌ای که در مطبوعات آن روزگار رسمالخط لاتینی‌را الفبای اکتبر می‌نامیدند
Аммо рафта-рафта ин нукта барҷаста шуд ки мушкили ъақидатии Иттиҳоди Шӯравӣ ъумдатан бо милали мусалмону ғайримасеҳист	اما رفته‌رفته این نکته برجسته شد که مشکل عقیدتی اتحاد شوروی عمدتاً با ملل مسلمان و غیرمسیحی است
Дар натиҷа танҳо домани алифбои ъарабӣ аз Иттиҳоди Шӯравӣ барчида шуд	در نتیجه تنها دامن الفبای عربی از اتحاد شوروی برچیده شد
Гурҷиҳову арманиҳо ки алифбои куҳани худро доранд даргири ин моҷаро нашуданд Чун ғолибан масеҳӣ буданд	گرجی‌ها و ارمنی‌ها که الفباهای کهن خود‌را دارند درگیر این ماجرا نشدند چون غالباً مسیحی بودند
Аммо алифбои озариҳо туркманҳо тоторҳо тоҷикҳо узбакҳо қирқизҳову қазоқҳо ва ҳамаи ақвоми кӯчактари мусалмон ҳатман бояд ъиваз мешуд чун бахши аъзами ин мардумон мусалмон буданд ва расмулхатти пешинашон ъарабӣ буд	اما الفبای آذری‌ها ترکمن‌ها تاتارها تاجیک‌ها ازبک‌ها قرقیزها و قزاق‌ها و همۀ اقوام کوچکتر مسلمان حتماً باید عوض می‌شد چون بخش اعظم این مردمان مسلمان بودند و رسم‌الخط پیشینشان عربی بود
Тағйири алифбо дар Иттиҳоди Шӯравӣ батамом ангезаи сиёсию ъақидатӣ дошт	تغییر الفبا در اتحاد شوروی بتمام انگیزۀ سیاسی و عقیدتی داشت
Баҳои газофи ҳамзабонӣ	بهای گزاف هم‌زبانی
Тақрибан ҳамзамон бо Ъаҳдномаи Гулистон ҳукумати тезории Русия Паймони Бухорестро ҳам имзо карда буд бо импротурии Ъусмонӣ дар соли Дар натиҷа Мулдовӣ бахше аз импротурии Русия шуд ва баъд аз пирӯзии булшевиҳо – бахше аз Иттиҳоди Шӯравӣ	تقریباً همزمان با عهدنامۀ گلستان حکومت تزاری روسیه پیمان بخارِست‌را هم امضا کرده بود با امپراتوری عثمانی در سال در نتیجه مُلداوی بخشی از امپراتوری روسیه شد و بعد از پیروزی بُلشویک‌ها بخشی از اتحاد شوروی
Тафовути Мулдовӣ бо соири бахшҳои Шӯравӣ ин буд ки дар берун аз марзҳои Шӯравӣ ҳамсояе дошт ҳамзабону ҳамтабор	تفاوت مُلداوی با سایر بخش‌های شوروی این بود که در بیرون از مرزهای شوروی همسایه‌ای داشت هم‌زبان و هم‌تبار
Забони миллии мардуми Мулдовӣ румониёӣ аст	زبان ملی مردم ملداوی رومانیایی است
Аммо дар даврони ишғоли Шӯравӣ номи забони миллии ин кишвар табдил ба мулдовиёӣ шуд ва хатти он ҳам баъд тағйир кард	اما در دوران اشغال شوروی نام زبان ملی این کشور تبدیل به مُلداویایی شد و خط آن هم بعد تغییر کرد
Мулдовӣ танҳо ҷумғурии ғайримусалмони Шӯравӣ буд ки маҷбур ба тағйири номи забони миллии худ шуд	ملداوی تنها جمهوری غیرمسلمان شوروی بود که مجبور به تغییر نام زبان ملی خود شد
Далели ин тасмим равшану мубарҳан аст	دلیل این تصمیم روشن و مبرهن است
Кишвари румонӣ бо забони расмии румониёӣ ҳамсояи Мулдовӣ буд	کشور رومانی با زبان رسمی رومانیایی همسایۀ ملداوی بود
Бино ба мулоҳизоти сиёсатгузорони Шӯравӣ ин ҳамзабонию ҳамтабории ду қавм дар ду сӯи марз кор дасти иттиҳоди навпо медод ва метавонист барои тамомияти арзии импротурӣ гарон тамом шавад	بنا به ملاحظات سیاست‌گذاران شوروی این هم‌زبانی و هم‌تباریِ دو قوم در دو سوی مرز کار دست اتحاد نوپا می‌داد و می‌توانست برای تمامیت ارضی امپراتوری گران تمام شود
Дар натиҷа рӯйкарди тафриқа биандозу ҳукумат кун-ро пеша карданд	در نتیجه رویکرد تفرقه بینداز و حکومت کن‌را پیشه کردند
Номи забони ба мулдовиёӣ ъиваз шуд ва баъд расмулхатташ ҳам тағйир кард то ҳеч ташобуҳи ошкоре миёни мардумони ду сӯи марз боқӣ намонад	نام زبان به ملداویایی عوض شد و بعد رسم‌الخطش هم تغییر کرد تا هیچ تشابه آشکاری میان مردمان دو سوی مرز باقی نمانَد
Ҳамзамон тазриқи вожагони советӣ шӯравӣ дар таркиби ҳамаи забонҳои Шӯравӣ идома дошт то тафовутҳо барҷастатар ба чашм бирасанд	همزمان تزریق واژگان ساویتی شوروی در ترکیب همۀ زبان‌های شوروی ادامه داشت تا تفاوت‌ها برجسته‌تر به چشم برسند
Порсӣ – устухоне дар гулӯи Шӯравӣ	پارسی استخوانی در گلوی شوروی
Дар Иттиҳоди Шӯравӣ ин тазриқоту дахлу тасарруф дар забони порсӣ дучандон буд забоне ки на танҳо муҳимтарин василаи иртиботи ақвоми мухталифи минтақаи фарохи Осиёи Миёна буд балки пешинае ғанитару деринатар аз русӣ ва ҳамаи забонҳои дигари Иттиҳоди Шӯравӣ дошт	در اتحاد شوروی این تزریقات و دخل و تصرف در زبان پارسی دوچندان بود؛ زبانی که نه تنها مهم‌ترین وسیله ارتباط اقوام مختلف منطقۀ فراخ آسیای میانه بود بلکه پیشینه‌ای غنی‌تر و دیرینه‌تر از روسی و همۀ زبان‌های دیگر اتحاد شوروی داشت
Дар ъайни ҳол забони форсӣ дар ду кишвари дигар дар он сӯи марзҳои Шӯравӣ – Эрону Афғонистон – забони расмӣ буд	در عین حال زبان فارسی در دو کشور دیگر در آن سوی مرزهای شوروی ایران و افغانستان زبان رسمی بود
Дар Ҳиндустон ҳам забони форсӣ то соли забони расмӣ буд ва пас аз он ҳам мақоме шохис дошт	در هندوستان هم زبان فارسی تا سال زبان رسمی بود و پس از آن هم مقامی شاخص داشت
Пеш аз тасарруфи Иморати Бухоро ба дасти Артиши Сурх дар соли мардумони Осиёи Миёна Эрону Афғонистон ва Ҳиндустон ба забони форсӣ бо ҳам муровида доштанд ва осору нашрияҳои ҳамдигарро мехонданд	پیش از تصرف امارت بخارا به دست ارتش سرخ در سال مردمان آسیای میانه ایران و افغانستان و هندوستان به زبان فارسی با هم مراوده داشتند و آثار و نشریه‌های همدیگر‌را می‌خواندند
Иттиҳоди Шӯравӣ омада буд ки бо тағйири хатти форсӣ ба лотин ва табдили номи забон аз форсӣ ба тоҷикӣ дар соли ин пайвандро аз ҳам бигсалад	اتحاد شوروی آمده بود که با تغییر خط فارسی به لاتین و تبدیل نام زبان از فارسی به تاجیکی در سال این پیوند‌را از هم بگسلد
Ҳифзи тамомияти арзӣ танҳо дағдағаи сардамдорони Шӯравӣ набуд	حفظ تمامیت ارضی تنها دغدغۀ سردمداران شوروی نبود
Низоми шӯравӣ дар ҳоли муҳандисии миллате тоза бо идеулужие навин буд ва бояд марзҳояшро ба рӯи андешаву ъақоиде ки аз хориҷ меомад мебаст	نظام شوروی در حال مهندسی ملتی تازه با ایدئولوژی‌ای نوین بود و باید مرزهایش‌را به روی اندیشه و عقایدی که از خارج میآمد می‌بست
Рӯйкарди хасмонаи Шӯравӣ ба дин дар кулл ва билахас ба дини ислом заминаи ҷудоии ҳарчи тамомтари форсии Осиёи Миёна аз форсии бурунмарзиро фароҳам кард	رویکرد خصمانۀ شوروی به دین در کل و بالاخص به دین اسلام زمینۀ جدایی هرچه تمام‌تر فارسی آسیای میانه از فارسی برون‌مرزی‌را فراهم کرد
Дар миёни равшанфикрони маҳаллӣ ҳам буданд касоне ки аз идеи табдили алифбои форсӣ ба лотин истиқбол карданд	در میان روشنفکران محلی هم بودند کسانی که از ایدۀ تبدیل الفبای فارسی به لاتین استقبال کردند
Нивисандагоне чун Турақул Зеҳнӣ Манофзодаи Собит Ъабдуррауфи Фитрат Рустоӣ ва Раҳими Мим дар нашрияҳои ҳукуматии Овози тоҷик Раҳбари дониш ва Тоҷикистони сурх мақолоте нивиштанду нуқоти заъфи хатти ъарабӣ ва нуқоти қуввати алифбои лотинро барҷаста карданд	نویسندگانی چون تورهقُل ذهنی منافزادۀ ثابت عبدالرئوف فطرت روستایی و رحیم میم در نشریه‌های حکومتی آواز تاجیک رهبر دانش و تاجیکستان سرخ مقالاتی نوشتند و نقاط ضعف خط عربی و نقاط قوت الفبای لاتین‌را برجسته کردند
Барои намуна нивисандае бо имзои О	رای نمونه نویسنده‌ای با امضای آ
Дол дар шумораи ҳафтуми маҷаллаи Раҳбари дониш аз талошҳои мардумони Ховарзамин барои гузор ба хатти лотин нивишта буд бо ин иддиъо ки ин ҷунбиш дар Сурияву Эрону шимоли Офриқо қавитар аст ва ин ки Ризошоҳи Эрон асноду далоили марбутаро ба ниҳодҳои зирабт таҳвил дода то заминаҳои гузор ба хатти лотинро бисанҷад	دال در شمارۀ هفتم مجلۀ رهبر دانش از تلاش‌های مردمان خاورزمین برای گذار به خط لاتین نوشته بود با این ادعا که این جنبش در سوریه و ایران و شمال آفریقا قوی‌تر است و اینکه رضاشاه ایران اسناد و دلایل مربوطه‌را به نهادهای ذیربط تحویل داده تا زمینه‌های گذار به خط لاتین‌را بسنجند
Ба тасаввури О	به تصور آ
Дол ин талошҳо дар Жопун ҳам аз соли оғоз шуда буд ва аз Ҳиндустон ҳам ки забону алифбо дорад садои ҳаводорони алифбои лотин расотар ба гӯш мерасид	دال این تلاش‌ها در ژاپن هم از سال آغاز شده بود و از هندوستان هم که زبان و الفبا دارد صدای هواداران الفبای لاتین رساتر به گوش می‌رسید
Нивисанда муддаъӣ буд ки ҷунбиши гузор ба хатти лотин дар Чин аз сол пеш оғоз шуда ва пазируфтани ҳуруфоти лотин яке аз вазифаҳои бисёр муҳимми инқилоби Чин аст	نویسنده مدعی بود که جنبش گذار به خط لاتین در چین از سال پیش آغاز شده و پذیرفتن حروفات لاتین یکی از وظیفه‌های بسیار مهم انقلاب چین است
Порсии лотинӣ	پارسی لاتینی
Нашрияҳои ҳукуматӣ байни солҳои фазоеро тарсим карданд ки гӯё ҳамаи сарзаминҳои Шарқ ташнаи дастёбӣ ба ъулуму фунуни навин аз тариқи пазируфтани алифбои лотин буданд	نشریه‌های حکومتی بین سالهای فضایی‌را ترسیم کردند که گویا همۀ سرزمین‌های شرق تشنۀ دستیابی به علوم و فنون نوین از طریق پذیرفتن الفبای لاتین بودند
Манофзодаи Собит дар мақолаи Тоҷикон ва алифбои нав дар соли зарурати гузор ба дабираи лотинро ингуна тавҷеҳ мекунад	منافزادۀ ثابت در مقالۀ تاجیکان و الفبای نو در سال ضرورت گذار به دبیرۀ لاتین‌را اینگونه توجیه می‌کند
Алифбои ъарабӣ ки тоҷикон ва дигар мамлакатҳои мусалмони Шарқ онро баробари дини ислом ба зӯри шамшер қабул карда ва баъд кам-кам ислоҳу такмилаш намудаанд то қарнҳои ахир эҳтиёҷоти худашонро кам ё беш бо он алифбои ъараб рафъ мекардаанд	الفبای عربی که تاجیکان و دیگر مملکت‌های مسلمان شرق آن‌را برابرِ دین اسلام به زور شمشیر قبول کرده و بعد کم‌کم اصلاح و تکمیلش نموده‌اند تا قرن‌های اخیر احتیاجات خودشان‌را کم یا بیش با آن 'الفبای عرب' رفع میکرده‌اند
Вале ъаср қарн-и нӯздаҳум бо тараққиёти фикрӣ фаннӣ ва санъатии худ аҳволи иҷтимоъии инсонҳоро дигаргун сохт ва дар тарзи зиндагии башар инқилобҳои наверо ба вуҷуд овард	ولی عصر قرن نوزدهم با ترقیات فکری فنی و صنعتی خود احوال اجتماعی انسان‌ها‌را دگرگون ساخت و در طرز زندگانی بشر انقلاب‌های نوی‌را به وجود آورد
Албатта ҳамин инқилобҳои нав эҳтиёҷоти наверо эҷод кард	البته همین انقلاب‌های نو احتیاجات نوی‌را ایجاد کرد
Ҳар қавме ки ин эҳтиёҷоти ъилмию иҷтимоъии навро бахубӣ ва ба таври лоиқ рафъ намуд дар майдони муборизаи зиндагонӣ аз ҳар ҷиҳат ғолиб омад	هر قومی که این احتیاجات علمی و اجتماعی نو‌را به‌خوبی و به‌طور لایق رفع نمود در میدان مبارزۀ زندگانی از هر جهت غالب آمد
Миллатҳои Осиё хусусан мусалмонони Шарқ дар ин майдони иҷтимоъӣ дар ин муборизагоҳи бузург ҳар вақт мағлуб мешуданд	ملت‌های آسیا خصوصاً مسلمانان شرق در این میدان اجتماعی در این مبارزه‌گاه بزرگ هر وقت مغلوب می‌شدند
Чиро	چرا
Барои ин ки аслиҳаву яроқ абзор-и онҳо ба шакли қадим ва системи куҳна буд	برای اینکه اسلحه و یراق ابزار آنها به شکل قدیم و سیستم کهنه بود
Дар ин таблиғоти ҳизбӣ алифбои ъарабӣ модари ҳамаи мушкилоти ҷомеъа муъаррифӣ мешуд бесаводию камсаводӣ пойбандӣ ба дину хурофот тангназарӣ фақру бенавоӣ ҳама ва ҳама зери сари хатти ъарабӣ буд ва ҳарчи зудтар бояд аз шарри он халос шуд	در این تبلیغات حزبی الفبای عربی مادر همۀ مشکلات جامعه معرفی می‌شد؛ بی‌سوادی و کم‌سوادی پایبندی به دین و خرافات تنگ‌نظری فقر و بینوایی همه و همه زیر سر خط عربی بود و هرچه زودتر باید از شر آن خلاص شد
Ин танини сиёсати Кремлин дар рӯзномаҳои чопи Бухоро Самарқанд ва Тошканду Душанбе буд	این طنینِ سیاستِ کرملین در روزنامه‌های چاپ بخارا سمرقند و تاشکند و دوشنبه بود
Гуфта мешуд ки алифбои форсиро басахтӣ мешавад фаро гирифт ва ба ҳамин далел ҳам саводи ҷамъият кам аст	گفته می‌شد که الفبای فارسی‌را بسختی میشود فرا گرفت و به همین دلیل هم سواد جمعیت کم است
Ин ки як садо чанд ъаломат дорад аз ҷумлаи нуқоти заъфи ъумдаи алифбои ъарабӣ буд ки ҳамаи нивисандагони ҳаводори алифбои лотин дар мақолаҳое ки ба хатти форсӣ нивиштаанд рӯи он ангушт гузоштаанд	اینکه یک صدا چند علامت دارد از جملۀ نقاط ضعف عمدۀ الفبای عربی بود که همۀ نویسندگان هوادار الفبای لاتین در مقاله‌هایی که به خط فارسی نوشته‌اند روی آن انگشت گذاشته‌اند
Дар ъиваз таъкид мешуд ки хатти лотинро метавон дар муддате кӯтоҳ фаро гирифт ва роҳандозии чопхонаҳо ба ин хат бисёр осонтар аст	در عوض تاکید میشد که خط لاتین‌را می‌توان در مدتی کوتاه فرا گرفت و راه‌اندازی چاپخانه‌ها به این خط بسیار آسان‌تر است
Нашрияҳои ҳукуматӣ саршор аз дидгоҳҳои мувофиқи гузор ба хатти лотин буданд	نشریه‌های حکومتی سرشار از دیدگاههای موافق گذار به خط لاتین بودند
Баҳсҳое ки гоҳ ба чашм мехурд марбут ба эҷоди созгорӣ миёни ҳуруфи лотин ва асвоти форсӣ буд ё ин ки чи гӯише аз гӯишҳои форсӣ бояд меъёр бошад	بحث‌هایی که گاه به چشم می‌خورد مربوط به ایجاد سازگاری میان حروف لاتین و اصوات فارسی بود یا اینکه چه گویشی از گویش‌های فارسی باید معیار باشد
Чун дар имлои форсӣ гӯиш мунъакис намешавад ва масалан шунидан-ро яке бо замми шин шанидан ва дигарӣ ба касри шин шинидан ва севумӣ ба фатҳи шин шанидан мехонад дар ҳоле ки ҳар се онро менивисанд	چون در املاء فارسی گویش منعکس نمی‌شود و مثلاً شنیدن‌را یکی به ضم شین و دیگری به کسر شین و سومی به فتح شین می‌خواند؛ در حالی که هر سه آن‌را شنیدن می‌نویسند
Ҳоло ки қарор буд хатти воканигори лотинро бипазиранд бояд яке аз садҳо гӯиши форсиро бар маснади расмию меъёр менишонданд	حالا که قرار بود خط واکه‌نگار لاتین‌را بپذیرند باید یکی از صدها گویش فارسی‌را بر مسند رسمی و معیار می‌نشاندند
Бар сари гӯишҳои Бухорову Самарқанд ба иҷмоъи назар расиданд ки бузургтарин шаҳрҳои тоҷикнишин дар минтақа дар он давра буданд	بر سر گویش‌های بخارا و سمرقند به اجماع نظر رسیدند که بزرگترین شهرهای تاجیک‌نشین منطقه در آن دوران بودند
Созгории ҳуруфи лотин бо асвоти форсӣ ҳам баҳси доманадоре буд ки муҳимтарин нукоташ марбут ба вокаҳо мусаввитҳо садонокҳо мешуд	سازگاری حروف لاتین با اصوات فارسی هم بحث دامنه‌داری بود که مهمترین نکاتش مربوط به واکه‌ها مصوت‌ها می‌شد
Равшанфикрони форсизабон аз қабили Садриддини Ъайнӣ Абулқосими Лоҳутӣ ва Ъабдуррауфи Фитрат дидгоҳҳои наздике доштанд ва масалан бар ин бовар буданд ки садои алифи мамдуд ба хатти лотин бояд ҳамон А бошад	روشنفکران فارسی‌زبان از قبیل صدرالدین عینی ابوالقاسم لاهوتی و عبدالرئوف فطرت دیدگاه‌های نزدیکی داشتند و مثلاً بر این باور بودند که صدای الف ممدود آ به خط لاتین باید همان باشد
Аммо Олександр Семйунуф ховаршиноси рус ва гумоштаи Кремлин дар амри тағйири хат дар Осиёи Миёна назари мутафовите дошт	اما آلکساندر سِمیونُف خاورشناس روس و گماشتۀ کرملین در امر تغییر خط در آسیای میانه نظر متفاوتی داشت
Ӯ муътақид буд ки ҳарфи лотини А баробари алифи мафтӯҳ َ-и форсӣ аст ва О ҳамон алифи мамдуд аст	او معتقد بود که حرف لاتینِ برابر الف مفتوح اَ فارسی است و همان الف ممدود آ است
Бо вуҷуди истидлолҳои мукаррари равшанфикрони соҳибназар табиъӣ буд ки тарҳи фиристодаи Маскав пазируфта шавад	با وجود استدلال‌های مکرر روشنفکران صاحب‌نظران طبیعی بود که طرح فرستادۀ مسکو پذیرفته شود
Ин чирагии ховаршиноси рус бар равшанфикрони маҳаллӣ дар таъйини расмулхатти ҷадид барои тоҷикон ба алифбои сириллики тоҷик ҳам роҳ ёфт	این چیرگی خاورشناس روس بر روشنفکران محلی در تعیین رسم‌الخط جدید برای تاجیکان به الفبای سیریلیک تاجیک هم راه یافت
Аз инҷост ки ҳамчунон Тоҷикистон нивишта мешавад	از اینجاست که تاجیکستان همچنان نوشته می‌شود
Паёмадҳои гузор ба хатти лотин	پیامدهای گذار به خط لاتین
Гузор ба хатти лотин ки якбораву табарвор ба шеваи истолинӣ сурат гирифт якшаба бахши аъзами ҷомеъаро бесавод кард	گذار به خط لاتین که یکباره و تبروار به شیوۀ استالینی صورت گرفت یکشبه بخش اعظم جامعه‌را بی‌سواد کرد
Албатта пас аз фурӯ уфтодани ҷомеъа дар чоҳи бесаводии мутлақ талоши ҳукумати шӯравӣ барои тазриқи алифбои лотин чашмгир буд	البته پس از فرو افتادن جامعه در چاه بی‌سوادی مطلق تلاش حکومت شوروی برای تزریق الفبای لاتین چشمگیر بود
Лашкари омӯзгорон ба ақсо-нуқоти минтақа сафар карданд ва корзори маҳви бесаводӣ шабеҳи неҳзати саводомӯзӣ дар ҶИЭ ба роҳ уфтод	لشکر آموزگاران به اقصی نقاط منطقه سفر کردند و کارزار محو بی‌سوادی شبیه نهضت سوادآموزی به راه افتاد
Интишори китобу аснод ба хатти форсӣ мамнӯъ шуд ва китобҳои форсӣ ба коми оташ рафт	انتشار کتاب و اسناد به خط فارسی ممنوع شد و کتاب‌های فارسی به کام آتش رفت
Мардум китобҳои динию Шоҳнома-и Фирдавсию Девони Ҳофизу Гулистон-и Саъдию Маснавии маънавӣ-и Мавлавию рубоъиёти Хайём ва дар кул осори форсиро зери хок дафн мекарданд то мабодо ба чашму дасти маъмурон биуфтанду муҷозот шаванд	مردم کتاب‌های دینی و شاهنامه فردوسی و دیوان حافظ و گلستان سعدی و مثنوی معنوی مولوی و رباعیات خیام و در کل آثار فارسی‌را زیر خاک دفن می‌کردند تا مبادا به چشم و دست ماموران بیفتند و مجازات شوند
Истилои Артиши Сурх бар Осиёи Миёна бузургтарин латмаро ба забону фарҳанги форсӣ ворид кард	استیلای ارتش سرخ بر آسیای میانه بزرگترین لطمه‌را به زبان و فرهنگ فارسی وارد کرد
Забоне ки замоне дар бештари кишварҳои минтақа расмият дошт аз фардои ишғоли Иморати Бухоро аз маснаду макнат уфтод ва рафта-рафта ба гӯшае кӯҳистонӣ аз шарқи Иморати Бухорои пешин бо номи расмии тоҷикӣ паноҳ бурд	زبانی که زمانی در بیشتر کشورهای منطقه رسمیت داشت از فردای اشغال امارت بخارا از مسند و مکنت افتاد و رفته‌رفته به گوشه‌ای کوهستانی از شرق امارت بخارای پیشین با نام رسمی تاجیکی پناه بُرد
Ба гунае ки дар Самарқанду Бухоро такаллум ба забони форсӣ дар идороти давлатӣ ҷарима дошт ва тоҷикони бумии ин шаҳрҳо маҷбур буданд забонҳои узбакию русиро фаро бигиранд то бо мақомҳои маҳаллӣ суҳбат кунанд	به گونه‌ای که در سمرقند و بخارا تکلم به زبان فارسی در ادارات دولتی جریمه داشت و تاجیکان بومی این شهرها مجبور بودند زبان‌های ازبکی و روسی‌را فرا بگیرند تا با مقام‌های محلی صحبت کنند
Бо гузор ба хатти лотин ин зарба дучандон шуд	با گذار به خط لاتین این ضربه دوچندان شد
То замони ишғоли Осиёи Миёна ба дасти Артиши Сурх дар тӯли беш аз ҳазор сол бахши аъзами осори минтақа ба забони форсӣ офарида шуда буд	تا زمان اشغال آسیای میانه به دست ارتش سرخ در طول بیش از هزار سال بخش اعظم آثار منطقه به زبان فارسی آفریده شده بود
Пушт кардан ба дабираи порсӣ ба масобаи пушт кардан ба тамоми он пешинаи ҳазоронсола буд	پشت کردن به دبیرۀ پارسی به مثابۀ پشت کردن به تمام آن پیشینۀ هزارساله بود
Ин гусасти иртибот ҳам шомили гузашта мешуду ҳам ҳол	این گسستِ ارتباط هم شامل گذشته می‌شد هم حال
Бахши аъзами порсизабонон дар берун аз марзҳои Иттиҳоди Шӯравӣ монда буданд ва бо гузори Тоҷикистон ба хатти лотин пайванду муровида бо ҳамзабонони бурунмарзӣ тақрибан бакуллӣ қатъ шуд	بخش اعظم پارسی‌زبانان در بیرون از مرزهای اتحاد شوروی مانده بودند و با گذار تاجیکستان به خط لاتین پیوند و مراوده با هم‌زبانان برون‌مرزی تقریباً بکلی قطع شد
Маскав барои гузори Тоҷикистон ба хатти лотин ҳазинаи зиёде накард чун ниёзе ба баргардони бештари осори гузаштаи порсӣ намедид	مسکو برای گذار تاجیکستان به خط لاتین هزینۀ زیادی نکرد چون نیازی به برگردان بیشترِ آثار گذشتۀ پارسی نمی‌دید
Аз диди ҳукумати шӯравӣ он осор бо ҷаҳонбинии навин ҳамхонӣ надошт ва ҳамон беҳ ки дар мағоки торих бимонад	از دید حکومت شوروی آن آثار با جهان‌بینی نوین همخوانی نداشت و همان بِه که در مغاک تاریخ بماند
Агар Маскав дар ъарзи муддате кӯтоҳ корзори лотинихон кардани тоҷиконро анҷомшуда эълом кард ба ҳамин далел буд Алифбои нав барои интишори идеҳои нав буд	اگر مسکو در عرض مدتی کوتاه کارزار لاتینی‌خوان کردن تاجیکان‌را انجام‌شده اعلام کرد به همین دلیل بود
барои чопи китобҳои Ленину Истолин ва саромадони дигар Шӯравӣ ва осори адабии навин ки дар чорчӯби идеулужии ҳоким бигунҷанд аммо шумори онҳо бисёр камтар аз адабиёти ҳазорсолаи порсӣ буд	الفبای نو برای انتشار ایده‌های نو بود؛ برای چاپ کتاب‌های لنین و استالین و سرآمدان دیگر شوروی و آثار ادبی نوین که در چارچوب ایدئولوژی حاکم بگنجند؛ اما شمار آنها بسیار کمتر از ادبیات هزارسالۀ پارسی بود
Сириллик аз роҳ расид	سیریلیک از راه رسید
Бо гузор ба хатти сириллик ҳам ин авзоъ идома дошт	با گذار به خط سیریلیک هم این اوضاع ادامه داشت
Сирфан осоре аз бузургони адабиёти порсӣ ба хатти русӣ мунташир мешуд ки нармишпазиртар буд ва мешуд онҳоро ба ъунвони намунаҳое аз талоши мардуми форсизабон барои расидан ба баробарӣ ва дурӣ аз дину хурофот ъарза кард	صرفاً آثاری از بزرگان ادبیات پارسی به خط روسی منتشر می‌شد که نرمش‌پذیرتر بود و می‌شد آنها‌را به عنوان نمونه‌هایی از تلاشِ مردمِ فارسی‌زبان برای رسیدن به برابری و دوری از دین و خرافات عرضه کرد
Пораҳое аз Девони Рӯдакию ғазалиёти Ҳофизу бахшҳое аз осори Саъдию рубоъиёти Хайём мунташир ва ҳамаи онҳо ба ъунвони пешгомони дастёбӣ ба кумунисм қаламдод мешуданд	پاره‌هایی از دیوان رودکی و غزلیات حافظ و بخش‌هایی از آثار سعدی و رباعایت خیام منتشر و همۀ آنها به عنوان پیشگامان دستیابی به کمونیسم قلمداد می‌شدند
Чопи осоре ки ёде аз Худову дин мекарданд дар ин давра аз таҳаввули Иттиҳоди Шӯравӣ ҳаром буд	چاپ آثاری که یادی از خدا و دین می‌کردند در این دوره از تحول اتحاد شوروی حرام بود
Хатти сириллик дар авохири даҳаи ва дар оғози ба суроғи порсигӯёни Осиёи Миёна омад дар даврае ки Иттиҳоди Шӯравии Истолин хаста аз пайкору каланҷор бо сармоядории Ғарб ба худаш баргашт ва тасмим гирифт ки пеш аз ҳама сусиёлисму кумунисмро дар як шашуми кураи Замин ки қабза карда буд пиёда кунад	خط سیریلیک در اواخر دهۀ و در آغاز به سراغ پارسی‌گویان آسیای میانه آمد؛ در دوره‌ای که اتحاد شوروی استالین خسته از پیکار و کلنجار با سرمایه‌داری غرب به خودش برگشت و تصمیم گرفت که پیش از همه سوسیالیسم و کمونیسم‌را در یک ششم کره زمین که قبضه کرده بود پیاده کند
Бо афзоиши ихтилофоти сиёсии Шӯравию ҷаҳони Ғарб ва наздик шудани Ҷанги Ҷаҳонии Дувум судури Инқилоби Уктубр ба кишварҳое ғарбӣ таклифи сонавӣ шуда буд	با افزایش اختلافات سیاسی شوروی و جهان غرب و نزدیک شدن جنگ جهانی دوم صدور انقلاب اکتبر به کشورهای غربی تکلیف ثانوی شده بود
Дар натиҷа ҳамаи милали ъумдатан мусалмони Шӯравӣ дар оғози соли гӯё ба иродаи худашон хатти сирилликро баргузиданд ва марзи дигаре ҳам миёни Шӯравӣ ва ҷаҳони Ғарб кашида шуд дар ҳоле ки аз таҷрубаи хатти лотинашон фақат даҳ сол мегузашт	در نتیجه همۀ مللِ عمدتاً مسلمان شوروی در آغاز سال گویا به ارادۀ خودشان خط سیریلیک‌را برگزیدند و مرز دیگری هم میان شوروی و جهان غرب کشیده شد؛ در حالی که از تجربۀ خط لاتینشان فقط ده سال می‌گذشت
Ҳамаи милали ъумдатан мусалмони Иттиҳоди Шӯравӣ аз соли ба баъд хатти лотинро канор гузоштанд ва ба сириллик мутавассил шудангд	همۀ مللِ عمدتاً مسلمان اتحاد شوروی از سال به بعد خط لاتین‌را کنار گذاشتند و به سیریلیک متوسل شدند
Забони русӣ ки забони расмии ҳамаи бахшҳои Иттиҳоди Шӯравӣ шуда буд батадриҷ ҷои забонҳои бумиро мегирифт ва гузори ҳамаи забонҳои ин иттиҳодия ба хатти сириллик русӣ корро осонтар мекард	زبان روسی که زبان رسمی همۀ بخش‌های اتحاد شوروی شده بود به‌تدریج جای زبانهای بومی‌را می‌گرفت و گذار همۀ زبان‌های این اتحادیه به خط سیریلیک روسی کار‌را آسان‌تر می‌کرد
Гузашта аз ин бо гузор ба хатти русӣ хатари барқарории иртибот миёни ақвоми турктабори Иттиҳоди Шӯравию Туркия ва ҳамчунин пайванди порсигӯёни ин иттиҳодия бо ҳамзабонони бурунмарзишон ҳам хунсо мешуд	گذشته از این با گذار به خط روسی خطر برقراری ارتباط میان اقوام ترک‌تبار اتحاد شوروی و ترکیه و همچنین پیوند پارسی‌گویان این اتحادیه با هم‌زبانان برون‌مرزیشان هم خنثی می‌شد
Аммо тағйири дубораи алифбо барои порсигӯёни Шӯравӣ ба масобаи бозканда шудан аз решае буд ки тоза медавонданд	اما تغییر دوبارۀ الفبا برای پارسی‌گویان شوروی به مثابۀ بازکنده شدن از ریشه‌ای بود که تازه می‌دواندند
Алифбои сириллике ки барои форсизабонон сохта шуд ва акнун бо талфиқи вожаҳои порсӣ ва сириллик гоҳ пириллик хонда мешавад ҳамаи ҳарфу ъаломати алифбои русиро дарбар дошт афзун бар ъаломатҳое барои шаш садои вежаи порсӣ	الفبای سیریلیکی که برای فارسی‌زبانان ساخته شد و اکنون با تلفیق واژه‌های پارسی و سیریلیک گاه پیریلیک خوانده می‌شود همۀ حرف و علامت الفبای روسی‌را دربر داشت افزون بر علامت‌هایی برای شش صدای ویژۀ پارسی
ғ ӣ қ ӯ ҳ ҷ	غ ای ق او هـح ج
Ин тағйири алифбо ҳам ба монанди тағйири аввалия худҷӯш набуд	این تغییر الفبا هم به مانند تغییر اولیه خودجوش نبود
Дастури Маскав буд ва бояд иҷро мешуд	دستور مسکو بود و باید اجرا می‌شد
Дубора мардум бесавод шуданд ва дигарбора лашкарҳои маҳви бесаводӣ дар ақсо-нуқоти кишвар ба гардиш уфтоданд	دوباره مردم بی‌سواد شدند و دگرباره لشکرهای محو بیسوادی در اقصی نقاط کشور به گردش افتادند
Баъд аз чанд сол эълом шуд ки мардуми Тоҷикистон сад дарсад босавод шудаанд	بعد از چند سال اعلام شد که مردم تاجیکستان صد درصد باسواد شده‌اند
Дар воқеъ бояд саводи форсӣ аз даст мерафт то саводи шӯравӣ ҳосил шавад	در واقع باید سواد فارسی از دست می‌رفت تا سواد شوروی حاصل شود
Лубби саводе ки ҳосил мешуд ҳамон ҳарфе буд ки ховаршиносони шӯравӣ сохта буданд	لُبِّ سوادی که حاصل میشد همان حرفی بود که خاورشناسان شوروی ساخته بودند
Мешуд он ъаломатро фаро гирифт ва ба осоре ба ин дабира даст ёфт ки бо хатти машйи Шӯравӣ созгории тамому камол доштанд	می‌شد آن علامت‌را فرا گرفت و به آثاری به این دبیره دست یافت که با خط مشی شوروی سازگاری تمام و کمال داشتند
Ин алифбо барои нигаҳ доштани порсигӯёни Иттиҳоди Шӯравӣ дар чорчӯби ъақидатии Шӯравӣ тарроҳӣ шуда буд	این الفبا برای نگه داشتن پارسی‌گویان اتحاد شوروی در چارچوب عقیدتی شوروی طراحی شده بود
Бо пазириши алифбои пириллик кӯчактарин иртиботе ҳам ки миёни порсигӯёни Шӯравӣ ва бурунмарз вуҷуд дошт гусаста шуд	با پذیرش الفبای پیریلیک کوچکترین ارتباطی هم که میان پارسی‌گویان شوروی و برون‌مرز وجود داشت گسسته شد
Кунтрули Иттиҳоди Шӯравӣ бар дастрасии тоҷикон ба осори гузаштагонашон то поёни ъумри ин импротурӣ идома дошт	کنترل اتحاد شوروی بر دسترسی تاجیکان به آثار گذشتگانشان تا پایان عمر این امپراتوری ادامه داشت
Масалан Маснавии маънавӣ-и Мавлавӣ барои касоне ки фақат хатти пириллик балад буданд асаре ношинохта буд аз ҷумла барои худи ман	مثلاً مثنوی معنوی مولوی برای کسانی که فقط خط پیریلیک بلد بودند اثری ناشناخته بود؛ از جمله برای خود من
Нахустин боре ки дар навҷавонӣ тавонистам бо муҳтавои он то ҳадде ошно шавам дар авони марги импротурӣ буд ва он ҳам ба забони русӣ на забони аслӣ	نخستین باری که در نوجوانی توانستم با محتوای آن تاحدی آشنا شوم در اوان مرگ امپراتوری بود و آن هم به زبان روسی نه زبان اصلی
Дар соли пораҳое аз Маснавии маънавӣ таҳти ъунвони Поэма о скрытом смысле ба тарҷумаи Наъум Гребнеф мунташир шуд ва аз он роҳ буд ки бисёре аз тоҷикони Осиёи Марказӣ пас аз ҳудуди як қарн дубора Мавлавиро шинохтанд	در سال پاره‌هایی از مثنوی معنوی تحت عنوان به ترجمۀ نعوم گرِبنِف منتشر شد و از آن راه بود که بسیاری از تاجیکان آسیای مرکزی پس از حدود یک قرن دوباره مولوی‌را شناختند
Аммо Маснавии маънавӣ-и комил пинҳон монд то Шӯравӣ фурӯ бипошад ва баъд ба хатти пириллик дар шаҳри Душанбе мунташир шавад	اما مثنوی معنویِ کامل پنهان ماند تا شوروی فرو بپاشد و بعد به خط پیریلیک در شهر دوشنبه منتشر شود
Поён ва идомаи импротурӣ	پایان و ادامۀ امپراتوری
Бо таҳкими марзбандии сиёсию фарҳангии Шӯравӣ миёни порсигӯёни ҳавзаи импротурӣ ва ҳамзабонони бурунмарзии онҳо эътимод ба нафси Шӯравӣ боло рафт ва дар соли китоби Сад рубоъӣ-и Хайёмро ба забони русӣ ва ба ду хатти порсию пириллик мунташир кард	با تحکیم مرزبندی سیاسی و فرهنگی شوروی میان پارسی‌گویان حوزۀ امپراتوری و هم‌زبانان برون‌مرزیِ آنها اعتماد به نفس شوروی بالا رفت و در سال کتاب صد رباعی خیام‌را به زبان روسی و به دو خط پارسی و پیریلیک منتشر کرد
Ин аз маъдуди мавориде буд ки тоҷикони шӯравизодае чун ман метавонистанд бо татбиқу муқоисаи мутуни порсию пириллик хатти порсиро то ҳадде фаро бигиранд	این از معدود مواردی بود که تاجیکان شوروی‌زاده‌ای چون من می‌توانستند با تطبیق و مقایسۀ متون پارسی و پیریلیک خط پارسی‌را تاحدی فرا بگیرند
Сад рубоъӣ-и Ъумари Хайём чопи интишороти Ирфон-и Тоҷикистон нахустин омӯзгори хатти порсӣ барои ману ҳазорон тани дигар буд	صد رباعی عمر خیام چاپ انتشارات عرفان تاجیکستان نخستین آموزگار خط پارسی برای من و هزاران تن دیگر بود
Чолишҳои русӣ нивиштану порсӣ хондан	چالش‌های روسی نوشتن و پارسی خواندن
Иттиҳоди Шӯравӣ рафт аммо мурдарег мерос-и он боқист	اتحاد شوروی رفت اما مرده‌ریگ میراث آن باقی است
Акнун ҳаштод сол аст ки тоҷикони Осиёи Марказӣ порсиро ба хатти русӣ менивисанду мехонанд	اکنون هشتاد سال است که تاجیکانِ آسیای مرکزی پارسی‌را به خط روسی می‌نویسند و می‌خوانند
Бисёре ба ин пиндоранд ки ошноии тоҷикон бо хатти русӣ боъиси гушоиш дар роҳи расидан ба ъулуму ҳунарҳои роиҷ дар Русияву Ғарб будааст	بسیاری به این پندارند که آشنایی تاجیکان با خط روسی باعث گشایش در راه رسیدن به علوم و هنرهای رایج در روسیه و غرب بوده است
Ва ин бисёре маъмулан рӯи ҳунарҳое чун уперову боле ангушт мегузоранд ки имрӯза дар Тоҷикистон нисбатан шукуфост	و این بسیاری معمولاً روی هنرهایی چون اپرا و باله انگشت می‌گذارند که امروزه در تاجیکستان نسبتاً شکوفاست
Чи басо порсигӯёне ки ба ин ъулуму ҳунарҳои Ғарб бидуни табдили расмулхатти модарии худ ба лотин ё русӣ расидаанд	چه بسا پارسی‌گویانی که به این علوم و هنرهای غرب بدون تبدیل رسم‌الخط مادری خود به لاتین یا روسی رسیده‌اند
Бавежа ин ки ин ъулуму ҳунарҳо мухтасси русҳо набуда ва аз роҳҳои дигар ҳам мешуд ба онҳо расид	به‌ویژه اینکه این علوم و هنرها مختص روس‌ها نبوده و از راه‌های دیگر هم می‌شد به آنها رسید
Ба монанди Сангопур ки ҳаргиз расмулхатташ русӣ нашуд аммо акнун тамошохонаи уперо ва болеи он шуҳраи офоқ аст	به مانند سنگاپور که هرگز رسم‌الخطش روسی نشد اما اکنون تماشاخانۀ اپرا و بالۀ آن شهرۀ آفاق است
Ошноӣ бо осори нивисандагони барҷастаи рус ҳам наметавонад зоеъаи дабираи порсиро барои тоҷикони Шӯравии пешин ҷуброн кунад	آشنایی با آثار نویسندگان برجستۀ روس هم نمی‌تواند ضایعۀ دبیرۀ پارسی‌را برای تاجیکان شوروی پیشین جبران کند
Лозимаи хондани он осор тағйири расмулхатти миллӣ набуд	لازمۀ خواندن آن آثار تغییر رسم‌الخط ملی نبود
Як берзилӣ ҳам метавонад дар ъайни ҳифзи хатту забони пуртуғолии худ аз осори Достоефскию Тулстуйу Чехуф шинохти хубе дошта бошад	یک برزیلی هم می‌تواند در عین حفظ خط و زبان پرتغالی خود از آثار داستایفسکی و تولستوی و چخوف شناخت خوبی داشته باشد
Ошноии наздики тоҷикони Шӯравии пешин бо ин осор ҳам баҳои сангини бохтани расмулхатти худиро намепӯшонад	آشنایی نزدیک تاجیکان شوروی پیشین با این آثار هم بهای سنگین باختن رسم‌الخط خودی‌را نمی‌پوشاند
Воқеъияте ки бо он рӯбарӯ ҳастем бисёр ъурёнтар аст	واقعیتی که با آن روبرو هستیم بسیار عریان‌تر است
Ҳудуди нуҳ милюн тан дар Тоҷикистон ба забони порсӣ суҳбат мекунанд ва ба хатти русӣ менивисанд	حدود نُه میلیون تن در تاجیکستان به زبان پارسی صحبت می‌کنند و به خط روسی می‌نویسند
Дар ҳоле ки даҳҳо милюн инсони дигар дар ҷаҳон ба забони ҳамин ҳудуди милюн тан суҳбат мекунанду ба хатти порсӣ менивисанд	در حالی که ده‌ها میلیون انسان دیگر در جهان به زبان همین حدود نُه میلیون تن صحبت می‌کنند و به خط پارسی می‌نویسند
Девори Чин барои тоҷикони Шӯравии пешин ва ҳамзабононашон ҳамоно хаттест ки Иттиҳоди Шӯравӣ сол пеш бар онҳо таҳмил кард	دیوار چین برای تاجیکان شوروی پیشین و همزبانانشان همانا خطی است که اتحاد شوروی هشتاد سال پیش بر آنها تحمیل کرد
Дар натиҷа на онҳо ба осори ҳамзабонони бурунмарзии худ дастрасӣ доранд на порсигӯёни хориҷӣ метавонанд нивиштаҳои онҳоро бихонанд	در نتیجه نه آنها به آثار هم‌زبانان برون‌مرزی خود دسترسی دارند نه پارسی‌گویان خارجی می‌توانند نوشته‌های آنها‌را بخوانند
Хатти пириллик боъиси ин инсидод шудааст	خط پیریلیک باعث این انسداد شده است
Боз ҷӯяд рӯзгори васли хеш	باز جوید روزگار وصل خویش
Ин пурсишҳо боъис шуд ки соли ду сол монда ба поёни ъумри Иттиҳоди Шӯравӣ дар шаҳри Душанбе пойтахти Тоҷикистон тазоҳуроте дар эътироз ба нодида гирифтани забони миллӣ барпо шавад	این پرسش‌ها باعث شد که سال دو سال مانده به پایان عمر اتحاد شوروی در شهر دوشنبه پایتخت تاجیکستان تظاهراتی در اعتراض به نادیده گرفتنِ زبان ملی برپا شود
сол пеш муътаризони тоҷик на танҳо хоҳони расмияти забони худ буданд балки ҳамзамон мекӯшиданд ки номи торихии ин забон форсӣ-ро дубора бар маснади расмӣ бирасонанд	سال پیش معترضان تاجیک نه تنها خواهان رسمیت زبان خود بودند بلکه هم‌زمان می‌کوشیدند که نام تاریخی این زبان فارسی‌را دوباره بر مسند رسمی برسانند
Давлати вақти Тоҷикистон ки дар тори ъанкабути сиёсатҳои переструйко ва глоснуст-и Гурбочеф гирифтор монда буд ба хостаи мардум тан дод ва жуие июл-и ҳамон сол Қонуни забони Тоҷикистон тасвиб шуд	دولت وقت تاجیکستان که در تار عنکبوت سیاست‌های پرسترویکا و گلاسنوستِ گورباچف گرفتار مانده بود به خواستۀ مردم تن داد و ژوئیۀ همان سال قانون زبان تاجیکستان تصویب شد
Дар он қонун номи расмии забони миллӣ тоҷикӣ форсӣ марқум шуд	در آن قانون نام رسمی زبان ملی تاجیکی فارسی مرقوم شد
Яъне бо гузашти беш аз сол дубора номи форсӣ дар як санади ҳукуматӣ зикр шуд	یعنی با گذشت بیش از هفتاد سال دوباره نام فارسی در یک سند حکومتی ذکر شد
Дар соли Иттиҳоди Шӯравӣ фурӯ пошид ва давлати вақти Тоҷикистон баночор Эъломияи истиқлол-ро имзо кард ки Тоҳири Ъабдулҷаббор раҳбари ҷунбиши Растохез ва аз мухолифони аслии ҳукумати Тоҷикистони шӯравӣ тадвин карда буд	در سال اتحاد شوروی فرو پاشید و دولت وقت تاجیکستان به‌ناچار اعلامیه استقلال‌را امضا کرد که طاهر عبدالجبار رهبر جنبش رستاخیز و از مخالفان اصلی حکومت تاجیکستان شوروی تدوین کرده بود
Чанд моҳ баъд аз он ҷанге дар Тоҷикистон даргирифт ки Русияву Узбакистону Эрон ҳам оташбиёраш буданд аммо дохилӣ ъунвон шуд	چند ماه بعد از آن جنگی در تاجیکستان درگرفت که روسیه و ازبکستان و ایران هم آتش‌بیارش بودند اما داخلی عنوان شد
Ин ҷанг панҷ сол ба дарозо кашиду ҷони беш аз ҳазор танро рабуд	این جنگ پنج سال به درازا کشید و جان بیش از شصت هزار تن‌را ربود
Дар ҳамон авоили ҷанг ба салоҳдиди Русия Эмомъалӣ Раҳмонуф раиси як мазраъаи иштирокии шӯравӣ ба раҳбарии кишвар баргузида шуд ки ҳамчунон раисҷумҳури Тоҷикистон аст бо ин тафовут ки пасванди русии номи хонаводагии -уф ов-ро ҳазф карда ва акнун бо номи Эмомъалии Раҳмон шинохта мешавад	در همان اوائل جنگ به صلاحدید روسیه امامعلی رحمانف رئیس یک مزرعۀ اشتراکی شوروی به رهبری کشور برگزیده شد که همچنان رئیس‌جمهور تاجیکستان است با این تفاوت که پسوند روسی نام خانوادگی اف‌را حذف کرده و اکنون با نام امامعلی رحمان شناخته می‌شود
Дар соли ки Қонуни Асосии Тоҷикистон ба ҳамапурсӣ гузошта шуд Шуҳрат Султонуф яке аз намояндагони маҷлис пешниҳод кард номи забони расмии Тоҷикистон сирфан тоҷикӣ бошад бидуни афзудаи форсӣ	در سال که قانون اساسی تاجیکستان به همه‌پرسی گذاشته شد شهرت سلطانُف یکی از نمایندگان مجلس پیشنهاد کرد نام زبان رسمی تاجیکستان صرفاً تاجیکی باشد بدون افزودۀ فارسی
Ин пешниҳод пазируфта шуд ва баъдан Шуҳрат Султонуф раиси дафтари раёсати ҷумҳурии Тоҷикистон шуд ва солҳо сафири Тоҷикистон дар Туркияву Укроин буд	این پیشنهاد پذیرفته شد و بعداً شهرت سلطانف رئیس دفتر ریاست جمهوری تاجیکستان شد و سالها سفیر تاجیکستان در ترکیه و اوکراین بود
Дар соли пешбинӣ мешуд ки дар ъарзи панҷ сол Тоҷикистон батадриҷ ба хатти форсӣ баргардад	در سال پیش‌بینی میشد که در عرض پنج سال تاجیکستان به‌تدریج به خط فارسی برگردد
Ба ҳамин манзур тадриси дабираи форсӣ дар мадорис роҳандозӣ шуд ва нивиштаҳои кӯчаву хиёбонҳову даккаҳо ба ду хатти русию форсӣ буд	به همین منظور تدریس دبیرۀ فارسی در مدارس راه‌اندازی شد و نوشته‌های کوچه و خیابان‌ها و دکه‌ها به دو خط روسی و فارسی بود
Аммо пас аз пирӯзии Ҷабҳаи халқӣ-и Раҳмон нивиштаҳое ба хатти порсӣ ки дар ҷой-ҷои кишвар дида мешуд сутурда шуд ва дубора ҷои он нивиштаҳоро вожаҳову ъибороте ба хатти русӣ гирифт	اما پس از پیروزی جبهه خلقی رحمان نوشته‌هایی به خط پارسی که در جای جای کشور دیده می‌شد سترده شد و دوباره جای آن نوشته‌ها‌را واژه‌ها و عباراتی به خط روسی گرفت
Эмомъалии Раҳмон шахсан на як бору ду бор гуфтааст ки қарор нест Тоҷикистон ба хатти форсӣ баргардад	امامعلی رحمان شخصاً نه یک بار و دو بار گفته است که قرار نیست تاجیکستان به خط فارسی برگردد
Қиёсу татбиқи порсию пириллик	قیاس و تطبیق پارسی و پیریلیک
Ҷустуҷӯгари ҳам дар ин бора ҳарфе барои гуфтан дорад	جستجوگر گوگل هم در این باره حرفی برای گفتن دارد
Ҳатто мавзӯъҳое ки марбут ба Осиёи Марказист дар ҷустуҷӯгари Гугл имтиёзи бештарро ба хатти форсӣ медиҳад	حتی موضوع‌هایی که مربوط به آسیای مرکزی است در جستجوهای گوگل امتیاز بیشتر‌را به خط فارسی می‌دهد
Барои намуна ҷустуҷӯи ъиборати шаҳри Бухоро дар Гугл ба хатти пириллик ҳудуди ҳазору натиҷа медиҳад ва ба хатти форсӣ беш аз ҳазор натиҷа	برای نمونه جستجوی عبارت شهر بخارا در گوگل به خط پیریلیک حدود ده هزار و نتیجه میدهد و به خط فارسی بیش از هزار نتیجه
Натоиҷи ҷустуҷӯи вожаи китобхонӣ ба ду хатти пириллик ва порсӣ дар Гугл нишон медиҳад матолибе ки ин вожаро дар таркиби худ доранд ба хатти пириллик ҳазору ъадад ҳастанд ва ба хатти порсӣ милюну ҳазор ъадад	نتایج جستجوی واژۀ کتاب‌خوانی به دو خط پیریلیک و پارسی در گوگل نشان می‌دهد مطالبی که این واژه‌را در ترکیب خود دارند به خط پیریلیک هزار و هفتصد عدد هستند و به خط پارسی میلیون و چهارصد هزار عدد
Донишномаи озоди Википедиё мегӯяд ки ба хатти форсӣ ҳудуди ҳазор мақола дорад ва ба хатти пириллик – беш аз ҳазор	دانشنامۀ آزاد ویکیپدیا می‌گوید که به خط فارسی حدود هزار مقاله دارد و به خط پیریلیک بیش از صد هزار
Яъне воқеъиятҳои дунёи диҷитол ҳам пойбандии форсизабонони Осиёи Миёна ба хатти русиро зери суол мебарад	یعنی واقعیت‌های دنیای دیجیتال هم پایبندی فارسی‌زبانان آسیای میانه به خط روسی‌را زیر سؤال می‌بَرَد
Вақте ки фазои Интернет мамлувв аз матолибе ба забони тоҷикон аст ва онҳо фақат хатташро намехонанд табъан пурсише падид меояд ки чиро намехоҳанд ба хатти худӣ баргарданд ва аз ин донистаниҳо файз бибаранд	وقتی که فضای اینترنت مملو از مطالبی به زبان تاجیکان است و آنها فقط خطش‌را نمی‌خوانند طبعاً پرسشی پدید می‌آید که چرا نمی‌خواهند به خط خودی برگردند و از این دانستنی‌ها فیض ببرند
Бисёре аз соҳибназарон далели ин худдориро сирфан сиёсӣ арзёбӣ мекунанд	بسیاری از صاحبنظران دلیل این خودداری‌را صرفاً سیاسی ارزیابی می‌کنند
Хуруҷи Тоҷикистон аз ҳавзаи сирилликро бисёре ба масобаи хуруҷи Тоҷикистон аз ҳавзаи нуфузи Русия медонанд	خروج تاجیکستان از حوزۀ سیریلیک‌را بسیاری به مثابۀ خروج تاجیکستان از حوزۀ نفوذ روسیه می‌دانند
Дар Русия ҳам ин дидгоҳ роиҷ аст	در روسیه هم این دیدگاه رایج است
Аммо дар мабоҳиси дохилии Тоҷикистон дар бораи тағйири хат ҳамчунон ин лаффозии Шӯравии пешин чирагӣ дорад ки хатти ъарабӣ бисёр сахт аст ва як садо чанд ъаломат дорад	اما در مباحثات داخلی تاجیکستان دربارۀ تغییر خط همچنان این لفاظی شوروی چیرگی دارد که خط عربی بسیار سخت است و یک صدا چند علامت دارد
Шояд бишавад онро талоше барои тавҷеҳи мантиқии як тасмими сиёсӣ талаққӣ кард чиро ки ҳамаи дабираҳои решадори ҷаҳон чунин сахтӣ-ҳоеро доранд	شاید بشود آن‌را تلاشی برای توجیه منطقی یک تصمیم سیاسی تلقی کرد چرا که همۀ دبیره‌های ریشه‌دار جهان چنین سختیهایی‌را دارند
Масалан дар забони инглисӣ як ъаломати а ҳафт садо дорад ва дар вожагони мухталиф ба ҳафт шеваи гуногун талаффуз мешавад	مثلاً در زبان انگیسی یک علامتِ هفت صدا دارد و در واژگان مختلف به هفت شیوۀ گوناگون تلفظ می‌شود
Ё як вожаи фаронсавии ки ҳарф дорад фақат бо ҳашт садо ба забон меояд	یا یک واژۀ فرانسوی که حرف دارد فقط با هشت صدا به زبان می‌آید
Шигифто ки ҳеч як аз ин истисноот-ро дар нигориши порсӣ надорем	شگفتا که هیچ یک از این استثنائات‌را در نگارش پارسی نداریم
Пас мешавад ба ин натиҷа расид ки сахтӣ-ҳои алифбои порсӣ ҳам ба андозае нест ки Шӯравӣ мегуфту бархе дар ҷаҳони имрӯз тасаввур мекунанд	پس می‌شود به این نتیجه رسید که سختیهای الفبای پارسی هم به اندازه‌ای نیست که شوروی می‌گفت و برخی در جهان امروز تصور می‌کنند
Тасаввури рӯзномаҳои бадви Шӯравӣ дар Бухорои тасхиршуда дар даҳаи бар ин буд ки чиниҳо барои пушти сар гузоштани душворӣ-и нивисаҳои чинӣ базудӣ чанг ба домони хатти лотин хоҳанд зад	تصور روزنامه‌های بدو شوروی در بخارای تسخیرشده در دهۀ بر این بود که چینی‌ها برای پشت سر گذاشتن دشواری نویسه‌های چینی به‌زودی چنگ به دامان خط لاتین خواهند زد
Тасаввур ин буд ки вожанигоштҳои печидаи чинӣ монеъ аз рушди мардум мешавад ва маҳкум ба фаност	تصور این بود که واژه‌نگاشت‌های پیچیدۀ چینی مانع از رشد مردم می‌شود و محکوم به فناست
Аммо чунин нашуд	اما چنین نشد
О	آ
Дол дар соли дар маҷаллаи Раҳбари дониш-и Тоҷикистон мегуфт қарор аст базудӣ алифбои жопунӣ ва ҳиндӣ ҳам табдил ба лотин шавад ки боз ҳам чунин нашуд	دال در سال در مجلۀ رهبر دانش تاجیکستان می‌گفت قرار است به‌زودی الفبای ژاپنی و هندی هم تبدیل به لاتین شود که باز هم چنین نشد
На танҳо чунин нашуд балки ҳамаи ин милал бо расмулхатҳои душвор-и худ ба маротиби буландтари ъилмию фаннӣ ҳам даст ёфтаанд	نه تنها چنین نشد بلکه همۀ این ملل با رسم‌الخط‌های دشوار خود به مراتبِ بلندتر علمی و فنی هم دست یافته‌اند
Рӯдакӣ ба алифбои русӣ	رودکی به الفبای روسی
Ба бовари бисёре аз коршиносон таҷрубаи талхи Тоҷикистон дар заминаи тағйири хат нишон медиҳад ки китобати забони порсӣ ба ҳар хатти дигаре ба масобаи ҷудо кардани рӯҳ аз тан аст	به باور بسیاری از کارشناسان تجربۀ تلخ تاجیکستان در زمینۀ تغییر خط نشان می‌دهد که کتابت زبان پارسی به هر خط دیگری به مثابۀ جدا کردن روح از تن است
Китобати он ба дабираи лотину сириллик на танҳо иртибот бо гузаштаро мегусалад балки мумкин аст пайванд бо ҳамзабонони имрӯзиро ҳам бибурад ва забони воҳиди форсиро ба забонакҳои мухталиф таҷзия кунад	کتابت آن به دبیرۀ لاتین یا سیریلیک نه تنها ارتباط با گذشته‌را می‌گسلد بلکه ممکن است پیوند با هم‌زبانان امروزی‌را هم ببُرد و زبان واحد فارسی‌را به زبانک‌های مختلف تجزیه کند
Тавассул ба дабираҳои воканигоре чун лотину сириллик баночор тафовути гӯишҳоро ҳам мунъакис мекунад дар ҳоле ки дар нигориши порсӣ ҳамаи онҳо якпорча ҳастанд	توسل به دبیره‌های واکه‌نگاری چون لاتین و سیریلیک به‌ناچار تفاوت گویش‌ها‌را هم منعکس می‌کند در حالی که در نگارش پارسی همۀ آنها یکپارچه هستند
Ба ёд оваред намунаи имлову талаффузи шунидан-ро	به یاد آورید نمونۀ املا و تلفظ شنیدن را
Пештар ишора шуд ки дар дунёи диҷитоли имрӯз форсии Тоҷикистон ки ба хатти русӣ нивишта мешавад ба гарди нармафзорҳои форсӣ ҳам намерасад	پیشتر اشاره شد که در دنیای دیجیتالِ امروز فارسیِ تاجیکستان که به خط روسی نوشته می‌شود به گَرد نرم‌افزارهای فارسی هم نمی‌رسد
Аммо дар дунёи пешодиҷитол ва чопӣ ҳам ин тафовут беандоза маҳсус буду ҳаст	اما در دنیای پیشادیجیتال و چاپی هم این تفاوت بی‌اندازه محسوس بود و هست
Тоҷикистон бо ҷамъияти нисбатан андакаш наметавонад ҳамаи осори муҳимми ҷаҳонро ба хатти пириллик мунташир кунад	تاجیکستان با جمعیت نسبتاً اندکش نمی‌تواند همۀ آثار مهم جهان‌را به خط پیریلیک منتشر کند
Аммо бештари он осор ба забони мардуми Тоҷикистон дар дастрас ҳастанд агар ъаломати алифбои форсиро фаро бигиранд	اما بیشترِ آن آثار به زبان مردم تاجیکستان در دسترس هستند اگر علامت الفبای فارسی‌را فرا بگیرند
Шигарфу дарднок аст ки наводагони Рӯдакӣ дар сарзамине ки Одамуушуъароро ба дунё оварда ба далоиле комилан сиёсӣ наметавонанд осори ниёи худро ба хатти худи ӯ бихонанд ва танҳо ба осоре дастрасӣ доранд ки ба хатти русӣ мунташир шудааст	شگرف و دردناک است که نوادگان رودکی در سرزمینی که آدم‌الشعرا‌را به دنیا آورده به دلایلی کاملاً سیاسی نمی‌توانند آثار نیای خود‌را به خط خود او بخوانند و تنها به آثاری دسترسی دارند که به خط روسی منتشر شده است
Чунин аст ҳикояти ин роҳи паймуда	چنین است حکایت این راه پیموده
Худро ҳазор бори дигар ранг мекунанд	خود‌را هزار بار دگر رنگ می‌کنند
Бо сози сикка нағмаву оҳанг мекунанд	با ساز سکه نغمه و آهنگ می‌کنند
Ин луъбатакон масти навои ду-се пашиз	این لعبتکان مست نوای دو سه پشیز
Ҳам бо сару ҳам бо думи худ ҷанг мекунанд	هم با سر و هم با دم خود جنگ می‌کنند
Аз ин ки софу сода ба ҳарроҷ мераванд	از اینکه صاف و ساده به حراج می‌روند
Бадкораҳои шаҳр басе нанг мекунанд	بدکاره‌های شهر بسی ننگ می‌کنند
Бо пардадарӣ хирасарӣ нобародарӣ	با پرده‌دری خیره‌سری نابرادری
Номусу номи ҳам ҳадафи санг мекунанд	ناموس و نام هم هدف سنگ می‌کنند
Хушнуд онки сикка ба дастгоҳ рехта	خوشنود آنکه سکه به دستگاه ریخته
Шодию сӯр мардуми алданг мекунанд	شادی و سور مردم الدنگ می‌کنند
Боқӣ ҳама назорагари хаста аз ҷидол	باقی همه نظاره‌گر خسته از جدال
В-аз луъбатони хор ки дилтанг мекунанд	وز لعبتان خوار که دلتنگ می‌کنند
Таҳаммул кун Ватан имрӯз ҳам бо ту намемонем	تحمل کن وطن امروز هم با تو نمی‌مانیم
Ҳама маҷзуби осоиш ҳама маръуби Раҳмонем	همه مجذوب آسایش همه مرعوب رحمانیم
Ҳама оҳиста-оҳиста гушуда хандаи писта	همه آهسته آهسته گشوده خندۀ پسته
Равону рӯҳи вораста намехоҳем намедонем	روان و روح وارسته نمی‌خواهیم نمی‌دانیم
Агар фарёд одам буд дусад муште ба сар мезад	اگر فریاد آدم بود دوصد مشتی به سر می‌زد
Ки Аз зиндон раҳоям кун ки то фардо намеронем	که از زندان رهایم کن که تا فردا نمی‌رانیم
Таҳаммул кун Ватан чунки шикам дар раддаи болост	تحمل کن وطن چونکه شکم در ردّۀ بالاست
Балое рафта бар ту лек мо ҷамъи шикамбонем	بلایی رفته بر تو لیک ما جمعِ شکم‌بانیم
Шикан дар ишкане уфтоду мушкил дар дили мушкил	شکن در اشکنی افتاد و مشکل در دل مشکل
Даруни мушкилот аммо ба фикри роҳи осонем	درون مشکلات اما به فکر راه آسانیم
Шабехуне ба қалби бовари мо ворид оварда	شبیخونی به قلب باور ما وارد آورده
Хабар аз сарзаминам ки чу бесуфра яке нонем	خبر از سرزمینم که چو بی‌سفره یکی نانیم
Ба Шаҳнома қасам рӯҳи бузурги Тӯс озурдаст	به شهنامه قسم روح بزرگ توس آزرده‌ست
Шабеҳи Рустами дармонда рӯёрӯи як хонем	شبیه رستم درمانده رویاروی یک خوانیم
Таҳаммул кун Ватан чунки ғиреви муъминон болост	تحمل کن وطن چونکه غریو مؤمنان بالاست
Агарчи дар масири гум шудан аз нури имонем	اگرچه در مسیر گم شدن از نور ایمانیم
Чунон часпида бар дину диёнат ришамон то ноф	چنان چسپیده بر دین و دیانت ریش‌مان تا ناف
Чунон хуспида ки аз Морксу ришаш ҳам намехонем	چنان خسپیده که از مارکس و ریشش هم نمی‌خوانیم
Ҷаҳонро мактабе бе пайрави тоҷик нест лобуд	جهان‌را مکتبی بی پیرو تاجیک نیست لابد
Валекин дар макотиб ғолибан гунгу парешонем	ولیکن در مکاتب غالباً گُنگ و پریشانیم
На лоики ҷаҳонмеҳвар ки савдояш тасовӣ буд	نه لائیک جهان‌محور که سودایش تساوی بود
На бединему бемеҳроб на габру не мусалмонем	نه بی‌دینیم و بی‌محراب نه گبر و نی مسلمانیم
Ва гаҳ бо дидани ранҷе ки аз Заҳҳок ҳосил шуд	و گه با دیدن رنجی که از ضحاک حاصل شد
Ба ин андешаам ки мо чи мавҷудем	به این اندیشه‌ام که ما چه موجودیم
Инсонем	انسانیم
Таҳаммул кун Ватан имрӯз ҳам фардо шавад рӯзе	تحمل کن وطن امروز هم فردا شود روزی
Ва рӯзе гӯямат парвардаи аъмоқи виҷдонем	و روزی گویمت پروردۀ اعماق وجدانیم
На ин рӯзе ки бар мо сахт чун тонке гузар карда	نه این روزی که بر ما سخت چون تانکی گذر کرده
На рӯзи талхи дигарро саногӯему хоҳонем	نه روز تلح دیگر‌را ثناگوئیم و خواهانیم
Як рӯзи сиёҳи дигар аз ҷинси куруно	یک روز سیاه دیگر از جنس کرونا
Ҳамин чанд соъат пеш як дӯсти хубам аз Фархор даргузашт	همین چند ساعت پیش یک دوست خوبم در فرخار تاجیکستان درگذشت
Аз афсарони марзбонӣ буд	از افسران مرزبانی بود
Ҳамсараш мушкили кулия гурда дошт	همسرش مشکل کلیه داشت
Ҷӯёи ҳолаш шудем	جویای حالش شدیم
Гуфтанд ӯ пештар ҷон ба ҷонофарин супурда ҳамин се рӯз пеш	گفتند او پیشتر جان به جان‌آفرین سپرده؛ همین سه روز پیش
Ҳар ду ҳудуди сол доштанд	هر دو حدود سال داشتند
Ва ҳамин имрӯз шунидам ки дирӯз як ҳамсояи хубу хушномамон дар Душанбе даргузаштааст	و همین امروز شنیدم که دیروز یک همسایه خوب و خوشنام‌مان در دوشنبه درگذشته است
Хонуми бисёр меҳрубону дӯстдоштанӣ буд ки аз бачагӣ ӯро ба ёд доштам	خانم بسیار مهربان و دوست‌داشتنی بود که از بچگی او‌را به یاد داشتم
Парастори маҳалла буд	پرستار محله بود
сол дошт	سال داشت
Писараш дар Омрико ҳанӯз ба сангинии мусибате ки бар шонаҳояш фурӯ ғалтида бовар намекунад	پسرش در آمریکا هنوز به سنگینی مصیبتی که بر شانه‌هایش فرو غلطیده باور نمی‌کند
Ва бозгашташ ба Душанбе ҳам фоидае надорад	و بازگشتش به دوشنبه هم فائده‌ای ندارد
Пайкари модараш печида дар плостик бедиранг ба маҳалле номаълум бурда шуд	پیکر مادرش پیچیده در پلاستیک بی‌درنگ به محلی نامعلوم برده شد
Ду ҳамсояи деринасоли дигарамон дар Душанбе дар як сохтмони воҳид бистарианд бо нишонгони шадиди Шавҳари яке аз онҳо ки худ пизишк аст ҳудуди се ҳафта пеш аз Кувид даргузашт	دو همسایه دیرینه‌سال دیگرمان در دوشنبه در یک ساختمان واحد بستری‌اند؛ با نشانگان شدید شوهر یکی از آنها که خود پزشک است حدود سه هفته پیش از کووید درگذشت
Духтарашон дар Хуҷанд ҳам мубталост	دخترشان در خُجند هم مبتلاست
Имрӯз дар Фалғар ҳам яке аз хешовандони дурамон ба коми Кувид рафт	امروز در شهرستان فَلغَر هم یکی از خویشاوندان دورمان به کام کووید رفت
Яъне аз миёни ёрону ошноёни ман дар ҳамин ду рӯзи гузашта се тан бар асари ибтило ба ҷон додаанд	یعنی از میان یاران و آشنایان من در همین دو روز گذشته سه تن بر اثر ابتلا به جان داده‌اند
Аз Фейсбук мешавад хабари даргузашти нобаҳангоми даҳҳо тани дигар зарфи ду рӯзи гузаштаро хонд	از فیس‌بوک می‌شود خبر درگذشت نابهنگام ده‌ها تن دیگر ظرف دو روز گذشته‌را خواند
Аммо омори расмии Тоҷикистон ҳамчунон мегӯяд дар ду рӯзи ахир дар саросари кишвар танҳо тан бар асари ибтило ба ҷон додааст	اما آمار رسمی تاجیکستان همچنان می‌گوید در دو روز اخیر در سراسر کشور تنها یک تن بر اثر ابتلا به جان داده است
Ранг бину ҳол пурс	رنگ بین و حال پُرس
Аз ин ҷост ки Дориюши Бузурги Ҳахоманишӣ дар ниёшаш аз Аҳуромаздо хоста буд кишварашро аз хушксолӣ ҳамлаи душман ва дурӯғ нигаҳ дорад	از این‌جاست که داریوش بزرگ هخامنشی در نیاشش از اهورامزدا خواسته بود کشورش‌را از خشک‌سالی حمله دشمن و دروغ نگه دارد
Дурӯғ модари балоёи дигар аст	دروغ مادر بلایای دیگر است
Ҳузни ҷаҳон нуҳуфта ба оҳи ману шумо	حزن جهان نهفته به آه من و شما
Шӯрест дар камини пагоҳи ману шумо	شوری است در کمین ‌پگاه من و شما
Андӯҳу хашм майсараву маймана шаванд	اندوه و خشم میسره و میمنه شوند
Озодагӣ - нақиби сипоҳи ману шумо	آزادگی نقیب سپاه من و شما
Озурдагӣ ки қофиласолори ҷангҳост	آزردگی که قافله‌سالار جنگ‌هاست
Сабт аст аз тариқи нигоҳи ману шумо	ثبت است از طریق نگاه من و شما
Безори ҷангу толиби сулҳам Худо гувоҳ	بیزار جنگ و طالب صلهم خدا گواه
Рӯзи масоф ашк гувоҳи ману шумо	روز مصاف اشک گواه من و شما
Эй осмон чи ҷои дурахшидани маҳ аст	ای آسمان چه جای درخشیدن مه است
Ҳоло ки нест ламъаи моҳи ману шумо	حالا که نیست لمعه ماه من و شما
Торихи мо ки рози бақои ману шумост	تاریخ ما که راز بقای من و شماست
Афсонае ба ҷурму гуноҳи ману шумо	افسانه‌ای به جرم و گناه من و شما
Мо бо шитоб - ъозими он рӯзи воқеъа	ما با شتاب عازم آن روز واقعه
Ӯ бо ъитоб - ъомили чоҳи ману шумо	او با عتاب عامل چاه من و شما
Гӯӣ Худо ба рағми ману мо нишастааст	گویی خدا به رغم من و ما نشسته است
Дар маърака фиканда кулоҳи ману шумо	در معرکه فکنده کلاه من و شما
Эй қавми беирода эй сояҳои дирӯз	ای قوم بی‌اراده ای سایه‌های دیروز
Чунед зери бори хории хонумонсӯз	چونید زیر بار خواری خانمان‌سوز
Аз хоки сахти мо ҷуз хори фано нарӯяд	از خاک سخت ما جز خار فنا نروید
Гунгему хобдида таъбири мо ки гӯяд	گنگیم و خواب‌دیده تعبیر ما که گوید
То чанд ъишқбозӣ бо дузди хонаи хеш	تا چند عشق‌بازی با دزد خانهٔ خویش
То кай намешиносӣ гурге ба ҷомаи меш	تا کی نمی‌شناسی گرگی به جامهٔ میش
Парвардигор гӯё чашме ба мо надода	پروردگار گویا چشمی به ما نداده
Ё чашмаи басират дур асту мо пиёда	یا چشمهٔ بصیرت دور است و ما پیاده
Шӯр аст оби тақдир аз дасти чанд бепир	شور است آب تقدیر از دست چند بی‌پیر
Рӯзам намак надорад аз нолаҳои шабгир	روزم نمک ندارد از ناله‌های شبگیر
Дар оташи ҷаҳаннам аммо ҳанӯз хомем	در آتش جهنم اما هنوز خامیم
Ошуфтаву парешон нуҳ милиюн имомем	آشفته و پریشان میلیون امامیم
Коме ки хӯ гирифта бо таъми талхи заҳре	کامی که خو گرفته با طعم تلخ زهری
Ширин намешиносад дар ҳеч барру баҳре	شیرین نمی‌شناسد در هیچ بر و بحری
Дунё ҳазор чархиш диду асар надорад	دنیا هزار چرخش دید و اثر ندارد
Бар тӯдае ки дардо гӯё ки сар надорад	بر توده‌ای که دردا گویا که سر ندارد
Дардам ҳазор Чоч аст бевар-ҳазор Балх аст	دردم هزار چاچ است بیورهزار بلخ است
Як каҳкашон Бухоро	یک کهکشان بخارا
Як осмон талх аст	یک آسمان تلخ است
Мунозира бо чомасарои арҷманд Рустами Ваҳҳоб пои фиристаи Сафват Бурҳонови гиромӣ таҳти ъунвони Тоҷикӣ ё порсӣ	مناظره با چامه‌سرای ارجمند رستم وهاب پای فرستۀ صفوت برهانف گرامی تحت عنوان تاجیکی یا پارسی
Тоҷикӣ ё порсӣ	تاجیکی یا پارسی
не балки тоҷикӣ ва порсӣ	نه بلکه تاجیکی و پارسی
манзур аз тоҷикӣ ва порсӣ чист	رستم وهاب منظور از تاجیکی و پارسی چیست
Беҳуда баҳсеро доғ кардаед ки фарҷоме надорад ҷуз дилозорӣ	بیهوده بحثی‌را داغ کرده‌اید که فرجامی ندارد جز دل‌آزاری
Ин мавзӯъи ҳалшуда аст	این موضوعِ حل‌شده است
Боз садҳо соли дигар ки умрашон дарозтар бод дар Тоҷикистон тоҷикӣ дар Афғонистон дарӣ ва дар Эрон форсӣ хоҳанд гуфт ва ин амр монеъи иштироки фарҳангию адабӣ нахоҳад шуд	باز صدها سال دیگر که عمرشان درازتر باد در تاجیکستان تاجیکی در افغانستان دری و در ایران فارسی خواهند گفت و این امر مانع اشتراک فرهنگی و ادبی نخواهد شد
Баҳсро беҳуда оғоз кардаанд чун дар ягонагии забони порсӣ шакке нест	بحث‌را بیهوده آغاز کرده‌اند چون در یگانگی زبان پارسی شکی نیست
Ба қавли Сафват хари кӯр ҳам медонад ки тоҷикӣ ҳамон порсӣ аст	به قول صفوت خر کور هم می‌داند که تاجیکی همان پارسی است
Аммо таъкиди Шумо бар тоҷикӣ ва порсӣ ба ҷои тоҷикӣ ё порсӣ оё бад-ин маъност ки Шумо ба афсонаи форсӣ ва тоҷикӣ ва дарӣ тан додаед ва инҳоро се забони муҷаззову мустақил медонед ва узуму ъинабу ангурро се чизи мухталиф мехонед	اما تاکیدی شما رستم وهاب بر تاجیکی و پارسی به جای تاجیکی یا پارسی آیا بدین معناست که شما به افسانۀ فارسی و تاجیکی و دری تن داده‌اید و اینها‌را سه زبان مجزا و مستقل می‌دانید و اوزوم و عنَب و انگور‌را سه چیز مختلف می‌خوانید
Маро то ҷон ба тан бошад ҳамон ангур хоҳам гуфт	مرا تا جان به تن باشد همان انگور خواهم گفت
В-агар дар зери дорам қиссаи Мансур хоҳам гуфт	وگر در زیر دارم قصۀ منصور خواهم گفت
Пас ангури Шумо агар тоҷикӣ аст порсӣ ва дариро узум ва ъинаб медонед ё на онҳоро чизҳое мутафовиту муҷаззо медонед	پس انگور شما اگر تاجیکی است پارسی و دری‌را اوزوم و عنب می‌دانید یا نه آنها‌را چیزهایی متفاوت و مجزا می‌دانید
Шумо як хӯша ангурро бардоред ва аз ҳар тоҷике аз пири садсола то тифли яксола бипурсед ки инро ба тоҷикӣ чӣ мегӯянд	شما یک خوشه انگور‌را بردارید و از هر تاجیکی از پیر صدساله تا طفل یک‌ساله بپرسید که این‌را به تاجیکی چه می‌گویند
Ӯ хоҳад гуфт ангур	او خواهد گفت انگور
Ва ин итмоми ҳуҷҷат аст	و این اتمام حجت است
Ва ҳамонро бибареду аз як донои қавм бипурсед мегӯяд инро мо ангур гӯему турк узум гӯяду ъараб ъинаб	و همان‌را ببرید و از یک دانای قوم بپرسید می‌گوید این‌را ما انگور گوییم و تـُـرک اوزوم گوید و عرب عنب
Оё Шумо ҳамаро яке медонед ё якеро сето	آیا شما همه‌را یکی می‌دانید یا یکی‌را سه‌تا
Ангур-аш барои ман нақд аст	انگورش برای من نقد است
Пас ниёзе намебинед ки бидонед ангур ҳамон узуму ъинаби дигарон аст	پس نیازی نمی‌بینید که بدانید انگور همان اوزوم و عنبِ دیگران است
Сирфан дар чорчӯби маҳалли худ меандешед ва фаротар аз он бароятон вуҷуд надорад	صرفاً در چارچوب محل خود می‌اندیشید و فراتر از آن برایتان وجود ندارد
Иттифоқан ангур-и ин достон ҳамон порсӣ аст чун дар сарзаминҳои мо аз асолати бештаре бархурдор аст	اتفاقاً انگور این داستان همان پارسی است چون در سرزمین‌های ما از اصالت بیشتری برخوردار است
Аммо бароям ҷолиб буд ки оё касоне ки тоҷикӣ ё порсӣ-ро ба шакли тоҷикӣ ва порсӣ ислоҳ мекунанд аз чи мантиқе бархурдоранд ва бар пояи чи усуле ъақлонӣ истидлол мекунанд	اما برایم جالب بود که آیا کسانی که تاجیکی یا پارسی‌را به شکل تاجیکی و پارسی اصلاح می‌کنند از چه منطقی برخوردارند و بر پایۀ چه اصولی عقلانی استدلال می‌کنند
Ҳамон гуна ки инҷо дар намунаи ангуру узуму ъинаб равшан шуд ҳеч истидлоли мантиқӣ дар бисоташон нест	همان گونه که این‌جا در نمونۀ انگور و اوزوم و عنب روشن شد هیچ استدلال منطقی در بساط‌شان نیست
Истидлол сирфан маҳаллӣ аст на ъилмию ъақлонӣ	استدلال صرفاً محلی است نه علمی و عقلانی
Зимнан маълум бод ки Тоҷикистон маҳал нест чун Эрону Афғонистон кишвар аст ва беш аз ин - Ватан аст	ضمناً معلوم باد که تاجیکستان محل نیست چون ایران و افغانستان کشور است و بیش از این وطن است
Гуфтем маҳал на маҳалла ки ба маънои гузар аст	گفتیم محل نه محله که به معنای گذر باشد
Ҳам кишвар ва ҳам Ватан маҳал яъне ҷое мушаххас аст	هم کشور و هم وطن محل یعنی جایی مشخص است
Аз ин рӯ мешавад гуфт тарзи диди шумо дар чорчӯби як маҳалли хосси сиёсӣ шакл гирифта ва дидгоҳатон сиёсию маҳаллӣ аст ва на як ҳақиқати ъилмию мантиқӣ	از این می‌شود گفت طرز دید شما در چارچوب یک محل خاص سیاسی شکل گرفته و دیدگاه‌تان سیاسی و محلی است و نه یک حقیقت علمی و منطقی
Рӯи ин ҳисоб Ватани Шумо ҳам сайёл ва тағйирпазир аст ба монанди ҳувийяти забонитон	روی این حساب وطن شما هم سیال و تغییرپذیر است؛ به مانند هویت زبانی‌تان
То дирӯз он Ватан паҳновартар буду Бухоро ном дошт бо шамшери сурх фақат кӯҳистонаш боқӣ монду Тоҷикистон шуд ва боқии он Ватан фаромӯш шуд	تا دیروز آن وطن پهناورتر بود و بخارا نام داشت؛ با شمشیر سرخ فقط کوهستانش باقی ماند و تاجیکستان شد و باقی آن وطن فراموش
Ва фардо ҳам дасти сиёсат метавонад он тасаввур аз Ватан ва ҳувийяти миллию забониро тағйир диҳад	و فردا هم دست سیاست می‌تواند آن تصور از وطن و هویت ملی و زبانی‌را تغییر دهد
Чиро	چرا
Зеро боди сиёсат ҳеч навъ пойдориро намешиносад ва тан додан ба боди сиёсат тамоми арзишҳои усулию бунёдинро ҳам савор бар бод мекунад	زیرا باد سیاست هیچ نوع پایداری نمی‌شناسد و تن دادن به باد سیاست تمام ارزش‌های اصولی و بنیادین‌را هم سوار بر باد می‌کند
Дар натиҷа мафҳуми Моми Меҳан ва забони модарӣ ҳам мутағайир мешавад	در نتیجه مفهوم مام میهن و زبان مادری هم متغیر می‌شود
Аммо ҳастанд касоне ки шамшери сиёсат ба қалбу зеҳнашон рахна накардааст ва арзишҳои миллишон пойдор аст ва забонашон ҳамон гуна ки пеш аз таҷовузи сурх буд порсӣ аст	اما هستند کسانی که شمشیر سیاست به قلب و ذهن‌شان رخنه نکرده و ارزش‌های ملی‌شان پایدار است و زبان‌شان همان‌گونه که پیش از تجاوز سرخ بود پارسی است
Ин даста аз афрод таҷовузнопазиранд	این دسته از افراد تجاوزناپذیرند
Мо Бухороро ҳам Тоҷикистон медонем чун аҳли он забони худро тоҷикӣ меноманд	ما بخارا‌را هم تاجیکستان می‌دانیم چون اهل آن زبان خود‌را تاجیکی می‌نامند
Ононе ки забони модарии худро дар Бухоро тоҷикӣ медонанд бисёр андак мондаанд	آنانی که زبان مادری خود‌را در بخارا تاجیکی می‌دانند بسیار اندک مانده‌اند
Бисёре аз онҳое ҳам ки порсӣ суҳбат мекунанд забони худро бухороӣ медонанд	بسیاری از آنهایی که پارسی صحبت می‌کنند زبان خود‌را بخارایی می‌دانند
Ин идомаи ҳамон равандест ки Шумо аз он ҳимоят мекунед	این ادامۀ همان روندی است که شما از آن حمایت می‌کنید
Вале манзури ман аз Бухоро фақат шаҳри кӯчаки Бухоро набуд балки кишваре паҳновар буд ки миёни се ҷумҳурии Шӯравӣ тақсим шуд	ولی منظور من از بخارا فقظ شهر کوچک بخارا نبود بلکه کشوری پهناور بود که میان سه جمهوری شوروی تقسیم شد
Ва агар ҳамзабонони Шумо танҳо касоне ҳастанд ки забони худро тоҷикӣ меноманд ҳеч як аз бузургони пешошӯравии мо ҳамзабони Шумо ба шумор намеояд	و اگر هم‌زبانان شما تنها کسانی هستند که زبان خود‌را تاجیکی می‌نامند هیچ یک از بزرگان پیشاشوروی ما هم‌زبان شما به شمار نمی‌آیند
Чун забони онҳо порсӣ буду ҳаст	چون زبان آنها پارسی بود و هست
Бо чунин маҳаке намешавад вориди баҳсе бад-ин ҷиддият шуд	با چنین محکی نمی‌شود وارد بحثی بدین جدیت شد
дарсади аҳли Бухоро худро тоҷик ва забони худро тоҷикӣ медонанд	درصد اهل بخارا خود‌را تاجیک و زبان خود‌را تاجیکی می‌دانند
Ҳеч омори расмӣ бо чунин диққате ки гуфтед вуҷуд надорад	هیچ آمار رسمی با چنین دقتی که گفتید وجود ندارد
Агар Шумо оморе мувассақ доред нишон бидиҳед	اگر شما آمار موثقی دارید نشان بدهید
Аммо воқеъияте ки тавсиф шуд аз мушоҳидот ва суханони худи мардуми шаҳри Бухоро буд	اما واقعیتی که توصیف شد از مشاهدات و سخنان خود مردم شهر بخارا بود
Арз хоҳад шуд	عرض خواهد شد
Омори расмӣ ъарз шудан надорад	آمار رسمی عرض شدن ندارد
Агар оморе расмӣ ҳаст бояд дар дастраси ъумум бошад ва мешавад пайвандашро дод	اگر آماری رسمی هست باید در دسترس عموم باشد و می‌شود پیوندش‌را داد
Оморе ки гуфта бошад имрӯза дарсади мардуми Бухоро худро тоҷик ва забони худро тоҷикӣ медонанд ба чашм нахурдааст	آماری که گفته باشد امروزه درصد مردم بخارا خود‌را تاجیک و زبان خود‌را تاجیکی می‌دانند به چشم نخورده است
Шумо бояд табиъати оморҳои расмиро хуб бидонед	شما باید طبیعت آمارهای رسمی‌را خوب بدانید
Дуруст аст	درست است
Дар ъайни ҳол мутаваҷҷеҳи ин нукта ҳам ҳастам ки намешавад бе ҳеч далели мувассақ як иддиъои омории дақиқро матраҳ кард	در عین حال متوجه این نکته هم هستم که نمی‌شود بی هیچ دلیل موثقی یک ادعای آماری دقیق‌را مطرح کرد
Донанд дигар ки узӯму истофил	دانند دگر که اوزوم و استافیل
Ангуру ъинаб бувад на қолею на қил	انگور و عنَب بود نه قالی و نه قیل
Асли даъво бар сари он як дирам аст	اصل دعوا بر سر آن یک درم است
Беҳуда машав ранҷа зи баҳри таъвил	بیهوده مشو رنجه ز بهر تاویل
Асли даъвои Шумо бар сари он як дирам аст ё баростӣ порсию дарию тоҷикиро се забони муҷаззо медонед	اصل دعوای شما بر سر آن یک درم است یا به‌راستی پارسی و دری و تاجیکی‌را سه زبان مجزا می‌دانید
Манзури мо асли ангур аст	منظور ما اصل انگور است
Пас ин як забонро се забони ҷудогона медонед	پس این یک زبان‌را سه زبان جداگانه می‌دانید
Мо ҳеч гоҳ чунин мавзӯъеро матраҳ накарда ва бод надодаем	ما هیچ‌گاه چنین موضوعی‌را مطرح نکرده و باد نداده‌ایم
Мо ба забони модарии худ ки тоҷикӣ ном дорад сухан мегӯему менависем	ما به زبان مادری خود که تاجیکی نام دارد سخن می‌گوییم و می‌نویسیم
Ҳар кӣ ин забонро ба ҳар унвоне бо забони худ муштарак медонад ва мепазирад дар баробари ӯ иноду инкор надорем	هر که این زبان‌را به هر عنوانی با زبان خود مشترک می‌داند و می‌پذیرد در برابر او عناد و انکاری نداریم
Яъне ба дигарон иҷоза медиҳед ки порсию дарию тоҷикиро як забон бидонанд аммо худатон ҳамчунон муътақидед ки тоҷикӣ аз порсию дарӣ ҷудост	یعنی به دیگران اجازه می‌دهید که پارسی و دری و تاجیکی‌را یک زبان بدانند اما خودتان همچنان معتقدید که تاجیکی از پارسی و دری جداست
Фикр намекунам посухи содаву сареҳ додан ба як чунин пурсиши содаву сареҳ ин ҳама печутоб дошта бошад	فکر نمی‌کنم پاسخ ساده و صریح دادن به یک چنین پرسش ساده و صریح این همه پیچ‌وتاب داشته باشد
Порсию тоҷикию дариро се забон медонед ё се номи як забон	پارسی و تاجیکی و دری‌را سه زبان می‌دانید یا سه نامِ یک زبان
Як забон	یک زبان
Аммо дареғо ки ахиран бо унвони меъёр ҳар уъҷубаеро мехоҳанд бар мо таҳмил кунанд ва аз он асли ягона ба маҷрои бегона бибаранд	اما دریغا که اخیراً با عنوان معیار هر اعجوبه‌ای‌را می‌خواهند بر ما تحمیل کنند و از آن اصل یگانه به مجرای بیگانه ببرند
Ин масъала дар Эрону Афғонистон ҳам равшан аст	این مسئله در ایران و افغانستان هم روشن است
Тоҷикӣ - яъне порсӣ ва дарии ноб	تاجیکی یعنی پارسی و دری ناب
Сипосгузорам	سپاسگزارم
Агар як забон аст пас ба ислоҳи тоҷикӣ ё порсӣ-и Сафват ба тоҷикӣ ва порсӣ ниёзе набуд	اگر یک زبان است پس به اصلاحِ تاجیکی یا پارسیِ صفوت به تاجیکی و پارسی نیازی نبود
Пас дар мавриди ягонагии забон ихтилофи дидгоҳе нест ки ъайни ҳамон бароянди достони ангур аст	پس در مورد یگانگی زبان اختلاف دیدگاهی نیست که عین همان برآیند داستان انگور است
Дар мавриди дахлу тасарруфот дар забон ҳам мешавад аз тариқи ниҳодҳои марбута мавзӯъро тарҳу баррасӣ кард агар ниёз ба ҳифзи забони меъёри воҳид дарк шуда бошад	در مورد دخل و تصرفات در زبان هم می‌شود از طریق نهادهای مربوطه موضوع‌را طرح و بررسی کرد اگر نیاز به حفظ زبان معیارِ واحد درک شده باشد
Бар сари номи забон аммо аз Рӯдакӣ гирифта то Аҳмади Дониш ва ҳатто Ъайнии пешошӯравӣ бо Шумо мухолифанд ва онро порсӣ медонистанд ки ба сифати дарӣ ҳам музайян шудааст	بر سر نام زبان اما از رودکی گرفته تا احمد دانش و حتی عینی پیشاشوروی با شما مخالفند و آن‌را پارسی می‌دانند که به صفت دری هم مزین شده است
Дигар ин ки забони порсии имрӯзи Тоҷикистон ки хостгоҳи ин забон буда дар низортарину бадтарин ҳолати мумкин қарор дорад ва аслану абадан дархури ҷойгоҳи порсии дарӣ нест	دیگر اینکه زبان پارسی امروز تاجیکستان که خاستگاه این زبان بوده در نزارترین و بدترین حالت ممکن قرار دارد و اصلاً و ابداً درخور جایگاه پارسی دری نیست
Агар истилоҳи устувори забони тоҷикӣ мавриди таҳоҷум қарор намегирифт ниёз ба чунин баҳсе ҳам ба миён намеомад	اگر اصطلاح استوار زبان تاجیکی مورد تهاجم قرار نمی‌گرفت نیاز به چنین بحثی هم به میان نمی‌آمد
Агар истилоҳи забони тоҷикӣ устувор буд ниёзе ба чунин баҳсҳо ҳам набуд	اگر اصطلاح زبان تاجیکی استوار بود نیازی به چنین بحث‌ها هم نبود
Ин баҳсҳо моли имрӯзу дирӯз нест ва пешинаи бас тӯлое дорад ки ҳокӣ аз сиёсӣ будани ангезаи созандагони истилоҳи забони тоҷикӣ аст	این بحث‌ها مال امروز و دیروز نیست و پیشینۀ بس طولایی دارد که حاکی از سیاسی بودن انگیزۀ سازندگان اصطلاح زبان تاجیکی است
Сиёсӣ нест	سیاسی نیست
Ва агар сиёсӣ ҳам бошад бар зиёни миллату кишвари мо нест	و اگر سیاسی هم باشد بر زیانِ ملت و کشور ما نیست
Сад дарсад сиёсӣ аст чун забони қадару тавонманди порсӣ набояд дар баробари забони импротурӣ русӣ қад ъалам мекард	صد درصد سیاسی است چون زبان قَدَر و توانمند پارسی نباید در برابر زبان امپراتوری روسی قد علم می‌کرد
Дигар ин ки набояд берун аз марзҳои Шӯравӣ кишварҳои дигаре бо ҳамин ном забони расмӣ медоштанд ки доштанд	دیگر اینکه نباید بیرون از مرزهای شوروی کشورهای دیگری با همین نام زبان رسمی می‌داشتند که داشتند
Аз ин рӯ дар соли забоне ки дар Бухоро расман форсӣ ном дошт ба салоҳдиди Кремлин забони тоҷикӣ номида шуд	از این رو در سال زبانی که در بخارا رسماً فارسی نام داشت به صلاحدید کرملین زبان تاجیکی نامیده شد
Таҳмили ҳувийяти забонии ҷаълӣ ба дасти бегонагон бар сари як миллат наметавонад ба суди он миллату кишвар бошад	تحمیل هویت زبانی جعلی به دست بیگانگان بر سر یک ملت نمی‌تواند به سود آن ملت و کشور باشد
Тазъифу тасғири забон мусалламан бар зиёни миллату кишвари Тоҷикистон буду ҳаст	تضعیف و تصغیر زبان مسلماً بر زیان ملت و کشور تاجیکستان بود و هست
Забони зиндаи тоҷикӣ ҳанӯз дар беҳтарин ҳол қарор дорад ва рӯ ба рушд аст ва худо хоҳад дар чанд соли оянда намуна хоҳад шуд	زبان زندۀ تاجیکی هنوز در بهترین حال قرار دارد و رو به رشد است و خدا خواهد در چند سال آینده نمونه خواهد شد
Порсии имрӯзи Тоҷикистон чи манзур забони зиндаи кӯчабозор бошаду чи забони мақомҳо ва ҳатто адибон ба далели дурӣ аз бистари табиъии худ ки хатти порсӣ бошад дар ҳоли фурӯ рехтан аст	پارسی امروز تاجیکستان چه منظور زبان زندۀ کوچه‌بازار باشد و چه زبان مقام‌ها و حتی ادیبان به دلیل دوری از بستر طبیعی خود که خط پارسی باشد در حال فرو ریختن است
Ва танҳо нӯшдоруи он бозгашт ба хатти порсист	و تنها نوشداروی آن بازگشت به خط پارسی است
Эй кош ба ҷойи ин баҳсҳо мисли Доро Наҷот аз ин ганҷи шойгони зинда фарҳангҳо месохтем ё мисли пажӯҳандагони Институти забон ин ганҷи парешонро дар фарҳангҳо гирдоварӣ мекардем	ای کاش به‌جای این بحث‌ها مثل دارا نجات از این گنچ شایگانِ زنده فرهنگ‌ها می‌ساختیم یا مثل پژوهندگان انستیتوی زبان این گنج پریشان‌را در فرهنگ‌ها گردآوری می‌کردیم
Мешавад дар ъайни анҷом додани чунин баҳсҳо чунон корҳоро ҳам кард	می‌شود در عین انجام دادن چنین بحث‌ها چنان کارها هم کرد
Ё ҳатто маҷаллаҳои марбута мунташир кард пажӯҳишҳои марбута анҷом дод	یا حتی مجله‌های مربوطه منتشر کرد پژوهش‌های مربوطه انجام داد
Шуданист	شدنی است
Аммо ҳамаи он корҳо агар фақат ба пириллик анҷом бигирад об дар ҳован кӯбидан хоҳад буд	اما همۀ آن کارها اگر فقط به پیریلیک انجام بگیرد آب در هاون کوبیدن خواهد بود
Агар баростӣ хоҳони пойдории забони миллии тоҷикон ҳастем бозгашт ба хатти порсӣ бояд авлавият бошад	اگر به‌راستی خواهان پایداری زبان ملی تاجیکان هستیم بازگشت به خط پارسی باید اولویت باشد
Шӯрбахтона нигоҳи сиёсӣ ва ғайритоҷикона ба ин мавзӯъи батамом фарҳангию ҳувийятӣ то кунун бар баданаи фарҳангию ъилмии Тоҷикистон осебу газанди фаровоне ворид кардааст	شوربختانه نگاه سیاسی و غیرتاجیکانه به این موضوعِ بتمام فرهنگی و هویتی تاکنون بر بدنۀ فرهنگی و علمی تاجیکستان آسیب و گزند فراوانی وارد کرده است
Ҳеч кас монеъи омӯзиши алифбои форсӣ нашуда ва баръакс дар мактабҳо омӯзиш мешавад аммо ҳатто мутахассисоне ки ҳозир ҳастанд соатҳо рӯйи зарурати омӯзиши ин алифбо ба ҷарру баҳс машғул бошанд ҳавсала намекунанд ки ҳафтае чанд соат амалан ба омӯзиши он шуғл варзанд	هیچ‌کس مانعِ آموزش الفبای فارسی نشده و برعکس در مکتب‌ها آموزش می‌شود اما حتی متخصصانی که حاضر هستند ساعت‌ها روی ضرورت آموزش این الفبا به جرّ و بحث مشغول باشند حوصله نمی‌کنند که هفته‌ای چند ساعت عملاً به آموزش آن شغل ورزند
Ҳаёҳу осонтар аст	هیاهو آسان‌تر است
Омӯзиши алифбое ки ҳеч корбурде надорад ба чи дарде мехурад	آموزش الفبایی که هیچ کاربردی ندارد به چه دردی می‌خورد
Вақте ки ҳеч барномае барои гузор ба хатти порсӣ вуҷуд надорад чи касе моил аст он хатро ёд бигирад	وقتی که هیچ برنامه‌ای برای گذار به خط پارسی وجود ندارد چه کسی مایل است آن خط‌را یاد بگیرد
Манзур мардуми ъавом ҳастанд ки аз фавоиди он дабира огоҳ нестанд	منظور مردم عوام هستند که از فواید این دبیره آگاه نیستند
Дар натиҷа ҳатто омӯзгорони алифбои порсӣ он дабираро бахубӣ фаро нагирифтаанд	در نتیجه حتی آموزگاران الفبای پارسی این دبیره‌را به‌خوبی فرا نگرفته‌اند
Бояд бо чашмандози бозгашт ба хатти порсӣ ва бозгушудани ганҷинаи лоятаноҳӣ ба ин хатту забон порсиро дар мадрасаҳо омӯзиш дод	باید با چشم‌انداز بازگشت به خط پارسی و بازگشودن گنجینۀ لایتناهی به این خط و زبان پارسی‌را در مدرسه‌ها آموزش داد
Ба мутахассисоне ҳам ки ба қавли Шумо фақат ҳаёҳӯ мекунанд бигӯед ки метавонанд ба монанди гурӯҳи Забони порсӣ ҷузваи омӯзиши хат дар дарс ва дарсҳои омӯзиши хат аз тариқи ва барномаҳои мушобеҳи дигар созмон диҳанд	به متخصصانی هم که به قول شما فقط هیاهو می‌کنند بگویید که می‌توانند به مانند گروه زبان پارسی جزوۀ آموزش خط در درس و درس‌های آموزش خط از طریق یوتیوب و برنامه‌های مشابه دیگر سازمان دهند
Шумо ҳам дар ин росто дастбакор мешудед баҳраи бештаре мебурдем	شما هم در این راستا دست‌بکار می‌شدید بهرۀ بیشتری می‌بردیم
Зиндагӣ	زندگی
Ғоилаи номуртабитест	غائلۀ نامرتبطی است
Ҳамаро дорад	همه‌را دارد
Аммо ҳеч чизе дарбар надорад	اما هیچ چیزی دربر ندارد
Ки ман мехостам	که من می‌خواستم
Холест ки маълум нест	خالی است که معلوم نیست
Чиро дар ин бахши танам шукуфта	چرا در این بخش تنم شکفته
Шеърест ки ман ҳаргиз насуруда будам	شعری است که من هرگز نسروده بودم
Аммо ба суруданаш водошта	اما به سرودنم واداشته
Зиндагӣ	زندگی
Илтиҳоби лаҳзаҳоест ки ману ту бо ҳам гудохтем	التهاب لحظه هایی است که من و تو با هم گذاختیم
Ғофил аз илтиҳобашон	غافل از التهاب شان
Навоҳоест	نواهایی است
Ки ҳаргиз бо ҳам нанавохтем	که هرگز با هم ننواختیم
Аммо навохтем	اما نواختیم
Ғофил аз вуҷудашон	غافل از وجودشان
Зиндагӣ	زندگی
Ҳаминест ки ҳаст	همینی است که هست
Ин шаҳр куҷост	این شهر کجاست
Шаҳре ки забони давлату миллаташ саршор аз ифтихор ба ториху гузаштагонаш аст аммо бо белу каланду булдузеру ҷарсақил ба ҷони сохтмонҳои торихиаш даруфтода	شهری که زبان دولت و ملتش سرشار از افتخار به تاریخ و گذشتگانش است اما با بیل و کلند و بولدوزر و جرثقیل به جان ساختمان‌های تاریخی‌اش درافتاده؛
Шаҳре ки худро нигину намоди тамаддуни Сомониён медонад аммо аз расмулхатти дарбори Сомониён безор аст	شهری که خود‌را نگین و نماد تمدن سامانیان می‌داند اما از رسم‌الخط دربار سامانیان بیزار است؛
Шаҳре ки номи Рӯдакиро бар хиёбону барзану боғу роғаш гузошта аммо номи забони Рӯдакиро намеписандад	شهری که نام رودکی‌را بر خیابان و برزن و باغ و راغش گذاشته اما نام زبان رودکی‌را نمی‌پسندد؛
Шаҳре ки ҳазорон муҳоҷири кории чинӣ дорад аммо садҳо ҳазор сокини худро ба муҳоҷирати корӣ дар хориҷ гусел мекунад	شهری که هزاران مهاجر کاری چینی دارد اما صدها هزار ساکن خود‌را به مهاجرت کاری در خارج گسیل می‌کند؛
Шаҳре ки сохтмонҳои чандмилюн-дулорӣ месозад аммо барои сохтани корхона пул надорад	شهری که ساختمان‌های چندمیلیون‌دلاری می‌سازد اما برای ساختن کارخانه پول ندارد؛
Шаҳре ки навтарину бошукӯҳтарин сохтмони китобхонааш анбошта аз китобҳои куҳнаи мардум аст	شهری که نوترین و باشکوه‌ترین ساختمان کتابخانه‌اش انباشته از کتاب‌های کهنۀ مردم است؛
Шаҳре ки мардумаш аз пулис - зомини амнияту интизом бештар аз дузду роҳзан метарсанд	شهری که مردمش از پلیس ضامن امنیت و انتظام بیشتر از دزد و راهزن می‌ترسند؛
Шаҳре ки ҳамаи ронандагонаш камарбанди эминӣ мебанданд аммо на барои худашон балки барои пулиси роҳ ва бо дидани сояи ӯ	شهری که همۀ رانندگانش کمربند ایمنی می‌بندند اما نه برای خودشان بلکه برای پلیس راه و با دیدن سایۀ او؛
Шаҳре ки роҳҳоро фарохтар кардааст то ҳар рӯз яке-ду бор ба рӯи сокинонаш баста шавад ҳатто агар беморе ҷонбалаб пушти роҳбандон гирифтор монда бошад	شهری که راه‌ها‌را فراختر کرده است تا هر روز یکی دو بار به روی ساکنانش بسته شود حتی اگر بیماری جان‌به‌لب پشت راهبندان گرفتار مانده باشد؛
Шаҳре ки кохи давлаташ Қасри миллат ном дорад ва мафҳумҳои давлат ва миллат-ро аз ҳам тафкик намедиҳад	شهری که کاخ دولتش قصر ملت نام دارد و مفهوم‌های دولت و ملت‌را از هم تفکیک نمی‌دهد؛
Шаҳре ки дар он сигор кашидан дар фазои боз мамнӯъ аст аммо дар фазоҳои баста раво	شهری که در آن سیگار کشیدن در فضای باز ممنوع است اما در فضاهای بسته روا؛
Шаҳре ки дару девораш пур аз шиъорҳо дар ситоиши як кишвари озоду мустақиллу ҳуқуқбунёду демукротик аст дар канори тасвирҳои ъазими раҳбар ва тамҷиду такрими ӯ	شهری که در و دیوارش پر از شعارها در ستایش یک کشور آزاد و مستقل و حقوق‌بنیاد و دموکراتیک است در کنار تصویرهای عظیم رهبر و تمجید و تکریم او؛
Шаҳре ки шефтаву шайдои ишғолгари собиқаш аст аммо аз ҳамзабонону ҳамтаборони худ гурезон	شهری که شیفته و شیدای اشغالگر سابقش است اما از هم‌زبانان و هم‌تباران خود گریزان
Шаҳре ки бо вуҷуди ин ҳама тазодду таноқузаш ъошиқона дӯст дорем	شهری که با وجود این همه تضاد و تناقضش عاشقانه دوست داریم
Ин шаҳри ъазиз куҷост	این شهر عزیز تضاد و تناقضات کجاست
Як моҳ аз ъазимати мурғи дилам гузашт	یک ماه از عزیمت مرغ دلم گذشت
Теғе ба ъарзи пайкари нимбисмилам гузашт	تیغی به عرض پیکر نیم‌بسملم گذشت
Як моҳ гӯши ман ба таманнои савти ӯ	یک ماه گوش من به تمنای صوت او
Ҳай сут мекашад ки нагӯ соқилам гузашт	هی سوت می‌کشد که نگو صاقلم گذشت
Як моҳ аз чакидани хуни дили фигор	یک ماه از چکیدن خون دل فگار
Як моҳ аз муҳорибаи Мавсилам гузашт	یک ماه از محاربۀ موصلم گذشت
Як моҳ моҳи ман таҳи чоҳе ниҳон шуда	یک ماه ماه من ته چاهی نهان شده
Торику сомитам шамъи маҳфилам гузашт	تاریک و صامتم شمع محفلم گذشت
Дарё сиришки ман ба вуфур ошамидаву	دریا سرشک من به‌وفور آشمیده و
Ашкам хутути муртафеъи соҳилам гузашт	اشکم خطوط مرتفِع ساحلم گذشت
Рӯҳаш париду нур париду бухор шуд	روحش پرید و نور پرید و بخار شد
Як моҳи талху шӯру шару қотилам гузашт	یک ماه تلخ و شور و شر و قاتلم گذشت
Шӯрам сиришта аз намаки фурқати ъазиз	شورم سرشته از نمک فرقت عزیز
Кӯрам маҳаки дарки ҳаққу ботилам гузашт	کورم محک درک حق و باطلم گذشت
Рӯзи висол аз таби ин ғусса гӯямаш	روز وصال از تب این غصه گویمش
Аз ин ки чун ъумри дили ғофилам гузашт	از این که چون عمر دل غافلم گذشت
Аз Худо истихора мехоҳам	از خدا استخاره می‌خواهم
Модарамро дубора мехоҳам	مادرم‌را دوباره می‌خواهم
Додгоҳе барои Ъазроил	دادگاهی برای عزرائیل
Доси ӯ пора-пора мехоҳам	داسِ او پاره پاره می‌خواهم
Молики мавтро пиёдаву хор	مالک موت‌را پیاده و خوار
Зиндагиро савора мехоҳам	زندگی‌را سواره می‌خواهم
Дарди моро дигар ниҳоят гум	درد ما‌را دِگر نهایت گُم
Дарди ӯ бешумора мехоҳам	درد او بی‌شماره می‌خواهم
Дасти ӯ бас дароз гаштаву ман	دستِ او بس دراز گشته و من
Аз Аҳуро назора мехоҳам	از اهورا نظاره می‌خواهم
Дар дили зулмате ки ҳоким шуд	در دل ظلمتی که حاکم شد
Дастикам чанд ситора мехоҳам	دست‌کم چند ستاره می‌خواهم
Чанги ӯ аз вуҷуди мо дуру	چنگ او از وجود ما دور و
Чашми ӯ бешарора мехоҳам	چشم‌ او بی‌شراره می‌خواهم
Аз балоё харобу нотобам	از بلایا خراب و ناتابم
Аз Худо роҳу чора мехоҳам	از خدا راه و چاره می‌خواهم
Дар ниҳоят агар ъадолат нест	در نهایت اگر عدالت نیست
Дилам аз санги хора мехоҳам	دلم از سنگ خاره می‌خواهم
Дигар на офтоб ҳамон офтоб асту на об ҳамон об	دیگر نه آفتاب همان آفتاب است و نه آب همان آب
Осмон кӯтоҳ аст	آسمان کوتاه است
Ҳаво сурбист	هوا سُربی است
Ба ъумқи сина намерасад	به عمق سینه نمی‌رسد
Ҳавоси панҷгонаам гӯӣ таътил	حواس پنجگانه‌ام گویی تعطیل
Фазо сурреол аст	فضا سوررئال است
Вожаҳо аз зеҳнам гурезонанд	واژه‌ها از ذهنم گریزانند
Ҳеч чизе сари ҷои худаш несту коркарди худашро надорад	هیچ چیزی سر جای خودش نیست و کارکرد خودش‌را ندارد
Хобам ъайни бедористу бедорӣ ъайни хоб	خوابم عین بیداری است و بیداری عین خواب
Субҳи имрӯз бо орзуи поёни ин кобуси кушанда чашмонамро гушудам	صبح امروز با آرزوی پایان این کابوسِ کُشنده چشمانم‌را گشودم
Бо ин хиёл ки ҳамааш як хоби шум буда	با این خیال که همه‌اش یک خواب شوم بوده
Аммо фоидае надошт	اما فائده‌ای نداشت
Ангор гирифтори тилисме шудаам ки ҳалқааш даври гарданам тангтару тангтар мешавад ва тавони ҳарф задану фикр кардану гӯш додану фаҳмиданро аз ман рабуда Андак-андак дорам мефаҳмам ки нуқтаи иттикоямро аз даст додаам	انگار گرفتار طلسمی شده‌ام که حلقه‌اش دور گردنم تنگ‌تر و تنگ‌تر می‌شود و توان حرف زدن و فکر کردن و گوش دادن و فهمیدن‌را از من ربوده
фонуси дарёи зиндагиамро гум кардаам фириштаи нигаҳбонам пар кашидаву дигар қарор нест баргардад	اندک اندک دارم می‌فهمم که نقطۀ اتکاءام‌را از دست داده‌ام؛ فانوس دریای زندگی‌ام‌را گم کرده‌ام؛ فرشتۀ نگهبانم پر کشیده و دیگر قرار نیست برگردد؛ حلقۀ پیوندم با آفرینش و آفریدگار از من گسسته است
ҳалқаи пайвандам бо офаринишу Офаридгор аз ман гусастааст Оё ҳаргиз мешавад бо ин мусибат хӯ гирифт ки ъазизтарину поктарину беҳтарин инсони зиндагиам ҳузурашро аз мо дареғ доштаву ба малакути аъло пайвастааст	آیا هرگز می‌شود با این مصیبت خو گرفت که عزیزترین و پاک‌ترین و بهترین انسان زندگی‌ام حضورش‌را از ما دریغ داشته و به ملکوت اعلی پیوسته
Ҳамин ду моҳ пеш канораш будам	همین دو ماه پیش کنارش بودم
Субҳи содиқ аз садои ҳиқ-ҳиқаш бедор мешудам	صبح صادق از صدای هق‌هقش بیدار می‌شدم
Рӯи саҷҷодааш нишаста буд шонаҳояш меларзид намозаш замзамаи модари доғдида мешуд	روی سجاده‌اش نشسته بود شانه‌هایش می‌لرزید نمازش زمزمۀ مادر داغدیده می‌شد
Дар сӯги Фарҳод месӯхт	در سوگ فرهاد می‌سوخت
Аз Худо масъалат мекард ки ин бор дигар риъояти навбат ёдаш наравад ва касе ҷуз ӯро набарад	از خدا مسالت می‌کرد که این بار دیگر رعایت نوبت یادش نرود و کسی جز او‌را نبرد
Наҷво мекардам ки Момонҷон агар Шумо биравед ҳамаи мо хароб хоҳем шуд	نجوا می‌کردم که مامان جان اگر شما بروید همۀ ما خراب خواهیم شد
Мегуфт ки рафтани ман суннат аст рафтани Фарҳод бароям зиллат буд	می‌گفت که رفتنِ من سنت است؛ رفتنِ فرهاد برایم ذلت بود
Худо ҳам муъатталаш нагзошту бурдаш пеши Фарҳоду Ховару Додо	خدا هم معطلش نگذاشت و بردش پیش فرهاد و خاور و دادا
Ва мо бозмондагон ҳамагӣ хароб шудем	و ما بازماندگان همگی خراب شدیم
Модарам ҳафт сол дар як мадрасаи истолинӣ дарс хонда буд аммо дуктурои зиндагӣ дошт	مادرم هفت سال در یک مدرسۀ استالینی درس خوانده بود اما دکترای زندگی داشت
Шевотарин забону баён дақиқтарин ташхису баррасии мушкил санҷидатарин ройзанию машварат инсонитарин рӯйкард ба ҳар мавзӯъеро дошт	شیواترین زبان و بیان دقیق‌ترین تشخیص و بررسی مشکل سنجیده‌ترین رایزنی و مشورت انسانی‌ترین رویکرد به هر موضوعی‌را داشت
Дар ъайни содагиву самимияти як фиришта	در عین سادگی و صمیمیت یک فرشته
Зиндагии шулӯғу пурмашғалаи як модари нуҳ фарзанд ҳам ки тасаввураш барои мо сахт аст монеъ аз ин намешуд ки лаҳзае гир биовараду китобу рӯзномае бихонад	زندگی شلوغ و پرمشغلۀ یک مادرِ نُه فرزند هم که تصورش برای ما سخت است مانع از این نمی‌شد که لحظه‌ای گیر بیاورد و کتاب و روزنامه‌ای بخواند
Агар рӯзгор ба ӯ маҷол медод ба болотарин дараҷоти ъилмӣ ҳам даст меёфт	اگر روزگار به او مجال می‌داد به بالاترین درجات علمی هم دست می‌یافت
Аммо ӯ тавонист ба болотарин дараҷоти ъилму ъамали модарӣ бирасад	اما او توانست به بالاترین درجات علم و عملِ مادری برسد
Фарзанди ғарибаш ман будам	فرزندِ غریبش من بودم
Ҳаргиз намехост ғурбатам ин қадр ба дарозо бикашад	هرگز نمی‌خواست غربتم این‌قدر به درازا بکشد
Ҳамеша мехост баргардам	همیشه می‌خواست برگردم
Вале рафта-рафта ба далели хӯи носозгору сароҳати лаҳҷаву бепардагӯии ман бо ғурбати ман канор омад	ولی رفته رفته به دلیل خوی ناسازگار و صراحت لهجه و بی‌پرده‌گویی من با غربت من کنار آمد
Фикр мекард ғурбат бароям амнтар аст	فکر می‌کرد غربت برایم امن‌تر است
Ҳар бор ки телефунӣ суҳбат мекардем илтиҷо мекард	هر بار که تلفنی صحبت می‌کردیم التجا می‌کرد
Да нумат мурам Шафқатҷун гапҳои сиёсӣ назан ба ину ун кор надошта бош мун бебало шинем	ده نومَت مُرم بمیرم برات شفقت جون گپ‌های سیاسی نزن به این و اون کاری نداشته باش مون بی‌بلا شینیم بذار بی‌بلا بشینیم
Ҳамааш нигарон буд ки сароҳати лаҳҷа бепардагӯӣ кор дастам хоҳад дод ва рӯзе-рӯзгоре ба ҳисобам хоҳанд расид ва сарбанестам хоҳанд кард	همه‌اش نگران بود که صراحت لهجه کار دستم خواهد داد و روزی روزگاری به حسابم خواهند رسید و سربه‌نیستم خواهند کرد
Ҳоло танҳо мояи тасаллои ман ин аст ки доғи ман бар синааш нанишаст	حالا تنها مایۀ تسلای من این است که داغِ من بر سینه‌اش ننشست
Ва ҳар бор ки ба диданаш мерафтам пеш аз худоҳофизии талху шӯру ашколуде ки доштем мегуфт	و هر بار که به دیدنش می‌رفتم پیش از خداحافظیِ تلخ و شور و اشک‌آلودی که داشتیم می‌گفت
Гулҳои боғи васлат чинем ё начинем	گل‌های باغِ وصلت چینیم یا نچینیم
Дидори якдигарро бинем ё набинем	دیدار یکدِگر‌را بینیم یا نبینیم
Ва ман ҳамеша итминон медодам ки хоҳем чиду хоҳем дид	و من همیشه اطمینان می‌دادم که خواهیم چید و خواهیم دید
Аммо ин бор ҳамин ду моҳ пеш дар рӯзи пурбарфи аввали исфанд ки худоҳофизӣ кардем дигар он байтро нахонд	اما این بار همین دو ماه پیش در روز پربرفِ اول اسفند که خداحافظی کردیم دیگر آن بیت‌را نخواند
Сари остонаи хона як корди бузург гузошт	سرِ آستانۀ خانه یک کارد بزرگ گذاشت
Аз рӯи корд рад шудам	از روی کار رد شدم
Рӯи шонаҳоям орд пошид	روی شانه‌هایم آرد پاشید
Гарм дар оғӯшам гирифту гунаҳоямро бӯсид	گرم در آغوشم گرفت و گونه‌هایم‌را بوسید
Ва бо оромиши ъаҷибе худоҳофизӣ кард	و با آرامش عجیبی خداحافظی کرد
Барои аввалин бор аз ҳамлаи амвоҷи эҳсосотам ҳангоми худоҳофизӣ бо Модар дар амон монда будам	برای اولین بار از حملۀ امواج احساساتم هنگام خداحافظی با مادر در امان مانده بودم
Чун Модар ором буду гиря намекард	چون مادر آرام بود و گریه نمی‌کرد
Ангор доштам барои чанд соъате аз ӯ дур мешудам	انگار داشتم برای چند ساعتی از او دور می‌شدم
Ва воқеъан ҳамин тавр ҳам шуд	و واقعاً همین طور هم شد
Парвоз соъат ба таъхир уфтод ва ман шодону шитобон паҳлуи Модар баргаштам	پرواز ساعت به تاخیر افتاد و من شادان‌وشتابان پهلوی مادر برگشتم
Бо ҳам гуфтему чоӣ нӯшидему андарзҳояшро ба гӯши ҷон шунуфтам	با هم گفتیم و چایی نوشیدیم و اندرزهایش‌را به گوش جان شنفتم
Ва боз ҳам саҳнаи худоҳофизӣ	و باز هم صحنۀ خداحافظی
Ин бор барои ҳамеша	این بار برای همیشه
Филми охирин соъоти зиндагии Модарро мебинам ки Паймон бароям фиристодааст	فیلم آخرین ساعات زندگی مادر‌را می‌بینم که پیمان برایم فرستاده
Модар дар ҳоли тамошои як сериёли туркӣ лобуд рӯи шабакаи	مادر در حال تماشای یک سریال ترکی لابد روی شبکۀ جِم‌تی‌وی
Кӯчактарин нишонае аз ин нест ки ин ъазизи дилу дида рафтанист	کوچک‌ترین نشانه‌ای نیست از این که این عزیز دل و دیده رفتنی است
Комилан ногаҳонӣ буд	کاملاً ناگهانی بود
Сари по буд ки қалбаш пас аз сол аз тапидан бозмонд	سر پا بود که قلبش پس از سال از تپیدن بازماند
Канори нахустфарзандаш ва дар бағали ӯ ҷон дод	کنار نخست‌فرزندش و در بغل او جان داد
Ин дуъои ҳамешагиаш мустаҷоб шуд ки Худовандо ҳаргиз маро муҳтоҷи дигарон накун	این دعای همیشگی‌اش مستجاب شد که خداوندا هرگز مرا محتاج دیگران نکن
Аммо зарфи ду-се моҳи ахир даме аз дарди дурӣ аз Фарҳод наосуда буд ва ҳамин дарди бедармон қалби зарифи Модарро суда буд	اما ظرف دو سه ماه اخیر دمی از درد دوری فرهاد نیاسوده بود و همین درد بی‌درمان قلب ظریف مادر‌را سوده بود
Ва захми рафтани Фарҳод ҳанӯз ба ҳам нарасида захми ҷонсӯзтаре вуҷуди моро ба оташ кашид	و زخمِ رفتنِ فرهاد هنوز به هم نرسیده زخم جان‌سوزتری وجود ما‌را به آتش کشید
Ҳоло бо ин қалби шарҳа-шарҳаву зеҳни парешони модармурда чигуна шарҳи дарди дурӣ аз поктарин инсонеро бигӯям ки нигоҳаш чашмаи меҳр буд	حالا با این قلب شرحه شرحه و ذهنِ پریشانِ مادرمرده چگونه شرح درد دوری از پاک‌ترین انسانی‌را بگویم که نگاهش چشمۀ مهر بود
Чигуна тазоҳур кунам ки ман ҳамонам ки будам ва зиндагӣ ҳамон аст ки буд	چگونه تظاهر کنم که من همانم که بودم و زندگی همان است که بود
Чизеро ки Модар ба ман ёд надода ҳамин тазоҳур аст	چیزی‌را که مادر به من یاد نداده همین تظاهر است
Аз лаҳзае ки Хуршедам ғуруб карду дар чанги зулмат мондам сардам аст	از لحظه‌ای که خورشیدم غروب کرد و در چنگ ظلمت ماندم سردم است
Сард мисли ин ки дар яхчоли Худованд гирифтор омада бошам	سرد مثل این که در یخچال خداوند گرفتار آمده باشم
Сард ангор замҳарири мавъуд ҳамин буда	سرد انگار زمهریر موعود همین بوده
Гӯё тоза аз батни Модар фурӯ уфтодаву дар дашти бараҳуте раҳо шудаам саргардон	گویا تازه از بطن مادر فرو افتاده و در دشت برهوتی رها شده‌ام سرگردان
Аз ин ба баъд интизори расиданамро намекашед Момон	از این به بعد انتظار رسیدنم‌را نمی‌کشید مامان
Аз ин ба баъд нигарони гуфтаҳову нивиштаҳои бепарвои ман нестед	از این به بعد نگران گفته‌ها و نوشته‌های بی‌پروای من نیستید
Аз ин ба баъд муҳимтарин мухотаби барномаҳоямро надорам	از این به بعد مهم‌ترین مخاطب برنامه‌هایم‌را ندارم
Маъсумонатарин нигоҳу табассум аз рӯи сафҳаи Замин зудуда шуд	معصومانه‌ترین نگاه و تبسم از روی صفحۀ زمین زدوده شد
Вуҷуди баҳориаш ки фарвардин омада буд урдибиҳишт ҳам зери хок шуд ва равонаш дар биҳишт орамид	وجود بهاری‌اش که فروردین آمده بود اردی‌بهشت هم زیر خاک شد و روانش در بهشت آرمید
Модарам Зубайдаи Раҷабиён зубайд ё ъатия ё ҳадяи Парвардигор буду бозпас ба сӯи Парвардигор шитофт	مادرم زبیده رجبیان زبید یا عطیه یا هدیه پروردگار بود و بازپس به سوی پروردگار شتافت
Бо ин ҳама ҳарф натавонистам як зарра аз андӯҳи дуриатро баён кунам Модар	با این همه حرف نتوانستم یک ذره از اندوه دوری‌ات‌را بیان کنم مادر
Ин ъаксро ки акнун дар гӯшаи ёдбуди Модарам дар ғурбат аст навааш Паймон ду рӯз пеш аз даргузашти фириштаи нигаҳбонам гирифта	این عکس‌را که اکنون در گوشۀ یادبود مادرم در غربت است نوه‌اش پیمان دو روز پیش از درگذشت فرشتۀ نگهبانم گرفته
Шӯру ҳаяҷони ҳамапурсии Туркия дар ҳоли фурӯ нишастан аст аммо баҳсҳо дар мавриди ин ки чи тағйире дар Қонуни Асосии ин кишвар рух дода барои муддатҳо идома хоҳад дошт	شور و هیجان همه‌پرسی ترکیه در حال فرو نشستن است اما بحث‌ها در مورد این که چه تغییری در قانون اساسی این کشور رخ داده برای مدت‌ها ادامه خواهد داشت
Яке аз мавзӯъҳое ки дар ин миён борҳо матраҳ шуда – ва ғолибан аз сӯи ҳаводорони раъйи оре дар он ҳамапурсӣ – беҷиҳат будани нигарониҳо дар мавриди эҳтимоли суқути Туркия дар партгоҳи истибдоду худкомагист	یکی از موضوع‌هایی که در این میان بارها مطرح شده و غالباً از سوی هواداران رای آری در آن همه‌پرسی بی‌جهت بودن نگرانی‌ها در مورد احتمال سقوط ترکیه در پرتگاه استبداد و خودکامگی است
Мегӯянд	می‌گویند
Туркия танҳо кишваре нест ки низоми раёсати ҷумҳуриро бар низоми порлумонӣ тарҷеҳ дода ва қарор аст то ду соли дигар аз замони баргузории интихоботи раёсати ҷумҳурии баъдӣ шабеҳи низомҳои сиёсии кишварҳое чун Омрикову Фаронса шавад	ترکیه تنها کشوری نیست که نظام ریاست جمهوری‌را بر نظام پارلمانی ترجیح داده و قرار است تا دو سال دیگر از زمان برگزاری انتخابات ریاست جمهوری بعدی شبیه نظام‌های سیاسی کشورهایی چون آمریکا و فرانسه شود
Ва беҷиҳат ҳам намегӯянд	و بی‌جهت هم نمی‌گویند
Ҳарчанд низоми сиёсии Фаронса шибҳираёсатӣ аст ва нахуствазир ҳам дорад	هرچند نظام سیاسی فرانسه شبه‌ریاستی است و نخست‌وزیر هم دارد
Ва аммо низомҳои сиёсии Туркияву Омрико ва бисёре дигар аз кишварҳои ҷаҳон аз ин ба баъд як таърифи воҳид хоҳанд дошт	و اما نظام‌های سیاسی ترکیه و آمریکا و بسیاری دیگر از کشورهای جهان از این به بعد یک تعریف واحد خواهند داشت
низоми раёсатӣ	نظام ریاستی
Низоме ки дар раъси ҳам ҳукумат ва ҳам давлати он як нафар қарор дорад ва ӯ раисиҷумҳур аст	نظامی که در راس هم حکومت و هم دولت آن یک نفر قرار دارد و او رئیس‌جمهور است
Вале оё ҳар гирде гирдуст	ولی آیا هر گردی گردوست
Дар расонаҳои дохилии Туркия истилоҳи Tü başkanlı раёсати ҷумҳурӣ ба сабки туркӣ мутадовил шуда ки ҳикоят аз тафовути миёни низоми раёсатии отии ин кишвар бо соири низомҳои ҳамном дорад	در رسانه‌های داخلی ترکیه اصطلاح Tü başkanlı ریاست جمهوری به سبک ترکی متداول شده که حکایت از تفاوت میان نظام ریاستی آتی این کشور با سایر نظام‌های همنام دارد
Барои намуна мешавад вежагиҳои низомҳои раёсатии Туркия ва Омрикоро канори ҳам гузошту санҷид	برای نمونه می‌شود ویژگی‌های نظام‌های ریاستی ترکیه و آمریکا‌را کنار هم گذاشت و سنجید
Истиқлоли қувваи қазоия	استقلال قوه قضائیه
Ҳамапурсии Туркия асли Қонуни Асосиро тағйир дод	همه‌پرسی ترکیه اصل قانون اساسی‌را تغییر داد
Нахустини онҳо асли нуҳум буд ки мегуфт	نخستین آنها اصل نهم بود که می‌گفت
Қудрати қазоӣ бояд дар ихтиёри додгоҳҳои мустақил бошад ки ба намояндагӣ аз миллати Туркия ъамал мекунанд	قدرت قضایی باید در اختیار دادگاه‌های مستقل باشد که به نمایندگی از ملت ترکیه عمل می‌کنند
Дар паи ҳамапурсӣ як вожа ба таърифи моҳияти додгоҳҳо изофа шуд	در پی همه‌پرسی یک واژه به تعریف ماهیت دادگاه‌ها اضافه شد
бетараф	بی‌طرف
Яъне фақат додгоҳҳои мустақиллу бетараф ҳаққи доварии ҳуқуқӣ доранд	یعنی فقط دادگاه‌های مستقل و بی‌طرف حق داوری حقوقی دارند
Феълан додситонҳову қузоти аршади Туркияро чаҳор марҷаъ таъйин мекунанд	فعلاً دادستان‌ها و قضات ارشد ترکیه‌را چهار مرجع تعیین می‌کنند
Вазифаи таъйини дарсади онҳо ба дӯши қувваи қазоия аст дарсад бо раисиҷумҳур аст дарсадро порлумон ва дарсади боқимондаро нахуствазир ва кобине бармегуморанд	وظیفۀ تعیین درصد آنها به دوش قوۀ قضائیه است درصد با رئیس‌جمهور است؛ هشت درصد‌را پارلمان و پنج درصد باقی‌مانده‌را نخست‌وزیر و کابینه برمی‌گمارند
Дар паи ҳамапурсии ахир фақат ду марҷаъ додситонҳову қузоти аршади кишварро мансуб хоҳанд кард	در پی همه‌پرسی اخیر فقط دو مرجع دادستان‌ها و قضات ارشد کشور‌را منصوب خواهند کرد
дарсад бо раисиҷумҳур аст ва дарсад ҳам бо порлумон	درصد با رئیس‌جمهور است و درصد هم با پارلمان
Ъамалан саҳми ҳар ду афзоиш ёфта чун ду марҷаъи дигар ҳазф шудаанд аммо бахши аъзами қузот аз ҷумлаи мансубони шахси раисиҷумҳур хоҳанд буд	عملاً سهم هر دو افزایش یافته چون دو مرجع دیگر حذف شده‌اند اما بخش اعظم قضات از جملۀ منصوبان شخص رئیس‌جمهور خواهند بود
Мухолифони ҳамапурсии фарвардин мегӯянд ки бо чунин тағйире асли тафкики қуввои сегона зери суол рафта бахши аъзами баданаи аслии қувваи қазоияро раиси қувваи муҷрия таъйин мекунад ва мобақии онро ниҳоди қонунгузорӣ бо аксарияте ки аз ҳизби раиси қувваи муҷрия меояд	مخالفان همه‌پرسی فروردین می‌گویند که با چنین تغییری اصل تفکیک قوای سه‌گانه زیر سؤال رفته؛ بخش اعظم بدنۀ اصلی قوۀ قضائیه‌را رئیس قوۀ مجریه تعیین می‌کند و مابقی آن‌را نهاد قانون‌گذاری با اکثریتی که از حزب رئیس قوۀ مجریه می‌آید
Интисобҳои раисиҷумҳури ниёзе ба таъйиди марҷаъи дигар надорад	انتصاب‌های رئیس‌جمهور نیازی به تایید مرجع دیگری ندارد
Дар Иёлоти Муттаҳидаи Омрико аммо раёсати ҷумҳурӣ дар ин заминаи бахусус сирфан ниҳоди пешбарӣ ё муъаррифӣ аст	در ایالات متحدۀ آمریکا اما ریاست جمهوری در این زمینۀ بخصوص صرفاً نهاد پیشبری یا معرفی است
Раисиҷумҳур номзадҳоеро ба мақомҳои қазоват дар Девони Ъолии кишвар ба маҷлиси Сено пешниҳод мекунад ва ин маҷлиси Сеност ки онҳоро мепазирад ё намеписандад	رئیس‌جمهور نامزدهایی‌را به مقام‌های قضاوت در دیوان عالی کشور به مجلس سنا پیشنهاد می‌کند و این مجلس سناست که آنها‌را می‌پذیرد یا نمی‌پسندد
Ташкили кобине	تشکیل کابینه
Яке аз дағдағаҳои аслии як раисиҷумҳури Омрико дар оғози кор гузиниши аъзои кобинеи худ аст он ҳам ба шевае ки ба мазоқи аъзои маҷлиси Сено хуш ояд	یکی از دغدغه‌های اصلی یک رئیس‌جمهور آمریکا در آغاز کار گزینش اعضای کابینۀ خود است؛ آن هم به شیوه‌ای که به مذاق اعضای مجلس سنا خوش آید
Дар ниҳоят ин намояндагони мардум ҳастанд ки баргузидаҳои раисиҷумҳурро месанҷанду арзёбӣ мекунанд ва барояшон нумреи радд ё пазириш медиҳанд	در نهایت این نمایندگان مردم هستند که برگزیده‌های رئیس‌جمهور‌را می‌سنجند و ارزیابی می‌کنند و برایشان نمره رد یا پذیرش می‌دهند
Намунаи боризаш дардисарҳои ахири Дунолд Тромп барои таъйиди салоҳияти бархе аз аъзои кобинеаш дар маҷлиси Сенои Омрикост	نمونۀ بارزش دردسرهای اخیر دونالد ترامپ برای تایید صلاحیت برخی از اعضای کابینه‌اش در مجلس سنای آمریکاست
Аммо дар низоми ҷадиди Туркия раисиҷумҳур дар гузиниши аъзои кобинеаш мухтор хоҳад буд ва бениёз аз таъйиди салоҳияти онҳо дар маҷлис	اما در نظام جدید ترکیه رئیس‌جمهور در گزینش اعضای کابینه‌اش مختار خواهد بود و بی‌نیاز از تایید صلاحیت آنها در مجلس
Истизоҳи вазирон дар маҷлис ҳам ба торих хоҳад пайваст	استیضاح وزیران در مجلس هم به تاریخ خواهد پیوست
Танҳо марҷаъи посухгӯӣ барои вазирон ҳамоно шахси раисиҷумҳур хоҳад буд	تنها مرجع پاسخگویی برای وزیران همانا شخص رئیس‌جمهور خواهد بود
Инҳилоли маҷлис	انحلال مجلس
Дар низоми сиёсии раёсатии Туркия раисиҷумҳур метавонад дар сурати зарурати мавриди ташхиси худаш порлумонро мунҳал кунад	در نظام سیاسی ریاستی ترکیه رئیس‌جمهور می‌تواند در صورت ضرورتِ مورد تشخیص خودش پارلمان‌را منحل کند
Дар бисёре аз низомҳои сиёсӣ як чунин ҳаққе барои раисиҷумҳур дар назар гирифта шудааст	در بسیاری از نظام‌های سیاسی یک چنین حقی برای رئیس‌جمهور در نظر گرفته شده است
Масалан дар Фаронса ки як низоми шибҳираёсатӣ ё омезае аз низомҳои раёсатӣ ва порлумониро дорад раисиҷумҳур метавонад дар паи ройзанӣ бо нахуствазир ва раисони ҳар ду бахши порлумон Маҷлиси Миллиро мунҳал кунад	مثلاً در فرانسه که یک نظام شبه‌ریاستی یا آمیزه‌ای از نظام‌های ریاستی و پارلمانی‌را دارد رئیس‌جمهور می‌تواند در پی رایزنی با نخست‌وزیر و رئیسان هر دو بخش پارلمان مجلس ملی‌را منحل کند
Дар низоми сиёсии ҷадиди Туркия раъйи раисиҷумҳур барои инҳилоли маҷлис басанда хоҳад буд	در نظام سیاسی جدید ترکیه رای رئیس‌جمهور برای انحلال مجلس بسنده خواهد بود
Ва аммо дар Омрико ин маврид аз усули аввалии тафкики қувво ва истиқлоли онҳо ба шумор меояд	و اما در آمریکا این مورد از اصول اولیۀ تفکیک قوا و استقلال آنها به شمار می‌آید
Раисиҷумҳур наметавонад Кунгреро мунҳал кунад	رئیس‌جمهور نمی‌تواند کنگره‌را منحل کند
Ҳамон гуна ки Кунгре наметавонад Девони Ъолиро мунҳал кунад	همان گونه که کنگره نمی‌تواند دیوان عالی‌را منحل کند
Ба хотири риъояти тавозуни қувво ҳар як аз қуввои сегона қарор аст аз қудрати мусовӣ бархурдор бошанд	به خاطر رعایت توازن قوا هر یک از قوای سه‌گانه قرار است از قدرت مساوی برخوردار باشند
Тафкику тавозуни қувво	تفکیک و توازن قوا
Нигиронии аслӣ ҳамин буд	نگرانی اصلی همین بود
Чи пеш аз ҳамапурсӣ ва чи пас аз он	چه پیش از همه‌پرسی و چه پس از آن
Бисёре аз коршиносони Туркия муътақиданд ки ҳамапурсии фарвардин ба тазъифи тафкику тавозуни қувво меанҷомад	بسیاری از کارشناسان ترکیه معتقدند که همه‌پرسی فروردین به تضعیف تفکیک و توازن قوا می‌انجامد
Яке аз далоили ин нигаронӣ ҳифзи пойбандӣ ва мақоми ҳизбии раисиҷумҳур дар низоми ҷадиди Туркия аст	یکی از دلایل این نگرانی حفظ پایبندی و مقام حزبی رئیس‌جمهور در نظام جدید ترکیه است
Яъне агар раҳбари як ҳизби сиёсӣ ба раёсати ҷумҳурӣ бирасад муваззаф нест мақоми ҳизбиашро тард кунад ва ба истилоҳ раҳбари тамоми мардуму аҳзоб бошад	یعنی اگر رهبر یک حزب سیاسی به ریاست جمهوری برسد موظف نیست مقام حزبی‌اش‌را طرد کند و به اصطلاح رهبر تمام مردم و احزاب باشد
Дар гузашта ин ваҷҳи тамоюзи низомҳои раёсатӣ бо низомҳои порлумонӣ ё шибҳираёсатӣ буд	در گذشته این وجه تمایزِ نظام‌های ریاستی با نظام‌های پارلمانی یا شبه‌ریاستی بود
Нахуствазир дар ғолиби низомҳои порлумонӣ ҳамзамон раҳбари як ҳизби сиёсӣ ҳам ҳаст ки аксарияти курсиҳои порлумонро ба даст оварда	نخست‌وزیر در غالب نظام‌های پارلمانی همزمان رهبر یک حزب سیاسی هم هست که اکثریت کرسی‌های پارلمان‌را به دست آورده
Аммо раисиҷумҳумр як шахсияти фароҳизбист ё дасти кам бо вуҷуди вобастагиҳои ҳизбиаш ҳеч мақоми ҳизбие надорад	اما رئیس‌جمهور یک شخصیت فراحزبی‌ است یا دست ‌کم با وجود وابستگی‌های حزبی‌اش هیچ مقام حزبی‌ای ندارد
Ҷурҷ Вошингтун нахустин раисиҷумҳури Омрико тӯли ҳашт соли раёсаташ ъузви ҳеч ҳизби сиёсие набуд	جرج واشنگتن نخستین رئیس‌جمهور آمریکا در طول هشت سال ریاستش عضو هیچ حزب سیاسی‌ای نبود
Ӯ муътақид буд ки бад-ин гуна мешавад аз якпорчагию инсиҷоми миллӣ мувозибат кард	او معتقد بود که بدین گونه می‌شود از یکپارچگی و انسجام ملی مواظبت کرد
Албатта ҳамаи раисиҷумҳури баъдӣ дар оғози кори худ вобастагии ҳизбӣ доштаанд аммо на дар мақоми раҳбарии ҳизб	البته همه رئیس‌جمهور بعدی در آغاز کار خود وابستگی حزبی داشته‌اند اما نه در مقام رهبری حزب
Дар натиҷа дар Омрико раисиҷумҳум ва раҳбари ҳизби ҳоким ду фарди мутафовит ҳастанд бо тарҳу барномаҳои вежаи худ	در نتیجه در آمریکا رئیس‌جمهور و رهبر حزب حاکم دو فرد متفاوت هستند با طرح و برنامه‌های ویژۀ خود
Ва ин ду нафар метавонанд дар мавриди масоили мухтали дидгоҳҳои мутафовите дошта бошанд ва назароти якдигарро арзёбӣ кунанд ва бо ҳам ба баҳс бипардозанд	و این دو نفر می‌توانند در مورد مسائل مختلف دیدگاه‌های متفاوتی داشته باشند و نظرات یکدیگر‌را ارزیابی کنند و با هم به بحث بپردازند
Вале дар низоми сиёсии ҷадиди Туркия раҳбари як ҳизби сиёсӣ ки номзади раёсати ҷумҳурӣ ҳам ҳаст феҳрести номзадҳои интихоботи маҷлис аз ҳизби худашро таъйин мекунад	ولی در نظام سیاسی جدید ترکیه رهبر یک حزب سیاسی که نامزد ریاست جمهوری هم هست فهرست نامزدهای انتخابات مجلس از حزب خودش‌را تعیین می‌کند
Дар сурати пирӯзии ин ҳизб қувваи муҷрия ва муқаннана қонунгузорӣ таҳти кунтрули раҳбари як ҳизби сиёсӣ хоҳад буд	در صورت پیروزی این حزب قوۀ مجریه و مقننه تحت کنترل رهبر یک حزب سیاسی خواهد بود
Ва бо таваҷҷуҳ ба яди тӯлое ки ӯ дар таъини додситонҳову қузоти аршади кишвар дорад қувваи қазоия ҳам то ҳадди зиёе бо ӯ ҳамназар ё мувофиқ хоҳад буд	و با توجه به ید طولایی که او در تعیین دادستان‌ها و قضات ارشد کشور دارد قوۀ قضائیه هم تا حد زیادی با او هم‌نظر یا موافق خواهد بود
Мешавад тасаввур кард ки дар як чунин низоме ҳар се қувва мумкин аст зери назари мустақими як нафар қарор бигиранд ва заминаи яккасолорӣ фароҳам шавад	می‌شود تصور کرد که در یک چنین نظامی هر سه قوه ممکن است زیر نظر مستقیم یک نفر قرار بگیرند و زمینۀ یکه‌سالاری فراهم شود
Рӯзе илоҳаҳо ҳама фарёд мекашанд	روزی الهه‌ها همه فریاد می‌کشند
Нақши ғурури мо ҳама бар бод мекашанд	نقش غرور ما همه بر باد می‌کشند
Рӯзе қасоси бешарафиҳои мардро	روزی قصاص بی‌شرفی‌های مرد را
Аз устухони куҳнаи аҷсод мекашанд	از استخوان کهنۀ اجساد می‌کشند
Рӯзе садои нозукашон наъра мешавад	روزی صدای نازک‌شان نعره می‌شود
Лоши сукут бар дари бедод мекашанд	لاش سکوت بر در بیداد می‌کشند
Рӯзе қалам-қалам шуда аз шиддати алам	روزی قلم قلم شده از شدت الم
Хатте ба рӯи ҳар чи ки рух дод мекашанд	خطی به روی هرچه که رخ داد می‌کشند
Муште ба рӯи синаи маъбуд мезананд	مشتی به روی سینۀ معبود می‌زنند
Тире ба сӯи маъбади ношод мекашанд	تیری به سوی معبد ناشاد می‌کشند
Бо пушти по ба ғуссаву андӯҳ мезананд	با پشت پا به غصه و اندوه می‌زنند
Вайронаро ба маъмани обод мекашанд	ویرانه‌را به مامن آباد می‌کشند
Боздошт дар бозори Маскав	بازداشت در بازار مسکو
Бо хушхиёлии ғарбӣ даму дастгоҳи филмбардориро бардоштему роҳ уфтодем	با خوش‌خیالی غربی دم و دستگاه فیلم‌برداری‌را برداشتیم و راه افتادیم
Мехостем бо аҳолии бозоре дар ҳавмаи ҷанубии Маскав дар бораи ҳолу ҳавои иқтисодии Русия суҳбат кунем	می‌خواستیم با اهالی بازاری در حومۀ جنوبی مسکو دربارۀ حال و هوای اقتصادی روسیه صحبت کنیم
Аз токсӣ пиёда шудему якрост суроғи бахши посбонии бозорро гирифтем то иҷозаи филмбардорӣ дар маҳдудаи бозорро бигирем	از تاکسی پیاده شدیم و یکراست سراغ بخش پاسبانی بازار‌را گرفتیم تا اجازۀ فیلم‌برداری در محدودۀ بازار‌را بگیریم
Посбони ҷавоне ки моро бо он ҳама таҷҳизоти телевизюнӣ дид дастпоча шуд	پاسبان جوانی که ما‌را با آن همه تجهیزات تلویزیونی دید دست‌پاچه شد
Ба посбони аршад занг зад	به پاسبان ارشد زنگ زد
Ӯ ҳам ки омад ба яке дигар занг зад	او هم که آمد به یکی دیگر زنگ زد
Гуфт Би-Би-Сӣ бо таҷҳизоти ҳирфаии филмбардорӣ омада бозор	گفت بی‌بی‌سی با تجهیزات حرفه‌ای فیلم‌برداری آمده بازار
Чи кор кунем	چه کار کنیم
Аз он сӯи хат шунидам ки мегуфт	از آن سوی خط شنیدم که می‌گفت
Нигаҳашон доред	نگه‌شان دارید
Номи Би-Би-Сӣ дар фазои бозор печид ва тамошогаронеро ҷамъ кард	نام بی‌بی‌سی در فضای بازار پیچید و تماشاگرانی‌را جمع کرد
Дар ниҳоят теъдоди афроде ки омада буданд ба пурсиши мо посух диҳанд панҷ нафар шуд	در نهایت تعداد افرادی که آمده بودند به پرسش ما پاسخ دهند پنج نفر شد
Саранҷом қарор шуд посухи моро дафтари матбӯъотӣ-и бозор бидиҳад	سرانجام قرار شد پاسخ ما‌را دفتر مطبوعاتی بازار بدهد
Аз роҳи пурпечу тобу дароз аз миёни растаҳои бозор моро ба дафтари матбӯъотии бозор бурданд	از راه پرپیچ و تاب و دراز از میان رسته‌های بازار ما‌را به دفتر مطبوعاتی بازار بردند
Дари сангини дафтари матбӯъотиро ки пур аз афроди низомипӯш буд пушти сари мо бастанд	در سنگین دفتر مطبوعاتی‌را که پر از افراد نظامی‌پوش بود پشت سر ما بستند
Пушти унифурми низомипӯшҳо бо ҳуруфи заррин вожаи Витязь шеволйе навишта шуда буд	پشت اونیفرم نظامی‌پوش‌ها با حروف زرین واژه ویتیاز شوالیه نوشته شده بود
Марди хушбархурди шахсипӯше ворид шуд то моро аз сардаргумӣ раҳо кунад	مرد خوش‌برخورد شخصی‌پوشی وارد شد تا ما‌را از سردرگمی رها کند
Баъд аз ъаксбардорӣ аз мо ва сабти мушаххасоти асноди расмӣ гуфт	بعد از عکس‌برداری از ما و ثبت مشخصات اسناد رسمی گفت
Бибинед шумо агар бихоҳед дар сатҳи бозор филмбардорӣ кунед мо бояд шароитро барои шумо муҳайё кунем ва муҳофиз ҳам дар ихтиёратон бигзорем	ببینید شما اگر بخواهید در سطح بازار فیلم‌برداری کنید ما باید شرایط‌را برای شما مهیا کنیم و محافظ هم در اختیارتان بگذاریم
Охир намешавад ки ҳаминтурӣ сарзада биёеду филмбардорӣ кунед	آخر نمی‌شود که همین طوری سرزده بیایید و فیلم‌برداری کنید
Бояд аввал ба нишонии мудирияти бозор нома бифиристед ва агар дархости шумо пазируфта шуд бо хиёли роҳат биёеду коратонро анҷом диҳед	باید اول به نشانی مدیریت بازار نامه بفرستید و اگر درخواست شما پذیرفته شد با خیال راحت بیایید و کارتان‌را انجام دهید
Гуфт посух ба дархости мо дастикам соъат ба дарозо мекашад	گفت پاسخ به درخواست ما دستکم ساعت به درازا می‌کشد
Гуфтам пас иҷоза диҳед биравему он номаро бароятон бифиристем	گفتیم پس اجازه دهید برویم و آن نامه‌را برایتان بفرستیم
Гуфт ҳоло ки то инҷо омадаед ташриф дошта бошед	گفت حالا که تا اینجا آمده‌اید تشریف داشته باشید
Ман ки дар оғоз ба филмбардорам шӯхиомез мегуфтам ки зоҳиран боздошт шудаем андак-андак фаҳмидам ки пур бероҳ нагуфтаам	من که در آغاز به فیلم‌بردارم شوخی‌آمیز می‌گفتم که ظاهراً بازداشت شده‌ایم اندک اندک فهمیدم که پر بی‌راه نگفته ام
Мо ки омада будем аз масъулони бозор иҷозаи филмбардорӣ бигирем боздошт шуда будем	ما که آمده بودیم از مسئولان بازار اجازۀ فیلم‌برداری بگیریم بازداشت شده بودیم
Ва маҳалли нигаҳдории мо дафтари матбӯъотӣ набуд	و محل نگهداری ما دفتر مطبوعاتی نبود
бахши нерӯи амниятии бозор буд	بخش نیروی امنیتی بازار بود
Гуфтам пушаймон шудем дигар намехоҳем филмбардорӣ кунем бояд биравем ки ба корамон бирасем	گفتم پشیمان شدیم دیگر نمی‌خواهیم در بازار فیلم‌برداری کنیم؛ باید برویم که به کارمان برسیم
Гуфт бояд бимонед то пулис аз роҳ бирасад	گفت باید بمانید تا پلیس از راه برسد
Пурсидам чи рабте пулис ба ин моҷаро дорад	پرسیدم چه ربطی پلیس به این ماجرا دارد
Мо ки муҷрим нестем ва мехоҳем биравем	ما که مجرم نیستیم و می‌خواهیم برویم
Табассуми маънодоре карду гуфт	تبسم معناداری کرد و گفت
Инҷо Русия аст	اینجا روسیه است
Яке дигар ки ъасабонитар буд то дилаш мехост аз Бритониёву Омрико бад гуфт ва аз ман пурсид ки чиро аз Русия бад мегӯем	یکی دیگر که عصبانی‌تر بود تا دلش می‌خواست از بریتانیا و آمریکا بد گفت و از من پرسید که چرا از روسیه بد می‌گوییم
Гуфтам ваҷҳаи Русияро рафтору гуфтори Шумо таъйин мекунад ки шоҳидаш ҳастем ва рабте ба кори ман надорад	گفتم وجهۀ روسیه‌را رفتار و گفتار شما تعیین می‌کند که شاهدش هستیم و ربطی به کار من ندارد
Боздошти мо беш аз як соъат тӯл кашид то замоне ки ду маъмури пулис омаданду моро бозпурсӣ карданд ва бори дигар тавзеҳ доданд ки дар Русия иҷоза надорем дар амокин маконҳо-и хусусӣ филмбардорӣ кунем ва ин бозор як макони хусусӣ аст	بازداشت ما بیش از یک ساعت طول کشید؛ تا زمانی که دو مامور پلیس آمدند و ما‌را بازپرسی کردند و بار دیگر توضیح دادند که در روسیه اجازه نداریم در اماکن خصوصی فیلم‌برداری کنیم و این بازاز یک مکان خصوصی است
Гуфтам мо сирфан мехостем иҷозаи филмбардорӣ дар ин бозори даҳҳо ҳазорнафариро бигирем ва ҳеч кодре аз ин бозор барнадоштаем	گفتم ما صرفاً می‌خواستیم اجازه فیلم‌برداری در این بازار ده‌ها هزار نفری‌را بگیریم و هیچ کادری از این بازار برنداشته ایم
Савори худрави пулис шудем ки моро ба берун аз дарвозаҳои бозор расонд ва ҳамон ҷо монд то сояи мо аз бозор дур шавад	سوار خودرو پلیس شدیم که ما‌را به بیرون از دروازه‌های بازار رساند و همان جا ماند تا سایۀ ما از بازار دور شود
Ин иттифоқ ки танҳо яке аз чанд мавриди мушобеҳ аст ки бар мо ҳодис шуд баёнгари як воқеъият буд	این اتفاق که تنها یکی از چند مورد مشابه است که بر ما حادث شد بیانگر یک واقعیت بود
миёнаи Русия бо расонаҳои ғарбӣ шакароб аст	میانۀ روسیه با رسانه‌های غربی شکراب است
Ва на танҳо маъмурони амниятию интизомӣ ки бисёре аз ронандаҳои токсӣ ҳам рӯй турш мекунанд то мешунаванд ки муштаришон аз Би-Би-Сӣ аст	و نه تنها ماموران امنیتی و انتظامی که بسیاری از راننده‌های تاکسی هم روی ترش می‌کنند تا می‌شنوند که مشتری‌شان از بی‌بی‌سی است
Ёдам намеояд ки замони шӯравӣ шоҳиди бархурди хасмонаи мардуми ъодӣ бо расонаҳои ғарбӣ шуда бошам	یادم نمی‌آید که زمان شوروی شاهد برخورد خصمانۀ مردم عادی با رسانه‌های غربی شده باشم
Зоҳиран ин падида аз паёмадҳои ҷанги сарди тоза аст	ظاهراً این پدیده از پیامدهای جنگ سرد تازه است
Мусбаттарин арзёбии як рус аз Би-Би-Сӣ ки тайи ин сафар шунидам аз касе буд ки мехост мунсиф бошаду гуфт	مثبت‌ترین ارزیابی یک روس از بی‌بی‌سی که طی این سفر شنیدم از کسی بود که می‌خواست منصف باشد و گفت
Ман ъошиқи барномаҳои ъилмии Би-Би-Сӣ ҳастам аммо аз барномаҳои сиёсиаш мутанаффирам	من عاشق برنامه‌های علمی بی‌بی‌سی هستم اما از برنامه‌های سیاسی‌اش متنفرم
Русия ин омезаи мутаноқизи Шарқу Ғарб аз замони Петри Бузург то кунун гароиши шадид ба Ғарб дошта ки ҳамвора бо фирору инзиҷори ғариб аз Ғарб ҳамроҳ будааст	روسیه این آمیزه متناقض شرق و غرب از زمان پتر بزرگ تا کنون گرایش شدید به غرب داشته که همواره با فرار و انزجار غریب از غرب همراه بوده است
Тазодду таноқузҳо дар Русия	تضاد و تناقض‌ها در روسیه
Русия кишвари таноқузҳост ки чанд мавриди он ин рӯзҳо башиддат худнамоӣ мекунад	روسیه کشور تناقض‌هاست که چند مورد آن این روزها به شدت خودنمایی می‌کند
Маҳди сусиёлисми сармоядоркуши дирӯз акнун пойи собити феҳрести милиёрдерҳои ҷаҳон аст ва имрӯза яке аз копитолисттарин пойтахтҳои дунёро дорад ки дар имтидоду сару хами ҳар кӯчааш як бонки тоза сабз шуда ҳар кадом бо номе дигар ки гӯӣ ҳар кадом як шуъба бештар надорад	مهد سوسیالیسم سرمایه‌دارکُش دیروز اکنون پای ثابت فهرست میلیاردرهای جهان است و امروزه یکی از کاپیتالیست‌ترین پایتخت‌های دنیا‌را دارد که در امتداد و سر و خم هر کوچه‌اش یک بانک تازه سبز شده؛ هر کدام با نامی دیگر که گویی هر کدام یک شعبه بیشتر ندارد
Як ронанда мегуфт бештари ин бонкҳо ъумри дарозе надоранд меоянд мечопанд ғорат мекунанд мераванд	یک راننده می‌گفت بیشتر این بانک‌ها عمر درازی ندارند؛ می‌آیند می‌چاپند می‌روند
Русия кишвари тазодҳост	روسیه کشور تضادهاست
Пирмарди номарасони гузар канорам истоду сигор равшан кард ва аз зиндагиаш гуфт ин ки як ъумр мураббии варзиш буда ва бознишаста шуда ва ҳоло ҳар моҳ аз давлат ҳазор рубл дулор дарёфт мекунад ки ҳарчанд кафофи зиндагиашро намедиҳад ва ӯро дар ъайни пирӣ ба кор водошта аммо кочӣ беҳ аз ҳиччӣ	پیرمرد نامه‌رسان گذر کنارم ایستاد و سیگار روشن کرد و از زندگی‌اش گفت؛ این که یک عمر مربی ورزش بوده و بازنشسته شده و حالا هر ماه از دولت هزار روبل دلار دریافت می‌کند که هرچند کفاف زندگی‌اش‌را نمی‌دهد و او‌را در عین پیری به کار واداشته اما کاچی به از هیچی؛ همسن و سال‌هایش همین‌را هم ندارند
ҳамсинну солҳояш ҳаминро ҳам надоранд Сигорашро дур андохту дунболи кораш рафт	سیگارش‌را دور انداخت و دنبال کارش رفت؛ برای هتل میانه‌حالی که هر اتاقش شبی هزار روبل دلار قیمت دارد نامه آورده بود
Барои ҳутели миёнаҳоле ки ҳар утоқаш шабе ҳазор рубл дулор қимат дорад нома оварда буд Русия сарзаминест ки дар он мешавад дарёфт чиро Ленин Ленин шуд ва ин ки нафрати маргбори ӯ ъалайҳи сармояву сармоядорӣ аз куҷо моя мегирифт	روسیه سرزمینی است که در آن می‌شود دریافت چرا لنین لنین شد و این که نفرت مرگبار او علیه سرمایه و سرمایه‌داری از کجا مایه می‌گرفت
Мешавад ангошт ки пояҳои он нафратро ҳамин тазодду таноқузи зананда шакл дода буд ки гӯӣ аз мазоҳири зишттарин навъи сармоядорист ки таносубе намешиносад	می‌شود انگاشت که پایه‌های آن نفرت‌را همین تضاد و تناقض زننده شکل داده بود که گویی از مظاهر زشت‌ترین نوع سرمایه‌داری است که تناسبی نمی‌شناسد
Русия аз саромадони ҷунбиши интерносиюнолу ҳамбастагии милал ва пучии нажодпарастист	روسیه از سرآمدان جنبش انترناسیونال و همبستگی ملل و پوچی نژادپرستی است
Хостгоҳи бисёре аз мудофеъони сарсахти ҳуқуқи ақаллиятҳои қавмию нажодӣ ҳамин ҷо буда	خاستگاه بسیاری از مدافعان سرسخت حقوق اقلیت‌های قومی و نژادی همین‌جا بوده
Ин ҳарфи ҳисобро касе мегуфт ки аз шиъори Русия барои русҳо дифоъ мекард Мегуфт бегонаҳо омаданду авзоъ баҳам хурд	این حرف حساب‌را کسی می‌گفت که از شعار روسیه برای روس‌ها دفاع می‌کرد؛ می‌گفت بیگانه‌ها آمدند و اوضاع بهم خورد
Дар кишваре ки беш аз як ҳаштуми курраи Заминро дарбар дорад ва ҳудуди қавми хурду бузург дар он зиндагӣ мекунанд	در کشوری که بیش از یک هشتم خشکی کرۀ زمین‌را دربر دارد و حدود قوم خرد و بزرگ در آن زندگی می‌کنند
Имоми масҷид ки куту шалвору кровот галстук ба тан дошт пеш аз мусоҳиба баланд шуду ъабое рӯи дӯш андохт ва гуфт дар Русия бар хилофи кишварҳои ғарбӣ ҳуқуқи мусалмонон риъоят мешавад чун исломи Русия мазҳаби бумию суннатист	امام مسجد که کت و شلوار و کراوات به تن داشت پیش از مصاحبه بلند شد و عبایی روی دوش انداخت و گفت در روسیه بر خلاف کشورهای غربی حقوق مسلمانان رعایت می‌شود چون اسلامِ روسیه مذهب بومی و سنتی است
Аз дербоз тоторҳои Русия мусалмон будаанд	از دیرباز تاتارهای روسیه مسلمان بوده‌اند
Гуфт шумори мусалмонон дар Маскав беш аз ду милюн нафар шуда	گفت شمار مسلمانان در مسکو بیش از دو میلیون نفر شده
Ва баъд афзуд мутаассифона барои ин ҳама мусалмон фақат шаш дона масҷид дорем	و بعد افزود متاسفانه برای این همه مسلمان فقط شش دانه مسجد داریم
Дар Русия дурбинҳаросӣ шоеъ аст	در روسیه دوربین‌هراسی شایع است
Басахтӣ мешавад касеро розӣ кард ки ҷилави дурбин зоҳир шавад	به سختی می‌شود کسی‌را راضی کرد که جلو دوربین ظاهر شود
Ва аммо агар бо дурбин дар хиёбонҳо мегардед ҳар он имкон дорад шуморо нигаҳ доранду бипурсанд ки аз куҷо ва чиро омадаед	و اما اگر با دوربین در خیابان‌ها می‌گردید هر آن امکان دارد شما‌را نگه دارند و بپرسند که از کجا و چرا آمده‌اید
На танҳо маъмурони пулис ки ъобирони пиёдаи шахсипӯш ҳам	نه تنها ماموران پلیس که عابران پیاده شخصی‌پوش هم
Барояшон муҳим аст бидонанд ки дар бораи кишвари онҳо ба куҷо чи хабареро мунташир мекунед	برایشان مهم است بدانند که دربارۀ کشور آنها به کجا چه خبری‌را منتشر می‌کنید
Русҳо бисёр дӯст доранд бидонанд ки ҷаҳониён аз онҳо чи тасаввуре доранд	روس‌ها بسیار دوست دارند بدانند که جهانیان از آنها چه تصوری دارند
Ва ғолибан интизор доранд он тасаввур сирфан мусбат бошад	و غالباً انتظار دارند که آن تصور صرفاً مثبت باشد
Ва Русия сарзаминест ки Тулстуйу Чехуфу Достоефскийро парварда ки ному осорашон ҷаҳонро дарнавардида	و روسیه سرزمینی است که تولستوی و چخوف و داستایفسکی‌را پرورده که نام و آثارشان جهان‌را درنوردیده
Бо ин ки ҳеч кадом зиндагӣ ва марги роҳате надоштаанд	با این که هیچ کدام زندگی و مرگ راحتی نداشته‌اند
Русия ҳамчунон мармуз аст	روسیه همچنان مرموز است
Ҷаззобу фиребо ва дар ъайни ҳол ғариб	جذاب و فریبا و در عین حال غریب
Ки гӯӣ даруни худаш ҳам бо навъе ғурбат дасту панҷа нарм мекунад	که گویی درون خودش هم با نوعی غربت دست و پنجه نرم می‌کند
Шаҳрро бояд шуст	شهر‌را باید شست
Аз ғубори ғами бе мо будан	از غبار غم بی ما بودن
Шишаҳо пур зи кудурат шудаанд	شیشه‌ها پر ز کدورت شده‌اند
Шаҳр бе мо	شهر بی ما
Чи дарандашт	چه درندشت
Силули инфиродӣ шудааст	سلول انفرادی شده است
Шаҳри ман	شهر من
Мизбони Карбалои дигарест	میزبان کربلای دگری‌ست
Ки намехоҳаму меояд	که نمی‌خواهم و می‌آید
Шаҳри ман	شهر من
Тиргоҳи чи балои дигарест	تیرگاه چه بلای دگری‌ست
Ки намеояду меоранд	که نمی‌آید و می‌آرند
Интизор аст ки дар шишаи ин панҷараҳо	انتظار است که در شیشۀ این پنجره‌ها
Метаракад	می‌ترکد
Интизор аст ки мафҳуми нафасро	انتظار است که مفهوم نفس را
Мешумарад	می‌شمرد
Хастагиҳо	خستگی‌ها
Ҳастаӣ мегардад	هسته‌ای می‌گردد
Растагорӣ	رستگاری
Рафт то баргардад	رفت تا برگردد
Шаҳри ман ҳомила аст	شهر من حامله است
Маро ба ҷурми сукутам ба дор овезед	مرا به جرم سکوتم به دار آویزید
Ва лавҳи лаънати ман бар мазор овезед	و لوح لعنت من بر مزار آویزید
Ба гӯри ман на гуле овареду не сунбул	به گور من نه گلی آورید و نی سنبل
Чунонки хор шудам шохи хор овезед	چنانکه خوار شدم شاخ خار آویزید
Маро ба хотири беҳудагии виҷдонам	مرا به خاطر بیهودگی وجدانم
Ки сад дареғ наёмад ба кор овезед	که صد دریغ نیامد به کار آویزید
Маро ки берамақу беҳадафу бетадбир	مرا که بی‌رمق و بی‌هدف و بی‌تدبیر
Нишастаам ба хари интизор овезед	نشسته‌ام به خر انتظار آویزید
Маро ки бо ситами даҳр дарнауфтодам	مرا که با ستم دهر درنیفتادم
Чу ҷинси зоиди бебанду бор овезед	چو جنس زائد بی‌بند و بار آویزید
Маро ки қавму таборам ба гӯр метозад	مرا که قوم و تبارم به گور می‌تازد
Ба сони бешарафи бетабор овезед	به سان بی‌شرف بی‌تبار آویزید
Маро ки тан ба таманнои пешво додам	مرا که تن به تمنای پیشوا دادم
Ба сони хӯсаи беэътибор овезед	به سان خوسۀ بی‌اعتبار آویزید
Маро ки сели дурӯғу тамаллуқе накушад	مرا که سیل دروغ و تملقی نکشد
Бар он таноби ҳақи Кирдигор овезед	بر آن طناب حق کردگار آویزید
Ин зиндагӣ масофи диловар намешавад	این زندگی مصاف دلاور نمی‌شود
Дардо зи ҳисобе ки баробар намешавад	دردا ز حسابی که برابر نمی‌شود
Ин зиндагӣ ки пойи тарозу-ш рост нест	این زندگی که پای ترازوش راست نیست
Бар неку бади мову ту довар намешавад	بر نیک و بد ما و تو داور نمی‌شود
Сартосари вафои варо гаштаам ба ҳис	سرتاسرِ وفای ورا گشته‌ام به حس
Ин бевафо ҳабиби саросар намешавад	این بی‌وفا حبیب سراسر نمی‌شود
Дар зиндагӣ ҳақиқати мутлақ ҳамину бас	در زندگی حقیقتِ مطلق همین و بس
Дарде шабеҳи ғуссаи модар намешавад	دردی شبیهِ غصۀ مادر نمی‌شود
Эй ҷовидона сабзи мунаққаш ба иштиёқ	ای جاودانه سبزِ منقش به اشتیاق
Рафтию рафтани туро бовар намешавад	رفتی و رفتنِ تو‌را باور نمی‌شود
Андӯҳи рафтани ту ба дилҳо фиғон рехт	اندوهِ رفتنِ تو به دل‌ها فغان ریخت
Афғони ҳеч кас чу бародар намешавад	افغانِ هیچ کس چو برادر نمی‌شود
Рафтию рафтанат ба дилам лаккае гузошт	رفتی و رفتنت به دلم لکه‌ای گذاشت
К-обод ҷуз ба дидани Ховар намешавад	کاباد جز به دیدنِ خاور نمی‌شود
Давлати моро тамоми дағдаға риш асту бас	دولت ما‌را تمام دغدغه ریش است و بس
Аз ҳиҷобу мӯи рухсора ба ташвиш асту бас	از حجاب و موی رخساره به تشویش است و بس
Нест моро ҳам ба ҷуз аз риш омоле ба сар	نیست ما‌را هم به جز از ریش آمالی به سر
Риш гӯӣ аввалу поёни ин кеш асту бас	ریش گویی اول و پایان این کیش است و بس
Як тараф бо теғу чоқу ришро бармеканад	یک طرف با تیغ و چاقو ریش‌را برمی‌کند
Як тарафро риш танҳо маънии хеш асту бас	یک طرف‌را ریش تنها معنی خویش است و بس
Меваи мамнӯъ ширинтар шуда бо ришкан	میوۀ ممنوع شیرین‌تر شده با ریش‌کن
Ришханде гар сазояш мекунӣ беш асту бас	ریشخندی گر سزایش می‌کنی بیش است و بس
Сахт талху ногувор аст навиштани сӯгномаи дӯст	سخت تلخ و ناگوار است نوشتن سوگنامۀ دوست
Аммо боиста то дигарон низ бидонанд ки чи ганҷи шойгоне пинҳон шуда	اما بایسته تا دیگران نیز بدانند که چه گنج شایگانی پنهان شده
Ва он ҳам чи зуду шитобон	و آن هم چه زود و شتابان
Пас аз як ъумр талоши дурахшон дар пешгоҳи Эрон	پس از یک عمر تلاش درخشان در پیشگاه ایران
Эрони фарҳангӣ	ایرانِ فرهنگی
Заҳро Ҷазоирӣ ки таҷассуми меҳру накӯкорӣ буд дар синни панҷоҳу нуҳсолагӣ пас аз пайкори мумтад бо саратон дар оғӯши гарми хонаводааш дар Ландан ҷон дод	زهرا جزایری که تجسم مهر و نکوکاری بود در سن پنجاه و نه‌سالگی پس از پیکار ممتد با سرطان در آغوش گرم خانواده‌اش در لندن جان داد
Зарибону онгуна ки мо дӯстонаш ӯро хитоб мекардем зодаи Теҳрон ва аз бастагони Саъиди Нафисӣ буд ва аз он тариқ бо Фарорӯд ва бавежа Тоҷикистон нисбат дошт	زری‌بانو آنگونه که ما دوستانش او‌را خطاب می‌کردیم زادۀ تهران و از بستگان سعید نفیسی بود و از آن طریق با فرارود و به‌ویژه تاجیکستان نسبت داشت
Эронро аз чашмони Фирдавсӣ медид ва марзҳои сиёсии миёни пораҳои ин сарзамин аз қалбу мағзи ъазизи ӯ нагузашта буд	ایران‌را از چشمان فردوسی می‌دید و مرزهای سیاسی میان پاره‌های این سرزمین از قلب و مغز عزیز او نگذشته بود
Хонаи ӯ дар шимоли Ландан хонаи фарҳанги Эрони Бузург буд	خانۀ او در شمال لندن خانۀ فرهنگ ایران بزرگ بود
Бисёре аз фарҳехтагони Эрону Тоҷикистону Афғонистон ки гузорашон ба Ландан уфтода меҳмони Заҳро Ҷазоирӣ будаанд	بسیاری از فرهیختگان ایران و تاجیکستان و افغانستان که گذارشان به لندن افتاده مهمان زهرا جزایری بوده‌اند
Борҳо шахсиятҳои матраҳе чун Давлатманди Хол Толиб Шаҳидӣ Давлат Худоназаров Муъмин Қаноъат Фарзонаи Хуҷандӣ Ҳаёт Неъмати Самарқандӣ ва чеҳраҳои саршиноси дигар аз Фарорӯд гули сари сабади маҳфилҳои фарҳангии Заҳро Ҷазоирӣ дар кошонаи ӯ будаанд	بارها شخصیت‌های مطرحی چون دولتمند خال طالب شهیدی دولت خدانظرف مؤمن قناعت فرزانه خجندی حیات نعمت سمرقندی و چهره‌های سرشناس دیگر از فرارود گل سر سبد محفل‌های فرهنگی زهرا جزایری در کاشانۀ او بوده‌اند
Заҳро Ҷазоирӣ занҷири гусастаи фарҳанги эронии минтақаро дар Ландан ҷӯшкорӣ кафшер мекард	زهرا جزایری زنجیر گسستۀ فرهنگ ایرانی منطقه‌را در لندن جوشکاری می‌کرد
Заҳро Ҷазоирӣ аз накӯкортарин инсонҳои рӯи ин хок буд	زهرا جزایری از نکوکارترین انسان‌های روی این خاک بود
Бизоъати андаки худро ҳаққи ҳалоли мардумони сарзамини фарҳангиаш медонист ва дар кори хайр ҳамвора пештоз буд	بضاعت اندک خود‌را حق حلال مردمان سرزمین فرهنگی‌اش می‌دانست و در کار خیر همواره پیشتاز بود
Аз замони ҷанги дохилии Тоҷикистон по ба кишвари мо ниҳод ба он дил баст ба дурдасттарин рустоҳои он сар зад ва тайи солҳо ба ятимхонаҳои Бадахшон кумаки бедареғу пайваста мекард	از زمان جنگ داخلی در تاجیکستان پا به کشور ما نهاد به آن دل بست به دوردست‌ترین روستاهای آن سر زد و طی سال‌ها به یتیم‌خانه‌های بدخشان کمک بی‌دریغ و پیوسته می‌کرد
Ҳамвора ҷӯёи ахбор аз Тоҷикистон буд	همواره جویای اخبار از تاجیکستان بود
Аз бадовариҳои Тоҷикистон дар андӯҳ буд ва аз комгориҳои андакаш шод	از بدآوری‌های تاجیکستان در اندوه بود و از کامگاری‌های اندکش شاد
Кӯчактарин мушкили тоҷиконро мушкили худаш медонист	کوچک‌ترین مشکل تاجیکان‌را مشکل خودش می‌دانست
То шунид ки Ҳаёт Неъмати Самарқандӣ шоъири тоҷики Узбакистон ба як роёнак лаптоп ниёз дорад роёнаке таҳия карду фиристод барои устод то осорашро ҳуруфчинӣ кунад	تا شنید که حیات نعمت سمرقندی شاعر تاجیک ازبکستان به یک رایانک لپتاپ نیاز دارد رایانکی تهیه کرد و فرستاد برای استاد تا آثارش‌را حروف‌چینی کند
То шунид ки тарҳи садди Роғун Тоҷикистонро аз бунбасти иқтисодӣ наҷот хоҳад дод корзоре роҳ андохт барои ҷамъоварии кумак ба ин тарҳ	تا شنید که طرح سد راغون تاجیکستان‌را از بن‌بست اقتصادی نجات خواهد داد کارزاری راه انداخت برای جمعاوری کمک به این طرح
То шунид як гурӯҳ аз корбарони Фейсбуки Тоҷикистон маҷаллае бо номи Забони порсӣ роҳ андохтаанд ба сандуқи он маҷалла пул ворез кард	تا شنید یک گروه از کاربران فیس‌بوک تاجیکستان مجله‌ای با نام زبان پارسی راه انداخته‌اند به صندوق آن مجله پول واریز کرد
Гӯӣ мароми зиндагиаш дар кумак ба пешбурди Эрони фарҳангӣ хулоса мешуд	گویی مرام زندگی‌اش در کمک به پیشبرد ایران فرهنگی خلاصه می‌شد
Созмони хайрияе ки бунёд ниҳод ҳам Варорӯд ном дошт	سازمان خیریه‌ای که بنیاد نهاد هم ورارود نام داشت
Бо як чунин шахсияте наметавон худоҳофизӣ кард	با یک چنین شخصیتی نمی‌توان خداحافظی کرد
Чун ҷойгоҳаш дар қалби дӯсторонаш ҳамешагист ва ҳаргиз бо ҳузури касе дигар пур намешавад	چون جایگاهش در قلب دوستارانش همیشگی است و هرگز با حضور کسی دیگر پر نمی‌شود
Ёду номи Заҳро Ҷазоирӣ ҷовидона бод	یاد و نام زهرا جزایری جاودانه باد
Ҳамин ки пиндоштӣ ба яқин расидаӣ ва дигар ба пажӯҳишу тафаҳҳусе ниёз нест пушти панҷараи мағзат бинавис	همین که پنداشتی به یقین رسیده ای و دیگر به پژوهش و تفحصی نیاز نیست پشت پنجرۀ مغزت بنویس
Таътил аст	تعطیل است
Шаҳре ки шоҳаш гадо бошад	شهری که شاهش گدا باشد
Қаҳр аст	قهر است
Нишонаи қаҳрест осмонӣ	نشانۀ قهری است آسمانی
Баҳрест обистани сад тӯфон	بحری است آبستنِ صد توفان
Маърака аст	معرکه است
Миёни майдоне ки фардо дастҳо бар он хоҳанд руст	میان میدانی که فردا دست‌ها بر آن خواهند رُست
Дастҳои барафрошта ба дуъо	دست‌های برافراشته به دعا
Мушту панҷа хоҳанд шуд	مشت و پنجه خواهند شد
Ва хоҳанд дарид	و خواهند درید
Шаҳреро ки шоҳаш гадо бошад	شهری‌را که شاهش گدا باشد
Дусад Хуршед хам бо зулмати ман гар даровезад	دوصد خورشيد هم با ظلمت من گر درآويزد
Зи торикй ба кадри арзане харгиз намекохад	ز تاريكي به قدر ارزني هرگز نمي كاهد
Ва ночй хам танобе гар ба ъумки чох овезад	و ناجي هم طنابي گر به عمق چاه آويزد
Дигар Канъони ман Юсуф намехохад намехохад	دگر كنعان من يوسف نمي خواهد نمي خواهد
Ъумри фонӣ ба ком бояд зист на ба оз	عمر فانی به کام باید زیست نه به آز
Зиндагиро ҳалол бояд зист на дароз	زندگی‌را حلال باید زیست نه دراز
Дар ҳошияи як огаҳии Вазорати кишвари Тоҷикистон ки тоҷиконро ба таҳсил дар Окодемии Пулиси Туркия фаро мехонад ва ду шарти пазириш дорад	در حاشیۀ یک آگهی وزارت کشور تاجیکستان که تاجیکان‌را به تحصیل در آکادمی پلیس ترکیه فرا می‌خواند و دو شرط پذیرش دارد
донистани забони туркӣ ҳатмӣ ва вазъи дурусти саломатӣ	دانستن زبان ترکی حتمی و وضع درست سلامتی
Ҳувияти бештари тоҷикҳо дар ҳоли ҳозир бӯтаи наврустаро мемонад	هویتِ بیشترِ تاجیک‌ها در حال حاضر بوتۀ نورُسته‌را می‌ماند
Хуршед аз ҳар сӯ бидамад ба ҳамон сӯ мечархад ва рӯ ба ҳамон сӯ мерӯяд меваашро барои ҳамон сӯ арзонӣ медорад	خورشید از هر سو بدمد به همان سو می‌چرخد و رو به همان سو می‌روید میوه‌اش‌را برای همان سو ارزانی می‌دارد
Дар ин давраи гирифториҳо кишварҳои муғриз корыстный дастбакор мешаванд	در این دورۀ گرفتاری‌ها کشورهای مغرض دست‌بکار می‌شوند
Ёдамон наравад ки ҳеч кишваре ба ҳеч рӯй дар роҳи Худову расул ё ба хотири чашму абрӯи қашанг ба касе ёрӣ накардааст	یادمان نرود که هیچ کشوری به هیچ روی در راه خدا و رسول یا به خاطر چشم و ابروی قشنگ به احدی یاری نکرده است
Туркия чи пеш аз Ардуғону чи акнун манофеъи миллии бунёдин ва хадшанопазире дорад	ترکیه چه پیش از اردوغان و چه اکنون منافع ملی بنیادین و خدشه‌ناپذیری داشته و دارد
Туркия баландпарвоз аст ва бо мавқеъияти имрӯзиаш дар ҷаҳон қонеъ нест ва талхии заволи импротурии Ъусмонӣ аз комаш нарафтааст	ترکیه بلندپرواز است و با موقعیتِ امروزی‌اش در جهان قانع نیست و تلخی زوال امپراتوری عثمانی از کامش نرفته است
Тарроҳони сиёсатҳои роҳбурдии Туркия Осиёи Марказиро ҳаёти хилват задний двор-и ояндаи худ фарз мекунанд ва дар ин замина бисёр ъоқилона кор ҳам кардаанд	طراحانِ سیاست‌های راهبردی ترکیه آسیای مرکزی‌را حیاط خلوتِ آیندۀ خود فرض می‌کنند و در این زمینه بسیار عاقلانه کار هم کرده‌اند
Туркия танҳо кишвари хориҷаи дур аст ки бо Тоҷикистон раводид надорад ва ҳузураш дар ъарсаҳои бозаргонию фарҳангию омӯзишии Тоҷикистон рӯзафзун аст	ترکیه تنها کشورِ خارجۀ دور است که با تاجیکستان روادید ندارد و حضورش در عرصه‌های بازرگانی و فرهنگی و آموزشی تاجیکستان روزافزون است
Ин иқдоми Вазорати кишвар умури дохила-и Тоҷикистон бисёр хатарнок ва сад дарсад ғалат аст	این اقدامِ وازرت کشورِ تاجیکستان بسیار خطرناک و صد درصد غلط است
Далелҳояшро мешавад баршумурд	دلیل‌هایش‌را می‌شود برشمرد
Вазорати кишвар ва вазорати дифоъ ду ниҳоди ъумда барои ҳифзи тамомият ва амнияти ҷомеъа ва дар кул кишвар ҳастанд	وزارت کشور و وزارت دفاع دو نهاد عمده برای حفظ تمامیت و امنیتِ جامعه و در کل کشور هستند
На танҳо амнияти ҷонӣ балки амнияти ҳувиятӣ ҳам	نه تنها امنیتِ جانی بلکه امنیتِ هویتی هم
Дар тӯли торих даҳҳо силсилаи подшоҳӣ ба далели рахнаву нуфузи бегонагон ба суфуфи низомиён ба зону нишастанду тасхир шуданд иттифоқи шуме ки бо Сомониён уфтоду Ғазнавиёнро рӯи кор овард	در طولِ تاریخ ده‌ها سلسلۀ پادشاهی به دلیلِ رخنه و نفوذِ بیگانگان به صفوفِ نظامیان به زانو نشستند و تسخیر شدند؛ اتفاقِ شومی که با سامانیان افتاد و غزنویان‌را روی کار آورد
Аз ин рӯ дар ин ниҳодҳо бояд афроде истихдом шаванд ки батамом сарсупурдаи миллату меҳан бошанд ва миллату меҳанро номуси худ ва ъазизтар аз ҷони худ бидонанд	از این رو در این نهادها باید افرادی استخدام شوند که به‌تمام سرسپردۀ ملت و میهن باشند و ملت و میهن‌را ناموس خود و عزیزتر از جانِ خود بدانند
Ин эҳсосотро як навҷавони нопухта дар Туркия фаро нахоҳад гирифт	این احساسات‌را یک نوجوانِ ناپختۀ تاجیک در ترکیه فرا نمی‌گیرد
Таҳсил дар Туркия ба шарти донистани забони туркӣ ки забони қавмӣ аст на байнулмилалӣ рӯи он бӯтаи навруста навҷавони ташнаи меҳру таваҷҷуҳ ва ъилму дониш наметавонад бетаъсир бимонад	تحصیل در ترکیه به شرطِ دانستنِ زبانِ ترکی که زبانِ قومی است نه بین‌المللی روی آن بوتۀ نورُسته نوجوانِ تشنۀ مهر و توجه و علم و کار نمی‌تواند بی‌تاثیر بماند
Агар ӯ погирифтаву огоҳ мебуд муъодила фарқ мекард ва ба эҳтимоли зиёд хатаре домангираш намешуд	اگر او پاگرفته و آگاه می‌بود معادله فرق می‌کرد و به احتمال زیاد خطری دامنگیرش نمی‌شد
Аммо андак навҷавони тоҷике ки ба дарки қадосати мафҳумҳои миллату меҳан расида бошад ва битавонад дар баробари хатарҳое аз ин даст муқовим бошад	اما اندک نوجوانِ تاجیکی که به درکِ قداستِ مفهوم‌های ملت و میهن رسیده باشد و بتواند در برابرِ خطرهایی از این دست مقاوم باشد
Дар натиҷа Туркия бо ҳар кодри тоҷике ки барои Вазорати кишвар дохила тарбият мекунад як муттаҳиди худро ба яке аз муҳимтарин вазоратхонаҳои Тоҷикистон мефиристад	در نتیجه ترکیه با هر کادرِ تاجیکی که برای وزارت کشور تربیت می‌کند یک متحد خود‌را به یکی از مهم‌ترین وزارت‌خانه‌های تاجیکستان می‌فرستد
Доштани афроди вафодор дар вазоратхонаи ҳассосе чун он яке ба маънои доштани барги баранда дар ҳангоми масоф аст	داشتنِ افراد وفادار در وزارت‌خانۀ حساسی چون آن یکی به معنای داشتنِ برگِ برنده در هنگامِ مصاف است
Чаро имрӯза Тоҷикистон наметавонад аз вобастагии ъақидатиаш ба Русия бикоҳад	چرا امروزه تاجیکستان نمی‌تواند از وابستگی عقیدتی‌اش به روسیه بکاهد
Зеро ниҳодҳои амниятию низомию интизомии мо ҳамагӣ дастпарвардаи мактаби Русия забони русӣ ва низоми русӣ ҳастанд	زیرا نهادهای امنیتی و نظامی و انتظامی ما همگی دست‌پروردۀ مکتب روسیه زبان روسی و نظام روسی هستند
Ъайни ҳамин иттифоқ метавонад байни Тоҷикистону Туркия ҳодис шавад	عینِ همین اتفاق می‌تواند بینِ تاجیکستان و ترکیه حادث شود
Шояд имрӯз хелеҳо бовар накунанд аммо дар сурати иҷрои ин барномаи хато пас аз дастикам сол мутмаин бошед ки гароиш ба забон ва ҳар чизи туркӣ дар Тоҷикистон дучандон хоҳад шуд ва дар ингуна баҳсҳо туркгароёни бештаре ҷавлон хоҳанд зад	شاید امروز خیلی‌ها باور نکنند اما در صورتِ اجرای این برنامۀ خطا پس از دست‌کم پنج سال مطمئن باشید که گرایش به زبان و هر چیزِ ترکی در تاجیکستان دوچندان خواهد شد
Истеҳзои сарнавишт аст ки бо тоҷик дар ъарзи сад сол ин иттифоқи нангин дубора меуфтад	استهزاء سرنوشت است که با تاجیک در عرض صد سال این اتفاقِ ننگین دوباره می‌افتد
Понтуркисм аз ъавомили ъумдаи хурду рез шудани тоҷикҳо дар минтақа буд	پان‌ترکیسم از عواملِ عمدۀ خردوریز شدنِ تاجیک‌ها در منطقه بود
Афроди фарҳехтае чун Фитрати Самарқандӣ ба Истонбул мерафтанду туркида бармегаштанд ва бо афсӯсу дареғ менавиштанд ки мутаассифона тоҷикон забони модарии худ туркии чағатоиро намедонанд ва ман маҷбурам ин китобро ба забони аҷнабии форсӣ бинависам	افرادِ فرهیخته‌ای چون فطرتِ سمرقندی به استانبول می‌رفتند و تُرکیده برمی‌گشتند و با افسوس و دریغ می‌نوشتند که متاسفانه تاجیکان زبان مادری خود ترکی چغتایی‌را نمی‌دانند و من مجبورم این کتاب‌را به زبانِ اجنبی فارسی بنویسم
Ин боварҳо худбахуд аз осмон ба мағзи эшон фурӯ нарехт	این باورها خودبه‌خود از آسمان به مغزِ ایشان فرو نریخت
Ин боварҳо ба мағзи эшон фурӯ чаконда шуда буд	این باورها به مغزِ ایشان فرو چکانده شده بود
Ва шигирду тарфандҳои туркондан-и Тоҷикистон ин танҳо пораи ғайритурк-и минтақа ҳамон аст ки буд	و شگرد و ترفندهای تُرکاندنِ تاجیکستان این تنها پارۀ غیرترکِ منطقه همان است که بود
Бо нигоҳе гузаро ба навиштаҳои матбӯъоти Туркия метавон дарёфт ки туркҳо мехоҳанд Осиёи Марказиро батамом турк бибинанд	با نگاهی گذرا به نوشته‌های مطبوعاتِ ترکیه می‌توان دریافت که ترک‌ها می‌خواهند آسیای مرکزی‌را به‌تمام تُرک ببینند
Ва маъмулан хоста ё нохоста Тоҷикистонро ҳам ҷузъи кишварҳои турк-и Осиёи Миёна ба шумор меоваранд	و معمولاً خواسته یا ناخواسته تاجیکستان‌را هم جزء کشورهای تُرکِ آسیای میانه ارتا آسیا به شمار می‌آورند
Ҳоло достонеро мехоҳем таъриф кунам ки мустақиман ба мавзӯъи забон бармегардад	حالا داستانی‌را می‌خواهم تعریف کنم که مستقیماً به موضوعِ زبان برمی‌گردد
Устоди забони туркии ман омӯзгоре озмудаву моҳир буд	استاد زبان ترکی من آموزگاری آزموده و ماهر بود
Ҳудуди як сол дар маҳзари ӯ туркӣ омӯхтам ва шеваи омӯзишаш чунон буд ки аз ҳамон чанд рӯзи аввал ба туркӣ гӯё шудам	حدود یک سال در محضر او ترکی آموختم و شیوۀ آموزشش چنان بود که از همان چند روز اول به ترکی گویا شدم
Эҳтироми мо ба якдигар мутақобил буд аммо устод аз ман як озурдагӣ дошт ин ки чаро тарҷумаи вожаҳоро ба хатти порсӣ менависам	احترام ما متقابل بود اما استاد از من یک آزردگی داشت؛ این که چرا ترجمۀ واژه‌ها‌را به خطِ پارسی می‌نویسم
Гуфтам	گفتم
Порсӣ забони модарии ман аст	پارسی زبان مادری من است
Гуфт	گفت
Ту магар тоҷик нестӣ	تو مگر تاجیک نیستی
Гуфтам	گفتم
Чун тоҷикам забонам порсист	چون تاجیکم زبانم پارسی است
Гуфт	گفت
Ин ҳарфи ғалат аст забони тоҷикҳо тоҷикист ва хатти тоҷикҳо сириллик аст	این حرف غلط است؛ زبان تاجیک‌ها تاجیکی است و خط تاجیک‌ها سیریلیک است
Порсӣ забони эрониҳост	پارسی زبانِ ایرانی‌هاست
Гуфтам	گفتم
Ҳар он чи шумо фармудед ғалат аст Ва лутфан дубора ин ғалатро дастикам пеши ман такрор накунед ки мояи шармсорӣ барои инсони фарҳехтае чун шумо хоҳад буд	هر آنچه شما فرمودید غلط است و لطفاً دوباره این غلط‌را دست‌کم پیش من تکرار نکنید که مایۀ شرمساری برای انسانِ فرهیخته‌ای چون شما خواهد بود
Ин баҳс дубора пеш наомад аммо ҳар бор чизеро ба порсӣ менавиштам хам ба абрӯяш меуфтод	این بحث دوباره پیش نیامد اما هر بار چیزی‌را به پارسی می‌نوشتم خم به ابرویش می‌افتاد
Лобуд нороҳат аз он буд ки ин тоҷик ба ҳадди кофӣ натуркида	لابد ناراحت از آن بود که این تاجیک به حد کافی نتُرکیده
Вагарна як туркро чи коре буд бо забону хатти ман	وگرنه یک ترک‌را چه کاری بود با زبان و خط من
Он навиштаҳои ман сирфан барои худам ва барои фаҳмидани дарсҳои устод буд ва суҳбатҳои мо батамом ба туркӣ сурат мегирифт	آن نوشته‌های من صرفاً برای خودم و برای فهمیدنِ درس‌های استاد بود و صحبت‌های ما به‌تمام به ترکی صورت می‌گرفت
Агар хусумат ё ҳадафи пинҳоне дар кор набуд чаро забону хатти порсӣ ӯро бармеошуфт	اگر خصومت یا هدف پنهانی در کار نبود چرا زبان و خط پارسی او‌را برمی‌آشفت
Бештари хусуматҳо ба ъуқда комплекс бармегардад	بیشترِ خصومت‌ها به عقده برمی‌گردد
Бавежа ъуқдаи худкеҳтарбинӣ комплекс неполноценности	به‌ویژه عقدۀ خودکهتربینی
Барои садаҳо забони туркӣ аз резахорони хони забони порсӣ буд ва бо вуҷуди поксозии васеъе ки Камол Ототурк ба роҳ андохт садҳо вожаи порсӣ дар бистари забони туркӣ ҷо хуш карданду нарафтанд	برای سده‌ها زبانِ ترکی از ریزه‌خوارانِ خوانِ پارسی بوده و با وجود پاکسازی وسیعی که کمال آتاتورک به راه انداخت صدها واژۀ پارسی در بستر زبان ترکی جا خوش کردند و نرفتند
Номҳои туркии бисёре ки дорандагонаш ба тафсиру таъбири онҳо ниёз доранд порсист ҳамонанди Нармин Насрин Жола Борон Бӯланд Баланд Ҳамраҳ ва даҳҳо номи дигар	نام‌های ترکی بسیاری که دارندگان‌شان به تفسیر و تعبیرِ آنها نیاز دارند پارسی است؛ همانند نرمین نسرین ژاله باران بلند همره و ده‌ها نام دیگر
Ҳамчунон ба шиша ҷом гӯянду ба ъунвон ном ба шаҳр шаҳр гӯянду ба баҳр баҳр … Баҳр асолатан ъарабист аммо ба монанди ҳамаи вожагони ъарабии дигар аз порсӣ ба туркӣ роҳ ёфтаву мондагор шудааст	همچنان به شیشه جام گویند و به عنوان نام به شهر شهیر گویند و به بحر بحیر البته بحر اصالتاً عربی است اما به مانند همۀ واژگانِ عربی دیگر از پارسی به ترکی راه یافته و ماندگار شده است
Ва ин як амри комилан табиъист	و این یک امر کاملاً طبیعی است
Барои ҳафт сада забони дарбории Туркияи Ъусмонӣ порсӣ буда ва он ҳузури порсӣ наметавонист беасар шавад	برای هفت سده زبان درباری ترکیۀ عثمانی پارسی بوده و آن حضور پارسی نمی‌توانست بی‌اثر بماند
Яке аз ҷолибтарин бурҳаҳои торихӣ замонест ки дарбори Сафавӣ дар Эрон ба забони туркӣ ва дарбори Ъусмонӣ дар Туркия ба забони порсӣ суҳбат мекарданд	یکی از جالب‌ترین برهه‌های تاریخی زمانی است که دربار صفوی در ایران به زبان ترکی و دربار عثمانی در ترکیه به زبان پارسی صحبت می‌کردند
Ва Сафавиён номаҳои худ ба забони туркӣ ва ъусмониҳо ба порсӣ менавиштанд	و صفویان نامه‌های خود به زبان ترکی و عثمانی‌ها به پارسی می‌نوشتند
Барои касе ки дучори ъуқдаи худкеҳтарбинӣ дар ъайни худшефтагӣ мания величия шуда ин ҳақиқатҳои торихӣ ва ҳузури вожагони бегона дар забонаш дардовар аст	برای کسی که دچار عقدۀ خودکهتربینی در عینِ خودشیفتگی شده این حقیقت‌های تاریخی و حضور واژگانِ بیگانه در زبانش دردآور است
Ва ин дард фарди гирифторро ҳамвора азият мекунад	و این درد فردِ گرفتار‌را همواره اذیت می‌کند
Аз инҷост ки камтар туркеро мешавад пайдо кард ки порсӣ будани ин вожагон ё ҳар навъ вобастагии забонаш ба порсиро бипазирад	از این‌جاست که کم‌تر ترکی‌را می‌شود پیدا کرد که پارسی بودنِ این واژگان یا هر نوع وابستگی زبانش به پارسی‌را بپذیرد
Ҳастанд албатта	هستند البته
Турконе чун Элбар Уртойлӣ ё Урҳон Помук ҳастанд ки ин воқеъиятҳоро бо ифтихор мепазиранд	ترکانی چون ایلبر اورتایلی یا ارهان پاموک هستند که این واقعیت‌ها‌را با افتخار می‌پذیرند
Аммо ғолиби турконе ки бо Тоҷикистон сарукор доштаанд аз манзаре дигар ба сарзамини мо нигоҳ мекунанд ва онро ба чашми туъмае осон мебинанд ки дурӯза мешавад қурташ дод	اما غالبِ ترکانی که با تاجیکستان سروکار داشته‌اند از منظری دیگر به سرزمینِ ما نگاه می‌کنند و آن‌را به چشم طعمه‌ای آسان می‌بینند که دوروزه می‌شود قورتش داد
Ва ҳоло пурсиш инҷост	و حالا پرسش این‌جاست
оё мо мехоҳем туъмае осон бошем ки дурӯза бишавад қурташ дод	آیا ما می‌خواهیم طعمه‌ای آسان باشیم که دوروزه بشود قورتش داد
Чаро ту зиндагиамро табоҳ мехоҳӣ	چرا تو زندگی‌ام‌را تباه می‌خواهی
Сари шикастаи мо бепаноҳ мехоҳӣ	سرِ شکستۀ ما بی‌پناه می‌خواهی
Чаро ду дасти баландам дуъо напиндорӣ	چرا دو دستِ بلندم دعا نپنداری
Чаро ту ҷои дуъо сели оҳ мехоҳӣ	چرا تو جای دعا سیلِ آه می‌خواهی
Чаро зи қофилаи давр мо нагун шудаем	چرا ز قافلۀ دَور ما نگون شده ایم
Чаро ки он чи бигӯем нахоҳ мехоҳӣ	چرا که آن چه بگوئیم نخواه می‌خواهی
Туро ба лутфу карам пеши мо ниёзе буд	تو‌را به لطف و کرم پیشِ ما نیازی بود
Чаро ваҷоҳати мо рӯсиёҳ мехоҳӣ	چرا وجاهتِ ما روسیاه می‌خواهی
Ҳазор бор ба худ гуфтаам дуруст раҳест	هزار بار به خود گفته‌‌ام درست رهی‌ست
Чаро ту рафтани мо иштибоҳ мехоҳӣ	چرا تو رفتنِ ما اشتباه می‌خواهی
Мо ки аз тавбаву такфир хабар менабарем	ما که از توبه و تکفیر خبر می‌نبریم
Аз чунин белаёқате гуноҳ мехоҳӣ	از چنین بی‌لیاقتی گناه می‌خواهی
Ъошиқи мантиқи роҳам раҳе бинмоям	عاشقِ منطق راهم رهی بنمایم
Бегумон дар пайи бероҳа роҳ мехоҳӣ	بی‌گمان در پیِ بی‌راهه راه می‌خواهی
Дунё дигар зи баҳри ману ту гузаштааст	دنیا دگر ز بهر من و تو گذشته است
Қалбаш ба дасти берамақи мо шикастааст	قلبش به دست بی‌رمقِ ما شکسته است
Дунё дигар зи танбалии мо табоҳ шуд	دنیا دگر ز تنبلی ما تباه شد
Роҳе ки мо ба чашм надидем чоҳ шуд	راهی که ما به چشم ندیدیم چاه شد
Дунё дигар ба фикри пагоҳи ману ту нест	دنیا دگر به فکر پگاهِ من و تو نیست
Ошуфта аз шунидани оҳи ману ту нест	آشفته از شنیدنِ آهِ من و تو نیست
Дунё дигар ба фикри ҷавонони зинда аст	دنیا دگر به فکرِ جوانانِ زنده است
Безор аз низорфитода ду банда аст	بیزار از نزار فتاده دو بنده است
Дунё дигар зи яъси ману ту фирор кард	دنیا دگر زِ یاسِ من و تو فرار کرد
Маъюсгаштагони саро хору зор кард	مایوس‌گشتگانِ سرا خوار و زار کرد
Дунё ба фикри ҷилваи халлоқи зиндагист	دنیا به فکرِ جلوۀ خلاقِ زندگی‌ست
Безор аз назораи андӯҳи мурдагист	بیزار از نظارۀ اندوهِ مردگی‌ست
Дунё дигар макони ману ту намешавад	دنیا دگر مکانِ من و تو نمی‌شود
Ин суфра ёр хони ману ту намешавад	این سفره یار خوانِ من و تو نمی‌شود
Дунё дигар вуҷуди ману ту намехарад	دنیا دگر وجود من و تو نمی‌خرد
Ин бори бесамар сари дӯшаш намебарад	این بارِ بی‌ثمر سرِ دوشش نمی‌برد
То он ки бори дӯши варо бори худ кунем	تا آن که بارِ دوشِ ورا بارِ خود کنیم
Савдои ӯ масолеҳи бозори худ кунем	سودای او مصالحِ بازارِ خود کنیم
То он ки рустамона фиғоне бароварем	تا آن که رستمانه فغانی برآوریم
Маҳкум набошему бигӯем	محکوم نباشیم و بگوییم
доварем	داوریم
То он ки ҳаққи худ зи ситамгар талаб кунем	تا آن که حقِ خود زِ ستمگر طلب کنیم
Гар месазад ин талабаш рӯзу шаб кунем	گر می‌سزد این طلبش روز و شب کنیم
То он ки ҷони худ сари чизе фидо кунем	تا آن که جانِ خود سرِ چیزی فدا کنیم
Ё дайни худ ба пешгаҳи Ҳақ адо кунем	یا دَینِ خود به پیشگهِ حق ادا کنیم
То он ки дам кашидани мо зиндагӣ мабод	تا آن که دَم کشیدنِ ما زندگی مباد
Зулму ситам кашидани мо зиндагӣ мабод	ظلم و ستم کشیدنِ ما زندگی مباد
То он ки боз лонаи мо боз парварад	تا آن که باز لانۀ ما باز پرورد
Шоҳини дилсупурда ба парвоз парварад	شاهینِ دل‌سپرده به پرواز پرورد
То тоҷи хокхурдаи мо бонигин шавад	تا تاجِ خاک‌خوردۀ ما بانگین شود
Тоҷик дубора гули Эронзамин шавад	تاجیک دوباره گــُــلِ ایران‌زمین شود
Эй қавми ситамдида ситамхоҳу ситамгар	ای قوم ستمدیده ستم‌خواه و ستمگر
Эй баччаҳои зулми Темучину Сикандар	ای بچه‌های ظلم تموچین و سکندر
Эй булбулони бознишаста ба сони ҷуғд	ای بلبلان بازنشسته به سان جغد
Эй хотироти зарди Бадахшону Балху Суғд	ای خاطرات زرد بدخشان و بلخ و سغد
Эй ман яке зи ҷамъи шумо кӯчаки шумо	ای من یکی ز جمع شما کوچک شما
Бехонумони ҷанги шумо потаки шумо	بی‌خانمان ِ جنگ شما پاتک شما
Эй ҳамтабори чеҳргирифта ба ҷаҳлу қаҳр	ای هم‌تبار چهرگرفته به جهل و قهر
Эй ҷошуда ба хилъати ъалломаҳои даҳр	ای جاشده به خلعت علامه‌های دهر
Овора Нӯҳи дарбадари киштии наҷот	آواره نوح دربدر ِ کشتی نجات
Эй хибрагони мазҳакаи дафтару давот	ای خبرگان مضحکۀ دفتر و دوات
Эй сарсупурдагони навиштори шӯравӣ	ای سرسپردگان نوشتار شوروی
В-эй ташнабахунони суханҳои Мавлавӣ	وی تشنه‌بخونان سخن‌های مولوی
Чӯпони қавм қофиласолори зиллат аст	چوپان قوم قافله‌سالار ذلت است
Моро ки раммаем вале ном миллат аст	ما‌را که رمه‌ایم ولی نام ملت است
Хуспида ъақлу хуфта нигоҳу хамӯш гӯш	خسپیده عقل و خفته نگاه و خموش گوش
Муше ҷавад бисоту напурсем муш кӯш	موشی جود بساط و نپرسیم موش کوش
Бо дуруду ситоиш ба Парвардигор	با درود و ستایش به پروردگار
Меситоям туро то бениҳоят	می‌ستایم تو‌را تا بی‌نهایت
Ба хотири ҳар он чи ки ба он расидаму нарасидам	به خاطر هر آن چه که به آن رسیدم و نرسیدم
Намегӯям додию надодй чун ҳаракат аз ман буду баракат аз ту	نمی‌گویم دادی و ندادی چون حرکت از من بود و برکت از تو
Меситоямат ки ин ҳама фурсат фародасти ман гузоштӣ то дастикам дар чи будани офариниш ва кӣ будани офарида биандешам	می‌ستایمت که این همه فرصت فرادست من گذاشتی تا دست‌کم در چه بودن آفرینش و که بودن آفریده بیندیشم
Парвардигоро	پروردگارا
Меситоям туро ки маро пурхато офаридй то аз хатоҳоям биомӯзам	می‌ستایم تو‌را که مرا پرخطا آفریدی تا از خطاهایم بیاموزم
Нахостӣ ки кӯркӯрона дунболи навиштаи моқаблиҳо биравам	نخواستی کورکورانه دنبال نوشتۀ ماقبلی‌ها بروم
Хостӣ то чашм аз он навиштаҳо барканам ва муҳкаму сахт сарамро бар санги пешорӯям бикӯбам	خواستی تا چشم از آن نوشته‌ها برکنم و محکم و سخت سرم‌را بر سنگ پیشارویک بکوبم
То дарёбам ки санг сахт аст ва сар мешиканад	تا دریابم که سنگ سخت است و سر می‌شکند
Эй Хиради Бузург	ای خرَدِ بزرگ
Ки умедворам шаммае аз ту дар димоғи мо нишаста бошад	که امیدوارم شمّه‌ای از تو در دماغ ما نشسته باشد
Меситоям туро ба хотири дӯстие ки аз ман дареғ надоштӣ	می‌ستایم تو‌را به خاطر دوستی‌ای از من دریغ نداشتی
Ҳамвора бо ту ҳамчун наздиктарин ҳамдам дарди дил кардааму шунуфтайи Шунуфтаниҳоро гуфтайи	همواره با تو همچون نزدیک‌ترین همدم درد دل کرده‌ام و شنفته‌ای
Эй Офаридгор	ای آفریدگار
Меситоям туро ки мавонеъи бисёреро бар сари роҳи ман офаридӣ	می‌ستایم تو‌را که موانع بسیاری بر سر راه من آفزیدی
То давидан биомӯзам	تا دویدن بیاموزم
Худовандо	خداوندا
Меситоям туро ки ганд офаридӣ то қандро бишиносам	می‌ستایم تو‌را که گند آفریدی تا قند‌را بشناسم
Нажанд офаридӣ то парандро бишиносам	نژند آفریدی تا پرند‌را بشناسم
Офанд офаридӣ то ба падофанд бишитобам	آفند آفریدی تا به پدافند بشتابم
Меситоям туро ки мағзи маро чун мағзи фариштагон танбал нахостӣ	می‌ستایم تو‌را که مغز مرا چون مغز فرشتگان تنبل نخواستی
Ва дар чустучӯю пайкори ҳамворааш нишондӣ	و در جستجوی و پیکارش نشاندی
То кажиро бишиносад аз ростӣ	تا کژی‌را بشناسد از راستی
Худовандгори якто	خداوندگار یکتا
Меситоям туро барои ҳар он чи арзониам доштӣ	می‌ستایم تو‌را برای هر آن‌چه ارزانی‌ام داشتی
Барои сарнавиште ки бар пешониам нигоштӣ	برای سرنوشتی که بر پیشانی‌ام نگاشتی
Ё қаламе ки бар ангуштонам гузоштӣ	یا قلمی که در انگشتانم گذاشتی
То сарнавиштамро худам бинависам	تا سرنوشتم‌را خودم بنویسم
Меситоям туро барои ҳар он чи дорам	می‌ستایم تو‌را برای هر آن‌چه دارم
Ва ҳар он чи мехоҳам дошта бошам	و هر آن‌چه می‌خواهم داشته باشم
Ва барои иродаву чаҳде ки додӣ	و برای اراده و جهدی که دادی
То хостаҳои надошта ба даст орам	تا خواسته‌های نداشته به دست آرم
Меситоям туро ки хушбахтам офаридӣ	می‌ستایم تو‌را که خوشبختم آفریدی
Ва хушбахт хоҳам рафт	و خوشبخت خواهم رفت
Мани саъдисухан бегонаву як рус тоҷик аст	من ِ سعدی سخن بیگانه و یک روس تاجیک است
Ман аз тоҷик будан дураму бегона наздик аст	من از تاجیک بودن دورم و بیگانه نزدیک است
Забони Пушкин гӯяд фароху равшан аст аммо	زبان پوشکین گوید فراخ و روشن است اما
Забони Рӯдакии мо сарои тангу торик аст	زبان رودکی ِ ما سرای تنگ و تاریک است
Ҷаҳонеро гувоҳи иддаъои худ гирифтам ман	جهانی‌را گواه ادعای خود گرفتم من
Ки лафзи Рӯдакӣ рӯд асту ин девона ҳам хик аст	که لفظ رودکی رود است و این دیوانه هم خیک است
Забонатро намедонӣ ту эй шармандаи ъолам	زبانت‌را نمی‍دانی تو ای شرمندۀ عالم
Аз ин рӯ буду нобудат ба зери пои мужик аст	از این رو بود و نابودت به زیر پای موژیک است
Як ҷаласаи пурсишу посух бо дӯсти арҷмандам Умед бар сари забони тоҷикӣ	یک جلسۀ پرسش و پاسخ با دوست ارجمندم امید بر سر زبان تاجیکی
Пурсиши Оё магар ҳамин истилоҳи тоҷикӣ дар порсии меъёре ки шумо ҷон ба каф гирифтаву густаришаш медиҳед барои номидани забони расмии кишвари Тоҷикистон ва гӯиши мардуми порсизабонаш ба кор намеравад	پرسش آیا مگر همین اصطلاح تاجیکی در پارسی معیاری که شما جان به کف گرفته و گسترشش می‌دهید برای نامیدن زبان رسمی کشور تاجیکستان و گویش مردم پارسی‌زبانش به کار نمی‌رود
Посухи Агар дифоъ аз забони порсӣ барои бархе мояи тамасхуру истеҳзо бошад бояд ба Ашӯ Фирдавсӣ ҳам хандид ки гуфта буд	پاسخ اگر دفاع از زبان پارسی برای برخی مایۀ تمسخر و استهزا باشد باید به اشو فردوسی هم خندید که گفته بود
Басе ранҷ бурдам дар ин сол сӣ Ъаҷам зинда кардам бад-ин порсӣ	بسی رنج بردم در این سال سی      عجم زنده کردم بدین پارسی
Аммо мутмаиннам ки истеҳзои шумо порсии меъёре ки шумо ҷон ба каф гирифтаву густаришаш медиҳед ҷанбаи шахсӣ дошт ва худатон ҳам ба он маҳал намегузоред ва забони порсию Фирдавсиро гиромӣ медоред	اما مطمئنم که استهزاء شما پارسی معیاری که شما جان به کف گرفته و گسترشش می‌دهید جنبۀ شخصی داشت و خودتان هم به آن محل نمی‌گذارید و زبان پارسی و فردوسی‌را گرامی می‌دارید
Пас дар як баҳси ҷиддӣ бар сари чизҳое ба ин аҳаммият неш ба кор наояд	پس در یک بحث جدی بر سر چیزهایی به این اهمیت نیش به کار نآید
Ва агар тасаввур бар ин аст ки ман ҷонбакаф аз забони порсӣ дифоъ мекунам илтифоти шумо ва ифтихори ман аст	و اگر تصور بر این است که من جان‌به‌کف از زبان پارسی دفاع می‌کنم التفات شما و افتخار من است
Бахши дувуми пурсиш ҷиддитар аст ва посухе ҷиддӣ мехоҳад	بخش دوم پرسش جدی‌تر است و پاسخی جدی می‌خواهد
Оре забони дарӣ расмӣ-и Тоҷикистон акнун расман тоҷикӣ ном дорад	آری زبان دری درباری رسمی تاجیکستان اکنون رسماً تاجیکی نام دارد
Аммо мову шумо медонем ки ин ном чигуна бар сари забони мо таҳмил шуда ва чи ъумре дорад	اما ما و شما می‌دانیم که این نام چه‌گونه بر سر زبان ما تحمیل شده و چه عمری دارد
То даҳаи мелодӣ номи ростини забон дар хиттаи мо ҳам ҳифз шуда буд ва ин тоҷикҳо набуданд ки истилоҳи забони тоҷикӣ-ро ихтироъ карданд	تا دهۀ میلادی نام راستین زبان در خطۀ ما هم محفوظ بود و این تاجیک‌ها نبودند که اصطلاح زبان تاجیکی‌را اختراع کردند
Ин истилоҳ зодаи сиёсати ҳисобшудаи истеъмори сурх барои баркандани мо аз решаи ҳувиятии худ ва тазъифи забони аслии минтақае густарда буд	این اصطلاح زادۀ سیاست حساب‌شدۀ استعمار سرخ برای برکندن ما از ریشۀ هویتی خود و تضعیف زبان اصلی منطقه‌ای گسترده بود
Агар Шӯравӣ номи забони моро ъиваз намекард ва ҳисси ҳамзотпиндории мо бо дигар порсигӯёни ҷаҳон боқӣ мемонд мусалламан Шӯравӣ дар амон намемонд	اگر شوروی نام زبان ما‌را عوض نمی‌کرد و حس همذات‌پنداری ما با دیگر پارسی‌گویان جهان باقی می‌ماند مسلماً شوروی در امان نمی‌ماند
Ситондани марказҳои порсигӯ Самарқанду Бухоро аз ҷумҳурие ки Тоҷикистон ном гирифт бо тоҷикӣ номидани забони порсӣ як сарчашма ва ҳадаф дорад	ستاندن مرکزهای پارسی‌گو سمرقند و بخارا از جمهوری‌ای که تاجیکستان نام گرفت با تاجیکی نامیدن زبان پارسی یک سرچشمه و هدف دارد
дарҳам кӯбидани порсӣ ва ҳувияти доманадори порсӣ ва баркандани он аз аҷзои дигараш то дубора суроғи худиро нагирад ва дар банди бегона бимонаду бегона шавад	درهم کوبیدن پارسی و هویت دامنه‌دار پارسی و برکندن آن از اجزاء دیگرش تا دوباره سراغ خودی‌را نگیرد و در بند بیگانه بماند و بیگانه شود
Пазириши ин истилоҳ аз сӯи фарҳехтагоне чун шумо ба маънои тан додан ба ҳамон сиёсати ҳисобшуда аст	پذیرش این اصطلاح از سوی فرهیختگانی چون شما به معنای تن دادن به همان سیاست حساب‌شده است
Ин ҳам ёдамон наравад ки номи аслии забон форсӣ дар паи ҷунбиши худҷӯши мардумӣ соли мелодӣ дар қавсайн ба матни Қонуни Асосии Тоҷикистон баргашт	این هم یادمان نرود که نام اصلی زبان فارسی در پی جنبش خودجوش مردمی سال میلادی در قوسین پرانتز به متن قانون اساسی تاجیکستان برگشت
Вонгаҳе сол баъд инон ба сарвақташ расиданд ва онро ҳам буриданду дур рехтанд ки фикр намекунам шумо аз ҳаводорони он ҳаракати худситезона бошед	وانگهی پنج سال بعد اینان به سروقتش رسیدند و آن‌را هم بریدند و دور ریختند که فکر نمی‌کنم شما از هواداران آن حرکت خودستیزانه باشید
Ва пештар ҳам гуфта будам агар ин ҳама расмиёт барои мо муҳим аст бояд тарки ин гуна навиштор кунем ва ба забоне ки шумо рузбакӣ мехонед ва ман порсии таҷовузшуда медонам такаллум кунем	و پیشتر هم گفته بودم اگر این همه رسمیات برای ما مهم است باید ترک این گونه نوشتار کنیم و به زبانی که شما روزبکی مشتق از روسی ازبکی پارسی می‌خوانید و من پارسی تجاوزشده می‌دانم تکلم کنیم
Намунаеро аз хабаргузории расмии кишвар нақл мекунам ки ҳовии забони расмии мавриди пазириши ниҳодҳои давлатист	نمونه‌ای‌را از خبرگزاری رسمی کشور نقل می‌کنم که حاوی زبان رسمی مورد پذیرش نهادهای دولتی است
Агар касе ба расмиёт дил дода ночор аз пайравӣ аз ин навъи гуфтору навиштор аст	اگر کسی به رسمیات دل داده ناچار از پیروی از این نوع گفتار و نوشتار است
Агентии миллии иттилоотии Тоҷикистон Ховар агентии марказии давлатии иттилоотии мамлакат мебошад	اگنتی ملی اطلاعاتی تاجیکستان خاور اگنتی مرکزی دولتی اطلاعاتی مملکت می‌باشد
Онбаъди барҳам хӯрдани Иттиҳоди Шӯравӣ дар минтақа аз ҷумлаи агентиҳои маъруфтарини иттилоотӣ ба шумор меравад	آن بعد ِ برهم خوردن اتحاد شوروی در منطقه از جملۀ اگتنی‌های معروف‌ترین اطلاعاتی به شمار می‌رود
Агентӣ дар шаҳри Душанбе соли ҳамчуни Агентии телеграфии Ҷумҳурии Тоҷикистон ТоҷикТА дар таркиби ТАСС ба фаъолият шурӯъ намуд	اگنتی در شهر دوشنبه سال همچون اگنتی تلگرفی جمهوری تاجیکستان تاجیک‌ته – تاجیک‌تا در ترکیب تس تاس به فعالیت شروع نمود
ТоҷикТА апрели соли баъди мустақилияти давлатии ҷумҳурӣ ба Агентии миллии иттилоотии назди Ҳукумати Тоҷикистон табдил дода шуд	تاجیک‌ته اپریل سال بعد ِ مستقلیت دولتی جمهوری به اگنتی ملی اطلاعاتی نزد ِ حکومت تاجیکستان تبدیل داده شد
Пас як бому ду ҳаво ба кор намеояд ҷиддан	پس یک بام و دو هوا به کار نمی‌آید جداً
Агар далели мо барои забони тоҷикӣ хондани забони порсӣ расмӣ будани ин ном аст соири расмиётро ҳам бояд бипазирем ки ман аз анҷоми чунин коре маъзурам	اگر دلیل ما برای زبان تاجیکی خواندن زبان پارسی رسمی بودن این نام است سایر رسمیات‌را هم باید بپذیریم که من از انجام چنین کاری معذورم
Инҳо ҳама аз паёмадҳои як нанги торихист ки тавассути бегонагон дар бистари миллати мо кошта шуда ва сӯгмандона бархе ба он тан додаанд ва забонро ба мурдобе табдил кардаанд ки дигар намеҷӯшаду намезояд	اینها همه از پیامدهای یک ننگ تاریخی است که توسط بیگانگان در بستر ملت ما کاشته شده و سوگمندانه برخی به آن تن داده‌اند و زبان‌را به مردابی تبدیل کرده‌اند که دیگر نمی‌جوشد و نمی‌زاید
Аммо агар ин навъи баёнро ки расмӣ аст рузбакӣ медонем ҳаққи маънавии ядак кашидани номи расмии забонро надорем ки дуруст ба монанди ҳамон наҳваи баён коштае аз ағёр аст ва худӣ нест	اما اگر این نوع بیان‌را که رسمی است روزبکی می‌دانیم حق معنوی یدک کشیدن نام رسمی زبان‌را نداریم که درست به مانند همان نحوۀ بیان کاشته‌ای از اغیار است و خودی نیست
Пурсиши Агар дам аз меъёре мезанед чаро худатон вожаву истилоҳоташро қабул надоред	پرسش اگر دم از معیاری می‌زنید چرا خودتان واژه و اصطلاحاتش‌را قبول ندارید
Посухи Бале ман пайрави забони меъёр ҳастам ва меъёртароширо вазифаи худ намедонам	پاسخ بلی من پیرو زبان معیار هستم و معیارتراشی‌را وظیفۀ خود نمی‌دانم
Дар таърифи он гуфта будем	در تعریف آن گفته بودیم
забони меъёр забони тавлиди фикр тавассути аксарияти як ҷомеъаи забонӣ аст	زبان معیار زبان تولید فکر توسط اکثریت ِ یک جامعۀ زبانی است
Забону баёне ки ихтиёр кардаам мутаъаллиқ ба ҳамон аксарият аст ки сарнавишти забони меъёрро рақам задааст	زبان و بیانی که اختیار کرده‌ام متعلق به همان اکثریت است که سرنوشت زبان معیار‌را رقم زده است
Сипос мар Худойро забоне бегона нест ки мояи шармсорӣ бошад	سپاس مر خدای‌را زبانی بیگانه نیست که مایۀ شرمساری باشد
Ҳамон забони деринасоли Рӯдакист ки имрӯза ба ин ҳайъату ҳайбат чеҳранамо шуда	همان زبان دیرینه‌سال رودکی است که امروزه به این هیئت و هیبت چهره‌نما شده
Агар манзуратон аз гурези ман аз вожаҳо ва истилоҳот-и забони меъёр тан надоданам ба истилоҳи забони тоҷикӣ аст далелаш пештар ъарз шуд	اگر منظورتان از گریز من از واژه‌ها و اصطلاحات ِ زبان معیار تن ندادنم به اصطلاح زبان تاجیکی است دلیلش پیشتر عرض شد
Сиккаи забони тоҷикӣ-ро мову пешиниёни мо зарб назадаем балки бегонаовард аст	سکۀ زبان تاجیکی‌را ما و پیشینیان ما ضرب نزده‌ایم بلکه بیگانه‌آورد است
Барои санҷидани он дар забони меъёр кофист ъиборати забони тоҷикӣ-ро ба хатти худамон порсӣ бигуглед	برای سنجیدن آن در زبان معیار کافی‌ست عبارت زبان تاجیکی‌را به خط خودمان پارسی بگوگلید
Нахустин натиҷаи ҷустуҷӯ мақолае аз Википедиёст ки худи шумо ҳам дар тартиб додани мақолоташ заҳмати фаровон кашидаед	نخستین نتیجۀ جستجو مقاله‌ای از ویکی‌پدیاست که خود شما هم در ترتیب دادن مقالاتش زحمت فراوان کشیده‌اید
Ъунвони мақола аммо забони тоҷикӣ нест балки форсии тоҷикӣ аст	عنوان مقاله اما زبان تاجیکی نیست بلکه فارسی تاجیکی است
Тоҷикӣ ба ъунвони сифат ва шохиси гӯиш омада на номи забон	تاجیکی به عنوان صفت و شاخص گویش آمده نه نام زبان
Номи забон ҳамон бахши нахусти он аст	نام زبان همان بخش نخست آن است
форсӣ	فارسی
Ва тоҷикӣ натиҷаи иҷбори мантиқнапсанди замона аст	و تاجیکی نتیجۀ اجبار منطق‌نپسند زمانه است
Натиҷаи дувум Алифбои тоҷикӣ ном дорад ки ба далели муҷаззо ва мутафовит буданаш аз порсӣ номе дигар дорад ки мо онро шартан пириллик гуфтаем	نتیجۀ دوم الفبای تاجیکی نام دارد که به دلیل مجزا و متفاوت بودنش از پارسی نامی دیگر دارد که ما آن‌را شرطاً پیریلیک پارسی سیریلیک گفته‌ایم
Пас дар забони порсии меъёр ҳам номи забони расмии Тоҷикистонро форсӣ порсӣ гӯянд ва лоғайр ки собит мекунад дар ин маврид ҳам пайрави забони меъёр мондаам	پس در زبان پارسی معیار هم نام زبان رسمی تاجیکستان‌را فارسی پارسی گویند و لاغیر که ثابت می‌کند در این مورد هم پیرو زبان معیار مانده‌ایم
Пурсиши Агар номгузории тоҷикӣ ва забони тоҷикӣ истилоҳе мандаровардӣ ва шӯравизода буда ва аз машрӯъияти торихию забонӣ бархурдор нестанд пас чаро шумо худ истилоҳе мандаровардӣ ва шӯравизодаи Осиёи Миёна-ро ба кор мебаред ки на аз дидгоҳи торихӣ машруъият надорад ва на аз дидгоҳи ҷуғрофиёӣ	پرسش اگر نام‌گذاری تاجیکی و زبان تاجیکی اصطلاحی من‌درآوردی و شوروی‌زاده بوده و از مشروعیت تاریخی و زبانی برخوردار نیستند پس چرا شما خود اصطلاح من‌درآوردی و شوروی‌زادۀ آسیای میانه‌را به کار می‌برید که نه از دیدگاه تاریخی مشروعیت دارد و نه از دیدگاه جغرافیایی
Посухи Боз ҳам аз ҳамон равиш кор бигирем	پاسخ باز هم از همان روش کار بگیریم
Ъиборати Осиёи Миёна-ро ба хатти порсӣ бигуглед	عبارت آسیای میانه‌را به خط پارسی بگوگلید
Нахустин натиҷаи он мақолае бо ҳамин ъунвон аз Википедиёст ки мегӯяд	نخستین نتیجۀ آن مقاله‌ای با همین عنوان از ویکی‌پدیاست که می‌گوید
Осиёи Миёна ё Осиёи Марказӣ сарзамини паҳноваре аз қораи Осиёст ки ҳеч марзе бо обҳои озоди ҷаҳон надорад	آسیای میانه یا آسیای مرکزی سرزمین پهناوری در قارهٔ آسیا است که هیچ مرزی با آب‌های آزاد جهان ندارد
Агарчи марзҳои дақиқе барои ин сарзамин таъриф нашудааст аммо маъмулан онро дарбаргирандаи кишварҳои имрӯзии Узбакистон Тоҷикистон Туркманистон Қазоқистон Қирқизистон медонанд	اگر چه مرزهای دقیقی برای این سرزمین تعریف نشده‌است اما معمولاً آن‌را دربرگیرنده کشورهای امروزی ازبکستان تاجیکستان ترکمنستان قزاقستان قرقیزستان می‌دانند
Пас он чи ман гуфтаам мандаровардӣ набуда балки аз аҷзои забони порсии меъёр аст	پس آن چه من گفته‌ام من‌درآوردی نبوده بلکه از اجزاء زبان پارسی معیار است
Дар шиносаи гурӯҳи Забони порсӣ албатта ба пешниҳоди шахси шумо вожаи Фарорӯд-ро нахуст ва дар тавзеҳи он Осиёи Миёна-ро дар қавсайн овардем	در شناسۀ گروه زبان پارسی البته به پیشنهاد شخص شما واژۀ فرارود‌را نخست و در توضیح آن آسیای میانه‌را در قوسین پرانتز آوردیم
Пас боз ҳам ночор аз табаъият аз забони меъёр будаем	پس باز هم ناچار از تبعیت از زبان معیار بوده‌ایم
Пурсиши Оё магар ин исторатон як бому ду ҳаво нест	پرسش آیا مگر این ایستارتان یک بام و دو هوا نیست
Посухи Бар пояи он чи ъарз шуд мутмаиннам худи шумо ҳам дарёфтаед ки истори ман як бому ду ҳаво нест балки сирфан риъояти усули забони порсии меъёр аст	پاسخ بر پایۀ آن چه عرض شد مطمئنم خود شما هم دریافته‌اید که ایستار من یک بام و دو هوا نیست بلکه صرفاً رعایت اصول زبان پارسی معیار است
Ин бад-он маънӣ нест ки мо аз вожасозию вожагузинӣ баруфтем	این بدان معنی نیست که ما از واژه‌سازی و واژه‌گزینی برافتیم
Ин бад-он маъност ки барои қабулондани як вожа ё истилоҳе тоза мароҳили лозимро тай кунем	این بدان معناست که برای قبولاندن یک واژه یا اصطلاحی تازه مراحل لازم‌را طی کنیم
бо тавлиди зеҳнии бештар ё корсозтар ки истилоҳоти баҷои моро дар миёни порсигӯёни дигар ҳам ҷо биандозад ё бо тарҳ кардани пешниҳодҳои худамон бо Фарҳангистони забону адаби форсӣ дар Теҳрон ки аз ҳар се кишвари порсигӯ намоянда дорад	با تولید ذهنی بیشتر یا کارسازتر که اصطلاحات بجای ما‌را در میان پارسی‌گویان دیگر هم جا بیندازد یا با طرح کردن پیشنهادهای خودمان با فرهنگستان زبان و ادب فارسی در تهران که از هر سه کشور پارسی‌گو نماینده دارد
Худсарӣ дар ин замина ба бесарусомонии забонӣ ва дар натиҷа дуртар уфтодани гӯишварони як забон аз ҳам меанҷомад	خودسری در این زمینه به بی‌سروسامانی زبانی و در نتیجه دورتر افتادن گویشوران یک زبان از هم می‌انجامد
Фарҷом	فرجام
Маҳал гузоштани ман ба истори шумо Умед ба далели арҷест ки ба андӯхтаҳоятон дорам	محل گذاشتن من به ایستار شما امید به دلیل ارجی است که به اندوخته‌هایتان دارم
Вагарна фаровон будаанд касоне ки дари ин баҳсро гушудаанд ва идомаи мабҳасро беҳуда дидааму дарро бастаам	وگرنه فراوان بوده‌اند کسانی که در ِ این بحث‌را گشوده‌اند و ادامۀ مبحث‌را بیهوده دیده‌ام و در‌را بسته‌ام
Бархе ҳам бо қаҳру ъитоб гурӯҳҳоеро ба Забони ҳозираи адабии тоҷикӣ ихтисос доданд	برخی هم با قهر و عتاب گروه‌هایی‌را در فیس‌بوک به زبان حاضرۀ ادبی تاجیکی اختصاص داده‌اند
Аммо дарёфт ё таъбири истори фарди фарҳехтае чун шумо дар ин замина бароям муҳим аст	اما دریافت یا تعبیر ایستار فرد فرهیخته‌ای چون شما در این زمینه برایم مهم است
Шакурӣ рафту аз ӯ як Бухоро рӯи дӯшам монд	شکوری رفت و از او یک بخارا روی دوشم ماند
Ҳазорон ҳарфи ногуфта ба лабҳои хамӯшам монд	هزاران حرف ناگفته به لب‌های خموشم ماند
Шаҳи мо бесарони солики ин бесулукиҳо	شه ما بی‌سران سالک این بی‌سلوکی‌ها
Рамиду орамиду ғуссаҳояш бори ҳушам монд	رمید و آرمید و غصه‌هایش بار هوشم ماند
Дубора хонаам хилват шуду кошонаам бенур	دوباره خانه‌ام خلوت شد و کاشانه‌ام بی‌نور
Мунаввар муршиди маҳфил чу фарёде ба гӯшам монд	منور مرشد محفل چو فریادی به گوشم ماند
Дубора жандафарҳангу дубора жандапайвандем	دوباره ژنده‌فرهنگ و دوباره ژنده‌پیوندیم
Дигарбора ба ночорй табори жандапӯшам монд	دگرباره به ‌ناچاری تبار ژنده‌پوشم ماند
Работи пору имрӯзу пасинам рахт барбаста	رباط پار و امروز و پسینم رخت بربسته
Умедам бастаи рахташ шуду оҳу хурӯшам монд	امیدم بستۀ رختش شد و آه و خروشم ماند
Вожаи пуҳантун-ро бори нахуст дар давраи шӯравй шунида будам ва тасаввурам ин буд ки Пуҳантун исми хос аст номи донишгоҳ аст	واژۀ پوهنتون‌را بار نخست در دورۀ شوروی شنیده بودم و تصورم این بود که پوهنتون اسم خاص است نام دانشگاه است
Мепиндоштам ки мисли Донишгоҳи Ленин дар Душанбе мардуми Кобул Донишгоҳи Пуҳантун доранд	می‌پنداشتم که مثل دانشگاه لنین در دوشنبه مردم کابل دانشگاه پوهنتون دارند
Лобуд номи касест	لابد نام کسی است
Дертар басе дертар дарёфтам ки пуҳантун як вожаи паштуст ба маънии донишгоҳ дар воқеъ тарчумаи дақиқи вожаи донишгоҳ ба забони паштуст ва дуруст ба монанди донишгоҳ ду бахш дорад	دیرتر بسی دیرتر دریافتم که پوهنتون یک واژۀ پشتو است به معنی دانشگاه؛ در واقع ترجمۀ دقیق واژۀ دانشگاه به زبان پشتوست و درست به مانند دانشگاه دو بخش دارد
пуҳан – дониш ва тун – гоҳ	پوهن – دانش و تون – گاه
Ҳар ду вожа бо порсй пайванди танготанг дорад	هر دو واژه با پارسی پیوند تنگاتنگ دارد
пуҳан бо панд-и порсй ва тун бо пасванди дон-и порсй	پوهن با پند ِ پارسی و تون با پسوند دان پارسی
Пуҳан дар забони афғонй пашту ба маънои дониш аст ва панд дар забони порсй ба маънои андарз	پوهن در زبان افغانی پشتو به معنای دانش است و پند در زبان پارسی به معنای اندرز
Пасванди -тун дуруст ба монанди -дон-и порсй пасванди маконист	پسوند تون درست به مانند دان پارسی پسوند مکانی است
Дар бисёре аз гӯишҳои порсй ҳам -дон-ро -дун гӯянд ки бисёр шабеҳтар ба -тун аст	در بسیاری از گویش‌های پارسی هم دان‌را دون گویند که بسیار شبیه‌تر به تون است
Тафовути -дон-и порсй бо -тун-и пашту ин аст ки аввалй дар мавриди маконҳои кӯчак гулдун қаламдун ба кор меравад ва дувумй барои маконҳои бузургтар монанди пасванди -гоҳ дар забони порсй пуҳантун – донишгоҳ роғтун – бемористон	تفاوت دان پارسی با تون پشتو این است که اولی در مورد مکان‌های کوچک گلدون قلمدون به کار می‌رود و دومی برای مکان‌های بزرگ‌تر همانند پسوند گاه در زبان پارسی پوهنتون دانشگاه راغتون – بیمارستان
Ва акнун боварам намешавад ки ҳамин вожа шуда мояи чанги сардие ъазим байни қавмҳои бародару ҳамтабор дар Афғонистон точикҳо ва паштунҳо ҳамтабору ҳамрешаанд ҳамон гуна ки забонҳояшон долл бар ин ҳақиқат аст	و اکنون باورم نمی‌شود که همین واژه شده مایۀ جنگ سردی عظیم بین قوم‌های برادر و هم‌تبار در افغانستان تاجیک‌ها و پشتون‌ها همتبار و همریشه‌اند همان گونه که زبان‌هایشان دال بر این حقیقت است
Худо биёмурзод Басири Бобай рӯзноманигори балхиро ки ҳамин чанд ҳафта пеш сактаи қалбй карду даргузашт	خدا بیامرزاد بصیر بابی روزنامه‌نگار بلخی‌را که همین چند هفته پیش سکتۀ قلبی کرد و درگذشت
Ҳамӯ буд ки чанд сол пеш ба хотири корбурди вожаи донишгоҳ дар телевизюни Балх тавбех шуд ва ин оташи зери хокистарро рӯ кард	همو بود که چند سال پیش به خاطر کاربرد واژۀ دانشگاه در تلویزیون بلخ توبیخ شد و این آتش زیر خاکستر‌را رو کرد
Ва то кунун бисёре аз арчмандони паштун ҳам дарёфтаанд ки корбурди вожаи порсй ҳаққи мусаллами як порсигӯст ва ҳеч нопорсигӯе кӯчактарин ҳаққи таъйини вожагон барои порсигӯёнро надорад	و تا کنون بسیاری از ارجمندان پشتون هم دریافته‌اند که کاربرد واژۀ پارسی حق مسلم یک پارسیگو است و هیچ ناپارسی‌گویی کوچک‌ترین حق تعیین واژگان برای پارسی‌گویان‌را ندارد
Ин ҳақиқат дар мавриди ҳар забони дигаре ҳам сидқ мекунад	این حقیقت در مورد هر زبان دیگری هم صدق می‌کند
Чунончи порсигӯёни Афғонистон ҳаргиз хостори таҳмили вожаи донишгоҳ бар ҳамагон нашудаанд	چنانچه پارسی‌گویان افغانستان هرگز خواستار تحمیل واژۀ دانشگاه بر همگان نشده‌اند
Ин ба он монад ки ба омрикоиҳои муқими Афғонистон бигӯед ки дигар нагӯянд ва ба чои он пуҳантун бигӯянд	این به آن ماند که به آمریکایی‌های مقیم افغانستان بگویید که دیگر یونیورسیتی نگویند و به جای آن پوهنتون بگویند
Хандадор ва дар ъайни ҳол асафнок аст	خنده‌دار و در عین حال اسف‌ناک است
Таъйини мусталаҳоти миллй ки худаш истилоҳи масхараест ва санаде аз он мусталаҳот вучуди хоричй надорад барои тамоми ақвоми як кишвар иқдоме комилан фошистй ва ба дур аз тасаввури инсони имрӯзист	تعیین مصطلحات ملی که خودش اصطلاح مسخره‌ای است و سندی از آن مصطلحات وجود خارجی ندارد برای تمام اقوام یک کشور اقدامی کاملاً فاشیستی و به دور از تصور انسان امروزی است
Ҳар забоне роҳи пешрафт ва печухамҳои худро паймуда ва бо ӯст ки барои ниҳоде чун донишгоҳ чи номе биниҳад	هر زبانی راه پیشرفت و پیچ و خم‌های خود‌را پیموده و با اوست که برای نهادی چون دانشگاه چه نامی بنهد
Ин ки рӯзи сешанбе Масъуди Тараштвол раиси муассисоти таҳсилоти ъолии Афғонистонро аъзои Кумисиюни умури фарҳангию динии Мачлиси Намояндагон ба далели корбурди вожаи донишгоҳ задаанд як рухдоди шармовари дигар дар ҳамин боб аст	این که روز سه‌شنبه مسعود ترشتوال رئیس موسسات تحصیلات عالی افغانستان‌را اعضای کمیسیون امور فرهنگی و دینی مجلس نمایندگان به دلیل کاربرد واژۀ دانشگاه زده‌اند یک رخداد شرم‌آور دیگر در همین باب است
Бисёр дӯст дорам ки забони пашту ҳам ба авчи такомул бирасад бирӯяд рушд кунад андеша офаринад	بسیار دوست دارم که زبان پشتو هم به اوج تکامل برسد بروید رشد کند اندیشه آفریند
Ба суди башарият аст	به سود بشریت است
Эй кош кӯбандагони мехи пуҳантун бар мух мағз-и миллат ин ҳама нерӯро харчи роҳи такмилу пешрафти забони пашту мекарданд	ای کاش کوبندگان میخ پوهنتون بر مخ ملت این همه نیرو‌را خرج راه تکمیل و پیشرفت زبان پشتو می‌کردند
Ба суди ҳамагон мешуд	به سود همگان می‌شد
Аммо ин ки бо монеътарошиҳои фошистона нагзоранд ки забоне дигар ки забони аслии кишвар аст роҳи такомулро бипаймояд ба он монад ки дар мусобиқаи дав ман мучи давандаи бартарро бигирам ва нагзорам ки чилавтар аз ман биравад	اما این که با مانع‌تراشی‌های فاشیستانه نگذارند که زبانی دیگر که زبان اصلی کشور است راه تکامل خود‌را بپیماید به آن ماند که در مسابقۀ دو من مچ دوندۀ برتر‌را بگیرم و نگذارم که جلوتر از من برود
ки ъайни номардист	که عین نامردی است
Хичолат ҳам хуб чизест	خجالت هم خوب چیزی است
Дигар вақташ аст ки домани донишгоҳу донишчӯву додситонию додсарою додгоҳро раҳо кунед ва дар канори эчоди вожаҳое чун пуҳантуну соронволию ҳоказо андешаҳои созанда ҳам халқ кунед	دیگر وقتش است که دامن دانشگاه و دانشجو و دادستانی و دادسرا و دادگاه‌را رها کنید و در کنار ایجاد واژه‌هایی چون پوهنتون و سارانوالی و هکذا اندیشه‌های سازنده هم خلق کنید
Ё Раб зи тамошои ҳақорат бираҳонам	یا رب ز تماشای حقارت برهانم
Қомуси маро худ бинавис ман ки надонам	قاموس مرا خود بنویس من که ندانم
Кобуси маро пардаи поён барафкан	کابوس مرا پردۀ پایان برافکن
Номус бидеҳ аз дари Русия биронам	ناموس بده از درِ روسیه برانم
Эй ёр биё Русияат ёр набошад	ای یار بیا روسیه‌ات یار نباشد
Дилдода туву Русия дилдор набошад	دلداده تو و روسیه دلدار نباشد
Ин қисса ки бе Русия рӯзи сияҳ ояд	این قصه که بی روسیه روز سیه آید
Чизе ба ҷуз аз тавтеаи мор набошад	چیزی به جز از توطئۀ مار نباشد
Хоки урус равзаи ризвон нест-ки	خاک اروس روضۀ رضوان نیست که
Тоҷик намояндаи шайтон нест-ки	تاجیک نمایندۀ شیطان نیست که
Гӯли баландии муваққаташ чи мехурӣ	گول بلندی موقتش چه می‌خوری
Болотар аз чакоди Бадахшон нест-ки	بالاتر از چکاد بدخشان نیست که
Эй Рус сарзамини далерон нестӣ	ای روس سرزمین دلیران نیستی
Будӣ гумон нест вале ҳамон нестӣ	بودی گمان نیست ولی همان نیستی
Ёди Есенину Чехуфу Пушкин ба хайр	یاد یـِـسـِـنین و چـِـخـُـف و پوشکین به خیر
Шоистаи каломи азизон нестӣ	شایستۀ این جمع عزیزان نیستی
Меравам аз хоки нопокат дади беъиззато	می‌روم از خاک ناپاکت دد بی‌عزتا
Эй дади беъиззати патёра бар ту лаънато	ای دد بی‌عزت پتیاره بر تو لعنتا
Хуни миллатҳо макидӣ пир гаштӣ сер на	خون ملت‌ها مکیدی پیر گشتی سیر نه
Эй ту носеро аҷуза эй ҷаҳаннамхилқато	ای تو ناسیرا عجوزه ای جهنم‌خلقتا
Бо мане ин хонаи вайронаат обод шуд	تا به کی چوبی شوم تا تکیه بر من آوری
Обрӯятро барам ҳоло ба садҳо миннато	بشکند این چوب بر فرق سرت با همتا
Ёд дорӣ чун задӣ шаҳри Бухорои Шариф	با منی این خانۀ ویرانه‌ات آباد شد
Чун ба Моҳи Хосса овардӣ балои бехато	آبرویت‌را برم حالا به صدها منتا
Чун маро куштӣ ба ҷурми ҳамли шеъри Мавлавӣ	یاد داری چون زدی شهر بخارای شریف چون به ماه خاصه آوردی بلای بی‌خطا
Чун забонамро буридӣ бо пириликин хатто	چون مرا کشتی به جرم حمل شعر مولوی
Ёд дорӣ хонаҳоямро рабудӣ бо ғаним	چون زبانم‌را بریدی با پیریلیکین خطا
Аз Самарқанду Бухоро то дари Панҷекато	یاد داری خانه‌هایم‌را ربودی با غنیم
Чун ба дасти душманонам даст додию бирафт	از سمرقند و بخارا تا درِ پنجیکتا
Бойсуну Чусту Хӯқанду замини миллато	چون به دست دشمنانم دست دادی و برفت
Ёд дорӣ ки ба Ормитожи маъруфат чи рафт	بایسون و چُست و خوقند و زمین ملتا
Аз дафина ёдгори ҳафт пушти уммато	یاد داری که به آرمیتاژ معروفت چه رفت
Ёд дорӣ ки заминам пунбазоре сохтӣ	از دفینه یادگار هفت پشت امتا
Миллатам андохта чун роҳиёни зиллато	یاد داری که زمینم پنبه‌زاری ساختی
Майгусоронат ба фикри бачча кардан нестанд	ملتم انداخته چون راهیان ذلتا می‌گسارانت به فکر بچه کردن نیستند
Ин гуноҳи мо нависӣ ё гуноҳи фитрато	این گناه ما نویسی یا گناه فطرتا
Меравам аз хоки манҳусат ки бо ман нестӣ	می‌روم از خاک منحوست که با من نیستی
Бо рақибонам нишинӣ то расӣ бар хиффато	با رقیبانم نشینی تا رسی بر خفتا
Хиффати моро илоҷе ҳаст як Шаҳнома ҳаст	خفت ما‌را علاجی هست یک شهنامه هست
Хиффататро лек илоҷе нест амон аз иллато	خفتت‌را لیک علاجی نیست امان از علتا
Эй хирси рӯсиёҳи гирифтори манманӣ	ای خرس روسیاه گرفتار من‌منی
Эй пешвои гумшудагони ҳариманӣ	ای پیشوای گم‌شدگان هریمنی
То кай ба зери сояи ту хор мешавем	تا کی به زیر سایۀ تو خوار می‌شویم
То кай ба хиёли гирифтану рабуданӣ	تا کی به خیال گرفتن و ربودنی
То кай ба сони мор андаруни хоки ман	تا کی به سان مار اندرون خاک من
Саргарми мӯзиёна раволи хазиданӣ	سرگرم موذیانه روال خزیدنی
То кай чу лошахори куҳансоли дермир	تا کی چو لاشه‌خوار کهن‌سال دیرمیر
Дар васвасаи хурдани хуспида меҳанӣ	در وسوسۀ خوردن خسپیده میهنی
Эй хирси рӯсиёҳи шарур	ای خرس روسیاه شرور
Ой	آی
Русия	روسیه
То чанд бо хироми кажат тор мезанӣ	تا چند با خرام کـَـژت تار می‌زنی
Нодим шавӣ охир ба таҳи чоҳи ваҳмҳо	نادم شوی آخر به تهِ چاه وهم‌ها
Хокат ба сар ки боз ба савдои бурданӣ	خاکت به سر که باز به سودای بردنی
То хирасар шағоли сияҳтинатӣ бидон	تا خیره‌سر شغال سیه‌طینتی بدان
Ёри дадону душмани беъурзаи манӣ	یار ددان و دشمن بی‌عرضۀ منی
Гуфтам Сиришти ман бинамо Зоти кирдигор	گفتم سرشت من بنما ذات کردگار
Гуфто Туро зи фитрати Эрон сириштаам	گفتا تو‌را ز فطرت ایران سرشته‌ام
Гуфтам Зи ёри кор маро баҳрае бувад	گفتم ز یار کار مرا بهره‌ای بود
Гуфто Туро зи риштаи беёр риштаам	گفتا تو‌را ز رشتۀ بی‌یار رشته‌ام
Гуфтам Сипосу арҷу намозат барам вале	گفتم سپاس و ارج و نمازت برم ولی
Бедодгарӣ нест магар сарнавиштаам	بیدادگری نیست مگر سرنوشته‌ام
Гуфто Зи дод ҳарф маёвар ки бар замин	گفتا ز داد حرف میاور که بر زمین
Аз додгарӣ ҷуз ба фиғонаш наҳиштаам Гуфтам	از دادگری جز به فغانش نـَهشته‌ام
Агар фаришта фиристӣ ба доди ман… Гуфто	گفتم اگر فرشته فرستی به داد من
Мухотаби ту Худо не фариштаам Гуфтам	گفتا مخاطب تو خدا نی فرشته‌ام
Худои ман Ту ба чоҳам чаро ниҳӣ	گفتم خدای من تو به چاهم چرا نهی
Гуфто Чи роҳҳо ки ба чоҳи ту киштаам	گفتا چه راه‌ها که به چاه تو کِشته‌ام
Гуфтам Яке бигӯ ки равонам шавад равон	گفتم یکی بگو که روانم شود روان
Гуфто Яке кадом	گفتا یکی کدام
Ҳазорон навиштаам	هزاران نوشته‌ام
Гуфтам ки сароғози ҳазорон кадом бувад	گفتم که سرآغاز ِ هزاران کدام بود
Гуфто Ба порсӣ бинигар дарнабиштаам	گفتا به پارسی بنگر درنبشته‌ام
Нагӯ ки чашми маро мӯниси нигоҳ набуд	نگو که چشم مرا مونس نگاه نبود
Ва ё гилояи ман лоиқи ҳам-оҳ набуд	و یا گلایۀ من لایق هم‌آه نبود
Агар гуноҳ пирилликнигориам бошад	اگر گناه پیریلیک‌نگاری‌ام باشد
Туро ба Худо ин ки ҳеч гуноҳ набуд	تو‌را به خدا این که هیچ گناه نبود
Паноҳ аз ҳаҷар-ул-асвади замона куҷост	پناه از حجرالاسود زمانه کجاست
Маро ба ғайри пириллик ки сарпаноҳ набуд	مرا به غیر پیریلیک که سرپناه نبود
Биё дубора биорой хони маърифатам	بیا دوباره بیارای خوان معرفتم
Магар шинохт ба тафсири роҳу чоҳ набуд	مگر شناخت به تفسیر راه و چاه نبود
Агар дубора ба расми ниё қалам гирам	اگر دوباره به رسم نیا قلم گیرم
Бигӯ ки марҳамат афзун иштибоҳ набуд	بگو که مرحمت افزون اشتباه نبود
Хитоб ба порсигӯёни Варорӯд	خطاب به پارسیگویان ورارود
Биё баргард ин роҳи ману мо нест	بیا برگرد این راه من و ما نیست
Даму дастгоҳи ақвоми парешонест	دم و دستگاه اقوام پریشانی ست
Биё ки хатти мо дар шеъри Мавлоност	بیا که خط ما در شعر مولاناست
Ба килки Рӯдакию байти Хоқонист	به کلک رودکی و بیت خاقانی ست
Биё ки мову ту имрӯз мадҳушем	بیا که ما و تو امروز مدهوشیم
Даме Судобову гоҳе Сиёвушем	دمی سودابه و گاهی سیاووشیم
Муяссар нест бо сад ҳиллаву тарфанд	میسر نیست با صد حله و ترفند
Зи гови рус шири порсӣ дӯшем	ز گاو روس شیر پارسی دوشیم
Биё ки рус ҳам аз мо гурезон шуд	بیا که روس هم از ما گریزان شد
Ки гӯӣ ҳазрати Нӯҳ асту тӯфон шуд	که گویی حضرت نوح است و طوفان شد
Ба киштӣ Пушкин андар шавад охир	به کشتی پوشکین اندر شود آخر
Алифбои ману ту хатти бутлон шуд	الفبای من و تو خط بطلان شد
Биё ки Юсуфастему Зулайхое	بیا که یوسفستیم و زلیخایی
Рабуда бо фусуне банди тақвое	ربوده با فسونی بند تقوایی
Ба Яъқубаш қасам к-ин қиссаро бояд	به یعقوبش قسم کین قصه‌را باید
Ба таҳ бурд то нагаштем банди расвоӣ	به ته برد تا نگشتیم بند رسوایی ء
Харобтар зи мани хилватӣ хароб куҷо	خراب‌تر ز من خلوتی خراب کجا
Ба харобот таҳнишастатар шароб куҷо	به خرابات ته‌نشسته‌تر شراب کجا
Ба хоб рафта сарнавишти мани саргардон	به خواب رفته سرنوشت من سرگردان
Зи хоб ҷуз ба ҳуруфаш бигӯ ки хоб куҷо	ز خواب جز به حروفش بگو که خواب کجا
Ба батолат супурда умр бедареғу чи ҳайф	به بطالت سپرده عمر بی‌دریغ و چه حیف
Ба шарофат қасам ки нест яқин боб куҷо	به شرافت قسم که نیست یقین باب کجا
Обу нонам ба дӯши Ҳурмузу ҳисоб ҳаром	آب و نانم به دوش هرمز و حساب حرام
Бигӯ ки баҳри мани хом нону об куҷо	بگو که بهر من خام نان و آب کجا
Ба обу нон насибам мабод агар донам	به آب و نان نصیبم مباد اگر دانم
Ки буданам ба рaҳёбии шабоб куҷо	که بودنم به رهیابی شباب کجا
Зи шуъбахоҳ забону пареш қавми Аҷам	ز شعبه‌خواه زبان و پریش قوم عجم
Фаррортар зи таби қисму иншиъоб куҷо	فرّار‌تر ز تب قسم و انشعاب کجا
Агар ба дори фалак гиряам насибам буд	اگر به دار فلک گریه‌ام نصیبم بود
Бигӯ гуноҳ куҷо будаву савоб куҷо…	بگو گناه کجا بوده و ثواب کجا
Лаҳзаҳои азимати сол	لحظه‌های عزیمت سال
Хӯшаҳои расида уфтода	خوشه‌های رسیده افتاده
Ғужми ангури таракхурда ба ток	غژم انگور ترک‌خورده به تاک
Себи сурхи ба боғ нопайдо	سیب سرخ به باغ ناپیدا
Боғи пурҳодисаи саргардон	باغ پرحادثۀ سرگردان ء
Дерест аз азимати мурғон нагуфтаам	دیری‌ست از عزیمت مرغان نگفته‌ام
Гӯӣ ки ин ҳадис ба уқбо нуҳуфтаам	گویی که این حدیث به عقبی نهفته‌ام
Дерест шаддаҳои дили бепадаршуда	دیری‌ست شدّه‌های دل بی‌پدرشده
Бо ашки бепадаршудагонам насуфтаам	با اشک بی‌پدرشدگانم نسفته‌ام
Бо пилки шод аз фараҳи рӯзгор ҳам	با پلک شاد از فرح روزگار هم
Дерест аз ҷафои балоё нахуфтаам	دیری‌ست از جفای بلایا نخفته‌ام
Ин ғам чу баргҳои хазони фурӯшуда	این غم چو برگ‌های خزان فروشده
То умқи қалби зор баночор руфтаам	تا عمق قلب زار به‌ناچار رُفته‌ام
Дерест ҷуз ба зӯзаи хомӯши гурги пир	دیری‌ست جز به زوزۀ خاموش گرگ پیر
Дар ин сарои ғам сухане ношунуфтаам…	در این سرای غم سخنی ناشنفته‌ام
Туро агар ба дилам роҳ нест бо худ бош	تو‌را اگر به دلم راه نیست با خود باش
Чи бад ки шакли абри осмон мутеъи ту нест	چه بد که شکل ابر آسمان مطیع تو نیست
Ин кофарони ҳубби Ватан бин ки оқибат	اين کافران حب وطن بين که عاقبت
Кошонаҳо ба вифқи мурод офаридаанд	کاشانه‌ها به وفق مراد آفريده‌اند
Аз хиффати мардум ба салобат расидаанд	از خفت مردم به صلابت رسيده‌اند
Номусҳо фурӯхта боме харидаанд	ناموس‌ها فروخته بامی خريده‌اند
Ин осиёби давр чи воруна меравад	اين آسياب دور چه وارونه می‌رود
Бечора он ки ишқи Ватанро ба сина кошт	بيچاره آن که عشق وطن‌را به سينه کاشت
Овора он ки меҳани худро азиз дошт	آواره آن که ميهن خود‌را عزيز داشت
Афсурда он ки дар раҳи ишқаш қадам гузошт	افسرده آن که در ره عشقش قدم گذاشت
Нохалафтар зи ту кас ҳаст ба паҳнои Замин	ناخلف‌تر ز تو کس هست به پهنای زمين
Ки замини падариаш бидиҳад муфт ба Чин	که زمين پدری‌اش بدهد مفت به چين
Чинҳо бар рухи миллат фиканӣ бепарво	چين‌ها بر رخ ملت فکنی بی‌پروا
Эй аҷузи бемурувват аҳмақи чарбҷабин	ای عجوز بی‌مروت احمق چرب‌جبين
Во дареғо-и Самарқанду Бухорои ту ку	وا دريغای سمرقند و بخارای تو کو
Эй бухори ғайрату сояи гурдони матин	ای بخار غيرت و سايۀ گردان متين
Хонаат сӯхта бодо ки заминам бидиҳӣ	خانه‌ات سوخته بادا که زمينم بدهی
Ба изои ду пашизи бадали сохти Пекин	به ازاء دو پشيز بدل ساخت پکين
Ду пашизе ки таҳи ҷайби дарозат биравад	دو پشيزی که ته جيب درازت برود
То бисозӣ ду-cе кохи дигари ҷаҳлнигин	تا بسازی دو سه کاخ دگر جهل‌نگين
Коҳи андӯҳи хиёнат ба куҷо даррезам	کاه اندوه خيانت به کجا درريزم
Кӯҳи фарёди ҳазимат ба сарам рехт чунин	کوه فرياد هزيمت به سرم ريخت چنين
Бузург буд ба вусъати равону қалбаш	بزرگ بود به وسعت روان و قلبش
Донаҳои анори дилашро мешуд диду шумурд шаффоф буд	دانه‌های انار دلش‌را می‌شد ديد و شمرد؛ شفاف بود
Сахтгир буд ба андозаи сахтиҳои кашидааш	سختگير بود به اندازۀ سختی‌های کشيده‌اش
Матин буд ҳамтои устувории рӯҳу пайкараш	متين بود همتای استواری روح و پيکرش
Ганҷинае аз андӯхтаҳову донистаҳо буд ва ҳамкалому ҳамнишини доноёни даврон	گنجينه‌ای از اندوخته‌ها و دانسته‌ها بود و هم‌کلام و هم‌نشين دانايان دوران
Агар миёни мо мебуд рӯзи десомбр даймоҳ мешуд	اگر ميان ما بود روز سوم دی‌‌ماه ساله می‌شد
Ҳафт сол пеш аз канори мо рафт то барои ҳамеша бимонад ҷовидному зиндаёд шуд	هفت سال پيش از کنار ما رفت تا برای هميشه بماند؛ جاويدنام و زنده‌ياد شد
Марде буд ки зиндагиро лаҳза ба лаҳза зист ва то метавонист барои мардуми дуру наздик судрасон буд	مردی بود که زندگی‌اش‌را لحظه به لحظه زيست و تا می‌توانست برای مردم دور و نزديک سودرسان بود
Ин шаҳсавори хирад Олмуҳаммади Раҷаб падарам буд ки ҳузурашро пешорӯи Шаби Ялдо ва дар остонаи зодрӯзи фархундааш ҳар он канорам эҳсос мекунам	اين شهسوار خِرَد آل‌محمد رجب پدرم بود که حضورش‌را پيشاروی شب يلدا و در آستانۀ زادروز فرخنده‌اش هر آن در کنارم احساس می‌کنم
Ин буд ки имшаб пас аз қаҳри чандинмоҳаи мурғи илҳом шеъргунае аз зеҳнам таровид бад-ин шарҳ	اين بود که امشب پس از قهر چندين‌ماهۀ مرغ الهام شعرگونه‌ای از ذهنم تراويد بدين شرح
Кӯҳи ғурур	کوه غرور
Кӯҳ буд	کوه بود
Рӯҳи бузургаш ки пур аз маъдани ишқи сара буд	روح بزرگش که پر از معدن عشق سره بود
Бачаи оби хурӯшону танини дара буд	بچۀ آب خروشان و طنين دره بود
Чашма буд	چشمه بود
Чашмаи дармони ҳама дарду балои қадарӣ	چشمۀ درمان همه درد و بلای قدری
Чорасози дили вомонда ки ҳар чи шумарӣ	چاره‌ساز دل وامانده که هر چه شمری
Қомате дошт ки аз Рустами Дастон ҳикоят мекард	قامتی داشت که از رستم دستان حکايت می‌کرد
Оламеро ҳама мабҳут ба нерӯи мекард	عالمی‌را همه مبهوت به نيروی درايت می‌کرد
Фарри ӯ	فرّ او
Мояи дили хурду бузург	مايۀ تنوير دل خرد و بزرگ
Ақли ӯ	عقل او
Монеъи тазвири даду деви сутург	مانع تزوير دد و ديو سترگ
Босалобат	باصلابت
Шаҳсавори аспи фарҳангу хирад	شهسوار اسپ فرهنگ و خِرَد
Ҳама таслими лагомаш чи некӯву чи бад	همه تسليم لگامش چه نيکو و چه بد
Ҳафт сол аст ки аз нури рухаш файз набурдам аламо	هفت سال است که از نور رخش فيض نبردم الما
Вонагуфтам моҷароҳои пур аз дарду ғамо	وانگفتم ماجراهای پر از درد و غما
Ҳафт сол аст ки аз андӯҳ карам	هفت سال است که از ضجۀ اندوه کرَم
Дар сиёҳии ғамаш бебасарам	در سياهی غمش بی‌بصرم
Бепадарам	بی‌پدرم
Кӯҳ буд	کوه بود
Кӯҳи ғурурам таҳи хок уфтода	کوه غرورم ته خاک افتاده
Чашма буд	چشمه بود
Оби шифо раҳ ба биёбон дода	آب شفا ره به بيابان داده
Ҳон	هان
Мегӯ ки аз	ميگو که يلان از ابدالآبادند
Шаҳсаворони хирад аз шари марг озоданд	شهسوران خِرَد از شر مرگ آزادند
Рӯҳи ӯ нест магар дар шафақи ёзида	روح او نيست مگر در شفق ِ يازيده
Дар замину оташу боду дар оби дида	در زمين و آتش و باد و در آب ديده
Дар нигоҳу нафасу зикру каломи модар	در نگاه و نفس و ذکر و کلام مادر
Ки наояд ба ду олам аҳаде з-ӯ бартар	که نيايد به دو عالم احدی زو برتر
Адолатро	عدالت را
Ки мардест ошуфтаву жулидамӯ	که مردی‌ ست آشفته و ژوليده مو
Бо фарёдҳои хафа	با فريادهای خفه
Дар майдони Тарафулғори Ландан	در ميدان طرف الغار لندن
Пои чӯбаи дор мебаранд	پای چوبۀ دار می‌برند
Ва ман	و من
Дасти зарифи ту дар дасти меҳолуди хиёл	دست ظريف تو در دست مه آلود خيال
Ба тамошои ҳодиса нишастаам	به تماشای حادثه نشسته ام
Чашми маъсуму гӯспандонаи ҷаллод	چشم معصوم و گوسپندانۀ جلاد
Аз пушти кулоҳхӯди сиёҳ	از پشت کلاه خود سياه
Бо нигоҳи нигарони ту гиреҳ мехурад	با نگاه نگران تو گره می‌خورد
Хира мешавад	خيره می‌شود
Таҳлил меравӣ	تحليل می‌روی
Ҷаллод бегуноҳона	جلاد بی گناهانه
Бе ин ки аз ту нигоҳ бардорад	بی اين که از تو نگاه بردارد
ҳалқа меандозад	حلقه می‌اندازد
Адолат	عدالت
Фарёди хафа	فرياد خفه
Чанд такони дасту пои баста	چند تکان دست و پای بسته
Ва хомӯшӣ	و خاموشی
Ашки чашмони гӯспандвор	اشک چشمان گوسپندوار
Чӯбаи дорро мешӯяд	چوبۀ دار‌را می‌شويد
Дар майдони Тарафулғор	در ميدان طرف الغار
Гиёҳи сиёҳи нафрат	گياه سياه نفرت
Худ ба худ	خود به خود
Мерӯяд	می رويد
Ҷаллоди ашкбор	جلاد اشکبار
Печакҳои бебӯро мебӯяд	پيچک‌های بی بو‌را می‌بويد
Ва ту мабҳути ҳодиса	و تو مبهوت حادثه
Дар нигоҳи лоли ҷаллод табхир шудаӣ	در نگاه لال جلاد تبخير شده ای
Дасти хиёлам буридаӣ	دست خيالم بريده ای
Ва ба зодрӯзат расидаӣ	و به زادروزت رسيده ای
Дер зӣ	دير زی
То шояд Адолате дигар бизоӣ	تا شايد عدالتی ديگر بزايی
Рӯзи мавлуди туро дар таби ҳасрат сипарам	روز مولود تو‌را در تب حسرت سپرم
Бори андӯҳи ту ин бор на осуда барам	بار اندوه تو اين بار نه آسوده برم
Гуфта будӣ ки дигарбора паёмат надиҳам	گفته بودی که دگرباره پيامت ندهم
Ин ту гуфтӣ ё ҳамоне ки канад болу парам	اين تو گفتی يا همانی که کنَد بال و پرم
Ё ҳамоне ки адоват дилу динаш бирабуд	يا همانی که عداوت دل و دينش بربود
Ҳар ду гунҷишки маро бурду қарору қадарам	هر دو گنجشک مرا برد و قرار و قدرم
Эй дили поки ту дар чанги яхи бемеҳрӣ	ای دل پاک تو در چنگ يخ بی ‌مهری
Эй рухи шоди ту махдуш зи тӯпу ташарам	ای رخ شاد تو مخدوش ز توپ و تشرم
Ин ту гуфтӣ ё ҳамоне ки сароямро сӯхт	اين تو گفتی يا همانی که سرايم‌را سوخت
Дар лаҳиби оташи рашку гурезон зи барам	در لهيب آتش رشک و گريزان ز برم
Хашму ҳирмону гирифторию худбезорӣ	خشم و حرمان و گرفتاری و خودبيزاری
Чашми гирёну гунаҳкорӣ шуда ҳамсафарам	چشم گريان و گنهکاری شده همسفرم
Хонабардӯшу тиҳихона сари хони қадар	خانه بردوش و تهی خانه سر خوان قدَر
Ҳамдами шамъу ғурубу ҳамнишини қамарам	همدم شمع و غروب و همنشين قمرم
Кош хокам ба даҳан меҳр намепарвардам	کاش خاکم به دهن مهر نمی پروردم
Меҳри дидори туам бехта хоке ба сарам	مهر ديدار توام بيخته خاکی به سرم
Боз оғӯши маро лона тавонӣ кардан	باز آغوش مرا لانه توانی کردن
Боз гӯшам бинавозиву бигӯӣ	باز گوشم بنوازی و بگويی
падарам	پدرم
Боз оӣ ки Аҳуро ба барам биншинад	باز آيی که اهورا به برم بنشيند
Бисароӣ	بسرايی
ки зи нобудии овоз карам	که ز نابودی آواز کرَم
Занги дар кандаму занҷир ба ҷояш бастам	زنگ در کندم و زنجير به جايش بستم
Кӯст ангушти зарифат бизанад занги дарам	کوست انگشت ظريفت بزند زنگ درم
Кӯст обии нигоҳат сурхи лабҳоят кӯ	کوست آبی نگاهت سرخ لبهايت کو
Зардии зулфи туро дар чӣ китобе нигарам	زردی زلف تو‌را در چه کتابی نگرم
Акси ларзони ту ҷону ҷигарам месӯзад	عکس لرزان تو جان و جگرم می‌سوزد
Ҷигарам во ҷигарам во ҷигарам во ҷигарам	جگرم وا جگرم وا جگرم وا جگرم
Дигар чизе моро шигифтзада намекунад	ديگر چيزی ما‌را شگفت‌ زده نمی کند
Гӯё офарида шудаем то дар таҳи чоҳи ҳақорат битапем	گويا آفريده شده ايم تا در ته چاه حقارت بتپيم
Забони вазину баландовозаамон дар хостгоҳаш забун шуд	زبان وزين و بلندآوازه مان در خاستگاهش زبون شد
Пазируфтем	پذيرفتيم
Хатти мо пайвандамонро бо гузаштаву имрӯзу фардо хат заду бурид	خط ما پيوندمان‌را با گذشته و امروز و فردا خط زد و بريد
Пазируфтем	پذيرفتيم
Тоҷикҳоро даста-даста водор ба тағйири ҳувият карданд	تاجيک ها‌را دسته دسته وادار به تغيير هويت کردند
Пазируфтем	پذيرفتيم
Наврӯзамон дар гоҳшумории аҷнабӣ берӯзу овора шуд	نوروزمان در گاهشماری اجنبی بی روز و آواره شد
Пазируфтем	پذيرفتيم
Ҳасрати Бухорову Самарқанд шеър шуд тарона шуд достон шуд яъс шуд ва дар ниҳонхонаи дилҳои мо хушкид	حسرت بخارا و سمرقند شعر شد ترانه شد داستان شد ياس شد و در نهانخانۀ دل‌های ما خشکيد
Пазируфтем	پذيرفتيم
Ангор мо офарида шудаем то ҳар нопазируфтаниро бипазирем ҳар носутуданиро биситоем ва ҳар номаъқулеро маъқул бидонем	انگار ما آفريده شده ايم تا هر ناپذيرفتنی‌را بپذيريم هر ناستودنی‌را بستائيم و هر نامعقولی‌را معقول بدانيم
Ва сарвароне ки бар тахти мо такя заданд ҳамагӣ аз ин бардахӯии мо торе таниданд ва моро бар он тор муҳкамтар бастанд то беш аз пеш пазирои нопазируфтаниҳо бошем	و سرورانی که بر تخت ما تکيه زدند همگی از اين برده خويی ما تاری تنديدند و ما‌را بر آن تار محکم تر بستند تا بيش از پيش پذيرای ناپذيرفتنی‌ها باشيم
Миллати рустамзои мо бо зиллату ситамҳои имрӯз хӯ гирифтааст	ملت رستمزای ما با ذلت و ستمهای امروز خو گرفته است
Боке нест ки қаторҳои мо дар он сӯи марз тавассути чанд узбак барои моҳҳо мутаваққиф шудаанд	باکی نيست که قطارهای ما در آن سوی مرز توسط چند ازبک برای ماهها متوقف شده اند
Онро ҳам мепазирем	آن‌را هم می‌پذيريم
То балои сел Кӯлобро дарнавардаду сарвари узбакро ба тараҳҳум водорад ва адад аз вогунҳои вомонда ба мақсади Тоҷикистон роҳ биуфтанд нидои дуруд бар Ислом Каримов	تا بلای سيل کولاب‌را درنوردد و سرور ازبک‌را به ترحم وادارد و عدد از واگن‌های وامانده به مقصد تاجيکستان راه بيفتند ندای درود بر اسلام کريمف
сар медиҳем ва аз расонаҳо ҷор мезанем ки ин сарвари узбак аҷаб хуб одамест	سر می‌دهيم و از رسانه‌ها جار می‌زنيم که اين سرور ازبک عجب خوب آدمی است
Ғаддории ӯро ғамхорӣ ҷилва медиҳем	غداری او‌را غمخواری جلوه می‌دهيم
Табоҳии ниятҳои он Темурланги Сониро хайрхоҳӣ унвон мекунем	تباهی نيت‌های آن تيمورلنگ ثانی‌را خيرخواهی عنوان می‌کنيم
Бухорову Самарқандро ба холи ҳиндуи номавҷудаш сад бори дигар мебахшем	بخارا و سمرقند‌را به خال هندوی ناموجودش صد بار ديگر می‌بخشيم
Ва фаромӯш мекунем ки ҳамин муддате пеш ин оқо мегуфт ба далели таъмири роҳи оҳан вуруди вогунҳо ба хоки Тоҷикистон номумкин аст	و فراموش می‌کنيم که همين مدتی پيش اين آقا می‌گفت به دليل تعمير راه آهن ورود واگن‌ها به خاک تاجيکستان ناممکن است
Фаромӯш мекунем аз ӯ бихоҳем ки садҳо вогуни боқимондаро ҳам раҳо кунад ҳоло ки ин чанд-торо фиристода	فراموش می‌کنيم از او بخواهيم که صدها واگن باقی مانده‌را هم رها کند حالا که اين چندتا‌را فرستاده
На мо миллати қаноъатпешаем	نه ما ملت قناعت پيشه ايم
Қаноъат мекунем то шояд рӯзе рӯзиамон ҳосил шавад	قناعت می‌کنيم تا شايد روزی روزیمان حاصل شود
Вале дареғ ки ҳосил намешавад ки ҳеч ботил ҳам мешавад	ولی دريغ که حاصل نمی شود که هيچ باطل هم می‌شود
Аз ёдамон меравад ки ҳаракат мояи баракат аст	از يادمان می‌رود که حرکت مايۀ برکت است
Ёдамон меравад ки мо дар арсаи байнулмилалӣ акнун бозигари мустақиллем	يادمان می‌رود که ما در عرصۀ بين المللی اکنون بازيگر مستقليم
Падар намехоҳем чун фарзанди миллате ғайр нестем	پدر نمی خواهيم چون فرزند ملتی غير نيستيم
Ёдамон меравад ки акнун бояд решаи мушкилотро танҳо ва танҳо дар худамон ҷӯё шавем	يادمان می‌رود که اکنون بايد ريشۀ مشکلات‌را تنها و تنها در خودمان جويا شويم
Агар узбакҳо роҳи вогунҳои моро бастаанд посухгӯ ононе ҳастанд ки сиёсати моро идора мекунанд	اگر ازبک‌ها راه واگن‌های ما‌را بسته اند پاسخگو آنانی هستند که سياست ما‌را اداره می‌کنند
Мудирони сиёсии мо масъули ҷону моли афроде ҳастанд ки ба онҳо раъй додаанд ё надодаанд ва пули зиндагии мураффаҳашонро мепардозанд	مديران سياسی ما مسئول جان و مال افرادی هستند که به آنها رای داده اند يا نداده اند و پول زندگی مرفهشان‌را می‌پردازند
Ва он сиёсатмадори савдоии рус Жириновский ном дубора зоҳир мешавад ва ҳарзаҳои сиёсии фаровоне аз мову шумо мегӯяд	و آن سياستمدار سودايی روز ژيرينوفسکی نام دوباره ظاهر می‌شود و هرزه‌های سياسی فراوانی از ما و شما می‌گويد
Онро ҳам мепазирем ё пушти гӯш меандозем	آن‌را هم می‌پذيريم يا پشت گوش می‌اندازيم
Аммо ёдамон меравад ки он мардак раҳбари як ҳизби сиёсии Русия аст Либерол-Демукрот ва Худоро чӣ дидӣ	اما يادمان می‌رود که آن مردک رهبر يک حزب سياسی روسيه است ليبرال دمکرات و خدا‌را چه ديدی
шояд рӯзе дар порлумон ё ҳатто давлати кишвараш дасти болое дошта бошад	شايد روزی در پارلمان يا حتا دولت کشورش دست بالايی داشته باشد
Жириновский мегӯяд ки мову шумо мустаҳаққи доштани як давлати мустақил нестем	ژيرينوفسکی می‌گويد که ما و شما مستحق داشتن يک دولت مستقل نيستيم
Родю Озодӣ ба нақл аз манобеъи русӣ аз қавли Жириновский менависад	راديو آزادی به نقل از منابع روسی از قول ژيرينوفسکی می‌نويسد
Тоҷикистон ва Қирғизистон ҳамчун давлат оянда надоранд	تاجيکستان و قرقيزستان همچون دولت آينده ندارند
Биёед дар он ҷо минтақаи нуҳуми федеролиро таъсис медиҳем	بيائيد در آنجا منطقۀ نهم فدرال‌را تاسيس دهيم
Дар Бишкек Рушайлоро раис таъйин мекунем ва ин минтақа минтақаи осиёимарказии Федеросюни Русия мешавад	در بيشکک روشايلو‌را رئيس تعيين می‌کنيم و اين منطقه منطقۀ آسيای مرکزی فدراسيون روسيه می‌شود
Бо ҳамин роҳ мушкилотро ҳал мекунем – ҳам нерӯи корӣ ҳам ҳамаи меваҳо гӯшт дар мо хоҳад буд ва ҳам он ҷо ягон бемор боқӣ нахоҳад монд	با همين راه مشکلات‌را حل می‌کنيم – هم نيروی کاری هم ميوه‌ها و گوشت خواهيم داشت و هم آنجا هيچ بيماری باقی نخواهد ماند
Яъне як сиёсатмадори Русия барои худаш нақшаи тозаеро тарсим кардааст ва Тоҷикистони моро дар ҳошияи он қарор дода ки маркази он зоҳиран Бишкек хоҳад буд бо раисе ки аз пеш таъйинаш карда	يعنی يک سياستمدار روسيه برای خودش نقشۀ تازه ای‌را ترسيم کرده است و تاجيکستان ما‌را در حاشيۀ آن قرار داده که مرکز آن ظاهراً بيشکک خواهد بود؛ با رئيسی که از پيش تعيينش کرده
Чашми тамаъ ба меваҳову гӯшти мо дӯхта ва тавҳин ҳам раво мебинад ки ҳамоно минтақаи мо маншаъи бемориҳост	چشم طمع به ميوه‌ها و گوشت ما دوخته و توهين هم روا می‌بيند که همانا منطقۀ ما منشا بيماری هاست
На ин хандадор нест	نه اين خنده دار نيست
Мусибати бехонумонӣ аст ки ба як марди бебасират иҷоза медиҳад ки дар як расонаи русӣ ин гуна табли расвоии моро бикӯбад	مصيبت بی خانمانی است که به يک مرد بی بصيرت اجازه می‌دهد که در يک رسانۀ روسی اين گونه طبل رسوايی ما‌را بکوبد
Жириновский аз шеваи таҳдиду таҳбиб кор мегираду мегӯяд	ژیرینوفسکی از شيوۀ تهديد و تحبيب کار می‌گيرد و می‌گويد
Биёед қатори Душанбе-Маскавро боздорем роҳҳои ҳавоиро бибандем	بيائيد قطار دوشنبه مسکو‌را بازداريم راه‌های هوايی‌را ببنديم
Содироти ҳама гуна маводди ғизоӣ аз Тоҷикистонро манъ кунем	صادرات واردات همه گونه مواد غذايی از تاجيکستان‌را منع کنيم
Ҳама тамосҳоро барои моҳ қатъ кунем	همۀ تماس ها‌را برای يکی دو ماه قطع کنيم
Вақте полиомелит тамом шуд он гоҳ боз роҳҳоро боз мекунем	وقتی پوليومليت تمام شد آن گاه باز راه ها‌را باز می‌کنيم
Оё ҳеч давлати бошахсияте чунин тавҳинро тоб хоҳад овард	آيا هيچ دولت باشخصيتی چنين توهين‌را تاب خواهد آورد
Жириновский як чеҳраи сиёсии Русия аст ки бояд посухгӯи гуфтаҳову кардаҳои худ бошад	ژیرینوفسکی يک چهرۀ سياسی روسيه است که بايد پاسخگوی گفته‌ها و کرده‌های خود باشد
Ӯ бепарво ҳаққи ҳокимияти кишвари моро зери суол бурдааст	او بی پروا حق حاکميت کشور ما‌را زير سؤال برده است
Оё ба ин ҳам бояд чашм пӯшид	آيا به اين هم بايد چشم پوشيد
Охир ин чашмпӯшиҳо зиндагии моро шабистоне кардааст беинтиҳо	آخر اين چشم پوشی‌ها زندگی ما‌را شبستانی کرده است بی انتها
Як давлати оянданигар бояд роҳҳои тозаеро барои раҳоӣ аз ин тангнои кафторнишин меҷусту меёфт	يک دولت آينده نگر بايد راه‌های تازه ای برای رهايی از اين تنگنای کفتارنشين می‌جست و می‌يافت
Кураи Замин ба баракати Парвардигор гирд аст ва корро барои ҳар давлате содатар карда	کرۀ زمين به برکت پروردگار گرد است و کار‌را برای هر دولتی ساده تر کرده
Оё барои дарки бадсиголии ҳамнишинони пешин сол басанда набуд	آيا برای درک بدسگالی هم نشينان پيشين سال بسنده نبود
Оё сол барои ёфтани маъбаре дигар муддати зиёде нест	آيا سال برای يافتن معبری ديگر مدت زيادی نيست
Асафнок аст вақте мебинӣ ки ҷомеъае бо ин ҳама дардисар саргарми масоиле чун чандҳамсарӣ ва рӯсарист	اسفناک است وقتی می‌بينی که جامعه ای با اين همه دردسر سرگرم مسايلی چون چندهمسری و روسری است
Бероҳнамоист ки ҷомеъаро ба бероҳа меронад	بی راهنمايی است که جامعه‌را به بی راهه می‌برد
Ин ҳама ҳасратро пазируфтем аммо ҳасрати тоҷик буданро ба ҳеч рӯй наметавон пазируфт	اين همه حسرت‌را پذيرفتيم اما حسرت تاجيک بودن‌را به هيچ روی نمی توان پذيرفت
Ҳатто мо аз тавоноии пазириши он оҷизем	حتا ما از توانايی پذيرش آن عاجزيم
Тоҷикон давлати худро мехоҳанд давлати тавонманду дорои усул ки битавонад дар баробари ҳарфи зӯр қад алам кунад	تاجيکان دولت خود‌را می‌خواهند؛ دولتی توانمند و دارای اصول که بتواند در برابر حرف زور قد علم کند
Давлате ки ҳофизи манфиъатҳои мардуми худ бошад	دولتی که حافظ منفعت‌های مردم خود باشد
Давлате ки дар паи ҳадиси Роғун ва шеъру таронаҳои роғунона худи Роғунро ҳам ба миллат таҳвил бидиҳад Давлате ки муттакӣ ба зӯру иродаи мардуми худ бошад	دولتی که در پی حديث راغون و شعر و ترانه‌های راغونانه خود راغون‌را هم به ملت تحويل دهد
пуштгарми сирфан мардуми худ бошад мардуме бедору ҳушёр ва огоҳ аз хобҳое ки ҳамсоягони норафиқ барояш дидаанд	دولتی که متکی به زور و ارادۀ مردم خود باشد؛ پشتگرم ِ صرفاً مردم خود باشد؛ مردمی بيدار و هوشيار و آگاه از خواب هايی که همسايگان نارفيق برايش ديده اند
Сабза яке аз муҳимтарин намодҳои Наврӯз дар пайванд бо табиъат ва кишоварзист ки таҳияи он дар Эрон Осиёи Миёна Озарбойҷон ва бахшҳое аз Афғонистон бо номҳои гуногун роиҷ аст	سبزه یکی از مهم‌ترین نمادهای نوروز در پیوند با طبیعت و کشاورزی است که تهیۀ آن در ایران آسیای میانه و آذربایجان و بخش‌هایی از افغانستان با نام‌های گوناگون رایج است
Мардуми Осиёи Миёна бахусус Тоҷикистон сабзаро саманӣ ё суманак меноманд ва онро дар маросими ҷашни Наврӯз ки ба сурати дастаҷамъӣ ва дар хориҷ аз хона баргузор мешавад бо худ ҳамл мекунанд	مردم آسیای میانه به‌خصوص در تاجیکستان سبزه‌را سُمَنَک می‌نامند و آن‌را در مراسم جشن نوروز که به صورت دسته‌جمعی و در خارج از خانه برگزار می‌شود با خود حمل می‌کنند
Сабза дар Ҷумҳурии Озарбойҷон низ ба ҳамин ном ва аз аҷзоъи муҳимми суфраи наврӯзӣ ва намоди ҳосил ва кишти хуб аст	سبزه در جمهوری آذربایجان نیز با نام سَمنی از اجزاء مهم سفره نوروزی و نماد حاصل و کشت خوب است
Агарчи зартуштиёни Эрон сабзаро монанди дигар эрониён ба хони наврӯзии худ мегузоранд ва онро ба забони маҳаллии худ дарӣ шеше меноманд дар баъзе рустоҳои зартуштинишини Язд мардум дар рӯзи Наврӯз шохаи сабзеро бар сари дари хонаи худ овезон мекунанд ки нишон аз ҳузури соҳибхона даъват ба иддиданӣ ва хушомадгӯӣ ба меҳмонон дорад	اگرچه زرتشتیان ایران سبزه‌را مانند دیگر ایرانیان بر خوان نوروزی خود می‌گذارند و آن‌را به زبان محلی خود دری شِشِه می‌نامند در بعضی روستاهای زرتشتی‌نشین یزد مردم در روز نوروز شاخۀ سبزی‌را بر سر در خانۀ خود آویزان می‌کنند که نشان از حضور صاحب‌خانه دعوت به عید دیدنی و خوش‌آمدگویی به مهمانان دارد
Ҳамин суннат дар байни эзадиён язидиҳо-и Ироқ низ дида мешавад	همین سنت در بین ایزدیان یزیدی‌های عراق نیز دیده می‌شود
Дар бахшҳое аз Афғонистон ва дар миёни мардуми Пешовари Покистон ки Наврӯзро муфассал ҷашн мегиранд расм бар ин аст ки дар нахустин рӯз аз айёми Наврӯз пас аз баргузории маросими таҳвили сол ҳамагон ба беруни шаҳр ва ба сабзазорҳо мераванд ва таи маросиме бо пои бараҳна рӯи сабзаҳо ва чаман роҳ мераванд ва ин корро сабза лагад кардан мегӯянд ва онро боъиси истимрор ба дарозо кашидан-и шодию некбахтӣ дар соли нав медонанд	در بخش‌هایی از افغانستان و در میان مردم پیشاور پاکستان که نوروز‌را مفصل جشن می‌گیرند رسم بر این است که در نخستین روز از ایام نوروز پس از برگزاری مراسم تحویل سال همگان به بیرون شهر و سبزه‌زارها می‌روند و طی مراسمی با پای برهنه روی سبزه‌ها و چمن راه می‌روند و این کار‌را سبزه لگد کردن می‌گویند و آن‌را باعث استمرار شادی و نیک‌بختی در سال نو می‌دانند
Дар мавриди сабза ба шакли имрӯзии он ривоёти торихии зиёде вуҷуд надорад	در مورد سبزه به شکل امروزی آن روایات تاریخی زیادی وجود ندارد
Ба назар мерасад коштани донаҳои ғаллот дар рӯзҳои пеш аз Наврӯз ва нигаристан ба рӯиши донаҳо аз ойинҳои куҳани эрониён будааст	به نظر می‌رسد کاشتن دانه‌های غلات در روزهای پیش از نوروز و نگریستن به رویش دانه‌ها از آئین‌های کهن ایرانیان بوده‌است
Кишоварзони он замон рушди донаҳои кошташуда ба сурати сабза дар гардиши соли куҳна ба соли навро мазҳаре аз рушди хуби он дона дар соли нави кишоварзӣ мепиндоштанд	کشاورزان آن زمان رشد دانه‌های کاشته‌شده به صورت سبزه در گردش سال کهنه به سال نو‌را مظهری از رشد خوب آن دانه در سال نوِ زراعی می‌پنداشتند
Бар тибқи таҳқиқоти Алии Булукбошӣ дар китоби Наврӯз – ҷашни навзоии офариниш дар давраи Сосонӣ донаҳои ғаллоту ҳубуботро рӯз пеш аз омадани баҳору Наврӯз мекоштанд	بر طبق تحقیقات علی بلوکباشی درکتاب نوروز جشن نوزایی آفرینش در دورۀ ساسانی دانه‌های غلات و حبوبات‌را بیست و پنج روز پیش از آمدن بهار و نوروز می‌کاشتند
Дар саҳни дарбор сутуни хиштӣ ба нишонаи моҳи сол барпо мешуд ва бар ҳар сутун донаҳои гандум ҷав биринҷ адас навъе мош боқилӣ коҷила ё коҷира арзан зуррат ҷуворӣ лӯбиё нахуд кунҷид ва мош мекоштанд	در صحن دربار دوازده ستون خشتی به نشانۀ دوازده ماه سال برپا می‌شد و بر هر ستون دانه‌های گندم جو برنج عدس باقلی کاجیله یا کاجیره ارزن ذرت لوبیا نخود کنجد و ماش می‌کاشتند
Ин ҳубубот барои тафаъул фолгирӣ кошта мешуданд ва гумон мекарданд ки ҳар як аз онҳо ки борвартар шуд маҳсулаш дар он сол фаровонтар хоҳад буд	این حبوبات برای تفال کاشته می‌شدند و گمان می‌کردند که هر یک از آنها که بارورتر شد محصولش در آن سال فراوان‌تر خواهد بود
Аз ин рӯ дар фасли кишти он сол аз он дона бештар мекоштанд	از این رو در فصل کشت آن سال از آن دانه بیشتر می‌کاشتند
Бо вуҷуди ин бар асоси таҳқиқоти Ҳошими Разӣ пажӯҳишгари эронӣ дар китоби Ҷашнҳои об расми рӯёндан ва сабз кардани донаҳо фаротар аз ин дар қолиби ҷашнҳои Акиту ва Одунис дар Сумер ва Бобил низ ёфт мешавад ки дар он гиёҳонеро ҳашт рӯз мерӯёнданд ва тайи ойине ба дарё ё рӯдхона меандохтанд	با وجود این بر اساس تحقیقات هاشم رضی پژوهشگر ایرانی در کتاب جشن‌های آب رسم رویاندن و سبز کردن دانه‌ها فراتر از این در قالب جشن‌های آکیتو و آدونیس در سومر و بابل نیز یافت می‌شود که در آن گیاهانی‌را هشت روز می‌رویاندند و طی آئینی به دریا یا رودخانه می‌انداختند
Суннати таҳияи сабха ҳанӯз чун гузашта боқӣ мондааст ва ҳар хонавода аз ду-се ҳафта қабл аз Наврӯз гоҳ ба шумори афроди хонавода ҳубуботе ҳамчун гандум ва мошро сабз мекунанд	سنت تهیۀ سبزه هنوز چون گذشته باقی مانده‌است و هر خانواده از دو سه هفته قبل از نوروز گاه به شمار افراد خانواده حبوباتی همچون گندم و ماش‌را سبز می‌کنند
Бархе низ тухми тартезак ё кунҷидро рӯи кӯзаҳои суфолӣ мерӯёнданд	برخی نیز تخم ترتیزک یا کنجد‌را روی کوزه‌های سفالی می‌رویانند
Бино бар гуфтаи Алии Булукбошӣ дар рустоҳои навоҳии марказии Эрон дар тоқчаҳо ва сутунҳои хонаҳо ғалла мекоранд	بنا برگفتۀ علی بلوکباشی درروستاهای نواحی مرکزی ایران در طاقچه‌ها و ستون‌های خانه‌ها غله می‌کارند
Мардуми минтақаи Хӯри устони Исфаҳон низ бино бар суннати ниёкони худ дар ҳафт тоқчаи ҳаёти хона ҷав мекоранд ва онро боғӯ меноманд	مردم منطقۀ خور استان اصفهان نیز بنا بر سنت نیاکان خود در هفت طاقچۀ حیاط خانه جو می‌کارند و آن‌را باغو می‌نامند
Ҳамчунин дар рустои Ҳасан-Лингӣ дар Бандар Аббос мардум ҳастаи хурмо дар боғчаи хонаҳояшон мекоранд ва бар рӯи кӯзаи қалён сабза сабз мекунанд	همچنین در روستای حسن لنگی در بندرعباس مردم هستۀ خرما در باغچۀ خانه‌هایشان می‌کارند و بر روی کوزۀ قلیان سبزه سبز می‌کنند
Имрӯз таҳияи сабза байни эрониён ва дигар ақвом бо тахайюл ва зеҳнияти ҳунарӣ омехта ва ба василае барои озин ороиш-и баҳорӣ ва наврӯзӣ табдил шудааст	امروز تهیۀ سبزه بین ایرانیان و دیگر اقوام با تخیل و ذهنیت هنری آمیخته و به وسیله‌ای برای آذین بهاری و نوروزی تبدیل شده‌است
Дар гузориши мусаввари ин сафҳа Нико Тобиш бархе аз идеҳои муртабит бо рӯёндани сабза ва фурмҳои тазйинии онро дар канори синӣ лаълӣ ва қоб зарф нишон медиҳад	در گزارش مصور این صفحه نیکا تابش برخی از ایده‌های مرتبط با رویاندن سبزه و فرم‌های تزئینی آن‌را در کنار سینی و قاب نشان می‌دهد
Қитъаи мусиқии бакоррафта дар ин гузориши тасвирӣ сохтаи Лайло Ҳакими Илоҳӣ аз лавҳи фишурдаи Ин гӯша то ун гӯша аст	قطعۀ موسیقی به‌کاررفته در این گزارش تصویری ساختۀ لیلا حکیم الهی از لوح فشردۀ این گوشه تا اون گوشه است
Фарохони Бунёди хайрияи Варорӯд	فراخوان بنياد خيريۀ ورارود
Тоҷикистон дар остонаи як зимистони сахти дигар қарор дорад дар ҳоле ки кишвар ҳамчунон даргири буҳронҳои молӣ ва энержист Фақиртарин кишвари Осиёи Миёна дар зарфи зимистонҳои гузашта талафоти ҷонии фаровонеро мутаҳаммил шуд	تاجيکستان در آستانۀ يک زمستان سخت ديگر قرار دارد در حالی که کشور همچنان درگير بحران‌های مالی و انرژی ‌است
Тайи моҳҳои сарди зимистон милюнҳо тан дар саросари кишвар аз гармӣ барқ ва оби ошомиданӣ маҳрум буданд	فقيرترين کشور آسيای ميانه در ظرف زمستان‌های گذشته تلفات جانی فراوانی‌را متحمل شد
кӯдакон маҷбур буданд дар хонаҳояшон бимонанд ва барои муқобила бо сармо ба падару модаронашон кумак кунанд камбуди хурокӣ ба мусибате бузург табдил шуда буд ва мағозаҳо маводди ғизоии кофӣ дар бисоташон надоштанд	طی ماه‌های سرد زمستان ميليون‌ها تن در سراسر کشور از گرمی برق و آب آشاميدنی محروم بودند؛ کودکان مجبور بودند در خانه‌هاشان بمانند و برای مقابله با سرما به پدر و مادرانشان کمک کنند؛ کمبود خوراکی به مصيبتی بزرگ تبديل شده بود و مغازه‌ها مواد غذايی کافی در بساطشان نداشتند؛ بسياری از کودکان نوزاد به دليل سرما و نبود برق در بيمارستان‌ها و زايشگاه‌ها جان دادند
бисёре аз кӯдакони навзод ба далели сармо ва набуди барқ дар бемористонҳову зоишгоҳҳо ҷон доданд	زمستان سخت در تاجيکستان به معنای گسترش بیماری‌ها و گرسنگی ميان مردم آن کشور است
Зимистони сахт дар Тоҷикистон ба маънои густариши бемориҳову гуруснагӣ миёни мардуми он кишвар аст Ҷолиб ин ҷост ки Тоҷикистон дорои яке аз бузургтарин зарфиятҳои нерӯи обӣ дар ҷаҳон аст аммо бештар аз ҳар кишвари дигар дар минтақа дучори камбуди барқ мешавад	جالب اين جاست که تاجيکستان دارای يکی از بزرگ‌ترين ظرفيت‌های نيروی آبی در جهان است اما بيشتر از هر کشور ديگر منطقه دچار کمبود برق می‌شود
Саранҷом давлати ин кишвар тасмим гирифтааст мавзӯъи итмоми сохтмони нерӯгоҳи Роғун канори рӯди Вахшро ҷиддӣ бигирад	سرانجام دولت اين کشور تصميم گرفته‌است موضوع اتمام ساختمان نيروگاه راغون کنار رود وخش‌را جدی بگيرد
Ин тарҳ ки соли оғоз шуда буд бо фурӯпошии Иттиҳоди Шӯравӣ мунҷамид шуд	اين طرح که سال آغاز شده بود با فروپاشی شوروی منجمد شد
Ваъдаи Русия дар мавриди такмили садди Роғун ба вуқӯъ напайваст зеро Узбакистон мухолифи сарсахти тарҳ Маскавро мунсариф кард	وعدۀ روسيه در مورد تکميل سد راغون به وقوع نپيوست زيرا ازبکستان مخالف سرسخت طرح مسکو‌را منصرف کرد
Узбакистон роғиб нест ки мавқеъияти истисноии худро дар сомонаи тавзеъи нерӯи минтақа аз даст бидиҳад	ازبکستان راغب نيست که موقعيت استثنايی خود‌را در سامانۀ توزيع نيروی منطقه از دست بدهد
Тарҳи нерӯгоҳи Роғун шомили эҳдоси дастгоҳи тавлиди барқи обӣ мешавад ки дорои зарфияти тавлиди меговотт барқ ҳастанд	طرح نيروگاه راغون شامل احداث شش دستگاه توليد برق آبی می‌شود که دارای ظرفيت توليد مگاوات برق هستند
Такмили сохтмони садди Роғун ба масобеҳи поёни ранҷҳои зимистонии мардум хоҳад буд	تکميل ساختمان سد راغون به مثابه پايان رنج‌های زمستانی مردم خواهد بود
Бунёди хайрияи Варорӯд дар Ландан аз ҳамаи башардӯстон ва ёрони Тоҷикистон мехоҳад ки бо пардохти маблағ ба ҳисоби бонкии зерин ба тоҷикон кумак кунанд то тарҳи Роғунро худашон ба анҷом бирасонанд	بنياد خيريۀ ورارود در لندن از همۀ بشردوستان و ياران تاجيکستان می‌خواهد که با پرداخت مبلغ به حساب بانکی زيرين به تاجيکان کمک کنند تا طرح راغون‌را خودشان به انجام برسانند
Бунёди хайрияи Варорӯд талош хоҳад кард ки як кумисюни мустақил бар истифодаи ҳадафманду дақиқ аз манобеъи молии ҷамъоваришуда назорат кунад	بنياد خيريۀ ورارود تلاش خواهد کرد که يک کميسيون مستقل بر استفادۀ هدفمند و دقيق از منابع مالی جمعاوری‌شده نظارت کند
Яке аз ҳадафҳои сабтшудаи Бунёди Варорӯд кумак ба раҳоии мардуми тоҷик дар саросари ҷаҳон аз фақру дармондагист	يکی از هدف‌های ثبت‌شدۀ بنياد ورارود کمک به رهايی مردم تاجيک در سراسر جهان از فقر و درماندگی است
Лутфан ба решакан кардани фақру бенавоӣ дар кишвари зебои Тоҷикистон кумак кунед	لطفاً به ريشه‌کن کردن فقر و بينوايی در کشور زيبای تاجيکستان کمک کنيد
