Ҳаводиси рӯзҳои охар дар Эрон тамоми ҷаҳонро ба худ ҷалб намуда	حوادث روزهای آخر در ایران تمام جهان‌را به خود جلب نموده
Мутмаъинам ки мардуми Тоҷикистон ҳам аз аҳволи Эрон нигарон ҳастанд	مطمئنم که مردم تاجیکستان هم از احوال ایران نگران هستند
Инҷониб шахсан ҳам хеле нигарони авзоъи Эрон ҳастам	اینجانب شخصاً هم خیلی نگران اوضاع ایران هستم
Ба хонадони ҳашт нафари кушта шуда тасаллият арз мекунам	به خاندان هشت نفر کشته شده تسلی عرض می‌کنم
Инҳо ҷавононе буданд ки фақат мехостанд аз ҳуқуқи худ ва аз ҳуқуқи миллати Эрон дифоъ кунанд	این‌ها جوانانی بودند که فقط می‌خواستند از خقوق خود و حقوق ملت ایران دفاع نمایند
Шояд бисёриҳо бо хондани охарин нигориши банда рӯйи торнигор фикр карданд ки ман аз ин ё он номзад пуштибонӣ мекунам ки қатъан ин гуна нест	شاید بسیاری‌ها با خواندن آخرین نگارش بنده روی تارنگار فکر کردند که من از این یا آن نامزد پشتبانی می‌کنم که قطعاً این گونه نیست
Банда мудофеъи кӯчаки миллат ва шукӯҳу ҳашамати миллати Эрон манзур аз тамоми эрониён ё худ тоҷикон аст ҳастам ва ҳамчунин мудофеъи кӯчаки истиқлоли миллат ҳастам	بنده مدافع کوچک ملت وشکوه و حشمت ملت ایران منظور از تمام ایرانیان یا خود تاجیکان است هستم و همچنین مدافع کوچک استقلال ملت هستم
Мутаасифона торихи сарзамини мо нишон дода ки чунин иттифоқоти фаровоне уфтода ки бегонагон дасти худро ба марзу буми мо дароз мекунанд ва ҳар гуна бе низомиҳоро дар кишвар ҷорӣ менамоянд	متاسفانه تاریخ سرزمین ما نشان داده که چنین اتفاقاتی فراوانی افتاده که بیگانگان دست خودرا به مرز و بوم ما دراز می‌کنند و هر گونه بی نظامی‌هارا در کشور جاری می‌نمایند
Ҳамин аст ки то он замоне ки далоили бештаре мабнӣ бар тақаллубот дар интихобот надидам чизи зиёде дар ин бора нагуфтам	همین است که تا آن زمانی که دلائل بیشتری مبنی بر تقلبات در انتخابات ندیدم چیزی زیادی در این باره نگفتم
Шӯрбахтона ба назар меояд ки тақаллубот дар ин интихобот дар воқеъ рух дода	شوربختانه به نظر می‌آید که تقلبات در این انتخابات در واقع رخ داده
Албатта наметавон мутмаъин буд ки ин пирӯзи воқеъиро метавонад тағйир диҳад ё хайр	البته نمی‌توان مطمئن بود که این پیروز واقعی‌را می‌تواند تغییر دهد یا خیر
Умедворам ки авзоъ дар Эрон ором гардад ва ҳамчунин ба орои мардум эҳтиром гузошта шавад	امیدوارم که اوضاع در ایران آرام گردد و همچنین به آرای مردم احترام گذاشته شود
Ба назари инҷониб дар воқеъ баргузории интихоботи муҷаддад дар кишвар беҳтарин роҳ аст то тамоми шубҳаҳо бартараф гарданд	به نظر اینجانب در واقع برگذاری انتخابات مجدد در کشور بهترین راه است تا تمام شبهه‌ها برطرف گردند
Ба назар мерасад дар чорчӯби қонуни асосии Ҷумҳурии Исломӣ бисёр тахуллуфоте дар раванди интихобот ба вуқӯъ пайваста	به نظر می‌رسد در چارچوب قانون اساسی جمهوری اسلامی بسیار تخلفاتی در روند انتخابات به وقوع پیوسته
Имрӯз Шӯрои нигаҳбони қонуни асосии Ҷумҳурии Исломии Эрон ҳам эълом намуда ки қазияро баррасӣ хоҳад намуд	امروز شورای نگهبان قانون اساسی جمهوری اسلامی ایران هم اعلام نموده که قضیه‌را بررسی خواهد نمود
Сухангӯйи Шӯрои нигаҳбон Аббос Алии Кадхудоӣ ҳам имрӯз эълом намуда ки баргузории интихоботи муҷаддад аз эҳтимол дур нест ки воқеъан умедбахш аст	سخنگوی شورای نگهبان عباس علی کدخدایی هم امروز اعلام نموده که برگزاری انتخابات مجدد از احتمال دور نیست که واقعاً امیدبخش است
Мардуми Тоҷикистон дар воқеъ бояд миллатдӯстиву меҳандӯстиро аз ҳамқавмони дохили марзи Эрони имрӯзӣ ёд бигиранд	مردم تاجیکستان در واقع باید ملت‌دوستی و میهن‌دوستی‌را از همقومان داخل مرز ایران امروزی یاد بگیرند
Ин ҷавонони бедор аз раъйи худ аз раъйи миллати худ – аз ҳуқуқи миллати дифоъ мекунанд	این جوانان بیدار از رای خود از رای ملت خود – از حقوق ملت دفاع می‌کنند
Дар ҳоле ки рӯшан нест чӣ иттифоқе уфтода ин ҷавонон ба хиёбонҳо рехтанд то аз давлат тақозо намоянд ки ин қазия рӯшан гардад	در حالی که روشن نیست چه اتفاقی افتاده این جوانان به خیابان‌ها ریختند تا از دولت تقاضا نمیاند که این قضیه روشن گردد
Банда ба ҳеч ваҷҳ аз хушунат пуштибонӣ намекунам балки аз бедорӣ	بنده به هیچ وجه از خشونت پشتبانی نمی‌کنم بلکه از بیداری
Мӯътаризон ҳам ҳаддиақал аксарияти кулли онон хушунат намехоҳанд ва танҳо мехоҳанд ба раъйи онҳо эҳтиром гузошта шавад	معترضان هم حداقل عکثریت کل آنان خشونت نمی‌خواهند و تنها می‌خوهند به رای آن‌ها احترام گذاشته شود
Ҷавонони Эрон дар воқеъ бедоранд ва ватандӯстанд ки рӯзи интихобот ба пойи сандуқҳои раъй рехтанд ва пас ба хиёбонҳо ҳам рехтанд	جوانان ایران در واقع بیدارند و وطن‌دوستند که روز انتخابات به پای صندوق‌های رای ریختند و پس به خیبان‌ها هم ریختند
Албатта дар ин ҳолат бархурди нерӯҳои интизомӣ бисёр шигифтовар аст ки бо ҷавонони кишвари худ чунин бурхурд менамоянд	البته در این حالت برخورد نیروهای انتظامی بسیار شگفت‌آور است که با جوانان کشور خود چنین برخورد می‌نمایند
Умеди дигар ин аст ки нерӯҳои бегона ҳеч иқдоме накунанд	امید دیگر این است که نیروهای بیگانه هیچ اقدامی نکنند
Ин қазияи доҳилии Эрон аст ва умед бар худойро ки мӯътаризон ҳам ҳушёр хоҳанд буд ки дасти нерӯҳои бегона ба дасти Эрони азиз нарасад	این قضیه‌ی داخلی ایران است و امید بر خدای‌را که معترضان هم هوشیار خواهند بود که دست نیروهای بیگانه به ایران عزیز نرسد
Зинда бод Эрон	زنده باد ایران
Душанбе хурдоди	دوشنبه خرداد
Аз замони инқилоб фарҳангиён ва воридбакорон дар бораи фурӯрезии низоми Эрон пешгӯӣ мекарданд	از زمان انقلاب فرهنگیان و واردبکاران در باره‌ی فروریزی نظام ایران پیشگویی می‌کردند
Ин ҳафта ҳам пешгӯии беҳтаре накарданд	این هفته هم پیشگویی بهتری نکردند
Аббоси Барзагар	عباس برزگر
баргирифта аз Гордиён	برگرفته از گاردین
Ман дақиқан як ҳафта дар Эрон дар ҳоли пӯшиши корноволи интихоботии ҳастам	من دقیقاً یک هفته در ایران در حال پوشش کارناوال انتخاباتی هستم
Аз рӯзе ки ба ин ҷо расидам андак ашхосе шак доштанд ки раиси ҷумҳури фитнаангези феълии Эрон пирӯз хоҳад шуд	از روزی که به این جا رسیدم اندک اشخاسی شک داشتند که رییس جمهور فتنه‌انگیز فعلی ایران پیروز خواهد شد
Ронандаи токсиам ба ман ёдоварӣ намуд ки раиси ҷумҳур дар чаҳор соли гузашта аз ҳар як устон ду бор дидор намуда – Эрон Теҳрон нест гуфт ӯ	راننده‌ی تاکسی‌ام به من یادآوری نمود که رییس جمهور در چهار سال گذشته از هر یک استان دو باری دیدار نموده – ایران تهران نیست گفت او
Ҳатто вақте ман бо ҳомиёни Мӯсавӣ ин пурсишро матраҳ менамудам посух онон пур аз некандешии шартии Убомоӣ буд – Оре мо метавонем Умедворам Агар шумо раъй бидиҳед	حتا وقتی من با حامیان موسوی این پرسش‌را مطرح می‌نمودم پاسخ آنان پر از نیک‌اندیشی شرطی اوبامایی بود – آری ما می‌توانیم امیدوارم اگر شما رای بدهید
Пас пурсиши Чӣ гуна Мӯсавӣ бохт	پس پرسش چه گونه موسوی باخت
ки расонаҳои ғарбро саргарм карда ба назар меояд ки камтар мушкили кумитаи интихобот ва бештар мушкили дарки бад ки реша дар сарпечии дарки нақши мазҳаб дар дар Эрон аст	که رسانه‌های بین الملل‌را سرگرم کرده به نظر می‌آید که کمتر مشکل کمیته‌ی انتخابات و بیشتر مشکل درک بد که ریشه در سرپیچی سرسخت درک نقش مذهب در ایران است
Албатта имкони воқеъии тақаллуби оро вуҷуд дорад ва бояд мунтазир бимонд то ин иттиҳмот ошкор шаванд	البته امکان واقعی تقلب آرا وجود دارد و باید منتظربماند تا این اتهامات آشکار ‌شوند
Вале бояд ёдовар шуд ки дар се даҳаи интихоботи раёсати ҷумҳурӣ иттиҳомоти тақаллуб алайҳи шумори оро камсобиқа буда	ولی باید یادآور شد که در سه دهه‌ی انتخابات ریاست جمهوری اتهامات تقلب علیه شمار آرا کمسابقه بوده
Интихобот дар ин ҷо маъмулан аз тариқи радди салоҳияти номзадҳо ё бо бастани рӯзномаҳои мухолиф назорат мешавад	انتخابات در این جا معمولاً از طریق رد صلاحیت نامزدها یا با بستن روزنامه‌های مخالف نظارت می‌شود
Гузашта аз он дар ин интихобот ду нозири давлатӣ афзун бар мушоҳидон аз ҳар ҷиноҳ ширкат доштанд то тақаллуби дастиҷамъиро пешгирӣ намоянд	گذشته از آن در این انتخابات دو ناظر دولتی افزون بر مشاهدان از هر جناح شرکت داشتند تا تقلب دستجمعی‌را پیش‌گیری نمایند
Нобоварии эҳсосотие ки ҳомиёни Мӯсавӣ ҳамчун далели фасоди давлатӣ иброз намуданд бояд бо нобоварии баробаре аз имкони чунин фасоди густурдае дар рӯзи рӯшан бархурд шавад	ناباوری احساساتیی که حامیان موسوی همچون دلیل فساد دولتی ابراز نمودند باید با ناباوری برابری از امکان چنین فساد گسترده‌ای در روز روشن برخورد شود
Пас то он замоне ки далели қавӣ ки иттиҳомоти урдугоҳи мухолифонро дастгирӣ намояд зоҳир нагардад мо бояд дигар бурҳонҳое рӯй оварем ки чаро ин ҳама афрод аз рӯйдоди он рӯз шигифтзада шудаанд	پس تا آن زمانی که دلیل قوی که اتحامات اردوگاه مخالفان‌را دستگیری نماید ظاهر نگردد ما باید به دیگر برهان‌هایی روی آوریم که چرا این همه افراد از رویداد آن روز شگفت‌زده شده‌اند
То он ҷое ки ба пӯшиши расонаҳои байнулмиллалӣ рабт дорад андешагарии пур аз орзу бар гузоришгарии мӯътабар соя афганд	تا آن جایی که به پوشش رسانه‌های بین المللی ربط دارد اندیشه‌ایی پر از آرزو بر گذارشگری معتبر سایه افگند
Дуруст аст ки ҳомёни Мӯсавӣ терофики Теҳронро ҳафтаи гузашта ҳар шаб дар тӯли соатҳо шулуғ мекарданд агарчӣ камтар ёдовар мешуд ки ин иттифоқ дар бахшҳои шимолӣ ва сарватманди пойтахт меуфтод	درست است که حامیان موسوی ترافیک تهران‌را هفته‌ی گذشته هر شب در طول ساعت‌ها شلوغ می‌کردند اگرچه کمتر یادآور می‌شد که این اتفاق در بخش‌های شمالی و ثروتمند پایتخت می‌افتاد
Бонувон рӯсариашонро каме поин меоварданд ва мардони ҷавон дар хиёбонҳо мерақсиданд	بانوان روسری‌اشان‌را کمی پایین می‌آوردند و مردان جوان در خیابان‌ها می‌رقصیدند
Шаби рӯзи душанбе ҳадди ақал аз ҳомиёни нахуствазири пешин занҷираи инсониеро аз васати Теҳрон сохтанд	شب روز دوشنبه حداقل از حامیان نخستوزیر پیشین زنجیره‌ی انسانیی‌را از وسط تهران ساختند
аммо соъоте пеш ман дар гирдиҳамоие барои раиси ҷумҳури феълӣ ҳузур доштам ки тариқи расонаҳои ғарбӣ пӯшиши кам ё ҳеч пушише дарнаёфт	اما ساعاتی پیش من در گردهمایی برای رییس جمهور فعلی حضور داشتم که از طریق رسانه‌های غربی پوشش کم یا هیچ پوششی درنیافت
Ба ин хотир ки ба хотири пурҷамъиятӣ дар ин гирдиҳамоӣ ӯ оқои Аҳмадинажод ба дохили толор даромада натавонист то суханронӣ намояд	به این خاطرکه به علت پرجمعیتی در این گردهمایی او آقای احمدی‌نژاد به داخل تالار درآمده نتوانست تا سخنرانی نماید
Баровардҳои ҳаддиақали ҷамъият дар ин гирдиҳамоӣ гуфта шуда алоқамандон шумораро ба як милюн мерасонанд	براوردهای حداقل جمعیت در این گردهمایی گفته شده علاقه‌مندان شماره‌را به یک ملیون می‌رسانند
Ман аз болои бом мушоҳида менамудам ки бонувони чодарӣ ва мардони ришдори ҳар синну сол гала-гала ба он ҷо мерехтанд	من از بالای بام مشاهده می‌نمودم که بانوان چادری و مردان ریش‌دار هر سن و سال گله گله به آن جا می‌ریختند
Вале нотавонии озмоиши дурусти умури Эрон ба ҳеч ваҷҳ падидае тозае нест	ولی ناتوانی آزمایش درست امور ایران به هیچ وجه پدیده‌ی تازه‌ا‌ی نیست
Вақте инқилоби соли диктотурии низомии қавитарин муттаҳиди Омрико дар минтақаро сарнагун намуд андаке аз коршиносоне ки берун аз кишвар буданд ҳадс мезаданд ки ҷараёни исломӣ ба ҳайси ҳизби пештоз ба миён ояд	وقتی انقلاب سال دیکتاتوری نظامی قوی‌ترین متحد آمریکا در منطقه‌را سرنگون نمود اندکی از کارشناسانی که بیرون از کشور بودند حدس می‌زدند که جریان اسلامی به حیث حزب پیشتاز به میان آید
Вале дар Эрон ҳатто рӯшанфикри даҳрӣ секулор Ҷалол Оли Аҳмад нависандаи китоби бадноми Ғарбзадагӣ фурӯрезии режим бар дасти ҷунбиши исломиро бештар аз як даҳа то ҳаводиси муҳими пешгӯйӣ карда буд	ولی در ایران حتا روشنفکر دهری سکولار جلال آل‌احمد نویسنده‌ی کتاب بدنام غربزدگی فروریزی رژیم بر دست جنبش اسلامی‌را بیشتر از یک دهه تا حوادث مهم پیشگویی کرده بود
Вақте файласуфи мустақили фаронсавӣ Мишел Фуку ҳам дуруст ҳадс зад вақте аз хиёбонҳо гузориш медод – бинише ки то ба ҳол бисёре аз ҳаводоронаш аз он худро дур мегиранд	وقتی فیلسوف مستقل فروانسوی میشل فوکو هم درست حدث زد وقتی از خیابان‌ها گذارش می‌داد – بینیشی که تا به حال بسیاری از هوادارانش از آن خودرا دور می‌گیرند
Аз замони инқилоб фарҳангиён ва воридбакорон дар бораи фурӯрезии низоми Эрон пешгӯӣ мекарданд	از زمان انقلاب فرهنگیان و واردبکاران در باره‌ی فروریزی نظام ایران پیشگویی می‌کردند
Ин ҳафта ҳам пешгӯии беҳтаре накарданд	این هفته هم پیشگویی بهتری نکردند
Чунин иттифоқоти хилофи қоидаиро танҳо метавон аз тариқи ақидаи торихӣ ки мекӯшад демукросии мудернро бар пояи ҳукмрониҳои садаҳои гузашта дарк намояд шарҳ дод	چنین اتفاقات خلاف قاعده‌ای‌را تنها می‌توان از طریق عقیده‌ی تاریخی که می‌کوشد دموکراسی مدرن‌را بر پایه‌ی حکمرانی‌های صده‌های گذشته درک نماید شرح داد
Ҷомеаи Эрон ҷомеаи амиқан мазҳабист	جامعه‌ی ایران جامعه‌ی عمیقاً مذهبی‌ست
Кумунистон ва либеролҳо бо иштибоҳоти шоҳ ҳамчун хешу таборпарастӣ ҳукумати мутлақ ва саркӯбиро даҳҳо сол бидуни ҳеч комёбӣ ҷангиданд	کمونیستان و لیبرال‌ها با اشتباهات شاه همچون خویش‌ و تبارپرستی حکومت مطلق و سرکوبی‌‌را ده‌ها سال بدون هیچ کامیابی جنگیدند
Ҳамлаи ӯ ба дин буд ки мунҷар ба шикасти тақрибан шабонаии шоҳ шуд	حمله‌ی او به دین بود که منجر به شکست تقریباً شبانه‌ای شاه شد
Аз он пас Эрониёни маъмулӣ ормонҳои хешро аз тариқи сандуқи раъй ба кор бурдаанд	از آن پس ایرانیان معمولی آرمان‌های خویش‌را از طریق صندوق رای بکار برده‌اند
Соли замоне ки хокистари ҷанги Эрону Ироқ нишасту кишвар даҳаи устувории нисбиро дид раъйдиҳандагони тӯда барои пуштибонӣ аз раиси ҷумҳури пешин ва рӯҳонӣ Хотамӣ дар баробари Нотиқи Нурӣ аз аъзои аршади дастгоҳ баромаданд	سال زمانی که خاکستر جنگ ایران و عراق نشست و کشور دهه‌ی اثتواری نسبی‌را دید رای‌دهندگان توده توده برای پشتبانی از رییس جمهور پیشین و روحانی خاتمی دربرابر ناطق نوری از اعضای ارشد دستگاه برآمدند
Хабарнигорони ғарбӣ инро ҳамчун ҷудоии бузург байни ҷавонони озодидӯсти либерол дар баробари рӯҳониёни муҳофизакори кӯҳансол диданд	خبرنگاران غربی این‌را همچون جدایی بزرگ بین جوانان آزادی‌دوست لیبرال در برابر روحانیان محافظه‌کار کهن‌سال دیدند
Вале дар ҳақиқат ин раъй барои ормони росткорӣ ва порсоӣ зидди фасоди густурда буд	ولی در حقیقت این رای برای آرمان راستکاری و پارسایی ضد اتحامات فساد گسترده بود
Бисёре аз ҳамон ҳомиёни Хотамӣ дирӯз ба Аҳмадинажод раъй доданд	بسیاری از همان حامیان خاتمی دیروز به احمدی‌نژاد رای دادند
Бо вуҷуди ин ки тасвири Хотамӣ аз рӯйи ҳар кадом аз аълонҳо лавҳаҳои таблиғотӣ-и Мӯсавиро ороиш медод	با وجود این که تصویر خاتمی روی هر کدام از اعلان‌های لوحه‌های تبلغاتی موسوی‌را آرایش می‌داد
Бештар аз як ҳафта ҳамон ангезаҳои зидди фасод пупулисм ва порсоии мазҳабӣ ки ба инқилоб расонид дар дастрасии ҳар касе ки мехост аз он гузориш намояд буд	بیشتر از یک هفته همان انگیزه‌های ضد فساد پوپولیسم و پارسایی مذهبی که به انقلاب رسانید در دسترسی هر کسی که می‌خواست از آن گذارش نماید بود
Аҳмадинажод барои бисёре дар кишвар муҷассами ҳамон ормонҳост	احمدی‌نژاد برای بسیاری در کشور مجسم همان آرمان‌هاست
Аз он рӯз ки ӯ ба раёсати ҷумҳурӣ расид аз пӯшидани куту шалвор костюм сарпечӣ кард аз кӯч бастан аз хонае ки аз падараш ба мерос расида сарпечӣ намуд	از آن روز که او به ریاست جمهوری رسید از پوشیدن کت و شلوار سرپیچی کرد از کوچ بستن از خانه‌ای که از پدرش به میراث رسیده سرپیچی نمود و از متوفق کردن لحنش علیه آنانی که آن‌هارا در خیانت به ملت متهم کرده سرپیچی نمود
Замоне ки ӯ аз рақиби бонуфуз Оятуллоҳ Ҳошимии Рафсанҷонӣ худи шери инқилобро дар фасоди ангалӣ порозитӣ муттаҳам кард ва хиёнати ӯро ба найранге алайҳи Муҳаммад Паёмбар ки соле пеш ба иншиъоби суннӣ ва шиъа расонид баробар намуд ӯ ангезаи мардумиро ки тасаввури тӯдаҳоро ин ҷо дар тӯли наслҳо нигаҳ дошта раҳо кард	زمانی که او رقیب با نفوذ آیت‌الله هاشمی رفسنجانی خود شیر انقلاب‌را در فساد انگلی پارازیتی متهم کرد و خیانت اورا به نیرنگی علیه محمد پیامبر که سالی پیش به انشعاب سنی و شیعه رسانید برابر نمود او انگیزه‌ی مردمی‌را که تصور توده‌هارا این جا در طول نسل‌ها نگه داشته رها کرد
Оне ки Рафсанҷонӣ аз худ дар рӯзномаи Мӯсавӣ дифоъ кард маънои интиҳои Ислоҳталабонро дошт	آنی که رفسنجانی از خود در روزنامه‌ی موسوی دفاع کرد معنای انتهای اصلاح‌طلبان‌را داشت
Дар ҳафтаи охар Аҳмадинажод интихоботро ба ҳамапурсии худи тарҳ перужа-и Инқилоби Исломии Эрон табдил дод	در هفته‌ی آخر احمدی‌نژاد انتخابات‌را به همه‌پرسی خود طرح پروژه انقلاب اسلامی ایران تبدیل داد
Шиъорҳои онон буд Марг бар душманони Раҳбари Муъаззам ки пас аз он ташрифот ва сӯгвориҳои суннатии шиъа пеш меомад	شعارهای آنان بود مرگ بر دشمنان رهبر معظم که پس از آن تشریفات و سوگواری‌های سنتی شیعه پیش می‌آمد
Ин бо ҷавонони рӯҳбаланду шӯхидӯсти шимоли Теҳрон ки Аҳмадӣ бой бой Аҳмадӣ бой бой ё йе ҳафте – ду ҳафте Маҳмуд ҳаммум нарафте мехонданд баробар набуд	این با جوانان روح‌بلند و شوخی‌دوست شمال تهران که احمدی بای بای احمدی بای بای یا یه هفته – دو هفته محمود حموم نرفته می‌خواندند برابر نبود
Шояд сарнавишти Мӯсавӣ аз оғоз шикаст буд чун ӯ умедвор буд энержии суханварии табақоти боло ва либеролро бо суди тиҷории бозориҳо омехта намояд	شاید سرنوشت موسوی از آغاز شکست بود چون او امیدوار بود انرژی سخنوری طبقات بالا و لیبرال‌را با سود تجاری بازاری‌ها آمیخته نماید
Муборизоти интихоботии ва паёмакҳо барои аҳолии рустоӣ ва табақаи коргар ки мекӯшанд зиндагии рӯзмарраашонро гузаронанд ва гузашта аз он вақт пайдо кунанд то торнигорҳои ҳафтаро дар интернет кофее аз назар гузаронанд комилан номарбут буд	مبارزات انتخاباتی فیس‌بوک و پیامک‌ها برای احالی رستایی و طبقه‌ی کارگر که می‌کوشند زندگی روزمره‌اشان‌را گزرانند گذشته از آن وقت پیدا کنند تا تارنگارهای هفته‌را در اینترنت کافه‌ای از نظر گذرانند کاملاً نا مربوط بود
Ҳарчанд Мӯсавӣ кӯшиш кард ба ин табақот аз тариқи масоъили таваррум ва фақр расидагӣ намояд онҳо таври дигаре раъй доданд	هرچند موسوی کوشش کرد به این طبقات از طریق مسائل تورم و فقر رسیدگی نماید آن‌ها طور دیگری رای دادند
Дар оянда мушоҳидон ба мо марҳамат хоҳанд кард агар ба ҷомеаи Эрон жарфтар бингаранд ва ба мо тасвири дақиқи сохти мазҳабии аслии кишвар ва ботил кардани достони либеролисм ногузир	در آینده مشاهدان به ما مرحمت خواهند کرد اگر به جامعه‌ی ایران ژرف‌تر بنگرند و به ما تصویر دقیق ساخت مذهبی اصلی کشور و باطل کردن داستان لیبرالیسم ناگذیر
Ин ҳамон ҷанбаҳои мазҳабии Эрони маъомӣ буд ки ба овардани зоҳиди табъид шуда ба сари давлат сӣ соле пеш мусоъидат намуд пас аз он рӯҳонии ҷаззобро ба раёсати ҷумҳурӣ соле пеш расонид писари росткори оҳангар Аҳмадинажодро чаҳор соле пеш ва боз ӯро дирӯз ба раёсати ҷумҳурӣ расонид	این همان جنبه‌های مذهبی ایران معمایی بود که به آوردن زاهد ساله‌ی تبعید شده به سر دولت سالی پیش مساعدت نمود پس از آن روحانی جذاب‌را به ریاست جمهوری سالی پیش رسانید پسر راستکار آهنگر احمدی‌نژادرا چهرا سالی پیش و باز اورا دیروز به ریاست جمهوری رسانید
Аббоси Барзагар довталаби дараҷаи дуктурои мутолиъоти динӣ дар Донишгоҳи Эмурӣ дар шаҳри Отлонтои аёлати Ҷурҷиё мебошад	عباس برزگر داوطلب درجه‌ی دکترای مطالعات دینی در دانشگاه اموری در شهر آتلانتای ایالت جورجیا می‌باشد
Нахуст мехостам ба хотири ба рӯз нашудани тӯлонии Ҷоми Ҷам аз азизон пӯзиш бихоҳам	نخست می‌خواستم به خاطر به روز نشدن طولانی جام جم از عزیزان پوزش بخواهم
Дар ҳафтаҳои гузашта серкор будам ва ин гирифториҳо иҷоза намедод ки ба Ҷоми Ҷам расидагӣ намоям	در هفته‌های گذشته خیلی سیرکار بودم و این گرفتاری‌ها اجازه نمی‌داد که به جام جم رسیدگی نمایم
Чанд рӯзе пеш рӯйи торнигори Як Дарвеш низ матлаби ҷолибе дар бораи вазъи торнигорҳои тоҷик нашр шуда ки мисли ҳамеша пур аз меҳр буд	جند روزی پیش روی تارنگار یک درویش نیز مطلب جالبی در باره‌ی وضع تارنگارهای تاجیک نشر شده که مثل همیشه پر از مهر بود
Дар воқеъ ҳақ бо ӯст ки ба рӯз намудани торнигорҳоро ҳам ҷузъе аз	در واقع حق با اوست که به روز نمودن تارنگارهارا هم جزئی از
корҳоямон бидонем	کارهایمان بدانیم
Дар рӯзҳои охар сӯҳбатҳои зиёде дар бораи паёми раиси ҷумҳури Омрико ба олами Ислом ҳаст	در روزهای آخر صحبت‌های زیادی در باره‌ی پیام رییس جمهور آمریکا به عالم اسلام هست
Дар воқеъ ин суханронӣ ки дар шаҳри Қоҳира баргузор гардид ба милюнҳо мусалмонон ва ғайри мусалмононе ки дар кишварҳои умдатан мусалмоннишин ба сар мебаранд як навъ умеде барои ояндаи нек андӯхт	در واقع این سخنرانی که در شهر قاهره برگذار گردید به میلیون‌ها مسلمانان و غیر مسلمانانی که در کشورهای عمدتاً مسلمان‌نشین به سر می‌برند یک نوع امیدی برای آینده‌ی نیک اندوخت
Ин суханронӣ хеле моҳирона иҷро шуда буд ва паёми тозае ба ҷаҳони Ислом ирсол намуд	این سخنرانی خیلی ماهرانه اجرا شده بود و پیام تازه‌ای‌را به جهان اسلام ارسال نمود
Ҳеч як раиси ҷумҳури Омрико пеш аз ин чунин яу суханонеро нагуфта	هیچ یک رییس جمهور آمریکا پیش از این چنین سخنانی‌را نگفته
Ба ҳар ҳол ба назари банда аз шунидани ин суханон фикр кунем ки авзоъ дигар шуда	به هر حال به نظر بنده نباید از شنیدن این سخنان فکر کنیم که اوضاع دیگر شده
Як раиси ҷумҳур ва бо як суханронӣ ҳамон тавре ки худи Убомо гуфт наметавонад авзоъро ба кулл тағйир намояд	یک رییس جمهور و با یک سخنرانی همان طوری که خود اوباما گفت نمی‌تواند اوضاع‌را به کل تغییر نماید
Ин паём як талоше буд воқеъбинона ва талоше буд ҳисобкорона барои коҳишдодани бадбинии Омрико ки имрӯз на танҳо дар ҷаҳон Ислом балки миёни тамоми мардумони озодманиш паҳн шуда	این پیام یک پیامی بود واقعبینانه و تلاشی بود حساب‌کارانه برای کاهش دادن بدبینی آمریکا که امروز نه تنها در جهان اسلام بلکه میان تمام مردمان آزادمنش پهن شده
Банда бо этиқоди Рашиди Ғанӣ коршиноси тоҷик дар масоъили Ховари Миёна мувофиқам ки дар мусоҳибае бо БӣБӣСӣ Форсӣ мегӯяд ин суханон дӯстона нестанд балки аз натиҷаи шикасти Омрико дар Афғонистон ва Ироқ бармеояд ва бештар тасмиме перогмотикӣ мебошад	بنده با اعتقاد رشید غنی کارشناس تاجیک در مسائل خاور میانه موافقم که در مصاحبه‌ای با بی‌بی‌سی فارسی می‌گوید این سخنان دوستانه نیستند بلکه از نتیجه‌ی شکست آمریکا در افغانستان و عراق برمی‌آید و بیشتر تصمیمی پراگماتیکی می‌باشد
Банда мӯътақидам ки сиёсатҳои бунёдии Омрико тағйир наёфта ва ин аст ки имрӯз Омрико муҳим медонад бадбиниро нисбат ба худ коҳиш диҳад	بنده معتقدم که سیاست‌های بنیادی آمریکا تغییر نیافته و این است که امروز برای آمریکا مهم می‌داند بدبینی‌را نصبت به خود کاهش دهد
Худи Омрико эълом намуд ки робитаи Омрико ва режими Саҳюнист истисноӣ аст ва ин ду ҳамеша ба ҳам наздик хоҳанд буд	خود اوباما اعلام نمود که رابطه‌ی آمریکا و رژیم صحیونیست استثنایی است و این دو به همیشه به هم نزدیک خواهند بود
Омрико имрӯз бо як навъ бунбасте дар Ховари Миёна ва бисёре аз кишварҳои дигар рӯ ба рӯ ки барои бештари сиёсатҳояш хеле зараровар аст	آمریکا امروز با یک نوع بنبستی در خاور میانه و بسیاری از کشورهای دیگر روبرو شده که برای پیشبر سیاست‌هایش خیلی ضررآور است
То он рӯзе ки мо дар воқеъ амалеро ки тағйир дар сиёсатҳои Омрикоро нишон медиҳад бубинем наметавонем ба ҳарфҳои давлатмардони Омрико эътиқод дошта бошем	تا آن روزی که ما در واقع عملی‌را که تغییر در سیاست‌های آمریکا‌را نشان می‌دهد ببینیم نمی‌توانیم به حرف‌های دولت‌مردان آمریکایی اعتقاد داشته باشیم
Омрико мисли ҳар як кишвари нерӯманд ҳар кореро барои салтаталабии хеш хоҳад кард – аз ҷумла гӯл задани мардум бо ҳарфҳои ширин	آمریکا مثل هر یک کشور نیرومند هر کاری‌را برای سلطه‌طلبی خویش خواهد کرد – از جمله گول زدن مردم با حرف‌های شیرین
Агар Омрико ба ҷаҳониёнро бовар кунонад ки сиёсатҳояш иваз шуда ва имрӯз дар пайи салтахоҳӣ нест ва танҳо муносиботи созишкоронаро мехоҳад пешбурди он сиёсатҳои имперюлистии худро осон хоҳад кард	اگر آمریکا جهانیان‌را باور کناند که سیاست‌هایش عوض شده و امروز در پی سلطه‌خواهی نیست و تنها مناسبات سازشکارانه‌را می‌خوهد پیش‌برد آن سیاست‌های امپریولیستی خودرا آسان خواهد کرد
Кишваре мисли Омрико ҳеч гоҳ наметавонад аз он хостаҳои салталабӣ рӯ гардонад чун ин ҳама бар суди онҳост	کشوری مثل آمریکا هیچ گاه نمی‌تواند از آن خواسته‌های سلطه‌طلبی رو گرداند چون این همه بر سود آن‌هاست
Гузашта аз он банда боварии комил дорам ки Эрон дар сиёсати хориҷии Омрико аз аввалиятҳое бархурдор аст	گذشته از آن بنده باوری کامل دارم که ایران در سیاست خارجی آمریکا از اولیت‌هایی برخردار است
Ҳам ҷанги Афғонистон ҳам ҷанги Ироқ ва ҳам ҳузури иқтисодиву низомии Омрико дар Халиҷи Форс ва Туркия ҳама ба хотири Эрон аст	هم جنگ افغانستان هم جنگ عراق و هم حضور اقتسادی و نظامی آمریکا در خلیج فارس و ترکیه همه به خاطر ایران است
Ҳатто тасмими Омрико барои боло бурдани нуфузи худ дар минтақаи Қафқоз аз масоъили Эрон дур нест	حتا تصمیم آمریکا برای بالا بردن نفوظ خود در منطقه‌ی قفقاز از مسائل ایران دور نیست
Албатта дар сиёсати Омрико дар Қафқоз Русия аз аввалият бархурдор аст вале Эрон ҳам аз фикри шаклдиҳандагони сиёсати Омрико дар Қафқоз дур нест	البته در سیاست آمریکا در قفقاز روسیه از اولیت برخردار است ولی ایران هم از فکر شکل‌دهندگان سیاست آمریکا در قفقاز دور نیست
Эрон танҳо таҳдиде дар Ховари Миёна алайҳи салтаи Омрикост	ایران تنها تهدیدی در خاور میانه علیه سلطه‌ی آمریکاست
Албатта дуруст аст ки Омрико дӯст дорад бо соири кишварҳо равобити созишкоронае дошта бошад вале ҳамаи ин маҳдудиятҳоеро дорад	البته درست است که آمریکا دوست دارد با سایر کشورها روابط سازشکارانه‌ای داشته باشد ولی همه‌ی این محدودیت‌هایی‌را دارد
Тавсиъаи соири кишварҳо дар маърази маҳдудиятҳои Омрико қарор доранд	توسعه‌ی سایر کشورها در معرض محدودیت‌های آمریکا قرار دارند
Омрико мисли ҳар абаркудрати дигаре намегузорад ҳеч кишваре монеъи манофеъаш дар минтақае бошад ё ҳеч кишваре аз он нерӯмендтар бошад	آمریکا مثل هر ابرقدرت دیگری نمی‌گذارد هیچ کشوری مانع منافعش در منطقه‌ای باشد یا هیچ کشوری از آن نیرومندتر باشد
Дар кулл ҳеч тозагӣ дар сиёсати хориҷии Омрико то ба ҳол надидаам	در کل هیچ تازگیی در سیاست خارجی آمریکارا تا به حال ندیده‌ام
Омрико ҳамоно мекӯшад ки нуфузашро дар ҷаҳон бештар намояд ва манофеъи иқтисодии худро таъмин намояд	آمریکا همانا می‌کوشد که نفوذش‌را در جهان بیشتر نماید و منافع اقتسادی خودرا تامین نماید
Гузашта аз он робитае ки Омрико бо Режими Саҳюнист дорад ба ҳеч ваҷҳ ба суди миллати мазлуми Фаластин нахоҳад буд	گذشته از آن آن رباطه‌ای که آمریکا با رژیم صحیونیست دارد به هیچ وجه به سود ملت مظلوم فلسطین نخواهد بود
Режими Саҳюнист басти протяжение имперюлисми ғарб имрӯз Омрико дар минтақа аст ва вуҷуди он ҳамеша монеъи озодӣ ва истиқлоли минтақа хоҳад буд	رژیم صحیونیست بسط امپریولیسم غرب امروز آمریکا در منطقه است و وجود آن همیشه مانع آزادی و استقلال منطقه خواهد بود
Яке аз дӯстонам матлаби ҷолиберо аз Родю Замона ба ман фиристод	یکی از دوستانم مطلب جالبی‌را از رادیو زمانه به من فرستاد
Гарчӣ матлабест бештар аз ду сола вале боз ҳам мехоҳам хонандагони меҳрабони Ҷоми Ҷамро баҳраманд намоям	گرچه مطلبی‌ست بیشتر از دو ساله ولی باز هم می‌خواهم خوانندگان مهربان جام جم‌را بهرمند نمایم
Ин матлаб собит менамояд ки забони форсӣ аз муҳимтарин пояҳои фарҳангӣ ва маънавии тамоми эрониён на танҳо форсигӯён аст	این مطلب ثابت می‌نماید که زبان فارسی از مهمترین پایه‌های فرهنگی و معنوی تمام ایرانیان نه تنها فارسی‌گویان است
Гарчӣ ахиран ситезаҷӯён ва душманони имперюлисти эрониён мехоҳанд инро инкор намоянд ва байни эрониён ҷудоӣ андозанд	گرچه اخیراً ستیزه‌جویان و دشمنان امپریولیست ایرانیان می‌خواهند این‌را انکار نمایند و بین ایرانیان جدایی اندازند
Манбаъ ин ҷост	منبع این جاست
Монии Порсо	مانی پارسا
То пеш аз даҳаи забони форсӣ забони адаб ва забони номанигориҳои шахсӣ дар минтақаи курднишини шимоли Ироқ буд ва забони туркии усмонӣ забони ҳукуматӣ	تا پیش از دهه زبان فارسی زبان ادبی و زبان نامه‌نگاری‌های شخصی در منطقه کردنشین شمال عراق بود و زبان ترکی عثمانی زبان حکومتی
Дар он давра ва пас аз фурӯпошии давлати Усмонӣ ҳукумати Беритониё дар Ироқ тасмим ба эҷоди мадорис ва матбуъоти курдизабон гирифт ва забони форсиву туркӣ ба мурур аз майдон бадар шуданд	در آن دهه و پس از فروپاشی دولت عثمانی حکومت بریتانیا در عراق تصمیم به ایجاد مدارس و مطبوعات کردی‌زبان گرفت و فارسی و ترکی به مرور از میدان بدر شدند
Аз он замон ба ин сӯ курдони Ироқ дар мадорис ба ҷуз омӯхтани курдии суронӣ ки бо хатти арабӣ навишта мешавад муваззаф ба омӯхтани комили забони арабӣ низ буданд	از آن زمان به اینسو کردان عراق در مدارس بجز آموختن کردی سورانی که با خط عربی نوشته می‌شود موظف به آموختن کامل زبان عربی نیز بودند
Рашиди Ёсамӣ дар китоби Курдон ва таъаллуқи қавмӣ ва торихии онон дар бораи ин таҳаввулот менависад	رشید یاسمی در کتاب کردان و تعلق قومی و تاریخی آنان درباره این تحولات می‌نویسد
Дар зиндагии муъомилотӣ ва сиёсии Сулаймонияи Ироқ забони форсӣ ба кор мерафт ва то соли тадрис дар мадрасаҳои ин шаҳр ба забони форсӣ буд	در زندگی معاملاتی و سیاسی سلیمانیه عراق زبان فارسی بکار می‌رفت و تا سال میلادی تدریس در مدرسه‌های این شهر به زبان فارسی بود
Баъд ҳам ки тадриси форсӣ аз мадорис барчида шуд курдҳо ҳамчунон осори Саъдӣ Ҳофиз Низомӣ Ҷомӣ ва Атторро мехонданд ва омӯзиши забони форсӣ аз Нон ва Ҳалво-и Шайх Баҳоӣ сурат мегирифт	بعد هم که تدریس فارسی از مدارس برچیده شد کردها همچنان آثار سعدی حافظ نظامی جامی و عطار‌را می‌خواندند و آموزش فارسی از روی نان و حلوای شیخ بهایی صورت می‌گرفت
Ошноӣ бо забони форсии гуфторӣ ҳам ба мурур аз бештари навоҳии шимоли Ироқ рах барбаст ба ҷуз аз ноҳияи Сулаймония	آشنایی با زبان فارسی گفتاری هم به مرور از بیشتر نواحی شمال عراق رخت بربست بجز از ناحیه سلیمانیه
Устони Сулаймония ки ба марзи Эрон наздик аст ва родюву телевизюни Эронро дарёфт мекунад ҳамеша дар ҳитаи расонаҳои форсизабон қарор дошта ва ҷавонони он овозҳои попи эрониро аз ҳифз мехонанд	استان سلیمانیه که به مرز ایران نزدیک است و رادیو و تلویزیون ایران‌را دریافت می‌کند همیشه در حیطه رسانه‌های فارسی‌زبان قرار داشته و جوانان آن آوازهای پاپ ایرانی‌را از حفظ می‌خوانند
Дар замони пеш аз инқилоб овозҳои Дориюшу Гугуш ва дар давраи пас аз инқилоб оҳангҳои Муъин дар саросари Курдистони Ироқ аз тарафдорони зиёде бархурдор будааст	در زمان پیش از انقلاب آوازهای داریوش و گوگوش و در دوره پس از انقلاب آهنگ‌های معین در سراسر کردستان عراق از طرفداران زیادی برخوردار بوده‌است
Имрӯза видюкелипҳои Муъин бо зернависи курдӣ дар интернет бо иштёқ даст ба даст мегардад	امروزه ویدئوکلیپ‌های معین با زیرنویس کردی در اینترنت با اشتیاق دست به دست می‌گردد
Замоне ки бумборонҳои Омрико ва интиқомкашии Саддом тайи ду ҷанги Халиҷи Форс боиси паноҳанда шудани милюнҳо курди ироқӣ дар ба Эрон шуд бисёре аз курдҳо пас аз шаст-ҳафтод сол дубора бо забони форсӣ тамос пайдо карданд	زمانی که بمباران‌های آمریکا و انتقام‌کشی صدام طی دو جنگ خلیج فارس باعث پناهنده‌شدن میلیون‌ها کرد عراقی به ایران شد بسیاری از کردها پس از شصت‌هفتاد سال دوباره با زبان فارسی تماس پیدا کردند
Бисёре бо иқоматҳои чандин моҳа дар Эрон забони форсиро фаро гирифтанд ва имрӯза бахубӣ ба он такаллум мекунанд	بسیاری با اقامت‌های چندین ماهه در ایران زبان فارسی‌را فراگرفتند و امروزه بخوبی به آن تکلم می‌کنند
То авохири даврони Саддом забони арабӣ ҳамчунон сайтараи худро ба унвони забони навишторӣ ва забони манбаъ дар шимоли Ироқ ҳифз карда буд вале дар даҳаи ахир авзоъ дубора дигаргун шудааст	تا اواخر دوران صدام زبان عربی همچنان سیطره خود‌را به عنوان زبان نوشتاری و زبان منبع در شمال عراق حفظ کرده‌بود ولی در دهه اخیر اوضاع دوباره دگرگون شده‌است
Гузорише аз рӯзномаи Эн	گزارشی از روزنامه ان
Ар	ار
Сӣ-и Ҳуланд дар бораи Курдистони Ироқ менависад	س هلند درباره کردستان عراق می‌نویسد
Бештари курдҳои Ироқ забони арабиро дигар фаромӯш кардаанд ва ҳечвақт ба бақияи Ироқ сафар намекунанд	بیشتر کردهای عراق زبان عربی‌را دیگر فراموش کرده‌اند و هیچوقت به بقیه عراق سفر نمی‌کنند
Онҳо худро аз назари фарҳангӣ бо ироқиҳои дигар муртабит ҳис намекунанд	آن‌ها خود‌را از نظر فرهنگی با عراقی‌های دیگر مرتبط حس نمی‌کنند
Дарсади болое аз насли ҷадиди курдҳои ироқ дигар ошноии зиёде бо забони арабӣ надоранд	درصد بالایی از نسل جدید کردهای عراق دیگر آشنایی زیادی با زبان عربی ندارد
Дуктур Амири Ҳасанпур устоди донишгоҳ дар донишгоҳи Турунтуи Конодо дар гуфтугӯе бо бахши курдии Садои Омрико дар бораи авзоъи феълии забони курдӣ бавижа дар Ироқ чунин гуфт	دکتر امیر حسن‌پور استاد دانشگاه در دانشگاه تورنتوی کانادا در گفتگویی با بخش کردی صدای آمریکا درباره اوضاع فعلی زبان کردی بویژه در عراق چنین گفت
Пеш аз соли забони арабӣ таъсиру нуфузи асосиро дар матбуъоти курдии Ироқ дошт багунае ки бештари манобеъи курдии сурониро матбуъот ва интишороти арабӣ ташкил медоданд вале аз соли ба ин сӯ шароит фарқ кардааст	پیش از سال زبان عربی تاثیر و نفوذ اساسی‌را در مطبوعات کردی عراق داشت بگونه‌ای که بیشتر منابع کردی سورانی‌را مطبوعات و انتشارات عربی تشکیل می‌دادند ولی از سال به این سو شرایط فرق کرده‌است
Аз он сол иртибот миёни Эрону Курдистони Ироқ хеле бештар шуда ва марзҳои имрӯза бисёр бозтар аз собиқ аст	از آن سال ارتباط میان ایران و کردستان عراق خیلی بیشتر شده و مرزها امروزه بسیار بازتر از سابق است
Ин боиси эҷоди таҳаввулоте дар матбуъоти Курдистони Ироқ шудааст	این باعث ایجاد تحولاتی در مطبوعات کردستان عراق شده است
Забони форсӣ нақши аслиро ба унвони забони фарҳангии минтақаи шимоли Ироқ ба ӯҳда гирифтааст ва шоҳид ҳастем ки бештари матбуъот ва нашрияҳои курдӣ дар Курдистони Ироқ барои матолиби худ аз манобеъи форсӣ истифода мекунанд бавижа дар заминаи масоъили рӯшанфикрӣ фарҳангӣ ва торихӣ	زبان فارسی نقش اصلی‌را به عنوان زبان فرهنگی منطقه شمال عراق به عهده گرفته‌است و شاهد هستیم که بیشتر مطبوعات و نشریه‌های کردی در کردستان عراق برای مطالب خود از منابع فارسی استفاده می‌کنند بویژه در زمینه مسائل روشنفکری فرهنگی و تاریخی
Мисли ин ки соли нави соли умедҳову бедориҳо барои Тоҷикистон хоҳад буд	مثل این که سال نو سال امیدها و بیداری‌ها برای تاجیکستان خواهد بود
Бо омадани Наврӯз ва омадани баҳору растохези табиъат шояд растохез дар мағзҳои мо ҳам рӯй диҳад	با آمدن نوروز و آمدن بهار و رستاخیز طبیعت شاید رستاخیز در مغزهای ما هم روی دهد
Боз ҳам торихи солаи Эрон такрор мешавад ва як фарде ба майдон мебарояд то дар замони бадбахтӣ ва пастиҳои рӯзгорамон ба мо ҳушдор диҳад ки Эй мардум	باز هم تاریخ ساله‌ی ایران تکرار می‌شود و یک فردی به میدان می‌براید تا در زمان بدبختی و پستی‌های روزگارمان به ما هوشدار دهد که ای مردم
Агар бедор нашавед фардо нобуд хоҳед шуд	اگر بیدار نشوید فردا نابود خواهید شد
Ҷойи шигифтзадагӣ ҳам нест ки ин бонг аз як фарди фарҳангӣ бар меояд	جای شگفتزدگی هم نیست که این بانگ از یک فرد فرهنگی بر می‌آید
Шояд мутаваҷҷеҳ шудед ки манзурам Барзу Абдурраззоқ аст	شاید متوجه شدید که منظورم برزو عبدالرزاق است
Чанде аз торнигорҳои Тоҷикистон дар мавриди қазияи намоишномаи тозаи Барзуи Абдурраззоқ матолибе нашр намуданд	چندی از تارنگارهای تاجیکستان درمورد قضیه‌ی نمایشنامه‌ی تازه‌ی برزو عبدالرزاق مطالبی نشر نمودند
Дар ин миён ба вижа аз торнигори Як Дарвеш сипосгузорам ки як матлаби бисёр хуберо дар ин замина нашр намуда	در این میان به ویژه از تارنگار یک درویش سپاسگذارم که یک مطلب بسیار خوبی‌را در این زمینه نشر نموده
Телевизюни Форсии БӣБӣСӣ низ ин масъаларо хуб пӯшиш намуд	تلویزیون فارسی بی‌بی‌سی نیز این مساله‌را خوب پوشش نمود
Ҳамон тавре ки бархе аз азизон ҳатман хабар доранд намоишномаи теотрии Барзуи Абдурразоқ бо номи Девонагӣ	همان طوری که برخی از عزیزان حتماً خبر دارند نماشنامه‌ی تئاتری برزو عبدالرزاق با نام دیوانگی
Соли ки дар остонаи Наврӯз исфанди порсол морси соли ҷории мелодӣ ба намоиш гузошта шуд аз тарафи Вазорати фарҳанги Тоҷикистон мамнӯъ шуд	سال که در آستانه‌ی نوروز اسفند پارسال مارس سال جاری میلادی به نمایش گذاشته شد از طرف وزارت فرهنگ تاجیکستان ممنوع شد
Иллати он ҳам даъват ба ошӯб ва ё инқилоб дар ин намоишнома хонда шуд	علت آن هم دعوت به آشوب و یا انقلاب در این نمایشنامه خوانده شد
Намоишномаи мазкур дар бораи ҳаводиси инқилоби Фаронса дар қарни қарни мелодӣ аст ки дар чашми давлатмандони Тоҷикистон шабеҳи ҳаводиси солҳои мелодӣ-и Тоҷикистон намуд	نمایشنامه‌ی مذکور در باره‌ی حوادث انقلاب فرانسه در قرن قرن است که در چشم دولتمندان تاجیکستان شبیه حوادث سال‌های میلادی تاجیکستان نمود
Номи намоишнома ҳам Девонагӣ	نام نمایشنامه هم دیوانگی
Соли аст ва соли мелодӣ хуршедӣ дар Тоҷикистон солҳои мудҳиши ҷанги дохилӣ буд	سال است و سال میلادی خورشیدی در تاجیکستان سال‌های مدهش جنگ داخلی بود
Соли мелодӣ хуршедӣ дар Фаронса низ Салтанати даҳшат оғоз ёфта буд	سال میلادی خورشیدی در فرانسه نیز سلطنت دهشت آغاز یافته بود
Ахиран имрӯз пас аз музокироти Барзуи Абдурраззоқ бо намояндагони Вазорати фарҳанг ин намоишнома дубора бо бархе тағйирот ва гузашта аз ҳама бо тағйири номи он аз Девонагӣ	اخیراً امروز پس از مذاکرات برزو عبدالرزاق با نمایندگان وزارت فرهنگ این نمایشنامه دوباره با برخی تغییرات و گذشته از همه با تغییر نام آن از دیوانگی
Соли ба Девонагӣ	سال به دیوانگی
Соли рӯйи саҳна омад	سال روی صحنه آمد
Оқои Абдурраззоқ воқеъан ба ҳама нишон дод ки як шахсест меҳандӯст ва шахсест ки дар асл нигарони ояндаи миллат ва марзу бум аст	آقای عبدالرزاق واقعاً به همه نشان داد که یک شخسیت میهن‌دوست و شخسیست که در اصل نگران آینده‌ی ملت و مرز و بوم است
Қисматҳое аз суханони ӯ дар торнамои БӣБӣСӣ ва ҳамчунин рӯйи торнигори Як Дарвеш нашр шуд ки бароям хеле ҷолиб буд	قسمت‌هایی از سخنان او در تارنمای بی‌بی‌سی و همچنین روی تارنگار یک درویش نشر شد که برایم خیلی جالب بود
Суханоне ки гуфта шуд ҳақиқати талхи имрӯзи Тоҷикистон аст	سخنانی که گفته شد خقیقت تلخ امروز تاجیکستان است
Оқои Абдурраззоқ ҳамчунин ишора намуд ки мушкили асосии Тоҷикистон бӯҳрони ҳуввият аст ва ба гуфти ӯ	آقای عبدالرزاق همچنین اشره نمود که مشکل اساسی تاجیکستان بحران حویت است و به گفت او
миллати мо ғурури худро гум кардааст	ملت ما غرور خودرا گم کرده‌است
Нуктаи бисёр ҷолиберо ки Барзуи Абдурразоқ ба тасвир кашид гирифтории мардуми Тоҷикистон дар Русия аст	نکته‌ی بسیار جالبی‌را که برزو عبدالرزاق به تصویر کشید گرفتاری مردم تاجیکستان در روسیه است
Бо мо чизе шуда бачаҳо	با ما چیزی شده بچه‌ها
Масъала он нест ки Русия ё каси дигар бо мо бадрафторӣ мекунад	مساله آن نیست که روسیه یا کس دیگر با ما بدرفتاری می‌کند
Бо мо чизе шуда	با ما چیزی شده
Бо муҳоҷирони кории мо ки якдигариро мехӯранд	با مهاجران کاری ما که یک دیگری‌را می‌خورند
Худро паст зада ҳамдигариро мехӯранд	خودرا پست زده همدیگری‌را می‌خورند
Чун	چون
Онҳо аз ин ҷо бори хиёнат ба якдигариро бе эҳтиромиро бо худ мебаранд	آن‌ها از این جا بار خیانت به یکدیگری‌را بی احترامی‌را با خود می‌برند
Як исфарагиро мекушанд кӯлобиҳо мегӯянд Хай я исфарагӣ будай-да	یک اسفرگی‌را می‌کشند کولابی‌ها می‌گویند خَی یهَ اسفرگی بودَیدهَ
Як панҷакентиро мекушанд мегӯянд Хай панҷакентӣ будаст-да	یک پنجکنتی‌را می‌کشند می‌گویند خَی پنجکنتی بودَستدهَ
Кӯлобия кӯлобиро мекушанд мегӯн мегӯянд кӯлобия куштаст	کولابیهَ کولابی‌را می‌کشند میگون می‌گیوند کولابیهَ کشتست
Суханҳои зиёде дар ин бора мегӯяд ки дар воқеъ ба ҳуввият ва ғурури так-таки мо бар мегардад	سخن‌های زیادی در این باره می‌گوید که در واقع به هویت و غرور تک‌تک ما بر می‌گردد
Дар воқеъ мушкили мардуми мо ин аст ки берун аз хонаводаи худ фикр намукунем ва гоҳе минтақа	در واقع مشکل مردم ما این است که بیرون از خانواده‌ی خود فکر نمی‌کنیم و گاهی منطقه
Чаро вақте сарамонро аз танамон ҷудо мекунанд касе эътироз намекунад	چرا وقتی سرمان‌را از تنمان جدا می‌کنند کسی اعتراض نمی‌کند
Ростӣ ёдам нест дар куҷо хонда будам вале касе гуфта буд ки агар мо бо ҳамин роҳ биравем аз як миллияти ҷамшедӣ ба як миллияти джумшудӣ табдил хоҳем ёфт	راستی یادم نیست در کجا خوانده بودم ولی کسی گفته بود که اگر ما با همین راه برویم از یک ملیت جمشیدی به یک ملیت دژومشودی تبدل خواهیم یافت
Вожаи джумшуд баргирифта аз як намоишномаи таҳқиромез алайҳи тоҷикон дар телевизюни Русия бо номи Равшан ва Джумшуд аст	واژه دژومشود برگفته از یک نمایشنامه‌ی تحقیرآمیز علیه تاجیکان در تلویزیون روسیه با نام روشن و دژومشود است
То кай дар ин хоболудӣ хоҳем буд	تا کی در این خواب‌آلودی خواهیم بود
Ман ҳам дуруст мисли Барзуи Абдурраззоқ мардумро ба инқилоб ё худ шӯриши сиёсӣ даъват наменамоям	من هم درست مثل برزو عبدالرزاق مردم‌را به انقلاب یا خود شورش سیاسی دعوت نمی‌نمایم
Ҳамон тавре ки пештар гуфтаам – мушкили давлати Тоҷикистон аз худи мо бар меояд чун давлати Тоҷикистон ҷузъе аз миллат аст	همان طوری که پیشتر گفته‌ام – مشکل دولت تاجیکستان از خود ما بر می‌آید چون دولت تاجیکستان جزئی از ملت است دولت بیانگر چه گونگی ملت است
Давлат дар ин ҳол аст чун миллат дар ин ҳол аст	دولت در این حال است چون ملت در این حال است
Мо ки худ ҳуввияти миллӣ ғурури миллӣ иттиҳоди миллӣ надорем чӣ гуна метавонем интизори онро дошта бошем ки давлат воқеъан мардумӣ бошад	ما که خود هویت ملی غرور ملی اتهاد ملی نداریم چه گونه می‌توانیم انتظارآن‌را داشته باشیم که دولت واقعاً مردمی باشد
Мо худ магар медонем аз давлат чӣ мехоҳем	ما خود مگر می‌دانیم از دولت چه می‌خواهیم
На азизон	نه عزیزان
Мо худ намедонем чӣ мехоҳем чун намедонем ки кистем	ما خود نمی‌دانیم چه می‌خواهیم چون نمی‌دانیم که کیستیم
Мо ба инқилоби мағзҳо ба инқилоби афкор ниёз дорем	ما به انقلاب مغزها به انقلاب افکار نیاز داریم
Мушкили Тоҷикистон дар солҳои мелодӣ он буд ки даъват аз хоби гарон хез	مشکل تاجیکستان در سال‌های میلادی آن بود که دعوت از خواب گران خیز
буд	بود
Мардум бихест вале бедор набуд	مردم بخیست ولی بیدار نبود
Мардум мисли зомбӣ-ҳое ки дар филмҳои Ҳоливуд мебинем буданд ва нодидаву надониста якдигариро куштанд	مردم مثل زامبیهایی که در فیلم‌های هالیوود می‌بینیم بودند و نادیده و ندانسته یکدیگری‌را کشتند
Оре дӯстон	آری دوستان
Аз хоби гарон хестан ба дардамон намехӯрад	از خواب گران خیستن به دردمان نمی‌خورد
Мо мебояд аз хоби гарон бедор шавем	ما می‌باید از خواب گران بیدار شویم
Бидонем кистему аз куҷо меоем	بدانیم کیستیم و از کجا می‌آییم
Танҳо он замон метавонем дарк кунем ки куҷо бояд рафт	تنها آن زمان می‌توانیم درک کنیم که کجا باید رفت
Умедворам ки ин бонги ҳақиқат ба гӯши мардум бирасад ва мағзҳои хобидаи мо бедор шаванд	امیدوارم که این بانگ حقیقت به گوش مردم برسد و مغزهای خوابیده‌ی ما بیدار شوند
Ҳукумат ҳам бояд бо ин бонг бедор шавад чун ҳукумат ҳам қисмате аз мардум аст	حکومت هم باید با این بانگ بیدار شود چون حکومت هم قسمتی از مردم است
Соъоти то таҳвили соли нави монда	ساعاتی تا تحویل سال نو مانده
Мехостам ҳамаи шумо ҳаммеҳанони азизро бо ин ҷашни пуршукӯҳ ва пуршукӯҳ ва бостонӣ муборакбод бигӯям	می‌خواستم همه‌ی شما هم‌میهنان عزیزرا با این جشن پرشکوه و باستانی مبارکباد بگویم
Умедворам ки ин соли нав барои так таки шумо соли хушӣ шодӣ фаровонӣ ва саломатӣ бошад	امیدوارم که این سال نو برای تک تک شما سال خوشی شادی فراوانی و سلامتی باشد
Ин солро ҳамаи мо бо умедҳое дар қалбамон пешвоз мегирем ва умед бар худойро ки ҳамаи ин умедҳои неки мо ба воқеъият табдил ёбанд	این سال‌را همه‌ی ما با امیدهایی در قلبمان پیشواز می‌گیریم و امید بر خدای‌را که همه‌ی این امیدهای نیک ما به واقعیت تبدل بیابند
Мехостам дар ин лаҳазот аз решаҳои ҷашни Наврӯз тибқи ривояти Ҳаким Абулқосими Фирдавсӣ ёдовар шавем	می‌خواستم در این لحظات از ریشه‌های جشن نوروز طبق روایت حکیم ابوالقاسم فردوسی بزرگوار یادآور شویم
Дар Шоҳнома омада ки Наврӯзро Ҷамшедшоҳ ба миён овард	در شاهنامه آمده که نوروزرا جمشید شاه به میان آورد
Ин шоҳ доддиҳанда ва хирдманд пас аз панҷоҳ соли ҳукмронӣ Наврӯзро ба миён овард	این شاه داددهنده و خردمند پس از پنجاه سال حکمرانی نوروزرا به میان آورد
Чунон ки Фирдавсии бузургвор фармуда	چنان که فردوسی بزرگوار فرموده
Чунин сол панҷаҳ биранҷид низ	چنین سال پنجه برنجید نیز
Надид аз ҳунар бар хирад баста чиз	ندید از هنر بر خرد بسته چیز
Ҳама карданиҳо чу омад ба ҷой	همه کردنی‌ها چو آمد به جای
Зи ҷойи меҳе бартар овард пой	ز جای مهی برتر آورد پای
Ба фарри Каёнӣ яке тахт сохт	به فرّ کیانی یکی تخت ساخت
Чӣ моя бадӯ гавҳар андар нишохт	چه مایه بدو گوهر اندر نشاخت
Ки чун хостӣ дев бардоштӣ	که چون خواستی دیو برداشتی
Зи ҳомун ба гардун барафроштӣ	ز هامون به گردون برافراشتی
Чу хуршеди тобон миёни ҳаво	چو خورشید تابان میان هوا
Нишаста бар ӯ шоҳи фармонраво	نشسته بر او شاه فرمانروا
Ҷаҳон анҷуман шуд бар он тахти ӯй	جهان انجمن شد بر آن تخت اوی
Шигифтӣ фурӯмонда аз бахти ӯй	شگفتی فرومانده از بخت اوی
Ба Ҷамшедбар гавҳар афшонданд	به جمشیدبر گوهر افشاندند
Мар-он рӯзро рӯзи нав хонданд	مران روزرا روز نو خواندند
Сари соли нав ҳармуз фарвадин	سر سال نو هرمز فرودین
Баросуд аз ранҷу зи дарду кин	برآسود از رنج و ز درد و کین
Бузургон ба шодӣ биёростанд	بزرگان به شادی بیاراستند
Майу ҷому ромишгарон хостанд	می و جام و رامشگران خواستند
Чунин ҷашни фаррух аз он рӯзгор	چنین جشن فرّخ از آن روزگار
Ба мо монд аз он хусравон ёдгор	به ما ماند از آن خسروان یادگار
Дар ин сол ва ҳамеша шоду хуррам ва фархунда бошед ва нури эзадӣ ҳамеша бо шумо бод	در این سال و همیشه شاد و خرم و فرخنده باشید؛ و نور ایزدی همیشه با شما باد
Имрӯз исфанд ҷашни Исфандгон аст	امروز اسفند جشن اسفندگان است
Ин ҷашни некӯ зебо ва қашанги гузаштагонамонро ба шумо бонувону дӯшизагон ва модарони азизу гаронбаҳо шод бош мегӯям	این جشن نیکو زیبا و قشنگ گذشتگانمان‌را به شما بانوان و دوشیزگان و مادران عزیز و گرانبها شاد باش می‌گویم
исфанд рӯзи гиромидошти замин дар Эрони Бостон буда	اسفند روز گرامیداشت زمین در ایران باستان بوده
Чун замин атокунандаи меҳр асту ҳамаи инсонҳоро дар оғӯши худ нигаҳ медорад ва ҳамчун модари ғамхору меҳрабон ҳамеша моро дар амони худ нигаҳ медорад ниёконамон бонувонро дар ин рӯз гиромӣ медоштанд	چون زمین عطاکننده‌ی مهر است و همه‌ی انسان‌هارا در آغوش خود نگه می‌دارد و همچون مادر غم‌خوار و مهربان همیشه مارا در امان خود نگه می‌دارد نیاکانمان بانوان‌را در این روز گرامی می‌داشتند
Ин аст ки дар ин рӯз мардҳо тамоми корҳои рӯзмарраи хонумону модарҳояшонро худ анҷом медоданд ва шавҳарҳо ба занҳояшон ҳадоёе пешкаш менамуданд	این است که در این روز مردها تمام کارهای روزمره‌ی خانمان‌ و مادرهایشان‌را خود انجام می‌دادند و شوهرها به زن‌هایشان هدایایی پیشکش می‌نمودند
Мутаасифона мо имрӯз аз пайи ҳама чизи бегона ҳастем ва дар сарзамини мо Рӯзи Волентин низ роиҷ шуда	متاسفانه ما امروز از پی همه چیز بیگانه هستیم و در سرزمین ما روز والنتاین نیز رایج شده
Ин дар ҳолест ки мо намедонем худамон ҳам аз чунин рӯзҳо фаровон дар фарҳангамон дорем ки пурмаънотар ҳастанд ва порае аз ҳуввияти мо ҳастанд	این در حالیست که ما نمی‌دانیم خودمان هم از چنین روزها فراوان در فرهنگمان داریم که پرمعناتر هستند و از فرهنگ و پاره‌ای از هویت ما هستند
Ҳамон тавре ки Ҳофизи Шероз фармуда	همان طوری که حافظ شیراز فرمده
Солҳо дил талаби Ҷоми Ҷам аз мо мекард	سال‌ها دل طلب جام جم از ما می‌کرد
В-он чӣ худ дошт зи бегона таманно мекард	وآن چه خود داشت ز بیگانه تمنا می‌کرد
Дар ин рӯзи хуҷаста дуруди бекаронро ба бонувони нозанину сарбаланд ва модарони меҳрабону шерзани Эронзамин мефиристам ва дасти шуморо мебӯсам	در این روز خجسته درود بیکران‌را به بانوان نازنین و سربلند و مادران مهربان و شیرزن ایران‌زمین می‌فرستم و دست شما‌را می‌بوسم
Шумо ситораи дурахшони ин миллат ҳастед ки умеду орзу барои ояндаи неки миллатро дар қалбҳоямон ҷо додаед	شما ستاره‌ی درخشان این ملت هستید که امید و آرزو برای آینده‌ی نیک ملت‌را در قلب‌هایمان جا داده‌اید
Ба гуфтаи шоири ширинсухани эронӣ Мирзо Турсунзода	به گفته‌ی شاعر شیرین‌سخن ایرانی میرزا ترسون زاده
Зан агар оташ намебуд хом мемондем мо	زن اگر آتش نمی‌بود خام می‌ماندیم ما
Норасида бодае дар ҷом мемондем мо	نارسیده باده‌ای در جام می‌ماندیم ما
Зан агар моро набахшид умри бо вафо	زن اگر مارا نبخشید عمر با وفا
Бе тахаллус бе насаб бе ном мемондем мо	بی تخلص بی نسب بی نام می‌ماندیم ما
Мо посбону посдори ҳамешагии шумо ва ин марзу бум ҳастем	ما پاسدار و پاسبان همیشگی شما و این مرز و بوم هستیم
Осуда бошед	آسوده باشید
Матни зерро аз торнигори Як Дарвеш меоварам ва бисёр сипосгузорам	متن زیررا از تارنگار یک درویش می‌آورم و بسیار سپاسگذارم
Ин нома бори дигар собит кард ки яке аз мушколоти асосии забонию фарҳангии эрониёни Фароруд тоҷикон дабираи таҳримии сирилик аст ки ҳам дараҷаи забондониамонро фарсуда ва ҳам моро аз ҳамқавмонамон ҷудо карда аст	این نامه بار دیگر ثابت کرد که یکی از مشکالات اساسی زبانی و فرهنگی ایرانیان فرارود تاجیکان دبیره‌ی تحریمی سیریلیک است که هم درجه‌ی زبان‌دانی‌امان‌را فرسوده و هم مارا از همقومانمان جدا کرده است
Беҳрӯзи Офоқ раиси бахши Осиё ва Уқёнусияи бахши ҷаҳонии Бӣ-Бӣ-Сӣ дар ин рӯзҳо дар посух ба номаҳои бешумори равшанфикрони тоҷик ки аз наҳваи пӯшиши рӯйдодҳои Тоҷикистон тавассути шабакаи тозатаъсиси телевизюни Бӣ-Бӣ-Сии порсӣ гилоя кардаанд посухи хамсонеро ба забони инглисӣ мефиристад ки тарҷумаи порсии онро дар зер меоварем	بهروز آفاق رییس بخش آسیا و اقیانوسیه‌ی بخش جهانی بی‌بی‌سی در این روزها در پاسخ به نامه‌های بی‌شمار روشنفکران تاجیک که از نحوه‌ی پوشش رویدادهای تاجیکستان توسط شبکه‌ی تازه‌تاسیس تلویزیون بی‌بی‌سی پارسی گلایه کرده‌اند پاسخ همسانی‌را به زبان انگلیسی می‌فرستد که ترجمه‌ی پارسی آن‌را در زیر می‌آوریم
Бисёр сипосгузорам ки нигарониҳои худ дар бораи пӯшиши рӯйдодҳои Тоҷикистон тавассути бахши порсии Бӣ-Бӣ-Сиро бо мо дар миён гузошаед	بسیار سپاسگذارم که نگرانی‌های خود در باره‌ی پوشش رویدادهای تاجیکستان توسط بخش پارسی بی‌بی‌سی‌را با ما در میان گذاشته‌اید
Мо аз бозхӯрд истиқбол мекунем ва бо такя бар он ба барномаҳои худ беҳбуд мебахшем	ما از بازخزد استقبال می‌کنیم و با تکیه بر آن به برانامه‌های خود بهبود می‌بخشیم
Мо шуморе номаҳои ҳамгун дарёфт кардем ки айни номаи шумост ва ба эҳтимоли зиёд ҳамоҳанг шудаанд	ما شماری نامه‌های همگون دریافت کردیم که عین نامه‌ی شماست و با احتمال زیاد هم‌آهنگ شده‌اند
Ман ба ҳамаи фиристандаҳои ин нома ҳамин посухи зерро хоҳам фиристод	من به همه‌ی فرستنده‌های این نامه همین پاسخ زیررا خواهم فرستاد
Мо нигарониҳои шумо дар бораи телевизюни порсиро дар хайъати мудира баррасӣ кардем ва дар ҳоли анҷоми бархе тағйирот ҳастем	ما نگرانی‌های شما در باره‌ی تلویزیون پارسی‌را در هیات مدیره بررسی کردیم و در حال انجام برخی تغییرات هستیم
Замони шаҳри Душанбе дар ҷадвали эъломи пахши барномаҳо афзуда шуд	زمان شهر دوشنبه در جدول اعلام پخش برنامه‌ها افزوده شد
Бо ин тасаввур ки бештари бинандагон дар Тоҷикистон хатти порсиро намехонанд мо дар оғоз аз ин кор сарфи назар карда будем	با این تصور که بیشتر بینندگان در تاجیکستان خط پارسی‌را نمی‌خوانند ما در آغاز از این کار صرف نظر کرده بودیم
Вале мо мутаваҷҷеҳи аҳамияти намодини афзудани замони Душанбе ба ҷадвал ҳастем ва ин эродро ислоҳ кардаем	ولی ما متوجه اهمیت نمادین افزودن زمان دوشنبه به جدول هستیم و این ایرادرا اصلاح کرده‌ایم
Мо ҳамчунин қасд дорем шумори бештаре аз шаҳрҳои Тоҷикистонро шомили ҷадвали обу ҳаво кунем	ما همچنین قصد داریم شمار بیشتری از شهرهای تاجیکستان‌را شامل جدول آب و هوا کنیم
Муҳимтар аз он мушкили фаннии ирсоли филм аз Тоҷикистон ки дар оғоз вуҷуд дошт бартараф шудааст	مهمتر از آن مشکل فنی ارسال فیلم از تاجیکستان که در آغاز وجود داشت برطرف شده‌است
Умедворам то кунун мутаваҷҷеҳи ҷараёни собити гузоришҳои асили мо аз Хабарнигорамон дар Душанбе шуда бошед	امیدوارم تا کنون متوجه جریان ثابت گزارش‌های اصیل ما از خبرنگارمان در دوشنبه شده باشید
Мо ҳамчунин хабарҳои муҳимми Тоҷикистонро пахш кардаем ва дар бораи онхо бо коршиносон дар студиюҳои ланданиамон гуфтугӯҳо кардаем	ما همچنین خبرهای مهم تاجیکستان‌را پخش کرده‌ایم و در باره‌ی آن‌ها با کارشناسان در استودیوهای لندنی‌امان گفت و گوها کرده‌ایم
Ман ба шумо итминон медиҳам ки мо дар баробари бинандагони тоҷикамон ва пӯшиши рӯйдодҳои Тоҷикистон бисёр мутаъаҳҳид ҳастем	من به شما اطمینان می‌دهم که ما در باره‌ی بینندگان تاجیکمان و پوشش رویدادهای تاجیکستان بسیار متعهید هستیم
Умедворам шумо бозтоби ин мавзӯъро дар барномаҳои хабарӣ ва дигар барномаҳои телевизюни порсӣ бибинед	امیدوارم شما این بازتاب‌را در برنامه‌های تلویزیون پارسی ببنید
Дар мавриди тазаккури шумо дар бораи барномаҳои родюии тоҷикӣ бояд бигӯям ки ба далели мухолифати мақомоти Тоҷикистон бо пахши барномаҳои мо аз тариқи ду фиристандаи мавҷи-и мо дар Душанбе ва Хуҷанд ва коҳиши шадиди шумори шунавандагони мо дар Тоҷикистон маҷбур шудем соли гузашта барномаи вижаи тоҷикиро бибандем	در مورد تذکر شما در باره‌ی برنامه‌های رادیویی تاجیکی باید دگویم که به دلیل مخالفت مقامات تاجیکستان با پخش برنامه‌های ما از طریق دو فرستنده‌ی موج اف ام ما در دوشنبه و خجند و کاهش شدید شمار شنوندگان ما در تاجیکستان مجبور شدیم سال گذشته برنامه‌ی ویژه‌ی تاجیکی‌را ببندیم
Бо вуҷуди ин мо тайфи васеъе аз барномаҳои родюии порсии худро ҳифз кардаем ки барномаи мусиқии тоҷикӣ низ шомили онҳост ва шунавандагони мо метавонанд рӯи мавҷҳои кӯтоҳу миёна онро бишунаванд	با وجود این ما طیف وسیعی از برنامه‌های رادیویی پارسی خودرا حفظ کرده‌ایم که برنامه‌ی موسیقی تاجیکی نیز شامل آن‌هاست و شنوندگان ما می‌توانند روی موجهای کوتاه و میانه آن‌را بشنوند
Шумо аз сафҳаи тоҷикии торнамои порсии Бӣ-Бӣ-Сӣ низ ёдовар шудаед	شما از صفحه‌ی تاجیکی تارنمای پارسی بی‌بی‌سی نیز یادآور شده‌اید
Тасмим дар бораи лағви сафҳаи омехтаи порсӣсириллик ба он далел гирифта шуд ки он сафҳа корбаронро гич мекард ва таклифи равшане надошт	تصمیم در باره‌ی لغو صفحه‌ی آمیخته‌ی پارسیسیریلیک به آن دلیل گرفته شد که آن صفحه کاربران‌را گیچ می‌کرد و تکلیف روشنی نداشت
Аз ин рӯ тасмим гирифтем сафҳаи ҷудогонаи вижаеро ба хатти сириллик дошта бошем ки мухтасси корбарони тоҷик аст ва рӯйдодҳои муҳимми тоҷикиро ба хатти порсӣ ҳам барои корбарони эронӣ ва афғонамон дар сафҳаи нахусти торнамо мунташир мекунем	از این رو تصمیم کرفتیم صفحه‌ی جداگانه‌ی ویژه‌ای‌را به خط سیریلیک داشته باشیم که مختص کاربران تاجیک است و رویدادهای مهم تاجیکی‌را به خط پارسی هم برای کاربران ایرانی و افغانمان در صفحه‌ی نخست تارنما منتشر می‌کنیم
Вале нигаронии шумо дар бораи ҷойгоҳи поини сафҳаи сирилликро мадди назар дорем ва талош мекунем роҳи барҷастатар кардани сафҳаи сирилликро биёбем	ولی نگرانی شما در باره‌ی جایگاه پایین صفخه‌ی سیریلیک‌را در مد نظر داریم و تلاش می‌کنیم راه برجسته‌تر کردن صفحه‌ی سیریلیک‌را بیابیم
Ман мехоҳам бори дигар аз шумо ташаккур кунам ки нигарониҳои худро бо мо дар миён гузоштед ва аз ҳавохоҳии боҳароратон аз телевизюни порсӣ сипосгузорам	من می‌خواهم بار دیگر از شما تشکر کنم که نگرانی‌های خودرا با ما در میان گذاشتید و از هواخواهی باحرارتان از تلویزیون پارسی سپاسگذارم
Мо аз оғози кори шабакаи порсизабони телевизюнамон ба шиддат хурсанд ҳастем ва бовар дорем ки он дар паҳнаи расонаии ҷаҳони порсизабон ҷойгоҳи таъйинкунандае хоҳад дошт	ما از آغاز کار شبکه‌ی پارس‌زبان تلویزیونمان با شدت خرسند هستیم و باور داریم که ان در پهنه‌ی رسانه‌ای جهان پارسی‌زبانان جایگاه تعیین کننده‌ای خواهد داشت
Ин расона аз манобеъи байнулмилали азими Бӣ-Бӣ-Сӣ кор хоҳад гирифт то барои мухотабони порсигӯяш дар саросари ҷаҳон аз ҷумла дар Тоҷикистон барнома бисозад	این رسانه از منابع بین الملل عظیم بی‌بی‌سی کار خواهد گرفت تا برای مخاتبان پارسی‌گویش در سراسر جهان از جمله در تاجیکستان برنامه بسازد
Умедворам шумо фурсати тамошои ин барномаҳоро доштаед ва шоҳиди беҳтар шудани пушиши рӯйдодҳои Тоҷикистон аз оғози кори шабака то кунун шудаед	امیدوارم شما فرصت تماشای این برنامه‌هارا داشته‌اید و شاهد بهتر شدن پوشش رویدادهای تاجیکستان از آغاز کار شبکه تا کنون شده‌اید
Бо беҳтарин орзуҳо	با بهترین آرزوها
Нахуст мехостам аз дӯстони азиз пӯзиш бихоҳам ки бештар аз як моҳ ҳеч матлаби тозае нанавиштаам	نخست می‌خواستم از دوستان عزیز پوزش بخواهم که بیشتر از یک ماه هیچ مطلب تازه‌ای ننوشته‌ام
Дар ҳафтаҳои гузашта бисёре торнигорҳои Фароруд аз Телевизюни Форсии БӣБӣСӣ ба хотири набудани ному нишони Тоҷикистон дар он хеле интиқод намуданд	در هفته‌های گذشته بسیاری تارنگارهای فرارود از تلویزیون فارسی بی‌بی‌سی به خاطر نبودن نام و نشان تاجیکستان در آن خیلی انتقاد نمودند
Хеле аз ин дӯстон сипосгузорам	خیلی از این دوستان سپاسگذارم
Ҳузури Фароруд бояд дар ҳар маҳфиле ки барои порсигӯён роҳандозӣ шуда устувор бошад	حضور فرارود باید در هر محفلی که برای پارسی‌گویان راهندازی شده استوار باشد
БӣБӣСӣ каме авзоъро имрӯзҳо рӯйи телевизюн тағйир дода ва имрӯз вақти Душанбе баробари шаҳрҳои Кобулу Теҳрон гузошта шуда	بی‌بی‌سی کمی اوضاع‌را امروزها روی تلویزیون تغییر داده و امروز وقت دوشنبه برابر شهرهای کابل و تهران گذاشته شده
Пахши хабар ҳам аз Тоҷикистон дар рӯзҳои охир оғоз шуда	پخش خبر هم از تاجیکستان در روزهای آخر آغز شده
Вале мо набояд бо ин осуда бошем	ولی ما نباید با این آسوده باشیم
Хабарҳо аз Фароруд то ба ҳол хеле каманд ва бисёр камранг	خبرها از فرارود تا به حال خیلی کمند و بسیار کمرنگ
Гузашта аз ин миёни барномаҳои телевизюн сархатти ахбор аз Эрон Афғонистон ва ҷаҳон намоиш мешавад вале аз Фароруд ҳеч хабаре нест	گذشته از این میان برنامه‌های تلویزیون سرخط اخبار از ایران افغانستان و جهان نمایش می‌شود ولی از فرارود هیچ خبری نیست
Ангеза чист	انگیزه چیست
Ҳамаи бар мегардад ба торнамои БӣБӣСӣ Форсӣ	همه‌ی این بر می‌گردد به تارنمای بی‌بی‌سی فارسی
Тоҷикистон-ро ба ҳошияи ин торнамо танг намуданд	تاجیکستانرا به حاشیه‌ی این تارنما تنگ نمودند
Ахбори Тоҷикистонро танҳо ба дабираи таҳмилӣ сирилик гузоштаанд ва дабираи форсиро аз байн бурдаанд	اخبار تاجیکستان‌را تنها با دبیره‌ی تحمیلی سیریلیک گذاشته‌اند و دبیره‌ی فارسی‌را از بین برده‌اند
Агар дар бахши Тоҷикистон-и торнамои пешин имконият доштанд аз ду дабира истифода намоянд пас чаро имрӯз ки як торнамои пешрафтае доранд наметавонанд ин корро бикунанд ҳатман ки ин имрӯз боз ҳам осонтар аст	اگر در بخش تاجیکستانِ تارنمای پیشین امکانیت داشتند از دو دبیره استفاده نمایند پس چرا امروز که یک تارنمای پیشرفته‌ای دارند نمی‌توانند این کاررا بکنند؛ حتماً که این امروز باز هم آسان‌تر است
Афсӯс ки афсӯс	افسوس که افسوس
чун имрӯз бахши Тоҷикистон дар ҳошия аст ва танҳо ба хатти таҳмилист сархатти ахбори Тоҷикистон рӯйи телевизюн пахш намегардад	چون امروز بخش تاجیکستان در حاشیه است و تنها به خط تحمیلیست سرخط اخبار تاجیکستان پخش نمی‌گردد
Чун ба назар мерасад ки сархатти ахбор ба таври худкор мустақиман аз торнамо рӯйи амвоҷи телевизюн меояд	چون به نظر می‌رسد که سرخط اخبار به طور خودکار مستقیماً از تارنما روی امواج تلویزیونی می‌آید
Ангизаи ин иқдоми БӣБӣСӣ то ба ҳол рӯшан нест ки чаро ахбори Тоҷикистон танҳо ба дабираи таҳмилист	انگیزه‌ی این اقدام بی‌بی‌سی تا به حال روشن نیست که چرا اخبار تاجیکستان تنها به دبیره‌ی تحمیلیست
Ба ҳар ҳол худи мо Фарорудиҳо низ дар ин гуноҳ дорем	به هر حال خود ما فرارودی‌ها نیز در این گناه داریم
Вақте бархе аз нухбагонамон сару садо мекунанд ки забони мо тоҷикист ва дабираи мо сирилик аст бояд мунтазири чунин иқдоме аз тарафи нерӯҳои бегона буд	وقتی برخی از نخبگانمان سر و صدا می‌کنند که زبان ما تاجیکیست و دبیره‌ی ما سیریلیک است باید منتظر چنین اقدامی از طرف نیروهای بیگانه بود
Набояд фаромӯш кард ки БӣБӣСӣ – як ниҳоди хориҷӣ аст ки моли давлати Беритониёст	نباید فراموش کرد که بی‌بی‌سی – یک نهاد خارجی است که مال دولت بریتانیاست
Онҳо пайи корҳое нестанд ки ҳатман бар суди мо бошад	آن‌ها پی کارهایی نیستند که حتماً بر سود ما باشد
Балки дӯст доранд ба пайкаре ки пора – пора шуда боз ҳам як зарбаи сахтӣ бизананд	بلکه دوست دارند به پیکری که پاره – پاره شده باز هم یک ضربه‌ی سختی بزنند
Мо бояд ба асли масъала бар гардем	ما باید به اصل مساله بر گردیم
Он ҳам ҳаст бар гардонидани дабираи порсӣ ба бахши Тоҷикистон-и БӣБӣСӣ Форсӣ ки албатта мунҷар ба дубора дохил намудани бахши Тоҷиқстон ба сафҳаи аслии торнамои БӣБӣСӣ Порсӣ хоҳад шуд	آن هم هست بر گردانیدن دبیره‌ی پارسی به بخش تاجیکستان بی‌بی‌سی فارسی که البته منجر به دوباره داخل نمودن بخش تاجیکستان به صفحه‌ی اصلی تارنمای بی‌بی‌سی پارسی خواهد شد
Аз ҳамаи ватанхоҳон хоҳишмандам ки бо БӣБӣСӣ Форсӣ тамос бигиранд ва тақозо намоянд ки бе диранг дабираи порсиро ба бахши Тоҷикстон бар гардонанд	از همه‌ی وطنخواهان خواهشمندم که با بی‌بی‌سی فارسی تماس بگیرند و تقاضا نمایند که بی درنگ دبیره‌ی پارسی‌را به بخش تاجیکستان بر گردانند
Дирӯз пас аз давраи имтиҳонот дубора ба интернет наздик шудам ва бо хабари шуме дар бораи ҷавони сарбуридаи тоҷикро хондам	دیروز پس از دوره امتحانات دوباره به اینترنت نزدیک شدم و با خبر شومی در باره جوان سربریده تاجیک‌را خواندم
Ин хабар маро воқеъан шигифтангезу парешон кард	این خبر مرا واقعاً شگیفتنگیز و پریشان کرد
Аз Рустами гиромӣ барои расидагӣ ва талошҳояшон мамнунам	از رستم گرامی برای رسیدگی و تلاش‌هایشان ممنونم
Дасти шумо дард накунад	دست شما درد نکند
Хидмати дӯстони гиромӣ арз намоям ки фошиситони рус сари як тоҷике ки дар Маскав кор мекарда аз тан ҷудо намудаанд	خدمت دوستان گرامی عرض می‌نمایم که فاشیست‌های روس سر یک تاجیکی که در مسکو کار می‌کرده از تن جدا نموده‌اند
Тобути ин худобиёмурз рӯзи панҷшанбе озари десомбр декабр-и аз фурудгоҳи Маскав ба фурудгоҳи Душанбе мерасад	تابوت این خدابیامرز روز پنجشنبه آذر دسامبر از فرودگاه مسکو به فرودگاه دوشنبه می‌رسد
Аз тамомии ватанхоҳону миллатдӯстоне ки метавонанд дар Душанбе бошанд ба пешвози ин ҷавонмарги мазлум бирасанд	از تمامی وطنخواخان و ملتدوستانی که می‌توانند در دوشنبه باشند به پیشواز این جوانمرگ مظلوم برسند
Миллати мо бояд якпорчагиро ба ҷаҳониён нишон диҳад	ملت ما باید یکپارچگی‌را به جهانیان نشان دهد
То кай мисли ғуломон рафтор менамоем	تا کی مثل غلام رفتار می‌نمییم
Миллате ки аз худ дифоъ намекунад то куҷо мерасад	ملتی که از خود دفاع نمی‌کند تا کجا می‌رسد
Як ғуруре аз худ нишон бидиҳед шумо ҳам миллатед охир	یک غروری از خود نشان دهید شما هم ملتید آخر
озари десомбри фурудгоҳи Душанбе	آذر دسامبر فرودگاه دوشنبه
Масири Маскав - Душанбе	مسیر مسکو – دوشنبه
Тибқи иттилоъи Бахши Форсии БӣБӣСӣ ахиран шаҳрдории Душанбе нимпайкараҳои ду чеҳраи саршиноси Кумунистро бардоштаанд	طبق اطلاع بخش فارسی بی‌بی‌سی اخیراً شهراداری دوشنبه نیمپیکره‌های دو چهره سرشناس کمونیست‌را براداشته اند
Ин ду нафар яке Чеслав Путувский Чеслав Путовский ва дигарӣ Феликс Дезержинский Феликс Дзержинский аз қотилони аслии озодихоҳону озодпарастони Фароруд ва дигар сарзаминҳои Фароруд буданд	این دو نفر یکی چِسلَو پوتوسکیی و دیگری فِلیکس دزِرژینسکیی از قاتلان اصلی آزادی‌خواهان و آزاد‌پرستان فرارود و دیگر سرزمین‌های شوروی بودند
Феликс Дезержинский муъассиси созмони махфии шӯравӣ буд	فلیکس دزرژینسکیی مؤسس سازمان مخفی شوروی بود
Вай ҳамчун падари террури сурх дар сартосари Шӯравии пешин ва берун аз шӯҳрат пайдо карда	وی همچن پدر ترور سرخ در سرتاسر شوروی پیشین و بیرون از آن شهرت پیدا کرده
Чеслав Путувский раиси созмони махфии шӯравӣ дар қаламрави Тоҷикистон буд ва соли мелодӣ дар яке аз задухӯрдҳое бо гурӯҳҳои зидди имперюлисти Фароруд кушта шуд	چسلو پتوسکیی رئیس سازمان مخفی شوروی در قلمرو تاجیکستان بود و سال میلادی در یکی از زودوخوردهایی با گروه‌های ضد امپریولیست فرارود کشته شد
Нимпайкараи Оқои Дезержинский дар рӯбарӯйи сохтмони Кумитаи давлатии амнияти миллии Ҷумҳурии Тоҷикистон қарор дошт ва нимпайкараи Оқои Путувский дар хиёбони Исмоили Сомонӣ ки пеш аз ин номи худашро дошт воқеъ гардида буд	نیمپیکره آقای دزرژینسکیی در روبروی ساختمان کمیته دولتی امنیت ملی جمهوری تاجیکستان قرار داشت و نیمپیکره آقای پوتوسکیی در خیابان اسماعیل سامانی که پیش از این نام خودش‌را داشت واقع گردیده بود
Шодӣ Шабдолуф раиси Ҳизби Кумунисти Тоҷикистон аз ин иқдом ба тадриҷ хашмгин шуда ва аз ҷумла гуфта ки Ба шарофати даврони Шуравӣ буд ки Тоҷикистон имрӯз ба унвони як кишвари мустақил дар ҷаҳон шинохта шуд	شادی شبدالف رییس حزب کمونیست تاجیکستان از این اقدام به تدریج خشمگین شده و از جمله گفته که به شرافت دوران شوروی بود که تاجیکستان به عنوان یک کشور مستقل در جهان شناخته شد
Зеро дар соли хуршедӣ мақомоти вақти Шуравӣ ба тоҷикон имкон доданд ки кишвари мустақили худро бунёд кунанд	زیرا در سال خورشیدی مقامات وقت شوروی به تاجیکان امکان دادند که کشور کشور مستقل خودرا بنیاد کنند
Албатта назари эшонро ман дарк мекунам чун шахсан чандин бор чунин баҳсҳое доштаам	البته نظر ایشان‌را من درک می‌کنم چون شخساً چندین بار چنین بحث‌هایی داشته‌ام
Вале он солҳо сиёсати Шӯравӣ буд сохтани ҷамоҳири миллӣ ва танҳо ба Тоҷикистон чунин шарофат дода нашуд	ولی آن سال‌ها سیاست شوروی بود ساختن جماهر ملی و تنها به تاجیکستان چنین شرافت داده نشد
Балки сарзаминҳои Тоҷикистони имрӯз зери тасарруфи Режими Ишғолгарои Ӯзбакистон аст	بلکه سرزمین‌های تاجیکستان امروز زیر تسرف رژیم اشغالگرای ازبکستان است
Гузашта аз ин ин ду нафар ҳеч коре барои фарҳангу адаби ё омӯзишу парвариши Тоҷикистон анҷом надодаанд	گذشته از این این دو نفر هیچ کاری برای فرهنگ و ادب یا آموزش و پرورش تاجیکستان انجام نداده‌اند
Ҷолиб ин ҷост ки тибқи иттилоъи РИО Нувустӣ РИА Новости ин ду нимпайкараро ба ҷануби шаҳр ба маҳалли Омӯзишгоҳи олии Кумитаи амнияти миллии Тоҷикистон мунтақил намудаанд	جالب این جاست که طبق اطلاع ریا نوستی روسیه این دو نیمپیکره‌را به جنوب شهر به محل آموزشگاه عالی کمیته دولتی امنیت ملی تاجیکستان منتقل نموده اند
Дар ҳоле ки гирифтани ин ду нимпайкара аз маркази шаҳр иқдоми хубест аммо гузоштани ин ду дар саҳни омӯзишгоҳи посдорони амнияти миллат кори на чандон дуруст аст	در حالی که گرفتن این دو نیمپیکره از مرکز شهر اقدام خوبیست اما گذاشتن این دو در صحن آموزشگاه پاسداران امنیت ملت کاری نه چندان درست است
Чун ин ду хуни миллати моро ба замин рехтанд ва аз истисморкунандагони аҷнабӣ буданд	چون این دو خون ملت مارا به زمین ریخته و از استسمارکنندگان اجنبی بودند
Магар ин ду намунаи хубанд барои посдорони оромишу осоиши миллат ва барои посдорони истиқлолу озодии миллат	مگر این دو نمونه خوبند برای پاسداران آراماش و آسایش ملت و برای پاسداران استقلال و آزادی ملت
Иқдоми дигаре ки шаҳрдорӣ бояд ба зуддӣ анҷом диҳад барандохтани нимпайкараи Мируненку Мироненко аст ки дар замони ишғоли шӯравии Афғонистон бе шак дар он ҷо хуни чандин тоҷикро рехта	اقدام دیگری که شهرداری باید به زودی انجام دهد برانداختن نیمپیکره میرننکو است که در زمان اشغال شوروی افغانستان بی شک در آن جا خون چندین تاجیک‌را ریخته
Мутаасифона ӯро имрӯз ҳам бархе қаҳрамон медонанд	متاسفانه اورا امروز هم برخی قهرمان می‌دانند
Ман ҳатман ба нигаҳ доштани торих боварӣ дорам ва фикр мекунам бояд ҳамаи ин пайкараву нимпайкараҳоро дар як ҷо гузошт	من حتمناً به نگه داشتن ترایخ باوری دارم و فکر می‌کنم باید همه این پیکره و نیمپیکره‌هارا در یک جا گذاشت
Мисол дар шаҳри Пероги Ҷумҳурии Чек ки солиён дар пушти пардаи оҳанин ба сар мебурд имрӯз ҳамаи муҷассамоти давари кумунисмро дар як боғе гузоштаанд	مثال در شهر پراگ جمهوری چک که سالیان در پشت پرده آهنین به سر می‌برد امروز همه مجسمات دوران کمونیسم‌را در یک باغی گذاشته‌اند
Ин аст нигаҳ доштани пораҳои торих вале нагузоштан ки чунин сафаҳоти торихи барафрошта шавад	این است نگه داشتن پاره‌های تاریخ ولی نگذاشتن که چنین صفحات تاریخ برافراشته شود
Тибқи иттилоъи хабаргузории Ҷовидон ахиран лавҳаи ҷадиди Донишгоҳи Балх расман ифтитоҳ шуда	طبق اطلاع خبرگزاری جاودان اخیراً لوحه جدید دانشگاه بلخ رسماً افتتاح شده
Лавҳаи ҷадиди порсӣ вожаи донишгоҳ-ро ба кор бурда	لوحه جدید پارسی آن واژه دانشگاهرا به کار برده
Хотиррасон мешавем ки меҳрмоҳ септомбр сентябр дар Донишгоҳи Балх задухӯрди шадиде байни пулис ва донишҷӯёни порсигӯ сар зад ки дар он теъдоде аз донишҷӯён захмӣ ва чанде кушта шуданд	خاطررسان می‌شویم که مهرماه سپتامبر در دانشگاه بلخ زدوخورد شدیدی بین پلیس و دانشجویان پارسی‌گو سر زد که در آن تعادادی از دانشجویان زخمی و چندی کشته شدند
Задухӯрд бар сари вожаи донишгоҳ буд	زدوخورد بر سر واژه دانشگاه بود
Донишҷӯёни ин донишгоҳ лавҳаи форсиро ки давлат гузошта ва рӯйи он Пуҳантуни Балх пуҳантун вожаи пашту барои донишгоҳ аст навишта ба замин фиганданд ва ба ҷойи он лавҳаи ҷадидеро гузоштанд ки рӯйи он Донишгоҳи Балх навишта буд	دانشجویان این دانشگاه لوحه فارسیی‌را که دولت گذاشته و روی آن پوهنتون بلخ پوهنتون واژه پشتو برای دانشگاه است نوشته ‌ به زمین فگندند و به جای آن لوحه جدیدی‌را گذاشتند که روی آن دانشگاه بلخ نوشته بود
Чандин моҳе пеш Вазири Иттилоот ва Фарҳанг ё ба қавли худ Иттилоот ва Култур-и ин давлат яке аз хабарнигорони телевизюни Афғонистонро ки бо забони форсӣ гузориш медод ба хотири корбурд аз вожагони донишгоҳ ва донишҷӯён ба ҷойи пуҳантун ва муҳассилин аз кор ронд	چندین ماهی پیش وزیر اطلاعات و فرهنگ یا به قول خود اطلاعات و کلتور این دولت یکی از خبرنگاران تلویزیون افغانستان‌را که با زبان فارسی گزارش می‌داد به خاطر کاربرد از واژگان دانشگاه و دانشجویان به جای پوهنتون و محصیلین از کار راند
Ба қавли ҳукумати Афғонистон вожагоне мисли донишгоҳ донишҷӯён фарҳанг ва чанде дигар вожагони бегона ва ғайри Исломӣ мебошанд	به قول حکومت افغانستان واژگانی مثل دانشگاه دانشجویان فرهنگ و چندی دیگر واژگان بیگانه و غیر اسلامی
Ба гуфтаи онон ин калимот форсӣ ҳастанд дар ҳоле ки забони давлатии Афғонистон дарӣ аст	به گفته آنان این کلمات فارسی هستند در حالی که زبان دولتی افغانستان دری است
Муъовини устондори Балх дар зимни суханронӣ дар ин гирдиҳамойӣ аз ҷумла гуфта аст	معاون استاندار بالخ در ضمن سخنرانی در این گردهمایی از جمله گفته است
Ба манзури таҳкими ваҳдати миллӣ ва бо истифода аз мафоди Қонуни Асосӣ ки иҷоза медиҳад тамоме осор мактуб ва ановини идороти давлатӣ дар кишвар ба ду забони форсӣ ва пашту танзим гардад лавҳаи Донишгоҳи Вилояти Балх низ ба ду забони форсӣ ва пашту ва як забони байнулмиллалӣ инглисӣ тарроҳӣ ва бар сардарби вурудии Донишгоҳи Балх насб гардид	به منظور تحكيم وحدت ملی و با استفاده از مفاد قانون اساسی كه اجازه می‌دهد تمامی آثار مكتوب و عناوين ادارات دولتی در كشور به دو زبان فارسی و يا پشتو تنظيم گردد لوحه دانشگاه ولايت بلخ نيز به دو زبان فارسی و پشتو و يك زبان بين المللی انگليسی طراحی و برسردرب ورودی دانشگاه بلخ نصب گرديد
Ин як пирӯзии порсигӯёни Афғонистон аст ки аз забон ва фарҳанги худ дифоъ мекунанд	این یک پیروزی پارسی‌گویان افغانستان است که از زبان و فرهنگ خود دفاع می‌کنند
Дар рӯзҳои охир шоҳиди бедории бештари форсигӯёни Афғонистон шудаем	در روزهای آخر شاهد بیداری بیشتر فارسی‌گویان افغانستان شده‌ایم
Дирӯз як матлаби бисёр нағзеро дар торнигори рӯзномаи Паймон чоп Кобул хондам ки То забони порсӣ зинда аст ман ҳам зиндаам ном дорад	دیروز یک مطلب بسیار نغزی‌را در تارنگار روزنامه پیمان چاپ کابل خواندم که تا زبان پارسی زنده است؛ من هم زنده‌ام نام درد
Дар ин матлаб оқои Аминӣ нависандаи ин матлаб изҳор менамояд ки забоне ки дар Эрону Афғонистону Тоҷикистони имрӯзӣ роиҷ аст забони форсист	در این مطلب آقای امینی نویسنده این مطلب اظهار می‌نماید که زبانی که در ایران و افغانستان و تاجیکستان امروزی رائج است زبان فارسیست
Ӯ ҳамчунин менависад ки танҳо роҳи наҷот ва густариши забони порсӣ ҳамбастагии порсизабонон аст	او همچنین می‌نویسد که تنها راه نجات و گسترش زبان پارسی همبستگی پارسی‌ربانان است
Ба гуфтаи эшон имрӯз вазъи беҳтарин барои забони порсӣ дар Эрони имрӯзист ки Фарҳангистони Забон ва Адаби он барои дифоъ ва густариши забони порсӣ корҳои бисёр муҳиммеро анҷом медиҳад	به گفته ایشان امروز وضع بهترین برای زبان پارسی در ایران امروزیست که فرهنگستان زبان و ادب آن برای دفاع از و گسترش زبان پارسی کارهای بسیار مهمی‌را انجام می‌دهد
Ин дар ҳолест ки забони форсӣ дар Тоҷикистон то ба ҳол ба дабираи сирилик навишта мешавад ва дар Афғонистон ҳукуматдорони ин кишвар ҳуҷуми ҳамаҷонибаро ба ин забон оғоз намудаанд	این در حالیست که زبان پارسی در تاجیکستان تا به حال به دبیره سیریلیک نوشته می‌شود و در افغانستان حکمتداران این کشور هجوم همه‌جانبه‌را به این زبان آغاز نموده‌اند
Пешниҳоди оқои Аминӣ ин аст ки ҳавзаи фаъолияти Фарҳангистони Забон ва Адаби Форсӣ ба ҳар се кишвари порсизабон паҳн шавад	پیشنهاد آقای امینی این است که حوضه فعالیت فرهنگستان زبان و ادب فارسی به هر سه کشور پارسی‌زبان پهن شود
Ба порсигӯёни Афғонистони имрӯзӣ офарин мегӯям	به پارسی‌گویان افغانستان امروزی آفرین می‌گویم
Ба умеди бедории ҳамаи эрониёни гетӣ	به امید بیداری همه ایرانیان گیتی
Яке аз дӯстони бисёр хуби ман Алии Назарӣ дирӯз таваҷҷӯҳи маро ба як чакомае росонид ки хеле хушам омад	یکی از دوستان بسیار خوب من علی نظری دیروز توجه مرا به یک چکامه‌ای رساند که خیلی خوشم آمد
Ин шеър навиштаи Лоиқи Шералӣ шоъири зиндаёди эронӣ дар мурдодмоҳи соли ут август-и соли мелодӣ аст	این شعر نوشته لایق شیرعلی شاعر زنده‌یاد ایرانی در مردادماه سال اوت سال میلادی است
Матни онро ин ҷо меорам	متن آن‌را این جا می‌آرم
Чу аз насли Фаредунем	چو از نسل فریدون‌ایم
Аз як реша як хунем	از یک ریشه یک خون‌ایم
Чу аз хуни Сиёвушем	چو از خون سیاووش‌ایم
Ҷовидон дар оғӯшем	جاویدان در آغوش‌ایم
Дирафши Ковёнӣ бо мост	درفش کاویانی با ماست
Фарри Орёнӣ бо мост	فرّ آریانی با ماست
Атои фазли яздонӣ	عطای فضل یزدانی
Ки бо ҷамъу парешонӣ	که با جمع و پریشانی
Тапад бо ҳам	تپد با هم
Танад бо ҳам	تند با هم
Дили тоҷику эронӣ	دل تاجیک و ایرانی
Ба тоҷику ба эронӣ	به تاجیک و به ایرانی
Муҳаббат бод арзонӣ	محبت باد ارزانی
Садоқат бод	صداقت باد
Наҷобат бод	نجابت باد
Шаҳомат бод арзонӣ	شهامت باد ارزانی
Чу аз як Ҷоми Ҷам ҳастем	چو از یک جام جم هستیم
Аз як Ҷоми Ҷам мастем	از یک جام جم مستیم
Агар Рустам сарафрозад	اگر رستم سرافرازد
Зи нав парчам барафрозад	ز نو پرچم برافرازد
Хуросони Бузурги мо	خراسان بزرگ ما
Хуросони Сутурги мо	خراسان سترگ ما
Атои фазли яздонӣ	عطای فظل یزدانی
Ки бо ҷамъу парешонӣ	که با جمع و پریشانی
Тапад бо ҳам	تپد با هم
Танад бо ҳам	تند با هم
Дили тоҷику эронӣ	دل تاجیک و ایرانی
Ба тоҷику ба эронӣ	به تاجیک و به ایرانی
Муҳаббат бод арзонӣ	محبت باد ارزانی
Садоқат бод	صداقت باد
Наҷобат бод	نجابت باد
Шаҳомат бод арзонӣ	شهامت باد ارزانی
Имрӯз мисли ҳамеша ба торнигори Бахши Форсии БӣБӣСӣ саре задам то паи ахбори меҳану ҷаҳон бошам	امروز مثل همیشه به تارنگار بخش فارسی بی‌بی‌سی سری زدم تا پی اخبار میهن و جهان باشم
Ногаҳон мутаваҷҷеҳ шудам ки ин торнигор тарҳи тозаеро ба бар карда	ناگهان متوجه شدم که این تارنگار طرح تازه‌ای‌را به بر کرده
Албатта чанд рӯзе пеш рӯйи торнигори БӣБӣСӣ хонда будам ки Бахши Форсии БӣБӣСӣ ба зуддӣ ба зуддӣ бо тарҳи ҷадиде меояд	البته چند روزی پیش روی تارنگار بی بی سی خوانده بودم که بخش فارسی بی‌بی‌سی به زودی با طرح جدیدی می‌آید
Дар тарҳи тоза ҳам мисли пештара бахшҳои Сафҳаи нахуст Эрон Афғонистон Ҷаҳон ва дигарҳо ҷойгир шуда аммо бахши Тоҷикистон дар ин торнигор дигар ба чашм намехӯрад	در طرح تازه هم مثل پیشتره بخش‌های صفحه نخست ایران افغانستان جهان و دیگر‌ها جایگیر شده اما بخش تاجیکستان در این تارنگار دیگر به چشم نمی‌خورد
Пас аз ҷустуҷӯи тӯлонӣ дар пойини сафҳа чашм ба ин навишторе расид	پس از جستوجوی طولانی در پایین صفحه چشمم به این نوشتاری رسید
Сойтҳои муртабит дар БӣБӣСӣ ва зери он тоҷикӣ пашту арабӣ-ро дидам	سایت‌های مرتبط در بی بی سی و زیر آن تاجیکی پشتو عربيرا دیدم
Бале дуруст фаҳмидед	بله درست فهمیدید
Забони форсии Фарорудро аз форсӣ ҷудо намуданд ва дар қатори забонҳое ки форсӣ нестанд мисли пашту ва арабӣ гузоштанд	زبان فارسی فرارودرا از فارسی جدا نمودند و در قطار زبان‌هایی که فارسی نیستند مثل پشتو و عربی گذاشتند
Соли мелодӣ забони давлатии Тоҷикистон расман номи форсӣ-ро ба даст овард	سال میلادی زبان دولتی تاجیکیستان رسماً نام فارسیرا به دست آورد
На чандон дертар по пойин омадани пардаи оҳанин ва бо касби истиқлол Тоҷикистон ҳам ба Бахши Форсии БӣБӣСӣ пайваст	نه چندان دیرتر با پایین آمدن پرده آهنین و با کسب استقلال تاجیکستان هم به بخش فارسی بی‌بی‌سی پیوست
Ин бо кӯшишу ғайратҳои чунин ашхосе мисли мисли марҳум Муҳиддини Олимпур зиндаёд Лоиқи Шералӣ ва шодравон Мазҳабшоҳи Муҳаббатшоҳ буд ки ба Қонуни забони Тоҷикистон вожаи форсӣ ворид шуд ва нагузоштанд ки Бахши Тоҷикии БӣБӣСӣ ташкил шавад балки Тоҷикистонро ба Бахши Форсии БӣБӣСӣ пайвастанд	این با کوشش و غیرت‌های چنین اشخاسی مثل مرحوم محی الدین عالیم پور زنده‌یاد لایق شیرعلی و شادروان مذهب‌شاه محبت‌شاه بود که به قانون زبان تاجیکستان واژه فارسی وارد شد و نگذاشتند که بخش تاجیکی بی‌بی‌سی تشکل شود بلکه تاجیکستان‌را به بخش فارسی بی‌بی‌سی پیوستند
Бо вуҷуди ҳазфи вожаи форсӣ аз Қонуни асосии соли мелодӣ Тоҷикистон то имрӯз аз Бахши Форсии БӣБӣСӣ ҳазф нашуда буд	با وجود حذف واژه فارسی از قانون اساسی سال میلادی تاجیکستان تا امروز از بخش فارسی بی‌بی‌سی حذف نشده بود
Имрӯз як рӯзи торикест барои забони порсӣ ва барои ҳар эронию ҳар порсигӯйи гетӣ	امروز یک روز تاریکیست برای زبان پارسی و برای هر ایرانی و هر پارسی‌گوی گیتی
Забони моро ҳатто БӣБӣСӣ ки то ба ҳол пора накарда буд пора намуда	زبان مارا حتی بی‌بی‌سی که تا حال پاره نکرده بود پاره نموده
Вале ин нахустин тозиши БӣБӣСӣ ба ҳуввияти мо нест ки қаблан Халиҷи Форсро Халиҷ ном бурда то бо кишварҳои араб созиш намояд	ولی این نخستین تازش بی‌بی‌سی به هویت ما نیست که قبلاً خلبیج فارس‌را خلیج نام برده تا با کشورهای عرب سازش نمیاد
Ман ҳатман пайи мудирияти БӣБӣСӣ барои дарёфти посухи ангезаи ин иқдом хоҳам буд вале намедонам то куҷо посухи онҳо воқеъӣ хоҳад буд	من حتماً پی مدریت بی‌بی‌سی برای دریافت پاسخ انگیزه این اقدام خواهم بود خواهم بود ولی نمی‌دانم تا کجا پاسخ آن‌ها واقعی خواهد بود
Аз ҳамаи ҳаводорони забони порсӣ ва фарҳанги эронӣ тақозо мекунам ки бо БӣБӣСӣ тамос бигиранд ва агар посухе пайдо карданд хушҳол мешавам ки ин ҷо онро зикр намоянд	از همه هواداران زبان پارسی و فرهنگ ایرانی تقاضا می‌کنم که با بی‌بی‌سی تماس بگیرند و اگر پاسخی پیدا کردند خوشحال می‌شدم که این جا آن‌را ذکر نمایند
Дақиқан як рӯз пас аз нашри бахши охари матлаб дар бораи Тоҷикистон ва даъвати банда ба омӯхтани дақиқу воқеъии торихи хеш ва дақиқан як моҳ пас аз нашри матлабе бо номи Бӯҳрони ҳуввияти Рӯдакӣ ва ҳушдори банда дар бораи аз тарафи душманон мавриди истифода қарор гирифтани баҳси тоҷик ё эронӣ будан дирӯз матлабе дар торнигори Андеша бознашр шуда	دقیقاً یک روز پس از نشر بخش آخر مطلب در باره تاجیکستان و دعوت بنده به آموختن دقیق و واقعی تاریخ خویش و دقیقاً یک ماه پس از نشر مطلبی با نام بحران حویت رودکی و حوشدار بنده در باره از طرف دشمنانمان مورد استفاده قرار گرفتن بحث تاجیک یا ایرانی بودن رودکی دیروز مطلبی در تارنگار اندیشه بازنشر شده
Матлабе бо номи Фирдавсӣ ва Рӯдакӣ тоҷик нестанд	مطلبی با نام فردوسی و رودکی تاجیک نیستند
ки нависандаи он Абдулазими Абдулваҳҳоб аст дар ҳафтаномае бо номи СССР нашр шудааст	که نوسنده آن عبد العظیم عبد الوهاب است در هفتنامه ای با نام اس اس اس ار نشر شده
Ин мақола аз марде бо номи Маҳмуди Кавир интиқод менамояд	این مقاله از مردی با نام محمود کویر انتقاد می‌نواید
Ангор оқои Кавир аз ноширони китобе Шеъри Ҷаҳон ки дар Манчестери Инглистон нашр шуда ба хотири ёдоварӣ аз Фирдавсӣ ҳамчун шоири тоҷик интиқод менамояд	انگار آقای کویر از ناشران کتابی شعر جهان که در منچستر انگلستان نشر شده به خاطر یادآوری از فردوسی همچن شاعر تاجیک انتقاد می‌نماید
Оқои Абдуваҳҳоб фавран ба дифоъ аз миллати тоҷик аз шаъну шарафи тоҷикон бархоста	آقای عبد الوهاب فوراً به دفاع از ملت تاجیک از شعن و شرف تاجیکان برخاسته
Ин матлаб рӯйи торнигори Андеша ҳам баҳси зиёдеро барангехта ки аксаран як баҳси пучу тухолӣ буд	این مطلب روی تارنگار اندیشه هم بحث زیادی‌را برانگیخته که اکثراً یک بحث پوچ و توخالی بود
Аз Дорюши Раҷабиён ва Боқири Китобдор бисёр сипосгузорам ки дар ин баҳс ба воқеъият рӯй оварданд	از داریوش رجبیان و باقر کتابدار بسیار سپاسگزارم که در این بحث به واقعیت روی آوردند
Оқои Абдулваҳҳоб дар матлабаш менависад ки вожаи ту ё туи ки дар марзи Эрони имрӯзи ба маънии дар ё дарун роиҷ аст гӯё аз вожаи инглисии ё бармеояд	آقای عبد الوهاب در مطلبش می‌نویسد که واژه تو یا توی که در مرز ایران امروزی به معنی در یا درون رائج است گویا از واژه انگلیسی یا بر می‌آید
Ҷанобашон бояд хиҷолат бикашанд ки чунин суханҳои бе асосеро мегӯянд	جنابشان باید خجالت بکشند که چنین سخن‌های بی اساسی‌را می‌گویند
Дар Луғатномаи Деҳхудо аз ҷумла омада ки ту ба маънии дарун ҳам ҳаст ки ба муқобили берун аст ва мисолеро меорад аз Амир Хусрави Деҳлавӣ ки мефармояд	در لغت نامه دهخدا از جمله آمده که تو بمعنی درون هم هست که در مقابل بیرون است و مثالی‌را می‌آرد از امیر خسرو دهلوی که می‌فرماید
Нахуфт эро хаск дар бистараш буд	نخفت ایرا خسک در بسترش بود
Магас дар туи пироҳанаш буд	مگس در توی پیراهن درش بود
Ба ҳар ҳол чандин мисоле дар Луғатнома оварада шуда ки ҷаноби олӣ худашон метавонанд онҳоро бубинанд	به هر حال چندین مثالی در آن لغت نامه آورده شده که جناب عالی خودشان می‌توانند آن هارا ببینند
Ин моем ки ин вожаро бехӣ фаромӯш кардаем	این ماییم که این واژه‌را بیخی فراموش کرده ایم
Агар иштибоҳ накунам бо вожаи ту дар Шоҳномаи Фирдавсӣ ҳам бархурд намудаам	اگر اشتباه نکنم با واژه تو در شاهنامه فردوسی هم برخورد نموده ام
Ман ин ҷо аз оқои Кавир ҳам интиқод менамоям чун тоҷикон эронӣ ҳастанд ва эрониён тоҷик ҳастанд	من این جا از آقای کویر هم انتقاد می‌نمایم چون تاجیکان ایرانی هستند و ایرانیان تاجیک هستند
Забони эрониёни Фароруд тоҷикон ҳам порсист гарчанд гурӯҳе дар Тоҷикистон мехоҳанд ин ҳақиқатро инкор намоянд	زبان ایرانیان فرارود تاجیکانهم پارسیست گرچند گروهی در تاجیکستان می‌خواهند این حقیقت‌را انکار نمایند
Дар Шоҳномаи Фирдавсӣ аз вожагоне истифода шуда ки имрӯз дар миёни мардуми Фароруд аз онҳо фаровон истифода мешаванд мисли нағз ганда яла гала ва	در شاهنامه فردوسی از واژگانی استفاده شده که امروز در میان مردم فرارود از آن‌ها فراوان استفاده می‌شوند مثل نغز گنده یله گله و
Мо зуд аз тоҷикони бурунмарзӣ эрониёни имрӯзӣ меранҷем вақте чунин як матлаберо мебинем	ما زود از تاجیکان برنمرزی ایرانیان امروزی می‌رنجیم وقتی چنین یک مطلبی‌را می‌بینیم
Ин дар ҳолест ки мо забони худро тоҷикӣ медонем вале Фирдавсӣ гуфта Аҷам зинда кардам бад-ин порсӣ	این در حالیست که ما زبان خودرا تاجیکی می‌دانیم ولی فردوسی گفته عجم زنده کردم بداین پارسی
Фирдавсӣ Шоҳномаи худро барои растохез ва зинда нигаҳ доштани Эрону эронӣ нивишта ва фармуда ки Чу Эрон набошад тани ман мабод вале бархи афрод рӯйи торнигори Андеша доду фиғон мезананд ки тоҷикон дигаранду эрониён дигаранд ва мо эронӣ нестем	فردوسی شاهنامه خودرا برای رستاخیز و زنده نگه داشتن ایران و ایرانی نوشته و فرموده که چو ایران نباشد تن من مباد ولی برخی افراد روی تارنگار اندیشه داد و فغان می‌زنند که تاجیکان دیگرند و ایرانیان دیگرند و ما ایرانی نیستیم
Агар шумо эронӣ нестед Фирдавсӣ ҳам шуморо аз худ намедонад пас фаромӯшаш кунед ӯро	اگر شما ایرانی نیستید فردوسی هم شمارا از خود نمی داند پس فراموشش کنید اورا
Рӯдакию Мавлоно ва Ҳофизу Саъдиро ҳамчунин	رودکی و مولانا و حافظ و سعدی‌را همچنین
Мо чӣ ҳаққе ба Фирдавсию Рӯдакӣ дорем вақте хатти худро сирилик медонем	ما چه حقی به فردوسی و رودکی داریم وقتی خط خودرا سیریلیک می‌دانیم
Вақте вазири омӯзишу парвариши Тоҷикистон мегӯяд Тоҷикистон аз хатти сирилик рӯ нахоҳад гардонд вақте ҳукуматдорони Тоҷикистон намегузоранд ки зери пайкараи Рӯдакӣ дар Душанбе бо дабираи порсӣ навишторе бошад кай метавонанд пайравони Рӯдакию Фирдавсию Сомониён буданро дошта бошанд	وقتی وزیر آموزش و پرورش تاجیکستان می‌گوید تاجیکستان از خط سیریلیک رو نخواهد گرداند؛ وقتی حکومتداران تاجیکستان نمی گزارند که زیر پیکره رودکی در دوشنبه با دبیره پارسی نوشتاری باشد کی می‌توانند دعوای پیروان رودکی و فردوسی و سامانیان بودن‌را داشته باشند
Яке аз иштироккунандагони он торнигор гуфта ки аксари эрониёни марзи имрӯзии Эрон турку арабанд то эронӣ	یکی از اشتراک کنندگان آن تارنگار گفته که عکثر ایرانیان ترک و عربند تا ایرانی
Хидмататон арз намоям ки ҳамаи мо эрониён бо дигарон омехта шудаем ва эрониёни Фароруд на камтар аз эрониёни ғарби Эронзамин	خدمتتان عرض نمایم که همه ما ایرانیان با دیگران آمیخته شده ایم و ایرانیان فرارود نه کمتر از ایرانیان غرب ایران زمین
Вале оне ки моро эронӣ мекунад фарҳангу тамаддуни мост ва забони мост	ولی آنی که مارا ایرانی می‌کند فرهنگ و تمدن ماست و زبان ماست
Албатта решаи ин ҳарфҳо аз шустушӯи мағзии шӯравӣ ва русӣ бар меояд	البته ریشه این حرف‌ها از شستوشوی مغزی شوروی و روسی بر می‌آید
Ба мо гуфтанд ки озариҳо турканд ва мо имрӯз онҳоро бегона медонем	به ما گفتند که آذری‌ها ترکند و ما امروز آن هارا بیگانه می‌دانیم
Ҳатто мардуми Ҷумҳурии Озарбойҷони кунунӣ ҳам гирифтори ин афкор шудаанд	حتی مردم جمهوری آذربایجان کنونی هم گرفتار این افکار شده اند
Вале набояд нодида гирифт ки имрӯз фазои марзи Эрони кунунӣ аз ҳар ҷойи Эрони Бузург бештар эрониятро дорад шӯрбахтона	ولی نباید نادیده گرفت که امروز فضای مرز ایران کنینی از هر جای ایران بزرگ بیشتر ایرانیت‌را دارد شوربختانه
Чӣ дар забон чӣ дар давлатдорӣ чӣ дар ҷашнҳои миллӣ чӣ дар мусиқӣ чӣ дар синемо ва	چه در زبان چه در دولتداری چه در جشن‌های ملی چه در موسیقی چه در سینما و
Мо ҳама раҳгумзадагоне ҳастем ки намедонем аз куҷо меоему ба куҷо меравем	ما همه رهگمزدگانی هستیم که نمی دانیم از کجا می‌آییم و به کجا می‌رویم
Чаро меранҷем вақте чунин иқдоми Маҳмуди Кавирро мебинем вале гоҳе фикр намекунем ки ҳамқавмони бурунмарзии мо ҳам ҳақ доранд аз мо Тоҷикистониён биранҷанд	چرا می‌رنجیم وقتی چنین اقدام محمود کویررا می‌بینیم ولی گاهی فکر نمی کنیم که همقومان برنمرزی ما هم حق دارند از ما تاجیکستانیان برنجند
Вақте як кишваре чун Эрони имрӯзӣ бо тамоми қудрате ки дорад бо мо на ҳамчун бародари бузург балки ҳамчун ҳамрутба бархурд менамояд мо бархе замон кӯрнамакӣ ҳам мекунем	وقتی یک کشوری چون ایران امروزی با تمام قدرتی که دارد با ما نه همچن برادر بزرگ بلکه همچن همرطبه برخرد می‌نماید ما برخی زمان کور نمکی هم می‌کنیم
Эроне ки тоза аз ҷанги бо Ироқ баромада буд ин қадр кӯмаки башардӯстона ба Тоҷикистони ҷангзада намуд барои бунёди сулҳ дар Тоҷикистон миёнҷигарӣ намуд	ایرانی که تازه از جنگ ساله با عراق برامده بود این قدر کمک بشردوستانه ای به تاجیکستان جنگزده نمود؛ برای بنیاد صلح در تاجیکستان میانجگری نمود
Вале бархе аз давлатмандони мо ҳамаи инро нодида мегиранд	ولی برخی از دولتمندان ما همه این‌را نادیده می‌گیرند
Дар назди эрониён худро бартар медонем	در نزد ایرانیان خودرا برتر می‌دانیم
Чаро	چرا
Магар фарҳангамонро мо беҳтар нигаҳ доштем	مگر فرهنگمان‌را ما بهتر نگه داشتیم
Магар забонамонро мо беҳтар нигаҳ доштем	مگر زبانمان‌را ما بهتر نگه داشتیم
Ин ҳама албатта аз худкеҳтарбинӣ комплекс неполноценности аст	این همه البته از خودکهتربینی است
Худкеҳтарбинии мо танҳо он замон аз байн хоҳад рафт ки мо бидонем кистему чистем аз куҷо меоему ба куҷо меравем	خودکهتربینی ما تنها آن زمان از بین خواهد رفت که ما بدانیم کیستیم و چیستیم از کجا می‌آییم و به کجا می‌رویم
Магар суханони Иброҳим Усмонов ҳам пуч нестанд ки мегӯяд дабираи порсӣ на хатти мост на хатти падарони мост ва на хатти бобоёни мост	مگر سخنان ابراهیم عثمانف هم پوچ نیستند که می‌گوید دبیره پارسی نه خط ماست نه خط پدران ماست و نه خط بابایان ماست
Гуфтугӯи эшон бо ҳафтаномаи Ниго чоп Душанбе зери унвони Бояд бовар кунонем ки мо тоҷикем на каси дигар	گفتگوی ایشان با هفتنامه نگاه چاپ دوشنبه زیر عنوان باید باور کنانیم که ما تاجیکیم نه کس دیگر
чоп шуда	چاپ شده
Дар бахши ин гуфтугӯ ки жуйия июл-и соли чоп шуда мегӯяд ки аҷибу фараҳбахш мебуд ки тамоми ашъори Устод Рӯдакӣ ва ҳамасрони ӯро ба забонҳои инглисию фаронсавӣ ё немисӣ ҷанобашон ки худро мудофеъи забону фарҳанги тоҷик медонанд вожаи русии немисӣ-ро мавриди истифода қарор додаанд ки порсии он аст олмонӣ дар ҷилд нашр мекардем ва дар охирсухан мегуфтем ки тарҷума аз забони тоҷикӣ аст	در بخش این گفتگو که ژوئیه سال چاپ شده می‌گوید که عجیب و فرحبخش می‌بود که تمام اشعار استاد رودکی و همعصران اورا به زبان‌های انگلیسی و فرانسوی یا نمیسی جنابشان که خودرا مدافع زبان و فرهنگ تاجیک می‌دانند واژه روسی نمیسی‌را مورد استفاده قرار داده اند که پارسی آن است آلمانی در جلد نشر می‌کردیم و در آخرسخن می‌گفتیم که ترجومه از زبان تاجیکی است
Ин ба назарам як чизи нав менамояд	این به نظرم یک چیز نو می‌نماید
Дуруст фармуданд эшон ки аҷиб мешуд ва як чизи нав ҳам хоҳад намуд агар касе ба ин ин ин иқдоми аҳмақона даст бизанад	درست فرمودند ایشان که عجیب می‌شد و یک چیز نو هم خواهد نمود اگر کسی به این اقدام احمقانه دست بزند
Маҳмуди Кавир ҳам дуруст мисли оқои Усмонов бе появу асос гап мезананд ва ба тафриқаандозии эрониён даст мезананд	محمود کویر هم درست مثل آقای عثمانف بی پایه و اساس گپ می‌زنند و به تفریقه اندازی ایرانیان دست می‌زنند
Абдулазими Абдулваҳҳоб худ ба яке аз пайравони Иброҳим Усмонову Маҳмуди Кавир табдил шудааст	عبد العظیم عبد الوهاب خود به یکی از پیروان ابراهیم عثمانف و محمود کویر تدبدل شده است
Навиштаи ман зери унвони Бӯҳрони ҳуввияти Рӯдақӣ дар матлаби оқои Абдулваҳҳоб ҳам ёд шуда вале бояд дубора зикр намоям ки вақте ман он матлабро ин ҷо навиштам ҳадафи ман ҳушдор намудани мардум аз чунин иқдом буд ки ҳамагон шоҳиди он шудем	نوشته من زیر عنوان بحران هویت رودکی در مطلب آقای عبد الوهاب هم میاد شده ولی باید دوباره ذکر نمیام که وقتی من آن مطلب‌را این جا نوشتم هدف من هوشدار نمودن مردم از چنین اقدام بود که همگان شاهد آن شدیم
Фаромӯш накунем ки мо эронием мо тоҷикем	فراموش نکنیم که ما ایرانییم ما تاجیکیم
Ин ҷо суханони Дорюши Раҷбиёнро муносиб медонам ки дар посух ба яке аз иштирокдорони торнигори Андеша аз ҷумла гуфтаанд	این جا سخنان داریوش رجبیان‌را مناسب می‌دانم که در پاسخ به یکی از اشتراکداران تارنگار اندیشه از جمله گفتند
Шояд дарки ин хақиқат сахт бошад ки ҳанӯз тоҷиконе ҳастанд ки ба маънии дақиқи вожа на русишудаи он тоҷиканд яъне эронианд	شاید درک این حقیقت سخت باشد که هنوز تاجیکانی هستند که به معنی دقیق واژه نه روس شده آن تاجیکند یعنی ایرانی اند
Чун то замоне ки русҳо ба мо нагуфтанд ки мо эронӣ нестему забонамон порсӣ нест мо он ҳақиқатро қабул доштем	چون تا زمانی که روس‌ها به ما نگفتند که ما ایرانی نیستیم و زبانمان پارسی نیست ما آن حقیقت‌را قبول داشتیم
Тоҷику эрониву афғон чаро	تاجیک و ایرانی و افغان چرا
Мо дар ин дунё ки аз як модарем	ما در این دنیا که از یک مادریم
Фароруд зери дудмонҳои ӯзбак буд	فرارود زیر دودمان‌های ازبک بود
Дар давоми қарнҳо кашмакашу бенизомиҳои зиёде дар ин минтақа ҳукмрон буд	در دوام این قرن‌ها کشمکش و بی نظامی‌های زیادی در این منطقه حکمران بود
Пешравии намоёни фарҳангӣ ба назар намерасид ва се хонигарӣ ташкил шуд – Хонигарии Хӯқанд Хонигарии Хева ва Хонигарии Бухоро ки дертар номашро ба Аморати Бухоро табдил дод ва қудратмандтарини инҳо буд Ин хонигариҳо дар кашмакашҳои тӯлонӣ дар байни якдигар гирифтор буданд	پیشروی نمایان فرهنگی به نظر نمی رسید و سه خانیگریی تشکل شد – خانیگری خوقند خانیگری خیوه و خانیگری بخارا که دیرترنامش‌را به امارت بخارا تبدل داد و قدرتمندترین این‌ها بود
Ҳар сеи ин хонигарӣ зери дудмонҳои туркнажод буданд Ҳамин тавр давлатдории эрониву бумӣ нопадид шуд	این خانیگری‌ها در کشمکش‌های طولانی در بین یک دیگر گرفتار بودند
Забони давлатӣ дар хонигариҳои Хӯқанд ва Хева забонҳои туркӣ буд	هر سه ای این خانیگری زیر دودمان‌های ترک نژاد بودند
Танҳо дар Аморати Бухоро забони давлатӣ забони порсӣ боқӣ мемонад ва номи маъмулии он ҳам форсӣ ё форсии дарӣ буд	همین طور دولتداری ایرانی و بومی در فرارود ناپدید شد
Ин хонигариҳо ҳам набуданд ва сирф дар пояи Ислом ва он ҳам Исломи Суннии Ҳанафӣ бунёд ёфтанд Дар ин давлат ҳеч бӯю нишоне аз ҳуввияти миллӣ вуҷуд надошт	زبان دولتی در خانیگری‌های خوقند و خیوه زبان‌های ترکی بود
Соли хуршедӣ мелодӣ фароруд зери тасарруфи имперотурии Русия медарояд Дертар пас аз инқилоби Булшевик дар Русия дар Осиёи Миёна тақсимбандии миллӣ роҳандозӣ мешавад	تنها در امارت بخارا زبان دولتی زبان پارسی باقی می‌ماند و نام معمولی آن هم فارسی یا فارسی دری بود
Пас аз кашмакашҳои зиёду тӯлонӣ Ҷамоҳири Шӯравии Сусёлистии Қазоқистон Қирқизистон Туркаманистон Ӯзбакистон ва Тоҷикистон ташкил меёбанд	این خانیگری‌ها ملی نبودند و صرف در پایه اسلام و آن هم اسلام سنی حنفی بنیاد یافتند
Албатта қисматҳои азими Тоҷикистон зери Режими Ишғолгарои Ӯзбакистон боқӣ мемонад	در این دولت هیچ بوی و نشانی از هویت ملی وجود نداشت
Дар тӯли ин садсолаҳо бо ҳукмронии қабилаҳои турк ва дертар русҳову кумунистон давлатдории воқеъии бумиву эронӣ дар Фароруд ба тадриҷ нопадид шуд	سال خورشیدی میلادی فرارود زیر تصرف امپراتوری روسیه می‌دراید
марокази фарҳангу тамаддуни эронӣ зери фармони қавмҳои туркнажод уфтод	دیرتر پس از انقلاب بلشویک در روسیه در آسیای میانه تقسیم بندی ملی راهندازی می‌شود
ҳавзаи забони порсӣ дар Осиёи Миёна ба тадриҷ танг шуд эрониёни суннӣ-мазҳаб зидди ҳамқавмоне ки пайравони адёни ғайри Исломӣ буданд ва ҳатто ҳамқавмони Шиъа таблиғ мешуданд	پس از کشمکش‌های زیاد و طولانی جماهیر شوروی سوسیالیستی قزاقستان قرقزستان ترکمنستان ازبکستان و تاجیکستان تشکل می‌یابند
эрониёни Фароруд тоҷикон таблиғ мешуданд ки эронӣ ва тоҷик ду миллияти мухталифанд	البته قسمت‌های عظیم تاجیکستان زیر رژیم اشغالگرای ازبکستان باقی می‌ماند
порсигӯён таблиғ мешуданд ки забони модарии эшон тоҷикист на порсӣ эрониёни Суннӣ ва Шиъаи Исмоилӣ тоҷик ном гирифтанд эрониёни шиъаи дувоздаҳ-имомӣ порс ном гирифтанд эрониёне зиёде ки аз марзи кунунии Эрон омаданд аксари онҳо кумунистон мисли Лоҳутӣ эронӣ ном гирифтанд ва эрониёни Калимӣ ки ҳамчун Яҳудиёни Бухоро номдор буданду ҳастанд қисме аз миллияти яҳудӣ шуданд	در طول این صدساله‌ها با حکمرانی قبیله‌های ترک و دیرتر روس‌ها و کمونیستان دولتداری واقعی بومی و ایرانی در فرارود به تدریج ناپدید شد؛ مراکز فرهنگ و تمدن ایرانی زیر فرمان قوم‌های ترک نژاد افتاد؛ حوضه زبان پارسی در آسیای میانه به تدریج تنگ شد؛ ایرانیان سنی مذهب ضد همقومانی که پیروان ادیان غیر اسلامی بودند و حتی همقومان شیعه تبلیغ می‌شدند؛ ایرانیان فرارود تاجیکان تبلیغ می‌شند که ایرانی و تاجیک دو ملیت مختلفند؛ پارسی گویان تبلیغ می‌شدند که زبان مادری ایشان تاجیکیست نه پارسی؛ ایرانیان سنی و شیعه اسماعیلی تاجیک نام گرفتند ایرانیان شیعه دوازده امامی پارس نام گرفند ایرانیانی زیادی که از مرز کنونی ایران آمدند عکثر آن‌ها کمونیستان مثل لاهوتی ایرانی نام گرفتند و ایرانیان کلیمی که همچن یهودیان بخارا نامدار بوند و هستند قسمی از ملیت یهودی شدند؛ هر منطقه تاجیکستان‌را علیه دیگری تبلیغ نمودند
ҳар минтақаи Тоҷикистонро алайҳи дигарӣ таблиғ менамуданд Ин аст ки имрӯз бӯҳрони ҳуввият ва фарҳанги тоҷикӣ дар Фароруд ҳукмрон аст	این است که امروز بحران هویت و فرهنگ تاجیکی سر و پا در فرارود حکمران است
Ва аммо бар мегардем ба имрӯзи Тоҷикистон	و اما بر می‌گردیم به امروز تاجیکستان
Бадбахтии Тоҷикисон дар ин аст ки ҳеч суннати давлатдорӣ дар он вуҷуд надорад	بدبختی تاجیکستان این است که هیچ سنت دولتداری در آن وجود ندارد
Балки вуҷуд дорад вале суннати давлатдории имрӯзии Тоҷикистон тоҷикӣ нест	بلکه وجود دارد ولی سنت دولتداری امروزی تاجیکستان تاجیکی نیست
Давлатдори дар Тоҷикистон имрӯз дар асоси давлатдории кумунистӣ ва давлатдории хонигариҳои туркнажоди Осиёи Миёна бунёд ёфта ва сояи Сомониён намоён нест гарчӣ дар маркази шаҳр пайкараи Исмоили Сомонӣ қад афрошта	دولتداری در تاجیکستان امروز در اساس دولتداری کمونیستی و دولتداری خانیگری‌های ترک نژاد آسیای میانه بنیاد یافته و سایه سامانیان نمایان نیست گرچه در مرکز شهر پیکره اسماعیل سامانی قد افراشته
Омили аслӣ ин аст ки мардум аз ҳуввияти миллӣ бархурдор нестанд як гурӯҳи раҳгумзада мебошанд	عامل اصلی این است که مردم از هویت ملی برخردار نیستند و یک گروهِ رهگمزده می‌باشند
Аз як сӯ давлат таблиғ мекунад ки мо Ориёӣ ҳастем мо аз Ҳахоманишиёну Сосониёну Сомониёнем ва аз сӯйи дигар ба мо мегӯянд ки эрониён дигаранд ва тоҷикон дигаранд	از یک سو دولت تبلغ می‌کند که ما آریایی هستیم ما از هخامنشیان و ساسنیان و سامانیانیم و از سوی دیگر به ما می‌گویند که ایرانیان دیگرند و تاجیکان دیگرند
Аз як сӯ шоъироне мисли Рӯдакӣ Мавлонои Балхӣ Ҳофизи Шерозиро ва Лоҳутиро аз они худ медонанд ва аз сӯйи дигар забони худро тоҷикӣ ва дабираи худро сирилик медонанд	از یک سو شاعرانی مثل رودکی و مولانای بلخی و حافظ شیرازی و لاهوتی‌را از آن خود می‌دانند و از سوی دیگر زبان خودرا تاجیکی و دبیره خودرا سیریلیک می‌دانند
Аз як сӯ сару садо дар бораи иттиҳоди порсигӯён баланд мекунанд ва аз сӯйи дигар барномаҳои родюӣ бо забонҳои тоҷикӣ форсӣ дарӣ дар қатори инглисию русӣ пахш мекунанд ва дод мезананд ки забони мо тоҷикист на порсӣ ва бояд бо он биболему бифахрем	از یک سو سر و صدا در باره اتحاد پارسیگویان بلند می‌کنند و از سوی دیگر برنامه‌های رادیویی با زبان‌های تاجیکی فارسی دری در قطار انگلیسی و روسی پخش می‌کنند و داد می‌زنند که زبان ما تاجیکیست نه پارسی و باید با آن ببالیم و بفخریم
Рӯзҳои нахусте ки дар Тоҷикистон будам хеле дилгир мешудам ки чаро ҷавонон бавижа бонувони ҷавон забони модарии худро канор мегузоранд ва ба забони русӣ байни ҳам ҳарф мезананд	روزهای نخستی که در تاجیکستان بودم خیلی دلگیر می‌شدم که چرا جوانان بویژه بانوان جوان زبان مادری خودرا کنار می‌گذارند و به زبان روسی بین هم حرف می‌زنند
Донишҷӯёни ҷавоне ки ба забони порсӣ гап мезананд навъе аз тарафи ин ҷавонон тавҳин мешаванд ва онҳоро деҳотӣ мехонанд	دانشجویان جوانی که به زبان پارسی گپ می‌زنند نوعی از طرف این جوانان توهین می‌شوند و آن هارا دهاتی می‌خوانند
Забони русӣ забони шик шуда	زبان روسی زبان شیک شده
Ин ҳама албатта аз нодонии мардум аст вале бубинед ки ин ҷавонҳо аз забони тоҷикӣ чӣ мебинанд	این همه البته از نادانی مردم است ولی ببنید که این جوان‌ها از زبان تاجیکی چه می‌بینند
Ин забон ки бо хатти сирилик навишта мешавад дар куҷо ба кор меояд	این زبان که با خط سیریلیک نوشته می‌شود در کجا به کار می‌آید
Чанд китобе дар як сол бо ин забон нашр мешавад	چند کتابی در یک سال با این زبان نشر می‌شود
Чӣ дастовардҳои илмию текникӣ бо ин забон дастраси ҷавонон аст	چه دستاودر‌های علمی و تکنیکی با این زبان دسترس جوانان است
Ин боз моро ба баҳси хатту забон меорад	این باز مارا به بحث خط و زبان می‌آرد
Магар беҳтар нест забони модарии мо дубора расман форсӣ шинохта шавад ва ба хатти аслии худ боз гардем	مگر بهتر نیست زبان مادری ما دوباره رسماً فارسی شناخته شود و به خط اصلی خود باز گردیم
Бо чунин аҳвол мардум ҳеч гоҳ наметавонанд аз давлат чизе тақозо кунад	با چنین احوال مردم هیچ گاه نمی تواند از دولت چیزی تقاضا کند
Мардуме ки намедонад худ кисту чист кай метавонад як давлате дилхоҳе тақозо намояд	مردمی که نمی داند خود چیست و کیست کی می‌تواند یک دولتی دلخواهی تقاضا نماید
Дар кадом асос	در کدام اساس
Дар асоси кадом суннати давлатдорӣ	در اساس کدام سنت دولتداری
Бо назардошти ин ҳолат барои беҳтар намудани вазъи сиёсӣ иҷтимоӣ фарҳангӣ иқтисодӣ ва	با نظرداشت این حالت برای بهتر نمودن وضع سیاسی اجتماعی فرهنگی اقتسادی و
аз ҳамаи Ватанхоҳон мехоҳам ки барои омӯзонидани воқеъии фарҳангу торихи миллат дастиҷамъӣ кор кунанд	از همه وطن خواهان بیدار می‌خواهم که نخست به آموزاندن واقعی فرهنگ و تاریخ ملت دستجمعی کار کنند
Куҷо он бузургон Сосониён	کجا آن بزگان ساسانیان
Зи Баҳромиён то ба Сомониён	ز بهرامیان تا بسامانیان
Фирдавсӣ	فردوسی
Ватанхоҳон Ватан вайрона гардид	وطن خواهان وطن ویرانه گردید
Ватан манзилгаҳи бегона гардид	وطن منزلگه بیگانه گردید
Ба хоки мо таҷовузҳои ағёр	به خاک ما تجاوزهای اغیار
Бари аҳли ҷаҳон афсона гардид	بر اهل جهان افسانه گردید
Лоҳутӣ	لاهوتی
Бале ин як мусибате аст	بله این یک مصیبتی است
Мусибати давлат мардум ва сарзамин	مصیبت دولت مردم و سرزمین
Мушкили асосии ин миллат фасод аст ки як ҷузви он маҳалгароист	مشکل اساسی این ملت فساد است که یک جزو آن محلگراییست
Пуст пост- ҳои муҳими давлатӣ ҳама дар дасти ашхосест ки аз минтақаи ба ҳама маълум бар меоянд	پست‌های مهم دلتی همه در دست اشخاسیست که از منطقه به همه معلوم بر می‌آیند
Гузашта аз ин бисёре аз шуғлҳои давлатӣ ба фурӯш мераванд	گذشته از این بسیاری از شغل‌های دولتی به فروش می‌روند
Дар кадом як давлати солим шоҳиди чунин иттифоқот ҳастем	در کدام یک دولت سالم شاهد چنین اتفاقات هستیم
Вале масъала дар асл дигар аст	ولی مساله در اصل دیگر است
Решаи бадбахтиҳои Тоҷикистон фасод аст вале решаи фасод дигар аст ва ин ҳам ҳуввияти миллию фарҳангӣ ва забонӣ ё худ набудани ҳамаи он аст	ریشه بدبختی‌های تاجیکستان فساد است ولی ریشه فساد دیگر است و این هم هویت ملی و فرهنگی و زبانی یا خود نبودن همه آن است
Чаро ҳукуматдорон дастҷамъӣ ба чунин амалиёт даст мезананд	چرا حکومتداران دستجمعی به چنین عملیات دست می‌زنند
Чаро системи давлатдорӣ дар Тоҷикистон чунин шудааст	چرا سیستم دولتوداری در تاجیکستان جنین شده است
Чун барои давлатдории воқеъӣ ва давлатдории хуб ахлоқи судманд лозим аст	چون برای دولتداری واقعی و دلتداری خوب اخلاق سودمند لازم است
Фасод аз набуди ахлоқ аст	فساد از نبود اخلاق است
Суъол матраҳ мешавад	سؤال مطرح می‌شود
ахлоқ дар кадом асос бояд пайдо шавад	اخلاق در کدام اساس باید پیدا شود
Ахлоқ дар асоси чизи волотаре шакл меёбад оне ки шумо аз нафасатон волотару поктар медонед	اخلاق در اساس چیز والاتری شکل می‌یابد؛ آنی که شما از نفستان والاتر و پاکتر می‌دانید
Барои бархе ин дин аст барои бархе ин меҳанпарастӣ аст ва барои бархе ҳар ду	برای برخی این دین است برای برخی این میهنپرستی است و برای برخی هر دو
Албатта ман ин ҷо масъалаи ахлоқи давлатдориро матраҳ мекунам	البته من این جا مساله اخلاق دولتداری‌را مطرح می‌کنم
Мутаасифона меҳанпарварӣ дар кишвари мо дар байни тӯдаҳо вуҷуд надорад ишқ ба миллати худ ҳам ҳамчунин	متاسفانه میهنپروری در کشور ما در بین توده‌ها وجود ندارد؛ عشق به ملت خود هم همچنین
Танҳо хонаводаю маҳал барои мардум муҳим аст	تنها خانواده و محل برای مردم مهم است
Мардуми Тоҷикистон аз фарҳангу торихашон чизе ҳам намедонанд	مردم تاجیکستان از فرهنگ و تاریخشان چیزی هم نمی دانند
Сарчашмаи мушкилот ҳам ин аст	سرچشمه مشکلات هم این است
Мусибати Тоҷикистон ин аст ки мо тамоман аз асламон ва ҳуввиятамон дур мондем	مصیبت تاجیکستان این است که ما تماماً از اصلمان و هویتمان دور ماندیم
Биёед ба торих бингарем	بیایید به تاریخ بنگریم
Дар қарни-и хуршедӣ қарни мелодӣ маркази растохези фарҳангу забон ва давлатдории эронӣ пас аз истилои аъроб Фароруд буд	در قرن خورشیدی قرن میلادی مرکز رستاخیز فرهنگ و زبان و دولتداری ایرانی پس از استیلای اعراب فرارود بود
Имрӯз ҳам давлатдорони Тоҷикистон давлати Сомониёнро ба як пойгоҳи баланд бардоштаанд	امروز هم دولتداران تاجیکستان دولت سامانیان‌را به یک پایگاه بلند برداشته اند
Мутаасифона имрӯз ҳамон фарҳангу давлатдории эронӣ тоҷикӣ дар Тоҷикистон назаррас нест	متاسفانه امروز همان فرهنگ و دولتداری ایرانی تاجیکی در تاجیکستان نظررس نیست
Мусибати аз аслу ҳуввият дур мондани мо аз ҳамлаи ӯзбакон аз шимол – аз ҷануби қаламрави Русия ва шимоли қаламрави Қазоқистони имрӯзӣ – дар қарни-и хуршедӣ қарни-и мелодӣ сарчашма мегирад	مصیبت از اصل و هویت دور ماندن ما از حمله ازبکان از شمال – از جنوب قلمرو روسیه و شمال قلمرو قزاقستان امروزی – در قرن خورشیدی قرن میلادی سرچشمه می‌گیرد
Пас аз вайрон кардани марказҳои фарҳангии эронӣ ҳамчун шаҳрҳои Самарқанд Бухоро ва дигарҳо	پس از ویران کردن مرکزهای فرهنگی ایرانی همچن شهرهای سمرقند بخارا و دیگرها
Чуноне ки ба ҳамаи мо маълум аст Саффавиён ки аз Озарободагон Озарбойҷон бархостанд дар ин замон бо таксозӣ муттаҳидсозӣ-и Эрон машғул буданд	چنانی که به همه ما معلوم است صفویان که از آذرآبادگان آذربایجان برخاستند در این زمان با تکسازی متحدسازی ایران مشغول بودند
Ин ба кашмакашҳои шадид миёни ин ду нерӯ овард	این به کشمکش‌های شدید میان این دو نیرو آورد
Охари ин кашмакашҳо ба он расонид ки қисматҳои шарқӣ ва шимолии Эрон зери Шайбониён монд	آخر این کشمکش‌ها به آن رسانید که قسمت‌های شرقی و شمالی ایران زیر شیبانیان ماند
Дар замони ҳукмронии Шайбониён Аштархониён ва дертар Манғитиён Фароруд бештару бештар ақиб уфтод	در زمان حکمرانی شیبانیان اشترخانیان و دیرتر منغتیان فرارود بیشتر و بیشتر عقب افتاد
Сабаби асосӣ он аст ки ин дудмонҳои ӯзбак бодиянишин буданд ва суннатҳои давлатдории эронӣ ки дар замони Сомониён дубора дар Фароруд ҳукмрон буданд аз байн рафтанд	سبب اساسی آن ست که این دودمان‌های ازبک بادیه نشین بودند و سنت‌های دولتداری ایرانی که در زمان سامانیان دوباره در فرارود حکمران بودند از بین رفتند
Дунбола дорад	دنباله دارد
Тоҷикистон тоза ҷашни маликушшуаъро асосгузори адбиёти келосики форсӣ Рӯдакии бузургворро таҷлил намуд	تاجیکستان تازه جشن سالگی ملیک الشعرا اساسگزار ادبیات کلاسیک فارسی رودکی بزگواررا تجلیل نمود
Ин ҷашни якояки эрониёни ҷаҳон аст	این جشن یکایک ایرانیان جهان است
Ин ҳама дар ҳолест ки мутаваҷҷеҳи як матлабе рӯйи торнигори Перес Т	این همه در حالیست که متوجه یک مطلبی روی تارنگار پرس ت
В	و
шабакаи моҳвароии инглисии Садову Симои Ҷумҳурии Исломии Эрон шудам	شبکه ساعته ماهورایی انگلیسی صدا و سیمای جمهوری اسلامی ایران شدم
Матлаби мазкур нувомбр ноябр-и соли чоп шуда ба номи Би Би Си торихи Эронро таҳриф мекунад ’	مطلب مذکور نوامبر سال چاپ شده به نام بی بی سی تاریخ ایران‌را تحریف می‌کند ’
Ин матлаб аз Би Би Си ки аз Рӯдакӣ ба унвони асосгузори адабиёти тоҷикӣ ва шоъири тоҷик ёд карда сахт интиқод намуда	این مطلب از بی بی سی که از رودکی به عنوان اساسگزار ادبیات تاجیکی و شاعر تاجیک یاد کرده سخت انتقاد نموده
Матлаби Перес Т	مطلب پرس ت
В	و
менависад ки Рӯдакӣ эронӣ буд на тоҷик ва ӯ асосгузори адабиёти форсӣ буд на тоҷикӣ	می‌نویسد که رودکی ایرانی بود نه تاجیک و او اساسگزاری ادبیات فارسی بود نه تاجیکی
Дар мавриди забони тоҷикӣ бо Перес Т	در مورد زبان تاجیکی با پرس ت
В	و
сад дар сад мувофиқам	صد در صد موافقم
Забони мо забони форсист ва тоҷикӣ номи таҳмил шуда ба миллати мост	زبان ما زبان فارسیست و تاجیکی نام تحمیل شده به ملت ماست
Рӯдакӣ ҳам номи забони худро форсӣ медонист на тоҷикӣ	رودکی هم نام زبان خودرا فارسی می‌دانست نه تاجیکی
Дар ҳоле ки бархе аз рӯшанфикрон-и мо бар инанд ки мебояд ашъори Рӯдакиро ба забонҳои гуногун тарҷума кард ва гуфт тарҷума аз забони тоҷикӣ	در حالی که برخی از روشنفکران ما بر اینند که می‌باید اشعار رودکی‌را به زبان‌های گوناگون ترجمه نمود و گفت ترجمه از زبان تاجیکی
Фирдавсӣ ҳам гуфтааст аҷам зинда кардам бад-ин порсӣ на тоҷикӣ	فردوسی هم گفته است عحم زنده کردم بدین پارسی نه تاجیکی
Масъалаи нозуктаре дар ин ҷо ҳуввияти миллии Рӯдакӣ аст	مساله نازکتر در این جا هویت ملی رودکی است
Рӯдакӣ эронӣ буд ва ин мавриди баҳс қарор нест	رودکی ایرانی بود و این مورد بحث نیست
Вале хуб мешуд агар Перес Т	ولی خوب می‌شد اگر پرس ت
В	و
дар матлаби худ зикр менамуд ки маънои вожаи тоҷик эронист	در مطلب خود ذکر می‌نمود که معنای واژه تاجیک ایرانیست
Дуруст мисли аҷам	درست مثل عجم
Ҳамон тавре ки арабҳо эрониёнро аҷам хонданд туркон эрониёнро тоҷик хонданд	همان طوری که عرب‌ها ایرانیان‌را عجم خواندند ترکان ایرانیان‌را تاجیک خواندند
Ман худамро эронӣ медонам чун воқеъан эронӣ ҳастам	من خودم‌را ایرانی می‌دانم چون وقعاً ایرانی هستنم
Барои ман фарқ надорад маро тоҷик мехонанд аҷам мехонанд ё эронӣ	برای من فرق ندارد مرا تاجیک می‌خوانند عجم می‌خوانند یا ایرانی
Албатта вожаи эрониро бештар дӯст дорам чун вожаи таҳмил шудае нест	البته واژه ایرانی‌را بیشتر دوست دارم چون واژه تحمل شده ای تیست
Мутаасифона шуъури миллии мардуми Тоҷикистон то ба ҳол ба он дараҷае нарасида ва метавонад эҳсосоти мардумро алайҳи Эрони имрӯзӣ бархезонад	متاسفانه شعور ملی مردم تاجیکستان تا به حال به این درجه ای نرسیده و می‌تواند احساسات مردم‌را علیه ایران برخیزاند
Мардуми Эрони имрӯзӣ ба ҳар ҳол аз ин назар шуъури баландтаре доранд	مردم ایران امروزی به هر حال از این نظر شعور بلندتری دارند
Хуб мешуд ки ин масъала дар миёни рӯшанфикрони эронӣ бештар гузошта шавад	خوب می‌شد که این مساله در میان روشنفکران ایرانی بیشتر گذاشته شود
Ин масъала шояд зоҳиран назарногир бошад вале дар асл метавонад як масъалаи муҳимме шавад ва аз тарафи душманон мавриди истифода қарор бигирад	این مساله شاید ظاهراً نظر ناگر باشد ولی در اصل می‌تواند یک مساله مهمی شود و از طرف دشمنانمان مورد استفاده قرار بگیرد
Чанд ҳафтае шуд ки аз сафари муҷаддади худ аз меҳани азизам Тоҷикистон боз гаштам	چند هفته ای شد که از سفر مجدد خود به میهن عزیزم تاجیکستان باز گشتم
Ҳамон тавре ки ҳафтае пеш қавл додам дар бораи таассуроти сафар ин ҷо чанд ҳарфе бигӯям	همان طوری که هفته ای پیش قول دادم در باره تاثرات سفرم می‌خواهم این جا چند حرفی بگویم
Вақте дар кӯчаҳои шаҳри Душанбе қадам мезанед дигаргунии зоҳириро дар Душанбе мебинед	وقتی در کوچه‌های شهر دوشنبه قدم می‌زنید دیگر گونی ظاهری‌را در دوشنبه می‌بینید
Гӯё Душанбе шаҳри сарватмандтаре шуда ва ҳама ҷо сохтмонҳои тозаро мебинем	گویا دوشنبه شهر سروتمندتری شده و همه جا ساختمان‌های تازه‌را می‌بینیم
Чандин меҳмонхонаҳое сохта шуд ки гӯё Душанбе ба як шаҳри пурмусофире табдил ёфтааст	چندین مهمانخانه هایی ساخته شده که گویا دوشنبه به یک شهر پر از مسافر تبدل یافته است
Бутик фурӯшгоҳ- ҳои шики сершуморе дар маркази шаҳр пайдо шуда ва чандин суперморкетҳое дарҳои худро барои муштариён боз кардаанд	بوتیک فروشگاه‌های شیک سیرشماری در مرکز شهر پیدا شده و چندین سوپرمارکت هایی درهای خودرا برای مشتریان باز کرده اند
Аммо дар ин ҳолат мутаваҷҷеҳи як ҳақиқате шудам	اما در این حالت متوجه یک خقیقتی شدم
ҳамаи ин танҳо намоиши зоҳирӣ аст	همه این تنها نمایش ظاهری است
Фақр камтар нашуд ва ба назар чунин меояд ки зиндагии мардуми оддӣ беҳтар нагашта балки бадтар	فقر کمتر نشده و به نظر چنین بر می‌آید که زندگی مردم عادی بهتر نگشته بلکه بدتر
Норизояти мардум аз ҳукумат аз солҳои пеш хеле назаррас аст	نارظایت مردم از حکومت از سال‌های پیش خیلی نظررس است
Мардум пур аз ғазабу новмедӣ гаштаанд	مردم پر از غضب و ناومیدی گشته اند
Се соле пеш дар чашмон ва гуфтору кирдори мардум як умед барои ояндаи хубе мушоҳида мешуд	سه سالی پیش در چشمان و گفتار و کردار مردم یک امید برای آینده خوبی مشاهده می‌شد
Мардум бовар доштанд ки кишвар рӯ ба беҳбуд ниҳода ва боз ҳам бештар рушд хоҳад кард	مردم باور داشتند که کشور رو به بهبود نهاده و باز هم بیشتر رشد خواهد کرد
Он ахгари умедро дар мардум имсол дигар надидам	آن اخگر امیدرا در مردم امسال دیگر ندیدم
Аз гуфтаҳои мардум чунин бар меояд ки хашм аз давлати Тоҷикистон ва ин рӯҳафтодагии мардум махсусан пас аз зимистони мудҳиши гузашта ба назар мерасад	از گفته‌های مردم چنین بر می‌آید که خشم از دولت تاجیکستان و این روح افتادگی مردم مخصوصاً پس از زمستان مدحش گزشته به نظر می‌رسد
Кишвар боз ҳам бештар ба фасод фурӯ рафта	کشور باز هم بیشتر به فساد فرو رفته
Ва ин ҳама пас аз ташкил намудани Кумитаи мубориза бо фасод назди Раисҷумҳури Тоҷикистон аст	و این همه پس از تشکل نمودن کمیته مبارزه با فساد نزد رییس جمهور تاجیکستان است
Мушкили асосии Тоҷикистон фасод аст	مشکل اساسی تاجیکستان فساد است
Чунин бар меояд ки ин фасодзадагӣ то баландтарин пояҳои ҳукумат мерасад	چنین بر می‌آید که این فساد زدگی تا بلندترین پایه‌های حکمت می‌رسد
Ин фасод танҳо молӣ нест балки пеш аз ҳама фасоди иҷтимоӣ фарҳангӣ ахлоқист	این فساد تنها مالی نیست بلکه پیش از همه فساد اجتمائی فرهنگی اخلاقیست
Дар ҳар қадам Бозрасии давлатии утумубилӣ пулиси роҳ худровҳоро нигоҳ медоранд ва аз ронандагон пул меситонанд	در هر قدم بازرسی دولتی اوتوموبیلی پلیس راه خودرو هارا نگاه می‌دارند و از رانندگان پول می‌ستانند
Кормандони ҳар як дафтари давлатӣ ба ҳар роҳе барои ҷайбҳои худ пул меситонанд	کارمندان هر یک دفتر دولتی به هر راهی برای جیب‌های خود پول می‌ستانند
Руспигарӣ ҳам дар Душанбе хеле зиёд шуда	روسپی گری هم در دوشنبه خیلی زیاد شده
Ин ҳама дар ҳолест ки сару садоҳои бе поёне дар бораи кушта шудани раиси Ориёнбонк аз дасти хоҳарзодааш Рустам писари раисҷумҳур давом дорад	این همه در حالیست که سر و صداهای بی پایانی در باره کشته شدن رییس آریان بانک از دست خاهرزاده اش رستم پسر رییس جمهور دوام دارد
Ҳама ҷо сару садои он аст ки ин ҷавон ҳар коре ки дилаш мехоҳад ба он даст мезанад	همه جا سر و صدای آن است که این جوان به هر کاری که دلش می‌خواهد به آن دست می‌زند
Ҳар духтаре ки дар кӯчау хиёбонҳои шаҳр ба назари ин шоҳзода уфтод метавонад гирифтораш шавад	هر دختری که در کوچه و خیابان‌های شهر به نظر این شاهزاده افتاد می‌تواند گرفتارش شود
Мурдуми Тоҷикистон чокари ин хонаводаанд	مردم تاجیکستان چاکر این خانواده اند
Аз тарафи дигар яке аз духтарони раисҷумҳур як силсила суперморкетҳои Душанберо ба дасти худ дароварда ва соҳиби онро зиндонӣ карда	از طرف دیگر یکی از دختران رییس جمهور یک سلسله سوپرمارکت‌های دوشنبه‌را به دست خود درآورده و صاحب آن‌را زندانی کرده
Ин ҳама пас аз савганди раисҷумҳур бо шири модар ва бо дастархони миллати тоҷик аст	این همه پس از سوگند رییس جمهور با شیر مادر و با دسترخان ملت تاجیک است
Ин аст ҳоли давлат ва миллати ориёии мо	این است حال دولت و ملت آریایی ما
Чаро мардуми мо ҳатто баъзе вақт чизе бештареро аз давлатмандон мунтазир нест	چرا مردم ما حتی بعضی وقت چیزی بیشتری‌را از دولتمندان منتظیر نیست
Ҳатто вақте гап дар сари корҳои хонаводаи раисҷумҳур меравад мардум мегӯяд хуб ӯ писардухтари раисҷумҳур аст	حتی وقتی گپ در سر کارهای خانواده رییس جمهور می‌رود مردم می‌گویید خوب او پسردختر رییس جمهور است حتماً این گئنه است
Вале асли ин мусибат чист	ولی اصل این مصیبت جیست
Чаро мардум чунин бархурд мекунанд	چرا مردم چنین برخرد می‌کنند
Дунбола дорад	دنباله دارد
Имрӯз дар торнигори Тоҷикистонвеб матни мулоқоти Додоҷони Атоуллоҳ ҷойгир шуда ки бисёр ҷолиб буд	امروز در تارنگار تاجیکستان وب متن ملاقاتی با داداجان عطاالله جایگر شده که بسیار جالب بود
Аз Тоҷикистонвеб барои нашри ин матлаб изҳори сипосгузорӣ менамоям	از تاجیکستان وب برای نشر این مطلب اظهار سپاسگزاری می‌نمایم
Соъоте пас дар торнигори Андеша ҳам зикре аз Оқои Атоуллоҳ омада буд	ساعاتی پس در تارنگار اندیشه هم ذکری از آقای عطاالله آمده بود
Ҳамаи ин маро барои навиштани фикру мулоҳизоти худ дар ин бора водор намуд	همۀ این مرا به نوشتن فکر و ملاحظات خود در این باره وادار نمود
Оқои Атоуллоҳ раиси ҳизб ё худ гурӯҳи сиёсӣ бо номи Ватандор аст	آقای عطاالله رئیس حزب یا خود گروه سیاسی با نام وطندار است
Ин созмони сиёсӣ ба тозагӣ дар Маскав ташкил шуда	این سازمان سیاسی به تازگی در مسکو تشکل شده
Оқои Атоуллоҳ худ пас аз вуруди нерӯҳои Ҷабҳаи Халқӣ ба ночор ба Маскав фирор мекунад ва нашрияи худ Чароғи Рӯз-ро дар Маскав дубора эҳё менамояд	آقای عطاالله خود پس از ورود نیروهای جبحۀ خلقی به شهر دوشنبه ناچار به مسکو فرار می‌کنند و نشریۀ خود چراغ روز‌را در مسکو دوباره احیا می‌نمایند
Ин нашрия дар Тоҷикистон бо зуҳури озодии баён дар авохири солҳои ва авоили солҳои яке аз нашрияҳои озоди Тоҷикистон буд	این نشریه در تاجیکستان با ظهور آزادی بیان در اواخر سال‌های و اوائل سال‌های یکی از نشریه‌های آزاد تاجیکستان بود
Нашрияе буд ки хонандаи зиёде ҳам дошт	نشریه ای بود که خوانندۀ زیادی هم داشت
Ман ки худ он солҳо кӯдак будам чизи зиёде дар бораи ин нашрия дар ёд надорам	من که خود آن سال‌ها کودک بودم چیز زیادی در بارۀ این نشریه در یاد ندارم
Ба ҳар ҳол мехоҳам назари худро дар асоси ҳолати имрӯзӣ хидмати хонандагони меҳрубон арз намоям	به هر حال می‌خواهم نظر خود‌را در اساس حالت امروزی خدمت خوانندگان مهربان عرض نمایم
Чӣ тавре ки ба ҳамагон маълум аст Тоҷикистон имрӯз гирифтори як бӯҳрони энержист	چه طوری که به همگان معلوم است تاجیکستان امروز گرفتار یک بحران انرژیست
Зимистони шадиди гузашта инро ба кулли ҷаҳон собит намуд	زمستان شدید گذشته این‌را به کل جهان ثابت نمود
Тоҷикистон имрӯз талош дорад то сармояе барои сохтмони нерӯгоҳи обии Роғун пайдо кунад	تاجیکستان امروز تلاش دارد تا سرمایه ای برای ساختمان نیروگاه آبی راغون پیدا کند
Русияву Ӯзбакистон ҳар ду бо аҳдофи ҷудогона ҳар ду мухолифи сохтмони ин нерӯгоҳ ҳастанд	روسیه و ازبکستان هر دو با اهداف جداگانه مخالف ساختمان این نیروگاه هستند
Равобити Русияву Тоҷикистон низ пас аз ин моҷаро пайваста сард шуд	روابط روسیه و تاجیکستان نیز پس از این ماجرا پیوسته سرد شد
Русия ҳам аз Оқои Раҳмон нигарон аст чун сиёсати то андоза мустақилеро пеш гирифта	روسیه هم از آقای رحمان نگران است چون سیاست تا اندازه مستقیلی‌را پیش گرفته
Шахсан барои ман хабари ташкил шудани Ватандор нигарон кунанда буд чун ин хабар пайваста бо шадид шудани сару садо рӯйи Роғун ва сардшавии равобит Тоҷикистону Русия ба вуқӯъ пайваст	شخساً برای من خبر تشکل شدن وطندار نگران کننده بود چون این خبر پیوسته با شدید شدن سر و صدا روی راغون و سردشوی روابط تاجیکستان و روسیه به وقوع پیوست
Нигаронии ман боз аз он ҷост ки раиси Ватандор Додоҷони Атоуллоҳ дар Маскав мустақир аст	نگرانی من باز از آن جاست که رئیس وطندار داداجان عطاالله در مسکو مستقر است
Аз як сӯ тоҷикони зиёде имрӯз дар Маскав ба сар мебаранд то рӯзгори хонаводаашонро таъмин намоянд	از یک سو تاجیکان زیادی امروز در مسکو به سر می‌برند تا روزگار خانواده اشان‌را تامین نمایند
Вале ба ҳар ҳол барои ман нигарон кунанда аст ки мабодо Русия барои манофеъи Русия хидмат мекунад	ولی به هر حال برای من نگران کننده است که مبادا وطندار برای منافع روسیه خدمت می‌کند
Барои ман сухани зерини Оқои Атоуллоҳ дар раванди мулоқот бо Тоҷикистонвеб хеле ҷолиб буд	برای من سخن زیرین آقای عطاالله در روند ملاقات با تاجیکستان وب خیلی جالب بود
Ҳудуди сол Раҳмонов Русияро гӯл заду мисли гове дӯшид ва пушти сипари сарбозони Русия паноҳ бурд	حدود سال رحمان اف روسیه‌را گول زد و مثل گاوی دوشید و پشت سپر سربازان روسیه پناه برد
Акнун Раҳмонов гӯё демукроти ғарбгаро шуда аст либоси демукротӣ ба тан карда аст ва мехоҳад кишварҳои ғарбиро гӯл бизанад	اکنون رحمان اف گویا دموکرات غربگرا شده است لباس دموکراتی به تن کرده است و می‌خواهد کشور‌های غربی‌را گول بزند
Бо ин суханон Оқои Атоуллоҳ гӯё хостори пуштибонии Русия аст мисли ин ки ба русҳо хитоб мекунад	با این سخنان آقای عطاالله گویا خواستار پشتبانی روسیه است مثل این که به روس‌ها خطاب می‌کند
Раҳмон бо кӯмаки шумо ба сари қудрат омад ва дорад шуморо гӯл мезанаду ҳатто кӯрнамаки намуда аз шумо рӯй гардонид вале ман чунин кореро ҳеч гоҳ нахоҳам кард	رحمان با کمک شما به سر قدرت آمد و دارد شما‌را گول می‌زند و حتی کورنمکی نموده از شما روی گردانید ولی من چنین کاری‌را هیچ گاه نخواهم کرد
Тоҷикистон бояд масъалаи нерӯгоҳро ба як масъалаи муттаҳид кунандаи миллӣ табдил диҳад	تاجیکستان باید مسالۀ نیروگاه‌را به یک مسالۀ متحد کنندۀ ملی تبدل دهد
Дуруст мисли Эрон бо масъалаи ҳастаии худ	درست مثل ایران با مسالۀ هسته ای خود
Агар ҳукумати Раҳмон ба кулли гурӯҳҳо ва аҳзоби сиёсӣ дар ин моҷаро хитоб намояд ва пуштибонии сиёсии онҳоро хоҳиш кунад мусалламан ҳар як ҳизби Тоҷикистонӣ ки воқеан меҳанпарвар аст дар ин бора пуштибони давлат хоҳад шуд	اگر حکمت رحمان به کل گروه‌ها و احزاب سیاسی در این ماجرا خطاب نماید و پشتبانی سیاسی آن هارا خواهش کند مسلماً هر یک حزب تاجیکستانی که واقعاً میهنپرور است در این باره پشتبان دولت خواهد شد
Ҳар яки мо назари гуногун роҷеъ ба Оқои Раҳмон дорем вале дар ин ҳол ӯ ҳар чӣ ҳаст аз худамон аст ва нагузорем ки дубора миллати моро давлатҳои хориҷӣ ба муқобили як дигар гузоранд	هر یکی ما نظر گناگون راجع به آقای رحمان داریم ولی در این حال او هر چه هست از خودمان است و نگزاریم که دوباره ملت مارا دولت‌های خارجی به مقابل یک دیگر گزارند
Русия ва дигар кишварҳо дар бе низомиҳои Тоҷикистони тозаистиқлол даст доштанд ва мо наметавонем ҳамон иштибоҳро дубора такрор намоем	روسیه و دیگر کشور‌ها در بی نظامی‌های تاجیکستان تازه استقلال دست داشتند و ما نمی توانیم همان اشتباه‌را دوباره تکرار نمایم
Чанд ҳафтае пеш рӯйи торнигори рӯзномаи Ню Юрк Тоймз ба як матлабе марбут ба Тоҷикистон бархурд намудам ки аз соли мелодист	چند هفته ای پیش روی تارنگار روزنامۀ نیو یورک تایمز با یک مطلبی مربط به تاجیکستان برخرد نمودم که از سال میلادیست
Ин матлаб аз ҷанги дохилии Тоҷикистон нақл мекард	این مطلب از جنگ داخلی تاجیکستان نقل می‌کرد
Бо дидани он ҳиссиёти кунҷкобӣ дар ман пайдо шуд ва хостам бубинам ки ин рӯзнома аз рӯзи истиқлоли Тоҷикистон ва дар замони ҷанги дохилӣ чӣ чизҳое роҷеъ ба Тоҷикистон нашр намуда	با دیدن آن حسیات کنج کابی در من پیدا شد و خواستم ببینم که این روزنامه از روز استقلال تاجیکستان و در زمان جنگ داخلی چه چیز هایی راجع به تاجیکستان نشر نموده
Бо дидани он матолиб мутаваҷҷеҳ шудам ки баъид нест ки Омрико ҳам нақше дар ҷанги ба Тоҷикистон таҳмил шуда нақше бозида аст	با دیدن آن مطالب متوجه شدم که بعید نیست که آمریکا هم نقشی در جنگ به تاجیکستان تحمیل شده نقشی بازیده است
Рӯзи феврийе феврал-и соли ин рӯзнома хабар медиҳад ки ҳукумати Буш Буши аввал хостори суръат бахшидан ба таъини сафирҳои ҷадид ба кишварҳои Қафқоз ва Осиёи Миёна аст то аз орзуҳои Эрон дар минтақа ҷилавгирӣ намояд	روز فوریۀ سال این روزنامه خبر می‌دهد که حکومت بوش بوش اول خواستار سرعت بخشیدن به تعیین سفیر‌های جدید به کشور‌های قفقاز و آسیای میانه است تا از آرزو‌های ایران در منطقه جلو گری نماید
Матлаб зикр менамояд ки Эрон ҳомии терурисм дар ҷаҳон аст ва ба ҷаҳон хатар мебахшад	مطلب ذکر می‌نماید که ایران حامی تروریسم در جهان است و به جهان خطر می‌بخشد
Тибқи иттилоъи ҳукумати Омрико Эрон харидори мушак ва бумбҳои ҳастаӣ дар минтақа аст ки бозмондаҳои Шӯравӣ ҳастанд	طبق اطلاع حکومت آمریکا ایران خریدار موشک و بومب‌های هسته ای در منطقه است که بازمانده‌های شوروی هستند
Матлаб ҳамчунин менависад ки хушбахтона аксари ин кишварҳо аз лиҳози забон ва фарҳанг турканд на порс ва аз лиҳози мазҳаб суннӣ ҳастанд на шиъа	مطلب همچنین می‌نویسد که خوشبختانه عکثر این کشور‌ها از لحاظ زبان و فرهنگ ترکند نه پارس و از لحاظ مذهب سنی هستند نه شیعه
Тақрибан ҳафтае пас рӯзи феврийе раиси ҷумҳур Буш бо нахуствазири Туркия Сулаймон Демирел Sü дар мавриди Ироқ ва режими Саддом Ҳусейн дидору мулоқот менамояд	تقریباً هفته ای پس روز فوریه رئیس جمهور بوش با نخستوزیر ترکیه سلیمان دمیرل Sü در مورید عراق و رژیم صدام حسین دیدار و ملاقات می‌نماید
Дар ин дидор тарафайн роҷеъ ба Осиёи Миёна низ гуфтугӯ менамоянд	در این دیدار طرفین راجع به آسیای میانه نیز گفتگو می‌نمایند
Омрико хостори он аст ки Туркияро ба унвони намунаи тавсиъа ба Осиёи Миёна муъаррифӣ намояд	آمریکا خواستار آن است که ترکیه‌را به عونان نمونۀ توسعه به آسیای میانه معرفی نماید
Оқои Демирел мегӯяд Осиёи Миёна ба бунёдгароии исломӣ рӯ нахоҳад овард чун онҳо кишварҳои Осиёи Миёна кишварҳои туркзабонанд	آقای دمیرل می‌گوید آسیای میانه به بنیادگرایی اسلامی رو نخواهد آورد چون آن‌ها کشور‌های آسیای میانه کشور‌های ترک زبانند
Аз назари торихию фарҳангӣ онҳо Туркияро ҳамчун намуна мешиносанд	از نظر تاریخی و فرهنگی آن‌ها ترکیه‌را همچون نمونه می‌شناسند
Ӯ ҳамчунин тасмими гузариш ба дабираи лотин аз тарафи бархе аз ин кишварҳоро ҳамчун қадами муҳим арзёбӣ менамояд	او همچننین تصمیم گذرش به دبیرۀ لاتین از طرف برخی از این کشور ها‌را همچون قدم مهم ارزیابی می‌نماید
Рӯзе пас аз ин матлаб гузориш аз сафари вазири умури хориҷаи Омрико Ҷеймс Бейкер ба Тоҷикистон нашр мегардад	روزی پس از این مطلب گزارش از سفر وزیر امر خارجۀ آمریکا جیمس بیکر به تاجیکستان نشر می‌گردد
Тибқи ин гузориш Омрико нигарон аст ки Тоҷикистон уронийуми худро ба Эрон метавонад бифурӯшад	طبق این گزارش آمریکا نگران است که تاجیکستان اورانیوم خود‌را به ایران می‌تواند بفوروشد
Раиси ҷумҳур Раҳмон Набиев итминон медиҳад ки Тоҷикистон ба ҳар кишваре уронийуми худро нахоҳад фурӯхт	رئیس جمهور رحمان نبیف اطمینان می‌دهد که تاجیکستان به هر کشوری اورانیوم خود‌را نخواهد فروخت
Оқои Бейкер ҳамчунин аз равобити Тоҷикистону Эрон нигаронии худро изҳор менамояд ва мегӯяд ки эҷод кардани давлати исломӣ иштибоҳи бузурге хоҳад буд	آقای بیکر همچنین از روابط تاجیکستان و ایران نگرانی خود‌را اظهار می‌نماید و می‌گوید که ایجاد کردن دولت اسلامی اشتباه بزرگی خواهد بود
Оқои Набиев итминон медиҳад ки Эрон аз назари ҷуғрофиёӣ ба Тоҷикистон наздикӣ дорад ва ба ин далел хостори робитаи хуб бо Эрон аст вале на худи ӯ ва на нахбаи умдатан русӣ забон аз паёми бунёдгароии исломӣ хушбин нестанд	آقای نبیف اطمنان می‌دهد که ایران از نظر جغرافیایی به تاجیکستان نزدیکی دارد و به این دلیل خواستار رابطۀ خوب با ایران است ولی نه خود او و نه نخبۀ عمدتاٌ روسی زبان از پیام بنیادگرایی اسلامی خوشبین نیستند
Оқои Бейкер ҳамчунин хушҳол аст ки забони коргузорӣ дар Тоҷикистон на форсӣ балки русист	آقای بیکر همچنین خوش حال است که زبان کارگزاری در تاجیکستان نه فارسی بلکه روسیست
Рӯзи феврийе матлаби ин рӯзнома иттилоъ медиҳад ки беҳтар аст Арабистони Саъудӣ дар кишварҳои Осиёи Миёна нуфуз дошта бошад то ки Эрон	روز فوریه مطلب این روزنامه اطلاع می‌دهد که بهتر است عربستان سعودی در کشور‌های آسیای میانه نفوظ داشته باشد تا که ایران
Ҷолиб ин ҷост ки имрӯз салафиҳо ё худ ваҳҳобиҳо ба ҷаҳон хатар мебахашанд ки аз тарафи Арабистони Саъудӣ пуштибонӣ мешаванд	جالب این جاست که امروز سلفی‌ها یا خود وهابی‌ها به جهان خطر می‌بخشند که از طرف عربستان سعودی پشتبانی می‌شوند
Чунин Эронситезӣ дар кулли матолиби Ню Юрк Тоймз эҳсос мешавад	چونین ایران ستیزی در کل مطالب نیو یورک تایمز احساس می‌شود
Пас аз чанд матлаб дигар мутаваҷҷеҳ мешавем ки ҷанг дар Тоҷикистон оғоз шуда	پس از چند مطلب دیگر متوجه می‌شویم که جنگ در تاجیکستان آغاز شده
Билохира як номае ба дабири рӯзнома аз перуфесур Ричорд Ферой	بالاخره یک نامه ای به دبیر روزنامه از پرفسور ریچارد فرای
аз Донишгоҳи Ҳорворд ки як эроншиноси барҷастае ҳаст рӯзи десомбр декабр нашр мешавад	از دانشگاه هاروارد که یک ایران شناس برجسته ای هست روز دسامبر نشر می‌شود
Дар ин нома Дуктур Ферой аз матолиби Ню Юрк Тоймз роҷеъ ба Осиёи Миёна бавижа Тоҷикистон интиқод менамояд	در این نامه دکتور فرای از مطالب نیو یورک تایمز راجع به آسیای میانه به ویژه تاجیکستان انتقاد می‌نماید
Ӯ аз ҷумла менависад	او از جمله می‌نوسد
Ман ки дар ин кишварҳо чандин сол зиндагӣ кардаам фикр намекунам ки мардумон ё давлатҳои ин кишварҳо хостори вусъати нуфузи худ ё нуфузи ислом бошанд	من که در این کشور‌ها چندین سال زندگی کرده ام فکر نمی کنم که مردمان یا دولت‌های این کشور‌ها خواستار وسعت نفوذ خود یا نفوذ اسلام باشند
Чизе ки онҳо бештар аз ҳама мехоҳанд сулҳу субот аст ва порсони шиъа дар садади шиъа намудани сунниҳои Осиёи Миёна нестанд	چیزی که آن‌ها بیشتر از همه می‌خواهند صلح و ثبات است و پارسان شیعه در صدد شیعه نمودن سنی‌های آسیای میانه نیستند
ба ҷойи сарзаниши мусалмонон ё эрониён мо бояд ҳамкорӣ намоем	به جای سرزنش مسلمانان یا ایرانیان ما باید همکاری نمایم
Номаи дигаре ба дабир аз як фарде бо номи Ролф Герувс рӯзи феврийеи соли чоп мешавад	نامۀ دیگری به دبیر از یک فردی با نام رالف گروس روز فوریۀ سال چاپ می‌شود
Нависандаи ин нома мегӯяд ки ӯ дар Донишгоҳи Куломбиё Афғонистонро омӯхта ва на танҳо хатари онро мебинад ки Эрон дар Афғонистон дар миёни форсивону ҳазораҳову тоҷикҳо нуфуз пайдо кунад балки ҳатто дар он сӯйи руд дар ҷумҳурии пешини Шӯравии Тоҷикистон	نویسندۀ این نامه می‌گوید که او در دانشگاه کلومبیا افغانستان‌را آموخته و نه تنها خطر آن‌را می‌بیند که ایران در افغانستان در میان فارسیوان و هزاره‌ها و تاجیک‌ها نفوذ پیدا کند بلکه حتی در آن سوی رود در جمهوری پیشین شوروی تاجیکستان
Ин занҷираи эронӣ аз Эрон аз васати ғарб ва шимолу шарқи Афғонистон метавонад як робитаи фарҳангӣ иҷтимоӣ ва сиёсиро эҷод намояд	این زنجرۀ ایرانی از ایران ازوسط غرب و شمال و شرق افغانستان تا تاجیکستان می‌تواند یک رابطۀ فرهنگی اجتمایی و سیاسی‌را ایجاد نماید
Рӯзи нувомбр ноябр матлабе чоп мешавад бо номи ҶАҲОН	روز نوامبر مطلبی چاپ می‌شود با نام جهان
Бозии Думину домино дар Осиёи Миёна Чаро Ҳамаи Чашмҳо бар Ҷойе бо Номи Тоҷикистон Дӯхта шуда	بازی دومینو در آسیای میانه؛ چرا همۀ چشم‌ها بر جایی با نام تاجیکستان دوخته شده
Дар ин матлаб омада ки исломгароӣ дар ин кишвар барои тамоми ҷаҳон нигаронкунанда аст	در این مطلب آمده که اسلامگرایی در این کشور برای تمام جهان نگران کننده است
Ҳамчунин Омрико нигарон аз нуфузи Эрон дар ин кишвар аст	همچنین آمریکا نگران از نفوظ ایران در این کشور است
Ин матлаб бори дигар собит намуд ки кишварҳои абарқудрат хоҳони вайрон намудани Эрон ҳастанд	این مطالب بار دیگرثابت نمود که کشور‌های ابر قدرت خواهان ویران نمودن ایران هستند
Омрико ҳоло аз оғоз медонист ки Тоҷикистон забону фарҳангиу нажоди эронӣ дорад	آمریکا حالا از آغاز می‌دانست که تاجیکستان زبان و فرهنگ و نژاد ایرانی دارد
Омрико ва ғарб ба хотири он аз эрониён меҳаросанд чун медонанд ки ин кишвар тавоноии онро дорад ки ба як абарқудрат табдил гардад	آمریکا و غرب به خاطر آن از ایرانیان می‌هراسند چون می‌داند که این کشور توانایی آن‌را دارد که به یک ابر قدرت تبدیل گردد
Кишвари Эрон имрӯз танҳо кишварест дар Ховари Миёна ки сиёсати мустақилро пеш гирифта ва гароиши кишваре мисли Тоҷикистон ба Эрон барои Омрико нигаронкунанда аст	کشور ایران امروز تنها کشوریست در خاور میانه که سیاست مستقل‌را پیش گرفته و گرایش کشوری مثل تاجیکستان به ایران برای آمریکا نگران کننده است
Ин ҳафта мехоҳам ба мавзӯъи тоҷиконе ки муқими сарзамини таҳти кунтрули режими ишғолгарои Ӯзбакистон ҳастанд бипардозам	این هفته می‌خواهم به موضوع تاجیکانی که مقم سرزمین تحت کنترول رژیم اشغالگرای ازبکستان هستند بپردازم
Ин масъала барои ҳамаи мо эрониҳо муҳим аст ва расидагии зудҳангоме мехоҳад	این مساله برای همۀ ما ایرانی‌ها مهم است و رسیدگی زودهنگامی می‌خواهد
Дар давоми ду-се рӯзи охар ки ба ин масъала таваҷҷӯҳ намудам бисёр иттилоъоти такондиҳандаеро пайдо кардам ва барои рӯшан шуд ки он афкору эҳсосоте ки дорам пучу тухолӣ нестанд	در دوام دو سه روز آخر که به این مساله توجه نمودم بسیار اطلاعات تکان دهنده ای‌را پیدا کردم و برایم روشن شد که آن افکار و احساساتی که دارم پوچ و توخالی نیستند
Мардуми тоҷик аз ҳуқуқи бунёнии худ бе баҳра ҳастанд	مردم تاجیک از حقوق بنیانی خود بی بهره هستند
Тибқи иттилоъи Созмони Мустақили Ҳуқуқи Башари Ӯзбакистон ки дар рӯзномаи Нувуё Пукуление Новое Поколение-и чопи Олмо Отии Қазоқистон ба табъ расида соли мелодӣ дар шаҳрҳои Самарқанду Бухоро мутобиқи фармони вазорати омӯзишу парвариши Ӯзбакистон аз соли китобҳо ба забони форсӣ ё худ тоҷикӣ хароб карда шудаанд	طیق اطلاع سازمان مستقل حقوق بشر ازبکستان که در روزنامۀ نووایا پوکولنیه ی چاپ آلما آتی قزاقستان به طبع رسیده سال میلادی در شهر‌های سمرقند و بخارا مطابق فرامان وزارت آموزش و پرورش ازبکستان از سال کتاب‌ها به زبان فارسی یا خود تاجیکی خراب کرده شده اند
Танҳо дар як мактаби Самарқанд зиёда аз китоби дарсӣ роҷеъ ба улуми текникӣ ва табиъи хароб карда шудааст	تنها در یک مکتب سمرقند زیاده از کتاب درسی راجع به علوم تکنیکی و طبیعی خراب کرده شده است
Ин раванд дар саросари сарзаминҳои таҳти кунтрули ин режим то имрӯз давом дорад	این روند در سراسر سرزمين هاي تحت كنترول اين رژيم تا امروز دوام دارد
Ҷамол Мирсаидуф Мирсаидов намояндаи Созмони Мустақили Ҳуқуқи Башари Ӯзбакистон мегӯяд ки дар китобхонаи наздики манзилам ҳатто як китобе ба забони тоҷикӣ нест	جمال میر سعید اف نمایندۀ سازمان مستقل حقوق بشر ازبکستان می‌گوید که در کتابخانۀ نزدیک منزلم حتی یک کتابی به زبان تاجیکی نیست
Бадтарин чиз ин аст ки шоҳкитобҳое аз Абу Алӣ Сино Саъдӣ Шекспир Бойрун Пушкин	بدترین چیز این است که شاه کتاب هایی از ابو علی سینا سعدی شکسپیر بایرون پوشکین
хароб карда мешаванд ки ба ҳамаи он ба забони форсӣ буд	خراب کرده می‌شوند که همۀ آن به زبان فارسی بود
Тибқи ин омор дар Самарқанд танҳо як омӯзишгоҳе боқӣ монда ки дар он омӯзиш ба забони форсист форсии сирилик ва он ҳам бахши забоншиносии форсӣ дар Донишгоҳи Самарқанд аст	طبق این آمار در سمرقند تنها یک آموزشگاهی باقی مانده که در آن آموزش به زبان فارسیست و آن هم بخش زبان شناسی فارسی در دانشگاه سمرقند است
Гузашта аз ин режими ишғолгарои Ӯзбакистон ба поксозии нажодӣ этническая чистка низ даст задааст	گذشته از این رژیم اشغال گرای ازبکستان به پاک سازیِ نژادی نیز دست زده است
Соли тибқ иттилоъи мақомоти Тоҷикистон режими ишғолгарои Ӯзбакистон тақрибан тоҷикро ба иттиҳоми терурисм ва тундгароии исломӣ аз хонаҳои худ дар устони Сурхондарё ба минтақаи дигар иҷборан берун кардааст	سال طبق اطلاع مقامات تاجیکستان رژیم اشغالگرای ازبکستان تقریباً تاجیک‌را به اتهام تروریسم و تندگرایی اسلامی از خانه‌های خود در استان سرخان دریا به مناطق دیگر اجباراً بیرون کرده است
Дардовартарин чиз ин аст ки худ мардуми тоҷике ки таҳти ин режим ба сар мебаранд дар рӯйи ин ҳама нақзи ҳуқуқашон хомӯш ҳастанд	درد آورترین چیز این است که خود مردم تاجيكي كه تحت اين رژيم به سر مي برنددر روی این همه نقض حقوقشان خاموش هستند
Ин ба хотири он аст ки режими ишғолгаро бо қавитарин роҳҳо кӯшиш кард кард мӯҳраи мардумро бишканад	این به خاطر آن است که رژیم اشغالگرا با قویترین راه‌ها کوشش کرد مهرۀ مردم‌را بشکند
Ин давоми сиёсати дароз-муддати ӯзбаксозии ин режим аст	این دوام سیاست دراز مدت ازبکسازی رژیم است
Аз замони ташкил шудан Ҷумҳурии Худмухтори Шӯравии Сусиёлистии Туркистон ки сарварони асосии он пон туркистҳо буданд ӯзбаксозии тоҷикон оғоз шуд	از زمان تشکل شدن جمهوری خودمختار شوروی سوسیالیستی ترکستان که سروران اساسی آن پان ترکست‌ها بودند ازبکسازی تاجیکان آغاز شد
Тибқи саршумории соли ҷамъияти тоҷик дар Самарқанд ва ӯзбак нафар буд	طبق سرشماری سال جمعیت تاجیک در سمرقند و ازبک نفر بود
Соли ҷамъияти тоҷик ва ӯзбак мешавад	سال جمعیت تاجیک و ازبک می‌شود
Билохира соли ҷамъияти тоҷик дар Самарқанд ба ва ӯзбак ба мерасад	بالاخره سال جمعیت تاجیک در سمرقند به و ازبک به می‌رسد
Гузашта аз ин мардуми тоҷик ё худ эронӣ-ро боз ҳам бештар аз ҳам ҷудо менамоянд ва онҳое ки шиъа буданд форс номида мешаванд	گذشته از این مردم تاجیک یا خود ایرانی‌را باز هم بیشتر از هم جدا می‌نمایند و آن هایی که شیعه بودند فارس نامیده می‌شوند
Дар ҳоле ки инҳо фарқе аз як дигар надоштанд ва як миллат буданду ҳастанд	در حالی که این‌ها فرقی از یک دیگر نداشتند و یک ملت بودند و هستند
Магар ғайри шиъа ки дар Эрони сиёсии имрӯза зиндагӣ мекунанд эронӣ нестанд	مگر غیر شیعه که در ایران سیاسی امروز زندگی می‌کنند ایرانی نیستند
Соли бо бедории миллӣ ба вижа дар байни рӯшанфикрон дар саросари Иттиҳоди Шӯравии пешин аз ҷумла дар сарзаминҳои таҳти кунтрули режими ишғолгарои Ӯзбакистон ҷунбишҳои миллигароӣ зоҳир шуданд	سال با بیداری ملی به ویژه در بین روشنفکران در سراسر اتحاد شوروی پیشین از جمله در سرزمین‌های تحت کنترول رژیم اشغالگرای ازبکستان جنبش‌های ملی گرایی ظاهر شدند
Ин гурӯҳ кӯшиш мекард ки Ҷумҳурии Худмухтори Суғд эҷод шавад ки тамоми ин сарзаминҳоро дар бар дошта бошад	این گروه کوشش می‌کرد که جمهوری خودمختار سغد ایجاد شود که تمام این سرزمین هارا در بر داشته باشد
Вале бо зӯровариҳои режим таҳти Ислом Каримуф Каримов ин созмонҳоро вайрон карданд	ولی با زور آوری‌های رژیم تحت اسلام کریمف این سازمان‌را ویران کردند
Ин режим бо мақсади бар ҳам задани эҳсосоти миллигароёна дар сарзамини зери кунтрули хеш ба сари Тоҷикистон ҷангеро таҳмил кард	اين رژيم با مقصد بر هم زدن احساسات ملی گرایانه در سرزمین زير کنترول خویش همچنین به سر تاجیکستان جنگی‌را تحمیل کرد
Бо баҳонаи ҷанг ва исломгароӣ дар Тоҷикистон ӯ муваффақ шуд ки марзи Тоҷикистонро бо Ӯзбакистон бибандад	با بهانۀ جنگ و اسلام گرایی در تاجیکستان او موفق شد که مرز تاجیکستان‌را با ازبکستان ببندد
Бо баҳонаи мубориза бо терурисм ва ифротгароии исломӣ гурӯҳҳои озодихоҳро аз байн бурд	با بهانۀ مبارزه با تروریسم و افراط گرایی اسلامی گروه‌های آزادی خواه‌را از بین برد
Яке аз пешвоёни ҷамъияти тоҷикон дар Самарқанд Ҳаёти Неъмат ба зиндон уфтод ва мавриди шиканҷа ҳам қарор гирифт	یکی از پیشوایان جمعیت تاجیکان در سمرقند حیات نیعمت به زندان افتاد و مورد شکنجه هم قرار گرفت
Сарнавишти оқои Бекмуҳаммадуф Бекмуҳаммадов низ чунин буд ки аз тарафи хадамоти махфии ин режим дар Бишкек пойтахти Қирқизистон Қирғизистон дастгир шуд	سرنوشت آقای بیک محمد اف نیز چونین بود که از طرف خدمات مخفی اين رژيم در بیشکک پایتخت قرقزستان دستگیر شد
Пешвоён ва аъзои ин гурӯҳ зиндонӣ ва мавриди шиканҷа қарор гирифтанд	پیشوایان و اعضای این گروه زندانی و مورد شکنجه قرار گرفتند
Раиси Ҷумҳури режими ишғолгарои Ӯзбакистон Ислом Каримуф ҳамеша элом менамояд ки тоҷикон ва ӯзбакҳо як миллатанд ки бо ду забон ҳарф мезананд	رئیس جمهور رژیم اشغالگرای ازبکستان اسلام کریمف همیشه اعلام می‌نماید که تاجیکان و ازبک‌ها یک ملتند که با دو زبان حرف می‌زنند
Ин давоми сиёсатҳои пон туркистӣ аст ки даъво дошт тоҷикон ҳамон туркҳое ҳастанд ки эронӣ шудаанд	این دوام سیاست‌های پان ترکستی است که دعوا داشت تاجیکان همان ترک هایی هستند که ایرانی شده اند
Ин дар ҳолест ки эрониён ориёӣ ҳастанд ки ҳазорҳо сол пеш дар ин сарзамин пайдо шудаанд	این در حالیست که ایرانیان آریایی هستند كه هزار‌ها سال پیش در این سرزمین پیدا شده اند
Дар замони ташкил намудани ҷумҳуриҳои миллӣ дар Осиёи Миёна соли намояндаи Ӯзбакистон Алихоҷаев зикр менамояд ки байни тоҷикону ӯзбакон фарқе нест ва ин ду бояд бо номи ӯзбак муттаҳид шаванд	در زمان تشکل نمودن جمهوری‌های ملی در آسیای میانه سال نمایندۀ ازبکستان علی خاجه یف ذکر می‌نماید که بین تاجیکان و ازبکان فرقی نیست و این دو باید با نام ازبک متحد شوند
Рӯзи душанбе Гурҷистон эълом намуд ки Русия ҳавопаймои бидуни халбони ин кишварро дар дар дохили қаламрави худ яъне Ҷумҳурии ҷудоихоҳи Обхозистон мавриди ҳадаф қарор додааст	روز دوشنبه گرجستان اعلام نمود که روسیه هواپیمای بدون خلبان این کشور‌را در داخل قلمرو خود یعنی جمهوری جدای خواه آبخازستان مورد هدف قرار داده است
Русия соли аз Обхозистони ҷудоихоҳ пуштибонӣ намуд ва ба шикасти неруҳои гурҷӣ кумак намуд	روسیه سال از آبخازستانِ جدایی خواه پشتبانی نمود و به شكست نیرو‌های گرجی کمک نمود
Агар таваҷҷуҳ намоем ҳамаи низоъҳои кишварҳои Иттиҳоди Шӯравии пешин дар тақрибан як вақт ба вуқӯъ пайвастанд ва дар ҳамаи инҳо Русия даст дошт	اگر توجه نمایم همۀ نزاع‌های کشور‌های اتحاد شوروی پیشین در تقریباً یک وقت به وقوع پیوستند و در همۀ این‌ها روسیه دست داشت
Имрӯз ки Гурҷистон мехоҳад аз истиқлоли худ дифоъ намояд Русия султони тамоми сарзаминҳо аз дарёи Сиёҳ то уқёнуси Ором аз дарёи Болтик то руди Ому намехоҳад аз моли худ даст бикашад	امروز که گرجستان می‌خواهد از استقلال خود دفاع نماید روسیه سلطان تمام سرزمین‌ها از دریای سیاه تا اقیانوس آرام از دریا بالتیک تا رود آمو نمی خواهد از مال خود دست بکشد
Пас аз фурӯпошии Шӯравӣ Русия дар ҳар гӯшаи имперотурии пешини хеш ҷангу низоъҳоро тарҳрезӣ намуд	پس از فروپاشی شوروی روسیه در هر گوشۀ امپراتوری پیشین خویش جنگ و نزاع هارا ترح ریزی نمود
Гурҷистон танҳо яке аз аҳдофи Русия буд	گرجستان تنها یکی از اهداف روسیه بود
Созмонҳои махфии Русия дар Обхозистон эҳсосоти ҷудоихоҳиро ривоҷ доданд	سازمان‌های مخفی روسیه در آبخازستان احساسات جدایی خواهی‌را رواج دادند
Ин минтақа худро бо пуштибонии Русия мустақил эълом намуд	این منطقه خود‌را با پشتبانی روسیه مستقل اعلام نمد
Замоне Гурҷистон аз тамомияти арзии худ дифоъ кард бо кумаки низомии Русия шикаст хӯрд	زمانی گرجستان از تمامیت ارضی خود دفاع کرد با کمک نظامی روسیه شکست خورد
Русия ҳамчунин аз Усетиёи Ҷанубӣ пуштибонӣ намуд	روسیه همچونین از اوستیای جنوبی پشتبانی نمد
Дар ҳоле ки Усетиёи Шимолӣ дар қаламрави Русия аст ба Усетиёи Ҷанубӣ кумак мекунад то мустақил бошад	در حالی که اوستیای شمالی در قلمرو روسیه است به اوستیای جنوبی کمک می‌کند تا مستقل باشد
Агар ин қадр дилаш ба онҳо месӯзад пас чаро ба Усетиёи Шимолӣ истиқлолият намедиҳад	اگر این قدر دلش به آن‌ها می‌سوزد پس چرا به اوستیای شمالی استقلالیت نمی دهد
Ҳадафи Русия танҳо зери султаи худ нигоҳ доштани Гурҷистон аст ва дигар ҳеч	هدف روسیه تنها زیر ستطۀ خود نگاه داشتند گرجستان است و دیگر هیچ
Масъалаи Усетиёро вале ба сӯи дигар мегузорам чун мардуми Усетиё аслан мардуми эронӣ ҳастанд ки дар садаи мелодӣ зери Русия уфтоданд ва аз мардуми Гурҷистон фарқе доранд	مسالۀ اوستیا‌را ولی به سوی دیگری می‌گذارم چون مردم اوستیا اصلاً مردم ایرانی هستند که در سدۀ میلادی زیر روسیه افتادند و از مردم گرجستان فرقی دارند
Масъалаи Обхозистон вале фарқ мекунад	مسالۀ آبخازستان ولی فرق می‌کند
Ин сарзамин дар тӯли торих бо Гурҷистон яке буда	این سرزمین در طول تاریخ با گرجستان یکی بوده
Дуруст аст ки ин мардум бо забони ғайри гурҷӣ ҳарф мезананд вале забони онҳо бо забони гурҷӣ ҳамреша аст ва дуруст мисли он ки бадахшиҳову форсигӯҳову курдҳо ва дигарҳо яке ҳастанд ва эронӣ ҳастанд обхозҳо ҳам бо гурҷҳо яке ҳастанд	درست است که این مردم با زبان غیر گرجی حرف می‌زنند ولی زبان آن‌ها با زبان گرجی همریشه است و درست مثل آن كه بدخشی‌ها و فارسی گوها و کرد‌ها و دیگر‌ها یکی هستند و ایرانی هستند آبخاز‌ها هم با گرج‌ها یکی هستند
Обхозҳо дар сохтан ва дертар дубора муттаҳид намудани Гурҷистон нақши асосноке бозидаанд	آبخاز‌ها در ساختن و دیرتر دوباره متحد نمودن گرجستان نقش اساسناکی بازیده اند
Тибқи донишномаи Иронико ҳатто вожаи Обхозистон борҳо барои мушаххас намудани тамоми сарзамини Гурҷистон мавриди истифода қарор гирифтааст	طبق دانشنامۀ ایرانیکا حتی واژۀ آبخازستان بارها برای مشخص نمودن تمام سرزمین گرجستان مورد استفاده قرار گرفته است باید ذکر نمایم که مردم سربلند گرجستان‌را احترام می‌نمایم
Бояд зикр намоям ки мардуми сарбаланди Гурҷистонро эҳтиром менамоям	این مردم با تمام پافشاری‌ها و زوراوری‌های روسیه استقلال خود‌را از دست نمی دهد
Ин мардум дар замони Шӯравӣ ҳам дабираи худро нигаҳ доштанд	این مردم در زمان شوروی هم دبیرۀ خود‌را نگه داشتند
Ба гуфтаи бархе пажӯҳишгарон онҳо аз дабираи худ дифоъ накарданд балки Истолин ба эшон даст назад	به گفتۀ برخی پژوهشگران آن‌ها از دبیرۀ خود دفاع نکردند بلکه استالین به ایشان دست نزد
Вале омӯзиши шахсияти Истолин нишон медиҳад ки дар ҳоле ки Истолин худ гурҷӣ буд бо онҳо ҳам бисёр бе раҳмона бархӯрд мекард ва ҳатто Ленин ӯро шувенисти рус хондааст	ولی آموزش شخسیت استالین نشان می‌دهد که در حالی که استالین خود گرجی بود با آن‌ها هم بسیار بی رحمانه برخورد می‌کرد و حتی لنین اورا شوونیست روس خوانده است
Русия чанд моҳе пеш дар Гурҷистон кӯшиш намуд ки як инқилобе роҳандозӣ намоянд	روسیه چند ماهی پیش در گرجستان کوشش نمود که یک انقلابی راه اندازی نماید
Вале мардуми Гурҷистон ба ҳамаи ин сахтиҳои иқтисодии ба сарашон омада нигоҳ накарда аз давлати худ пуштибонӣ намуданд	ولی مردم گرجستان به همۀ این سختی‌های اقتسادیِ به سرشان آمده نگاه نکرده از دولت خود پشتبانی نمودند
Мо тоҷикон дар соли аз давлати худ пуштибонӣ накардем ва гузоштем ки дилхоҳи Русия ба сари қудрат расад	ما تاجیکان در سال از دولت خود پشتبانی نکرديم و گذاشتيم که دلخواه روسیه به سر قدرت رسد
Ҳамакнун дар тарси он ҳастам ки як инқилоби тозае дар Тоҷикистон аз тарафи Русия роҳандозӣ шавад	هم اکنون در ترس آن هستم که یک انقلاب تازه ای در تاجیکستان از طرف روسیه راه اندازی شود
Мардуми Тоҷикистон бояд як давлати дилхоҳ ва воқеъан миллӣ дошта бошад вале бояд мувозиб буд ки як арусаки Маскав ё ҳар кишвари дигар-ро дар Кохи Раёсати Ҷумҳур нагузорем то моро боз ҳам аз аслияти худ дур нанамояд	مردم تاجیکستان باید یک دولت دلخواه و واقعاً ملی داشته باشد ولی باید مواظب بود که یک عروسک مسکو یا هر کشور دیگر‌را در کاخ ریاست جمهور نگذاریم تا مارا باز هم از اصلیت خود دور ننماید
Ба навиштаи торнигори Бахши Форсии Би Би Сӣ гурӯҳе аз занон рӯзи сешанбе понздаҳуми оврил апрел дар эътироз ба тасмими давлат дар мавриди тахзиби манозил маскуниашон рӯ ба рӯйи Дафтари Раёсати Ҷумҳурии Тоҷикистон даст ба тазоҳурот заданд ва пулис дар ҷараёни саркӯби гирдиҳамоии эътирозии онон теъдоде аз ин занҳоро лату кӯб кард як зан дар натиҷаи ин ҳодиса ҷарроҳатҳои сангин бардошт	به نوشتۀ تارنگار بخش فارسی بی بی سی گروهی از زنان روز سه شنبه پانزدهم آوریل در اعتراض به تصمیم دولت در مورد تخریب منازل مسکونی شان روبروی دفتر ریاست جمهوری تاجیکستان دست به تظاهرات زدند و پلیس در جریان سرکوب گردهمایی اعتراضی آنان تعدادی از این زنها‌را لت و کوب کرد یک زن در نتیجه این حادثه جراحتهای سنگین برداشت
Ба иттилоъи хабаргузориҳо шаҳрдории Душанбе қасд дорад манозили воқеъ дар наздикии корхонаи сементи Душанберо тахриб намояд	به اطلاع خبرگزاری‌ها شهرداری دوشنبه قصد دارد منازل واقع در نزدیکی کارخانۀ سمنت دوشنبه‌را تخریب نماید
Шаҳрдории Душанбе мегӯяд ки ин афрод дар маҳалли номбурда аз соли бадин сӯ ҷо гирифта манзил бино намудаанд	شهرداری دوشنبه می‌گوید که این افراد در محل نامبرده از سال بدین سو غیر قانونی جا گرفته منزل بنا نموده اند
Шаҳрдорӣ ба ин афрод дар маҳаллаи Ховарон-и Душанбе замин ваъда намуда	شهرداری به این افراد در محلۀ خاوران دوشنبه زمین وعده نموده
Вале ба интиқоди хонаводагон онҳо тавони бино намудани сохтмонро надоранд	ولی به انتقاد خانوادگان آن‌ها توان بنا نمودن ساختمان‌را ندارند
Хоҳиш мекунам ин видюро аз Родю Озодӣ бубинид	خواهش می‌کنم این ویدیو‌را از رادیو آزادی ببنید
Вақте ки наворро тамошо мекардам дар фикри он уфтодам ки мардҳо куҷоянд	وقتی نوار‌را تماشا می‌کردم در فکر آن افتادم که مرد‌ها کجایند
Вале ба зуддӣ ҷавобашро ҳам аз забони яке аз хонумони бадбахт пайдо кардам	ولی به زودی جوابش‌را هم از زبان یکی از خانمان بدبخت پیدا کردم
писару шавҳару бародарҳояшон ҳама дар дар Русия ҳастанд	پسر و شوهر و برادر هیشان همه در روسیه هستند
Ин хонумҳо бо оғози ҷанги ба сари Тоҷикистон таҳмил шуда ба Афғонистон паноҳ мебаранд ва ҳамин ҳукумат буд ки онҳоро аз Афғонистон боз мегардонад ва дар ҳумаи шаҳр наздикии корхонаи семент ки обу ҳавои хуше ҳам надорад замини кучаке ҷудо менамояд то барои худ манзил бино намоянд	این خانم‌ها با آغاز جنگ به سر تاجیکستان تحمیل شده به افغانستان پناه می‌برند و همین حکومت بود که آن ها‌را از افغانستان باز می‌گرداند و در حومۀ شهر نزدیکی کارخانۀ سمنت که آب و هوای خوشی هم ندارد زمین کوچکی جدا می‌نماید تا برای خود منزل بنا نمایند
Имрӯз эшонро мехоҳанд берун аз дар кунанд	امروز ایشان‌را می‌خواهند بیرون از در کنند
Дуруст аст ки шаҳрдорӣ метавонад барои беҳбудӣ бахшидан ба шаҳр моликияти мардумро тахриб намояд вале бояд маблағи кофӣ ҷудо намоянд то шаҳрвандон битавонанд дар болои сар боме дошта бошанд	درست است که شهرداری می‌تواند برای بهبودی بخشیدن به شهر مالکیت مردم‌را تخریب نماید ولی باید مبلغ کافی جدا نمایند تا شهروندان بتوانند در بالای سر بامی داشته باشند
Манозиле ки ин мардуми бечора дорад чизе нест ва маблағаш ҳам зиёд нест	منازلی که این مردم بیچاره دارد چیزی نیست و مبلغش هم زیاد نیست
Инҳо аз он қасрҳое нестанд ки навтоҷик- ҳо соҳибашон ҳастанд	این‌ها از آن قصر هایی نیستند که نوتاجیک‌ها صاحبشان هستند
Ин ҳам дар ҳолест ки Оқои Раҳмон соли гузашта Қонуни Афви Моликиятро тасвиб намуд ва имрӯз шаҳрдорӣ дар асоси ғайри қонунӣ будани ин манозил мехоҳад мардумро бе паноҳгоҳ гузорад	این هم در حالیست که آقای رحمان سال گذشته قانون عفو مالکیت‌را تصویب نمود و امروز شهرداری در اساس غیر قانونی بودن این منازل می‌خواهد مردم‌را بی پناهگاه گذارد
Дидани ин навор аслан диламро дошт пора-пора мекард ва бе ихтиёр ашк руйи чашмонам давид ки пулис бо хонумони бе сару паноҳ чунин муъомила менамояд	دیدن این نوار اصلاً دلم‌را داشت پاره پاره می‌کرد و بی اخطیار اشک روی چشمانم دوید که پلیس با خانمان بی سر و پناه چونین معامله می‌نماید
Вазифаи пулис ҳифозати шаҳрвандон аст	وظیفۀ پلیس حفاظت شهروندان است
Гузашта аз ин андӯҳовар он аст ки ин корро ворисони Ориён анҷом додаанд зодагони сарзамини поки Эрон – сарзамине ки ҷавонмардиро ба ҷаҳон муъаррифӣ намуда	گذشته از این اندوه آور آن است که این کار‌را واریسان آریان انجام داده اند؛ زادگان سرزمین پاک ایران – سرزمینی که جوانمردی‌را به جهان معرفی نموده
Куҷост он ҷавонмардӣ ки ба зану бачаҳо ҳамла мекунанд	کجاست آن جوانمردی که به زن و بچه‌ها حمله می‌کنند
Ба доди он занону кӯдакон кӣ мерасад	به داد آن زنان و کودکان که می‌رسد
Инро намояндагони миллате анҷом медиҳанд ки модарро ин қадр гиромӣ медонанд	این‌را نمایندگان ملتی انجام می‌دهند که مادر‌را این قدر گرامی می‌دانند
Магар зарбу шитам намудани модарон дар назди бачаҳои худ одамӣ аст	مگر ضرب و شتم نمودن مادران در نزد بچه‌های خود آدمی است مگر کسی فکر می‌کند که آیندۀ این اقدام چه می‌شود
Агар ин модарон набошанд ин бачаҳо чӣ кор хоҳанд кард	اگر این مادران نباشند این بچه‌ها چه کار خواهند کرد
Дидани иҳонати модарон аз тарафи нируҳои ҳукумат ба равони ин бачаҳо чӣ асаре мегузорад	دیدن اهانت مادران از طرف نیرو‌های حکمت به روان این بچه‌ها چه اثری می‌گذارد
Ояндаи Тоҷикистон ҳамин тифлакон ҳастанд ва ояндаи ҳамин давлатмандон ҳам дар дасти онҳост	آینده تاجیکستان همین طفلاکان هستند و آیندۀ همین دولتمندان هم در دست آن هاست
Тибқи иттилоъи Родю Озодӣ Нурмуҳаммади Амиршоҳӣ коршнос дар Пажуҳишгоҳи Ховаршиносии Тоҷикистон аз раиси ҷумҳур Эмомалии Раҳмон хостори гузариши дубораи Тоҷикистон ба дабираи форсӣ шудааст	طبق اطلاع رادیو آزادی نورمحمد امیرشاهی کارشناس در پژوهشگاه خاورشناسی تاجیکستان از رئیس جمهور امامعلی رحمان خواستار گذرش دوبارۀ تاجیکستان به دبیرۀ فارسی شده است
Ин мавзуъ дар раванди мулоқоти солонаи оқои Раҳмон бо рушанфикрони тоҷик низ аз тарафи бархе аз рушанфикрон ба миён гузошта шуд	این موضوع در روند ملاقات سالانۀ آقای رحمان با روشنفکران تاجیک نیز از طرف برخی از روشنفکران به میان گذاشته شد
Бояд зикр намуд ки ин мавзуъ нахуст соли мелодӣ ба миён омад	باید ذکر نمود که این موضوع نخست سال میلادی به میان آمده بود
Дар асоси Қонуни Забон ки ҳамон сол аз тарафи Шурои Олӣ тасвиб шуд Тоҷикистон мебоист то соли ба дабираи форсӣ пас мегашт	در اساس قانون زبان که همان سال از طرف شورای عالی تصویب شد تاجیکستان می‌بایست تا سال به دبیرۀ فارسی پس می‌گشت
Ман ки кучак будам вале рузҳрои пас аз тасвиби Қонуни Забонро ёд дорам	من که کوچک بودم ولی روز‌های پس از تصویب قانون زبان‌را یاد دارم
Ёд дорам ки дар кучаву хиёбонҳои шаҳр ҳама лавҳаҳо бо хати сирилик ва форсӣ навишта шуда буданд	یاد دارم که در کوچه و خیابان‌های شهر همه جا لوحه‌ها با خط سیریلیک و فارسی نوشته شده بودند
Аммо оғози ҷанги дохилии ба сари Тоҷикистон таҳмил шуда ва ба қудрат омадани ҳукумати ҷадид дар Тоҷикистон форсӣ ситезӣ дар Тоҷикистон шиддат гирифт ва кулли навиштаҷоти форсӣ аз кучаву хиёбонҳои шаҳри Душанбе бардошта шуданд	اما آغاز جنگ داخلی به سر تاجیکستان تحمیل شده و به قدرت آمدن حکومت جدید در تاجیکستان فارسی ستیزی در تاجیکستان شدت گرفت و کل نوشتجات فارسی از کوچه و خیابان‌های شهر دوشنبه برداشنه شدند
Ёдовар мешавем ки Тоҷикистон соли бо хостори мақомоти шуравӣ аз дабираи форсӣ даст кашид ва ба лотин гузашт ва соли бар асоси қарори тоза ба хати сирилик гузашт	یاداور می‌شویم که تاجیکستان سال با خواست مقامات شوروی از دبیرۀ فارسی دست کشید و به لاتین گذشت و سال بر اساس قرار تازه به خط سیریلیک گذشت
Ба гуфтаи оқои Амиршоҳӣ хати сирилик Тоҷикистонро аз олам ҷудо ва бехабар кардааст	به گفتۀ آقای امیرشاهی خط سیریلیک تاجیکستان‌را از عالم جدا و بی خبر کرده است
Дастовардҳои ҷаҳонӣ тавассути ин хат ба мо дастрас нестанд	دستاورد‌های جهانی توسط این جط به ما دسترس نیستند
Оқои Амиршоҳӣ ҳамчунин зикр мекунад ки бо хати форсӣ дар Эрон ҳамаи адабиёти ҷаҳониро метавон дастрас кард	اقای امیرشاهی همچنین ذکر می‌کند که با خط فارسی در ایران همۀ ادبیات جهانی‌را می‌توان دسترس کرد
Воқеъан ҳам имруз мардуми Тоҷикистон маъмулан ба адабиёти ҷаҳон ва ба дастовардҳои тозатарини илмию фаннӣ аз тариқи забони русӣ дастрас доранд	واقعاً هم امروز مردم تاجیکستان معمولاً به ادبیات جهان و به دستاورد‌های تازترین علمی و فنی از طریق زبان روسی دسترس دارند
Ин раванд ба коҳиши нуфузи забони русӣ дар Тоҷикистон ва баланд бардоштани мақоми забони давлатӣ ё худ ба ҷойгоҳи қонунии худ расидани забони давлатӣ забони миллӣ мусоидат наменамояд балки нуфузи забони русиро бештар менамояд	این روند به کاهش نفوذ زبان روسی در تاجیکستان و بلند برداشتن مقام زبان دولتی یا خود به جایگاه قانونی خود رسیدن زبان دولتی زبان ملی مساعدت نمی نماید بلکه نفوذ زبان روسی‌را بیشتر می‌نماید
Бархе аз соҳибназарон бар инанд ки гузаштан ба ҳуруфи форсӣ мардуми Тоҷикистонро бе савод менамояд	برخی از صاحبنظران بر اینند که گذشتن به حروف فارسی مردم تاجیکستان‌را بی سواد می‌نماید
Ба гуфти эшон омузиши дабираи форсӣ мушкили зиёде дорад ва барои ба ин хат дуруст навиштан дониши забони арабӣ воҷиб аст ва дар он сурат вазорати омузишу парвариш мебояд забони арабиро дар макотиби Тоҷикистон ҷорӣ намояд	به گفت ایشان آموزش دبیرۀ فارسی مشکلی زیادی دارد و برای به این خط درست نوشتن دانش زبان عربی واجب است و در آن صورت وزارت آموزش و پرورش می‌باید زبان عربی‌را در مکاتب تاجیکستان جاری نماید
Бидуни шак дониши забони арабӣ ба бартарии забони форсӣ ё худ тоҷикӣ кумак менамояд дуруст мисли дониши забони лотинӣ барои донандаи забони инглисӣ вале ба ҳеч ваҷҳ воҷиб нест	بدون شک دانش زبان عربی به برتری زبان فارسی یا خود تاجیکی کمک می‌نماید درست مثل دانش زبان لاتینی برای دانندۀ زبان انگلیسی ولی به هیچ وجه واجب نیست
Навиштан бо хати сирилик ҳеч мушкилӣ надорад ва аз навиштан ба унвони мисол бо забони инглисӣ ва ҳам русӣ душвортар нест	نوشتن با خط فارسی هیچ مشکلی ندارد و از نوشتن به عنوان مثال با زبان انگلیسی و هم روسی دشوارتر نیست
Вақте як шахс ба шакли маъмулӣ аз ин дабира мехонад ба истилоҳ чашм одат мекунад	وقتی یک شخص به شکل معمولی از این دبیره می‌خواند به اصطلاح چشم عادت می‌کند
Донишмандони рус урупоӣ ва омрикоии адабиёти форс ҳама баладанд бо ин хат нависанду бихонанд дар ҳоле ки тақрибан ҳеч кадоме аз онҳо забони арабӣ номухтаанд	دانشمندان روس اروپایی و آمریکایی ادبیات فارس همه بلدند با این خط نویسند و بخوانند در حالی که تقریباً هیچ کدامی از آن‌ها زبان عربی ناموخته اند
Назари дигар ин аст ки барои иқтисодиёти имрузии Тоҷикистон тағйир додани хат мушкилиҳое бар ҷо хоҳад гузошт	نظر دیگر این است که برای اقتسادیات امروزی تاجیکستان تغییر دادن خط مشکلی‌های بر جا خواهد گذاشت
Ин албатта масъалаи муҳим аст ва бояд инро ба назар гирифт	این البته مسالۀ مهم است و باید این‌را به نظر گرفت
Вале ин кор ғайри имкон нест	ولی این کار غیر امکان نیست
Кишварҳое аз қабили Эрон ва шояд кишварҳои араб ҳам алоқаманд ҳастанд ки Тоҷикистон ба дабираи форсӣ бар гардад	کشور هایی از قبیل ایران و شاید کشور‌های عرب هم علاقمند هستند که تاجیکستان به دبیرۀ فارسی بر گردد
Эрон имруз ҳам ба макотиби Тоҷикистон китобҳои омузиши хати форсиро ба таври ройгон фиристода	ایران امروز هم به مکاتب تاجیکستان کتاب‌های آموزش خط فارسی‌را به طور رایگان فرستاده
Мутмаъинам ки Эрон ҳар қадре ки битвонад кумак хоҳад намуд	مطمانم که ایران هر قدری که بتواند کمک خواهد نمود
Давлатмандони Тоҷикистон бояд инро бештар таҳқиқ намоянд	دولتمندان تاجیکستان باید این‌را بیشتر تحقیق نمایند
Мавзуъи дабира моро ба як масъалаи дардноки дигар низ мекашонад ва ин ҳам масъалаи забон аст	موضوع دبیره ما‌را به یک مسالۀ دردناک دیگری نیز می‌کشاند و این هم مسالۀ زبان ماست
Ҳадаф аз тағйири иҷбории хати сирилик дур намудани мардуми Тоҷикистон аз ҳамзабонон дар Афғонистон ва Эрон буд	هدف از تغییر اجباری خط سیریلیک دور نمودن مردم تاجیکستان از همزبانان در افغانستان و ایران بود
Ҳукумати Шуроҳо достонеро мебофад ки дар асоси он вожаи тоҷикӣ ба миён меояд	حکومت شورا‌ها داستانی‌را می‌بافد که در اساس آن واژۀ تاجیکی به میان می‌آید
Яъне забони тоҷикони Осиёи Миёна забони тоҷикӣ аст ва забони Эрону Афғонистон форсӣ аст	یعنی زبان تاجیکان آسیای میانه زبان تاجیکی است و زبان ایران و افغانستان فارسی است
Вожаи тоҷикӣ то қарни ХХ дар ҳеч ҷойе ба назар намерасад	واژۀ تاجیکی تا قرن در هیچ جایی به نظر نمی رسد
Агар забони мо форсӣ нест пас чист	اگر زبان ما فارسی نیست پس چیست
Забони тоҷикӣ худ чист	زبان تاجیکی خود چیست
Вақте як нафар аз Тоҷикистон яке аз Эрон ва яке аз Афғонистон бо ҳам гуфтугу намоянд магар ба мутарҷим ниёз доранд	وقتی یک نفر از تاجیکستان یکی از ایران و یکی از افغانستان با هم گفتگو می‌نمایند مگر به مترجم نیازی دارند
Дар Қонуни Забони Тоҷикистон оварда буданд ки Забони давлатии Республика Ҷумҳурӣи Совети Шуравӣи Тоҷикистон тоҷикӣ форсӣ аст	در قانون زبان تاجیکستان آورده بودند که زبان دولتی رسپوبلیکا جمهوریی سووتی شورویی سوسیالیستی تاجیکستان زبان تاجیکی فارسی است
Вале дар Қонуни Асосӣ ки соли ба тасвиб расид омада аст	ولی در قانون اساسی که سال به تصویب رسید آمده است
Забони давлатии Тоҷикистон забони тоҷикӣ аст	زبان دولتی تاجیکستان زبان تاجیکی است
Албатта бархе мардум мегуянд ки ин танҳо ном аст ва чӣ фарқе дорад вале дар замони ҷаҳонисозӣ магар беҳтар аст гуяндаи забоне бошем ки бо он Тоҷикистони Бузург манзурам Тоҷикистони имрузӣ ва сарзаминҳои мо дар Узбакистон такаллум менамоянд ё забоне ки бо он мардуми Тоҷикистони Бузург Афғонистон бо милюн ҷамъият ва Эрон бо милюн такаллум менамояд	البته برخی مردم می‌گویند که این تنها نام است و چه فرقی دارد ولی در زمان جهانی سازی مگر بهتر است گویندۀ زبانی باشیم که با آن تاجیکستان بزرگ منظورم تاجیکستان امروزی و سرزمین‌های ما در ازبکستان تکلم می‌نماید یا زبانی که با آن مردم تاجیکستان بزرگ افغانستان با میلیون جمعیت و ایران با میلیون تکلم می‌نماید
Забони мо ҳуввияти мост ва аз даст додани ҳуввият моро ҳамчун давлат аз байн мебарад	زبان ما هویت ماست و از دست دادن هویت ما‌را همچون دولت از بین می‌برد
